<?xml version="1.0" encoding="UTF-8"?>
<gpx version="1.1" creator="ETC" xmlns="http://www.topografix.com/GPX/1/1" xmlns:xsi="http://www.w3.org/2001/XMLSchema-instance" xsi:schemaLocation="http://www.topografix.com/GPX/1/1 http://www.topografix.com/GPX/1/1/gpx.xsd">
  <metadata>
    <name>Sesta tappa</name>
  </metadata>
  <wpt lat="45.469862" lon="10.541289">
    <ele>72.0</ele>
    <name>Desenzano del Garda</name>
  </wpt>
  <wpt lat="45.469258" lon="10.542176">
    <ele>76.0</ele>
    <name>Desenzano del Garda</name>
  </wpt>
  <wpt lat="45.462619" lon="10.536263">
    <ele>122.0</ele>
    <name>Desenzano del Garda</name>
  </wpt>
  <wpt lat="45.464758" lon="10.55205">
    <ele>73.0</ele>
    <name>Bivio sx</name>
  </wpt>
  <wpt lat="45.46067" lon="10.584754">
    <ele>67.0</ele>
    <name>Rotonda leggermente sx</name>
  </wpt>
  <wpt lat="45.463263" lon="10.592743">
    <ele>68.0</ele>
    <name>Rotonda leggermente sx</name>
  </wpt>
  <wpt lat="45.469242" lon="10.603703">
    <ele>72.0</ele>
    <name>Bivio sx</name>
  </wpt>
  <wpt lat="45.474806" lon="10.61101">
    <ele>65.0</ele>
    <name>Rotonda sx</name>
  </wpt>
  <wpt lat="45.492345" lon="10.608171">
    <ele>71.0</ele>
    <name>Rocca Scaligera</name>
  </wpt>
  <wpt lat="45.498595" lon="10.607304">
    <ele>63.0</ele>
    <name>Bivio sx</name>
  </wpt>
  <wpt lat="45.498705" lon="10.606307">
    <ele>79.0</ele>
    <name>Bivio dx</name>
  </wpt>
  <wpt lat="45.50032" lon="10.60529">
    <ele>82.0</ele>
    <name>Grotte di Catullo</name>
  </wpt>
  <wpt lat="45.501542" lon="10.606295">
    <ele>84.0</ele>
    <name>Grotte di Catullo</name>
  </wpt>
  <wpt lat="45.473044" lon="10.610639">
    <ele>74.0</ele>
    <name>Bivio sx</name>
  </wpt>
  <wpt lat="45.465346" lon="10.612665">
    <ele>71.0</ele>
    <name>Curva dx, rotonda sx</name>
  </wpt>
  <wpt lat="45.461464" lon="10.623183">
    <ele>69.0</ele>
    <name>Bivio sx</name>
  </wpt>
  <wpt lat="45.456879" lon="10.640244">
    <ele>66.0</ele>
    <name>Rotonda sx</name>
  </wpt>
  <wpt lat="45.451865" lon="10.662874">
    <ele>72.0</ele>
    <name>Rotonda sx</name>
  </wpt>
  <wpt lat="45.452999" lon="10.663705">
    <ele>68.0</ele>
    <name>Bivio dx</name>
  </wpt>
  <wpt lat="45.440011" lon="10.692151">
    <ele>67.0</ele>
    <name>Peschiera del Garda</name>
  </wpt>
  <wpt lat="45.438637" lon="10.702237">
    <ele>74.0</ele>
    <name>Peschiera del Garda</name>
  </wpt>
  <trk>
    <name>24/Gen/2020 08:13:16</name>
    <trkseg>
      <trkpt lat="45.469873" lon="10.541214">
        <ele>110.0</ele>
      </trkpt>
      <trkpt lat="45.469826" lon="10.541324">
        <ele>110.0</ele>
      </trkpt>
      <trkpt lat="45.469745" lon="10.54138">
        <ele>110.0</ele>
      </trkpt>
      <trkpt lat="45.469672" lon="10.541468">
        <ele>109.0</ele>
      </trkpt>
      <trkpt lat="45.469581" lon="10.541573">
        <ele>109.0</ele>
      </trkpt>
      <trkpt lat="45.469504" lon="10.541656">
        <ele>110.0</ele>
      </trkpt>
      <trkpt lat="45.469431" lon="10.541755">
        <ele>110.0</ele>
      </trkpt>
      <trkpt lat="45.469417" lon="10.541894">
        <ele>111.0</ele>
      </trkpt>
      <trkpt lat="45.469349" lon="10.541988">
        <ele>112.0</ele>
      </trkpt>
      <trkpt lat="45.469267" lon="10.542071">
        <ele>112.0</ele>
      </trkpt>
      <trkpt lat="45.469225" lon="10.542194">
        <ele>112.0</ele>
      </trkpt>
      <trkpt lat="45.469158" lon="10.542329">
        <ele>112.0</ele>
      </trkpt>
      <trkpt lat="45.469088" lon="10.542411">
        <ele>111.0</ele>
      </trkpt>
      <trkpt lat="45.469001" lon="10.542476">
        <ele>110.0</ele>
      </trkpt>
      <trkpt lat="45.468922" lon="10.542597">
        <ele>111.0</ele>
      </trkpt>
      <trkpt lat="45.46887" lon="10.542739">
        <ele>112.0</ele>
      </trkpt>
      <trkpt lat="45.468819" lon="10.542861">
        <ele>113.0</ele>
      </trkpt>
      <trkpt lat="45.468741" lon="10.542939">
        <ele>113.0</ele>
      </trkpt>
      <trkpt lat="45.468687" lon="10.543046">
        <ele>112.0</ele>
      </trkpt>
      <trkpt lat="45.468667" lon="10.543177">
        <ele>111.0</ele>
      </trkpt>
      <trkpt lat="45.468638" lon="10.5433">
        <ele>110.0</ele>
      </trkpt>
      <trkpt lat="45.468614" lon="10.543432">
        <ele>109.0</ele>
      </trkpt>
      <trkpt lat="45.468574" lon="10.543554">
        <ele>108.0</ele>
      </trkpt>
      <trkpt lat="45.468578" lon="10.543708">
        <ele>109.0</ele>
      </trkpt>
      <trkpt lat="45.468601" lon="10.543834">
        <ele>110.0</ele>
      </trkpt>
      <trkpt lat="45.468568" lon="10.543959">
        <ele>111.0</ele>
      </trkpt>
      <trkpt lat="45.468536" lon="10.544079">
        <ele>110.0</ele>
      </trkpt>
      <trkpt lat="45.468526" lon="10.544225">
        <ele>110.0</ele>
      </trkpt>
      <trkpt lat="45.468471" lon="10.544336">
        <ele>109.0</ele>
      </trkpt>
      <trkpt lat="45.468403" lon="10.544458">
        <ele>109.0</ele>
      </trkpt>
      <trkpt lat="45.46835" lon="10.544564">
        <ele>109.0</ele>
      </trkpt>
      <trkpt lat="45.468307" lon="10.544697">
        <ele>110.0</ele>
      </trkpt>
      <trkpt lat="45.468298" lon="10.544843">
        <ele>110.0</ele>
      </trkpt>
      <trkpt lat="45.468222" lon="10.544937">
        <ele>108.0</ele>
      </trkpt>
      <trkpt lat="45.468137" lon="10.54501">
        <ele>108.0</ele>
      </trkpt>
      <trkpt lat="45.46805" lon="10.54508">
        <ele>109.0</ele>
      </trkpt>
      <trkpt lat="45.467952" lon="10.545099">
        <ele>108.0</ele>
      </trkpt>
      <trkpt lat="45.467864" lon="10.545131">
        <ele>107.0</ele>
      </trkpt>
      <trkpt lat="45.467752" lon="10.545154">
        <ele>108.0</ele>
      </trkpt>
      <trkpt lat="45.467665" lon="10.545227">
        <ele>108.0</ele>
      </trkpt>
      <trkpt lat="45.467603" lon="10.545359">
        <ele>108.0</ele>
      </trkpt>
      <trkpt lat="45.467525" lon="10.545455">
        <ele>108.0</ele>
      </trkpt>
      <trkpt lat="45.467443" lon="10.545524">
        <ele>107.0</ele>
      </trkpt>
      <trkpt lat="45.467365" lon="10.545604">
        <ele>108.0</ele>
      </trkpt>
      <trkpt lat="45.467285" lon="10.545665">
        <ele>108.0</ele>
      </trkpt>
      <trkpt lat="45.46723" lon="10.545782">
        <ele>109.0</ele>
      </trkpt>
      <trkpt lat="45.467159" lon="10.545865">
        <ele>110.0</ele>
      </trkpt>
      <trkpt lat="45.467091" lon="10.545969">
        <ele>110.0</ele>
      </trkpt>
      <trkpt lat="45.467041" lon="10.546088">
        <ele>110.0</ele>
      </trkpt>
      <trkpt lat="45.466982" lon="10.546195">
        <ele>110.0</ele>
      </trkpt>
      <trkpt lat="45.466925" lon="10.54631">
        <ele>110.0</ele>
      </trkpt>
      <trkpt lat="45.466868" lon="10.546433">
        <ele>110.0</ele>
      </trkpt>
      <trkpt lat="45.466839" lon="10.54656">
        <ele>111.0</ele>
      </trkpt>
      <trkpt lat="45.466813" lon="10.546718">
        <ele>111.0</ele>
      </trkpt>
      <trkpt lat="45.466772" lon="10.546846">
        <ele>111.0</ele>
      </trkpt>
      <trkpt lat="45.466741" lon="10.546973">
        <ele>112.0</ele>
      </trkpt>
      <trkpt lat="45.466712" lon="10.547099">
        <ele>112.0</ele>
      </trkpt>
      <trkpt lat="45.466656" lon="10.547223">
        <ele>112.0</ele>
      </trkpt>
      <trkpt lat="45.466626" lon="10.547354">
        <ele>112.0</ele>
      </trkpt>
      <trkpt lat="45.466582" lon="10.547472">
        <ele>113.0</ele>
      </trkpt>
      <trkpt lat="45.46653" lon="10.547598">
        <ele>113.0</ele>
      </trkpt>
      <trkpt lat="45.466467" lon="10.547698">
        <ele>113.0</ele>
      </trkpt>
      <trkpt lat="45.466404" lon="10.547792">
        <ele>113.0</ele>
      </trkpt>
      <trkpt lat="45.466376" lon="10.547934">
        <ele>113.0</ele>
      </trkpt>
      <trkpt lat="45.466343" lon="10.548075">
        <ele>112.0</ele>
      </trkpt>
      <trkpt lat="45.466291" lon="10.548241">
        <ele>111.0</ele>
      </trkpt>
      <trkpt lat="45.46624" lon="10.548372">
        <ele>112.0</ele>
      </trkpt>
      <trkpt lat="45.466192" lon="10.548504">
        <ele>112.0</ele>
      </trkpt>
      <trkpt lat="45.466155" lon="10.548634">
        <ele>112.0</ele>
      </trkpt>
      <trkpt lat="45.466109" lon="10.548762">
        <ele>112.0</ele>
      </trkpt>
      <trkpt lat="45.466072" lon="10.548889">
        <ele>113.0</ele>
      </trkpt>
      <trkpt lat="45.466026" lon="10.549026">
        <ele>112.0</ele>
      </trkpt>
      <trkpt lat="45.466" lon="10.549148">
        <ele>112.0</ele>
      </trkpt>
      <trkpt lat="45.465961" lon="10.549279">
        <ele>111.0</ele>
      </trkpt>
      <trkpt lat="45.465916" lon="10.549402">
        <ele>112.0</ele>
      </trkpt>
      <trkpt lat="45.465888" lon="10.549528">
        <ele>113.0</ele>
      </trkpt>
      <trkpt lat="45.465845" lon="10.549652">
        <ele>113.0</ele>
      </trkpt>
      <trkpt lat="45.465801" lon="10.549772">
        <ele>113.0</ele>
      </trkpt>
      <trkpt lat="45.465747" lon="10.549907">
        <ele>112.0</ele>
      </trkpt>
      <trkpt lat="45.465691" lon="10.550023">
        <ele>112.0</ele>
      </trkpt>
      <trkpt lat="45.465675" lon="10.550153">
        <ele>112.0</ele>
      </trkpt>
      <trkpt lat="45.465646" lon="10.550287">
        <ele>112.0</ele>
      </trkpt>
      <trkpt lat="45.465626" lon="10.550413">
        <ele>112.0</ele>
      </trkpt>
      <trkpt lat="45.465581" lon="10.550528">
        <ele>113.0</ele>
      </trkpt>
      <trkpt lat="45.465537" lon="10.550662">
        <ele>113.0</ele>
      </trkpt>
      <trkpt lat="45.46552" lon="10.550793">
        <ele>114.0</ele>
      </trkpt>
      <trkpt lat="45.465467" lon="10.550905">
        <ele>115.0</ele>
      </trkpt>
      <trkpt lat="45.465428" lon="10.551025">
        <ele>115.0</ele>
      </trkpt>
      <trkpt lat="45.465334" lon="10.551161">
        <ele>117.0</ele>
      </trkpt>
      <trkpt lat="45.465265" lon="10.551253">
        <ele>117.0</ele>
      </trkpt>
      <trkpt lat="45.465187" lon="10.551344">
        <ele>117.0</ele>
      </trkpt>
      <trkpt lat="45.465125" lon="10.55144">
        <ele>117.0</ele>
      </trkpt>
      <trkpt lat="45.465086" lon="10.55156">
        <ele>116.0</ele>
      </trkpt>
      <trkpt lat="45.465015" lon="10.551659">
        <ele>116.0</ele>
      </trkpt>
      <trkpt lat="45.464958" lon="10.551775">
        <ele>116.0</ele>
      </trkpt>
      <trkpt lat="45.46488" lon="10.551873">
        <ele>115.0</ele>
      </trkpt>
      <trkpt lat="45.464811" lon="10.551955">
        <ele>115.0</ele>
      </trkpt>
      <trkpt lat="45.464724" lon="10.552022">
        <ele>115.0</ele>
      </trkpt>
      <trkpt lat="45.464783" lon="10.552088">
        <ele>118.0</ele>
      </trkpt>
      <trkpt lat="45.464869" lon="10.552145">
        <ele>117.0</ele>
      </trkpt>
      <trkpt lat="45.464959" lon="10.552226">
        <ele>117.0</ele>
      </trkpt>
      <trkpt lat="45.465038" lon="10.552303">
        <ele>117.0</ele>
      </trkpt>
      <trkpt lat="45.465126" lon="10.552378">
        <ele>117.0</ele>
      </trkpt>
      <trkpt lat="45.465201" lon="10.552455">
        <ele>117.0</ele>
      </trkpt>
      <trkpt lat="45.465275" lon="10.55255">
        <ele>116.0</ele>
      </trkpt>
      <trkpt lat="45.465351" lon="10.552621">
        <ele>116.0</ele>
      </trkpt>
      <trkpt lat="45.465418" lon="10.552708">
        <ele>115.0</ele>
      </trkpt>
      <trkpt lat="45.465485" lon="10.552604">
        <ele>113.0</ele>
      </trkpt>
      <trkpt lat="45.465549" lon="10.552492">
        <ele>113.0</ele>
      </trkpt>
      <trkpt lat="45.465602" lon="10.552368">
        <ele>113.0</ele>
      </trkpt>
      <trkpt lat="45.465566" lon="10.552491">
        <ele>112.0</ele>
      </trkpt>
      <trkpt lat="45.465527" lon="10.552617">
        <ele>111.0</ele>
      </trkpt>
      <trkpt lat="45.465493" lon="10.552735">
        <ele>110.0</ele>
      </trkpt>
      <trkpt lat="45.465453" lon="10.552864">
        <ele>110.0</ele>
      </trkpt>
      <trkpt lat="45.465404" lon="10.552974">
        <ele>110.0</ele>
      </trkpt>
      <trkpt lat="45.465342" lon="10.55307">
        <ele>110.0</ele>
      </trkpt>
      <trkpt lat="45.465318" lon="10.553206">
        <ele>110.0</ele>
      </trkpt>
      <trkpt lat="45.465296" lon="10.553335">
        <ele>110.0</ele>
      </trkpt>
      <trkpt lat="45.465262" lon="10.553468">
        <ele>111.0</ele>
      </trkpt>
      <trkpt lat="45.465232" lon="10.5536">
        <ele>110.0</ele>
      </trkpt>
      <trkpt lat="45.465193" lon="10.553734">
        <ele>110.0</ele>
      </trkpt>
      <trkpt lat="45.465161" lon="10.55386">
        <ele>110.0</ele>
      </trkpt>
      <trkpt lat="45.46511" lon="10.553977">
        <ele>110.0</ele>
      </trkpt>
      <trkpt lat="45.465082" lon="10.554103">
        <ele>110.0</ele>
      </trkpt>
      <trkpt lat="45.465037" lon="10.554227">
        <ele>110.0</ele>
      </trkpt>
      <trkpt lat="45.465" lon="10.554349">
        <ele>110.0</ele>
      </trkpt>
      <trkpt lat="45.464959" lon="10.554474">
        <ele>110.0</ele>
      </trkpt>
      <trkpt lat="45.46493" lon="10.554616">
        <ele>110.0</ele>
      </trkpt>
      <trkpt lat="45.464903" lon="10.554774">
        <ele>110.0</ele>
      </trkpt>
      <trkpt lat="45.464881" lon="10.554871">
        <ele>110.0</ele>
      </trkpt>
      <trkpt lat="45.464822" lon="10.554975">
        <ele>110.0</ele>
      </trkpt>
      <trkpt lat="45.464777" lon="10.555099">
        <ele>110.0</ele>
      </trkpt>
      <trkpt lat="45.464735" lon="10.555227">
        <ele>110.0</ele>
      </trkpt>
      <trkpt lat="45.464714" lon="10.555357">
        <ele>110.0</ele>
      </trkpt>
      <trkpt lat="45.464683" lon="10.555487">
        <ele>109.0</ele>
      </trkpt>
      <trkpt lat="45.464609" lon="10.55557">
        <ele>110.0</ele>
      </trkpt>
      <trkpt lat="45.464552" lon="10.555671">
        <ele>110.0</ele>
      </trkpt>
      <trkpt lat="45.464513" lon="10.555789">
        <ele>109.0</ele>
      </trkpt>
      <trkpt lat="45.464479" lon="10.555924">
        <ele>109.0</ele>
      </trkpt>
      <trkpt lat="45.464445" lon="10.556044">
        <ele>110.0</ele>
      </trkpt>
      <trkpt lat="45.464416" lon="10.556198">
        <ele>110.0</ele>
      </trkpt>
      <trkpt lat="45.464383" lon="10.556321">
        <ele>109.0</ele>
      </trkpt>
      <trkpt lat="45.464312" lon="10.556437">
        <ele>109.0</ele>
      </trkpt>
      <trkpt lat="45.46427" lon="10.556559">
        <ele>108.0</ele>
      </trkpt>
      <trkpt lat="45.464258" lon="10.556698">
        <ele>108.0</ele>
      </trkpt>
      <trkpt lat="45.464232" lon="10.5569">
        <ele>107.0</ele>
      </trkpt>
      <trkpt lat="45.464219" lon="10.557036">
        <ele>107.0</ele>
      </trkpt>
      <trkpt lat="45.464149" lon="10.557142">
        <ele>107.0</ele>
      </trkpt>
      <trkpt lat="45.464109" lon="10.557268">
        <ele>106.0</ele>
      </trkpt>
      <trkpt lat="45.464081" lon="10.557408">
        <ele>106.0</ele>
      </trkpt>
      <trkpt lat="45.464055" lon="10.557555">
        <ele>107.0</ele>
      </trkpt>
      <trkpt lat="45.464025" lon="10.557681">
        <ele>106.0</ele>
      </trkpt>
      <trkpt lat="45.463986" lon="10.557811">
        <ele>106.0</ele>
      </trkpt>
      <trkpt lat="45.463961" lon="10.557935">
        <ele>106.0</ele>
      </trkpt>
      <trkpt lat="45.463938" lon="10.558078">
        <ele>106.0</ele>
      </trkpt>
      <trkpt lat="45.463896" lon="10.558212">
        <ele>106.0</ele>
      </trkpt>
      <trkpt lat="45.463844" lon="10.558318">
        <ele>106.0</ele>
      </trkpt>
      <trkpt lat="45.463809" lon="10.558452">
        <ele>106.0</ele>
      </trkpt>
      <trkpt lat="45.46377" lon="10.558578">
        <ele>106.0</ele>
      </trkpt>
      <trkpt lat="45.463748" lon="10.558715">
        <ele>106.0</ele>
      </trkpt>
      <trkpt lat="45.46373" lon="10.558859">
        <ele>106.0</ele>
      </trkpt>
      <trkpt lat="45.463682" lon="10.558999">
        <ele>106.0</ele>
      </trkpt>
      <trkpt lat="45.463657" lon="10.559137">
        <ele>106.0</ele>
      </trkpt>
      <trkpt lat="45.463626" lon="10.559267">
        <ele>106.0</ele>
      </trkpt>
      <trkpt lat="45.463605" lon="10.559398">
        <ele>106.0</ele>
      </trkpt>
      <trkpt lat="45.46358" lon="10.559536">
        <ele>106.0</ele>
      </trkpt>
      <trkpt lat="45.463531" lon="10.559647">
        <ele>105.0</ele>
      </trkpt>
      <trkpt lat="45.463508" lon="10.559778">
        <ele>105.0</ele>
      </trkpt>
      <trkpt lat="45.463481" lon="10.559913">
        <ele>105.0</ele>
      </trkpt>
      <trkpt lat="45.46343" lon="10.560038">
        <ele>106.0</ele>
      </trkpt>
      <trkpt lat="45.463397" lon="10.56018">
        <ele>107.0</ele>
      </trkpt>
      <trkpt lat="45.463351" lon="10.560298">
        <ele>108.0</ele>
      </trkpt>
      <trkpt lat="45.463319" lon="10.560419">
        <ele>108.0</ele>
      </trkpt>
      <trkpt lat="45.463292" lon="10.560562">
        <ele>108.0</ele>
      </trkpt>
      <trkpt lat="45.463249" lon="10.56069">
        <ele>108.0</ele>
      </trkpt>
      <trkpt lat="45.463221" lon="10.560814">
        <ele>108.0</ele>
      </trkpt>
      <trkpt lat="45.463198" lon="10.560951">
        <ele>109.0</ele>
      </trkpt>
      <trkpt lat="45.463151" lon="10.561097">
        <ele>109.0</ele>
      </trkpt>
      <trkpt lat="45.463113" lon="10.56122">
        <ele>110.0</ele>
      </trkpt>
      <trkpt lat="45.463036" lon="10.561297">
        <ele>109.0</ele>
      </trkpt>
      <trkpt lat="45.463042" lon="10.561437">
        <ele>109.0</ele>
      </trkpt>
      <trkpt lat="45.463021" lon="10.561562">
        <ele>108.0</ele>
      </trkpt>
      <trkpt lat="45.462967" lon="10.56168">
        <ele>108.0</ele>
      </trkpt>
      <trkpt lat="45.462908" lon="10.56179">
        <ele>109.0</ele>
      </trkpt>
      <trkpt lat="45.462879" lon="10.561911">
        <ele>109.0</ele>
      </trkpt>
      <trkpt lat="45.462831" lon="10.562021">
        <ele>107.0</ele>
      </trkpt>
      <trkpt lat="45.462808" lon="10.562153">
        <ele>106.0</ele>
      </trkpt>
      <trkpt lat="45.462766" lon="10.562277">
        <ele>106.0</ele>
      </trkpt>
      <trkpt lat="45.462747" lon="10.562402">
        <ele>105.0</ele>
      </trkpt>
      <trkpt lat="45.46276" lon="10.562537">
        <ele>105.0</ele>
      </trkpt>
      <trkpt lat="45.46274" lon="10.562689">
        <ele>105.0</ele>
      </trkpt>
      <trkpt lat="45.462698" lon="10.562824">
        <ele>104.0</ele>
      </trkpt>
      <trkpt lat="45.462647" lon="10.562938">
        <ele>104.0</ele>
      </trkpt>
      <trkpt lat="45.462601" lon="10.563052">
        <ele>104.0</ele>
      </trkpt>
      <trkpt lat="45.46256" lon="10.563198">
        <ele>103.0</ele>
      </trkpt>
      <trkpt lat="45.462507" lon="10.563316">
        <ele>103.0</ele>
      </trkpt>
      <trkpt lat="45.462496" lon="10.563445">
        <ele>104.0</ele>
      </trkpt>
      <trkpt lat="45.462476" lon="10.563575">
        <ele>104.0</ele>
      </trkpt>
      <trkpt lat="45.462436" lon="10.563718">
        <ele>105.0</ele>
      </trkpt>
      <trkpt lat="45.462412" lon="10.563858">
        <ele>105.0</ele>
      </trkpt>
      <trkpt lat="45.46239" lon="10.563985">
        <ele>106.0</ele>
      </trkpt>
      <trkpt lat="45.462383" lon="10.564132">
        <ele>106.0</ele>
      </trkpt>
      <trkpt lat="45.462358" lon="10.564265">
        <ele>106.0</ele>
      </trkpt>
      <trkpt lat="45.462336" lon="10.564403">
        <ele>107.0</ele>
      </trkpt>
      <trkpt lat="45.462316" lon="10.564535">
        <ele>107.0</ele>
      </trkpt>
      <trkpt lat="45.462282" lon="10.564673">
        <ele>107.0</ele>
      </trkpt>
      <trkpt lat="45.462249" lon="10.564818">
        <ele>107.0</ele>
      </trkpt>
      <trkpt lat="45.462206" lon="10.564934">
        <ele>108.0</ele>
      </trkpt>
      <trkpt lat="45.462163" lon="10.565055">
        <ele>108.0</ele>
      </trkpt>
      <trkpt lat="45.462125" lon="10.565185">
        <ele>108.0</ele>
      </trkpt>
      <trkpt lat="45.462121" lon="10.565328">
        <ele>108.0</ele>
      </trkpt>
      <trkpt lat="45.462093" lon="10.565461">
        <ele>108.0</ele>
      </trkpt>
      <trkpt lat="45.462071" lon="10.565587">
        <ele>107.0</ele>
      </trkpt>
      <trkpt lat="45.462046" lon="10.565729">
        <ele>108.0</ele>
      </trkpt>
      <trkpt lat="45.462039" lon="10.565874">
        <ele>108.0</ele>
      </trkpt>
      <trkpt lat="45.462059" lon="10.566">
        <ele>108.0</ele>
      </trkpt>
      <trkpt lat="45.462063" lon="10.566145">
        <ele>109.0</ele>
      </trkpt>
      <trkpt lat="45.462086" lon="10.566282">
        <ele>109.0</ele>
      </trkpt>
      <trkpt lat="45.462078" lon="10.566415">
        <ele>109.0</ele>
      </trkpt>
      <trkpt lat="45.462065" lon="10.566553">
        <ele>109.0</ele>
      </trkpt>
      <trkpt lat="45.462034" lon="10.566697">
        <ele>110.0</ele>
      </trkpt>
      <trkpt lat="45.462053" lon="10.566826">
        <ele>110.0</ele>
      </trkpt>
      <trkpt lat="45.462074" lon="10.566954">
        <ele>110.0</ele>
      </trkpt>
      <trkpt lat="45.462142" lon="10.567057">
        <ele>110.0</ele>
      </trkpt>
      <trkpt lat="45.462107" lon="10.567182">
        <ele>111.0</ele>
      </trkpt>
      <trkpt lat="45.462082" lon="10.567318">
        <ele>111.0</ele>
      </trkpt>
      <trkpt lat="45.462064" lon="10.567452">
        <ele>111.0</ele>
      </trkpt>
      <trkpt lat="45.462078" lon="10.567586">
        <ele>111.0</ele>
      </trkpt>
      <trkpt lat="45.462077" lon="10.567726">
        <ele>111.0</ele>
      </trkpt>
      <trkpt lat="45.462067" lon="10.567855">
        <ele>111.0</ele>
      </trkpt>
      <trkpt lat="45.462021" lon="10.567996">
        <ele>111.0</ele>
      </trkpt>
      <trkpt lat="45.461976" lon="10.568123">
        <ele>111.0</ele>
      </trkpt>
      <trkpt lat="45.461896" lon="10.568183">
        <ele>111.0</ele>
      </trkpt>
      <trkpt lat="45.461819" lon="10.568268">
        <ele>112.0</ele>
      </trkpt>
      <trkpt lat="45.461742" lon="10.568346">
        <ele>112.0</ele>
      </trkpt>
      <trkpt lat="45.461667" lon="10.568424">
        <ele>111.0</ele>
      </trkpt>
      <trkpt lat="45.461599" lon="10.568515">
        <ele>108.0</ele>
      </trkpt>
      <trkpt lat="45.461538" lon="10.568633">
        <ele>107.0</ele>
      </trkpt>
      <trkpt lat="45.461496" lon="10.568749">
        <ele>106.0</ele>
      </trkpt>
      <trkpt lat="45.461452" lon="10.568881">
        <ele>105.0</ele>
      </trkpt>
      <trkpt lat="45.46141" lon="10.569009">
        <ele>105.0</ele>
      </trkpt>
      <trkpt lat="45.461367" lon="10.569136">
        <ele>105.0</ele>
      </trkpt>
      <trkpt lat="45.461319" lon="10.56928">
        <ele>105.0</ele>
      </trkpt>
      <trkpt lat="45.461281" lon="10.569396">
        <ele>105.0</ele>
      </trkpt>
      <trkpt lat="45.461214" lon="10.569482">
        <ele>106.0</ele>
      </trkpt>
      <trkpt lat="45.461144" lon="10.569572">
        <ele>107.0</ele>
      </trkpt>
      <trkpt lat="45.461076" lon="10.56967">
        <ele>108.0</ele>
      </trkpt>
      <trkpt lat="45.461017" lon="10.569768">
        <ele>109.0</ele>
      </trkpt>
      <trkpt lat="45.460964" lon="10.5699">
        <ele>109.0</ele>
      </trkpt>
      <trkpt lat="45.460937" lon="10.570038">
        <ele>109.0</ele>
      </trkpt>
      <trkpt lat="45.460928" lon="10.570179">
        <ele>108.0</ele>
      </trkpt>
      <trkpt lat="45.460906" lon="10.570309">
        <ele>108.0</ele>
      </trkpt>
      <trkpt lat="45.460867" lon="10.570439">
        <ele>108.0</ele>
      </trkpt>
      <trkpt lat="45.460852" lon="10.570582">
        <ele>108.0</ele>
      </trkpt>
      <trkpt lat="45.46082" lon="10.57071">
        <ele>109.0</ele>
      </trkpt>
      <trkpt lat="45.460801" lon="10.570843">
        <ele>109.0</ele>
      </trkpt>
      <trkpt lat="45.460757" lon="10.570971">
        <ele>109.0</ele>
      </trkpt>
      <trkpt lat="45.460731" lon="10.571113">
        <ele>109.0</ele>
      </trkpt>
      <trkpt lat="45.460721" lon="10.571252">
        <ele>108.0</ele>
      </trkpt>
      <trkpt lat="45.460694" lon="10.57139">
        <ele>109.0</ele>
      </trkpt>
      <trkpt lat="45.460649" lon="10.571511">
        <ele>109.0</ele>
      </trkpt>
      <trkpt lat="45.460608" lon="10.571632">
        <ele>108.0</ele>
      </trkpt>
      <trkpt lat="45.4606" lon="10.571766">
        <ele>107.0</ele>
      </trkpt>
      <trkpt lat="45.460575" lon="10.571911">
        <ele>107.0</ele>
      </trkpt>
      <trkpt lat="45.460547" lon="10.572044">
        <ele>107.0</ele>
      </trkpt>
      <trkpt lat="45.460536" lon="10.572172">
        <ele>107.0</ele>
      </trkpt>
      <trkpt lat="45.460519" lon="10.572302">
        <ele>107.0</ele>
      </trkpt>
      <trkpt lat="45.460485" lon="10.572425">
        <ele>107.0</ele>
      </trkpt>
      <trkpt lat="45.460471" lon="10.572571">
        <ele>106.0</ele>
      </trkpt>
      <trkpt lat="45.460445" lon="10.572703">
        <ele>106.0</ele>
      </trkpt>
      <trkpt lat="45.460418" lon="10.572834">
        <ele>106.0</ele>
      </trkpt>
      <trkpt lat="45.460398" lon="10.572969">
        <ele>107.0</ele>
      </trkpt>
      <trkpt lat="45.460371" lon="10.573095">
        <ele>107.0</ele>
      </trkpt>
      <trkpt lat="45.460365" lon="10.573236">
        <ele>108.0</ele>
      </trkpt>
      <trkpt lat="45.460323" lon="10.573384">
        <ele>108.0</ele>
      </trkpt>
      <trkpt lat="45.460288" lon="10.573505">
        <ele>108.0</ele>
      </trkpt>
      <trkpt lat="45.460263" lon="10.573636">
        <ele>108.0</ele>
      </trkpt>
      <trkpt lat="45.46026" lon="10.573785">
        <ele>108.0</ele>
      </trkpt>
      <trkpt lat="45.460271" lon="10.573929">
        <ele>107.0</ele>
      </trkpt>
      <trkpt lat="45.460245" lon="10.574076">
        <ele>107.0</ele>
      </trkpt>
      <trkpt lat="45.460231" lon="10.574218">
        <ele>107.0</ele>
      </trkpt>
      <trkpt lat="45.460255" lon="10.574342">
        <ele>108.0</ele>
      </trkpt>
      <trkpt lat="45.460249" lon="10.574472">
        <ele>109.0</ele>
      </trkpt>
      <trkpt lat="45.460219" lon="10.574593">
        <ele>109.0</ele>
      </trkpt>
      <trkpt lat="45.460215" lon="10.574726">
        <ele>109.0</ele>
      </trkpt>
      <trkpt lat="45.460213" lon="10.574855">
        <ele>110.0</ele>
      </trkpt>
      <trkpt lat="45.460206" lon="10.574994">
        <ele>110.0</ele>
      </trkpt>
      <trkpt lat="45.460196" lon="10.575134">
        <ele>110.0</ele>
      </trkpt>
      <trkpt lat="45.460208" lon="10.575264">
        <ele>110.0</ele>
      </trkpt>
      <trkpt lat="45.460205" lon="10.575402">
        <ele>111.0</ele>
      </trkpt>
      <trkpt lat="45.46024" lon="10.575523">
        <ele>111.0</ele>
      </trkpt>
      <trkpt lat="45.460252" lon="10.575666">
        <ele>111.0</ele>
      </trkpt>
      <trkpt lat="45.460255" lon="10.5758">
        <ele>111.0</ele>
      </trkpt>
      <trkpt lat="45.460278" lon="10.575936">
        <ele>111.0</ele>
      </trkpt>
      <trkpt lat="45.46027" lon="10.576073">
        <ele>111.0</ele>
      </trkpt>
      <trkpt lat="45.460312" lon="10.576199">
        <ele>112.0</ele>
      </trkpt>
      <trkpt lat="45.460352" lon="10.576326">
        <ele>112.0</ele>
      </trkpt>
      <trkpt lat="45.460372" lon="10.576461">
        <ele>112.0</ele>
      </trkpt>
      <trkpt lat="45.460385" lon="10.576596">
        <ele>112.0</ele>
      </trkpt>
      <trkpt lat="45.460422" lon="10.576718">
        <ele>112.0</ele>
      </trkpt>
      <trkpt lat="45.460331" lon="10.576684">
        <ele>112.0</ele>
      </trkpt>
      <trkpt lat="45.460238" lon="10.576632">
        <ele>111.0</ele>
      </trkpt>
      <trkpt lat="45.460148" lon="10.576561">
        <ele>109.0</ele>
      </trkpt>
      <trkpt lat="45.460056" lon="10.576543">
        <ele>108.0</ele>
      </trkpt>
      <trkpt lat="45.45998" lon="10.576462">
        <ele>109.0</ele>
      </trkpt>
      <trkpt lat="45.45989" lon="10.576444">
        <ele>108.0</ele>
      </trkpt>
      <trkpt lat="45.459876" lon="10.576597">
        <ele>107.0</ele>
      </trkpt>
      <trkpt lat="45.459876" lon="10.576762">
        <ele>108.0</ele>
      </trkpt>
      <trkpt lat="45.459864" lon="10.576967">
        <ele>108.0</ele>
      </trkpt>
      <trkpt lat="45.459851" lon="10.577149">
        <ele>109.0</ele>
      </trkpt>
      <trkpt lat="45.459847" lon="10.577291">
        <ele>110.0</ele>
      </trkpt>
      <trkpt lat="45.459842" lon="10.577444">
        <ele>111.0</ele>
      </trkpt>
      <trkpt lat="45.459846" lon="10.577575">
        <ele>112.0</ele>
      </trkpt>
      <trkpt lat="45.459843" lon="10.577719">
        <ele>112.0</ele>
      </trkpt>
      <trkpt lat="45.459861" lon="10.577845">
        <ele>113.0</ele>
      </trkpt>
      <trkpt lat="45.459886" lon="10.577984">
        <ele>113.0</ele>
      </trkpt>
      <trkpt lat="45.459913" lon="10.578107">
        <ele>113.0</ele>
      </trkpt>
      <trkpt lat="45.459922" lon="10.578243">
        <ele>113.0</ele>
      </trkpt>
      <trkpt lat="45.459914" lon="10.57838">
        <ele>113.0</ele>
      </trkpt>
      <trkpt lat="45.459933" lon="10.578518">
        <ele>113.0</ele>
      </trkpt>
      <trkpt lat="45.459969" lon="10.578662">
        <ele>113.0</ele>
      </trkpt>
      <trkpt lat="45.460004" lon="10.578805">
        <ele>113.0</ele>
      </trkpt>
      <trkpt lat="45.460013" lon="10.578942">
        <ele>113.0</ele>
      </trkpt>
      <trkpt lat="45.460021" lon="10.579071">
        <ele>113.0</ele>
      </trkpt>
      <trkpt lat="45.460017" lon="10.579199">
        <ele>113.0</ele>
      </trkpt>
      <trkpt lat="45.460029" lon="10.579332">
        <ele>113.0</ele>
      </trkpt>
      <trkpt lat="45.460054" lon="10.579463">
        <ele>113.0</ele>
      </trkpt>
      <trkpt lat="45.460053" lon="10.579615">
        <ele>113.0</ele>
      </trkpt>
      <trkpt lat="45.460043" lon="10.579762">
        <ele>113.0</ele>
      </trkpt>
      <trkpt lat="45.460042" lon="10.579898">
        <ele>114.0</ele>
      </trkpt>
      <trkpt lat="45.460065" lon="10.580045">
        <ele>114.0</ele>
      </trkpt>
      <trkpt lat="45.460058" lon="10.58019">
        <ele>114.0</ele>
      </trkpt>
      <trkpt lat="45.460072" lon="10.580318">
        <ele>115.0</ele>
      </trkpt>
      <trkpt lat="45.460105" lon="10.580449">
        <ele>116.0</ele>
      </trkpt>
      <trkpt lat="45.460125" lon="10.580586">
        <ele>116.0</ele>
      </trkpt>
      <trkpt lat="45.460146" lon="10.580711">
        <ele>117.0</ele>
      </trkpt>
      <trkpt lat="45.460162" lon="10.580842">
        <ele>117.0</ele>
      </trkpt>
      <trkpt lat="45.460206" lon="10.580956">
        <ele>118.0</ele>
      </trkpt>
      <trkpt lat="45.46026" lon="10.581062">
        <ele>118.0</ele>
      </trkpt>
      <trkpt lat="45.460249" lon="10.581195">
        <ele>118.0</ele>
      </trkpt>
      <trkpt lat="45.460243" lon="10.581327">
        <ele>117.0</ele>
      </trkpt>
      <trkpt lat="45.460279" lon="10.581481">
        <ele>117.0</ele>
      </trkpt>
      <trkpt lat="45.460285" lon="10.581609">
        <ele>117.0</ele>
      </trkpt>
      <trkpt lat="45.460301" lon="10.581739">
        <ele>117.0</ele>
      </trkpt>
      <trkpt lat="45.460304" lon="10.581871">
        <ele>117.0</ele>
      </trkpt>
      <trkpt lat="45.460335" lon="10.581998">
        <ele>117.0</ele>
      </trkpt>
      <trkpt lat="45.460338" lon="10.582126">
        <ele>117.0</ele>
      </trkpt>
      <trkpt lat="45.460338" lon="10.582268">
        <ele>117.0</ele>
      </trkpt>
      <trkpt lat="45.460355" lon="10.582402">
        <ele>117.0</ele>
      </trkpt>
      <trkpt lat="45.460364" lon="10.582551">
        <ele>117.0</ele>
      </trkpt>
      <trkpt lat="45.460379" lon="10.582699">
        <ele>117.0</ele>
      </trkpt>
      <trkpt lat="45.460399" lon="10.582842">
        <ele>117.0</ele>
      </trkpt>
      <trkpt lat="45.460422" lon="10.58297">
        <ele>116.0</ele>
      </trkpt>
      <trkpt lat="45.460455" lon="10.583106">
        <ele>116.0</ele>
      </trkpt>
      <trkpt lat="45.460468" lon="10.583246">
        <ele>116.0</ele>
      </trkpt>
      <trkpt lat="45.460465" lon="10.583378">
        <ele>116.0</ele>
      </trkpt>
      <trkpt lat="45.460461" lon="10.583509">
        <ele>116.0</ele>
      </trkpt>
      <trkpt lat="45.460461" lon="10.583645">
        <ele>115.0</ele>
      </trkpt>
      <trkpt lat="45.460469" lon="10.583779">
        <ele>115.0</ele>
      </trkpt>
      <trkpt lat="45.46049" lon="10.583919">
        <ele>115.0</ele>
      </trkpt>
      <trkpt lat="45.460504" lon="10.584068">
        <ele>115.0</ele>
      </trkpt>
      <trkpt lat="45.460522" lon="10.58421">
        <ele>116.0</ele>
      </trkpt>
      <trkpt lat="45.460547" lon="10.584336">
        <ele>116.0</ele>
      </trkpt>
      <trkpt lat="45.46059" lon="10.584457">
        <ele>116.0</ele>
      </trkpt>
      <trkpt lat="45.460614" lon="10.584586">
        <ele>115.0</ele>
      </trkpt>
      <trkpt lat="45.460651" lon="10.584769">
        <ele>112.0</ele>
      </trkpt>
      <trkpt lat="45.460747" lon="10.584759">
        <ele>112.0</ele>
      </trkpt>
      <trkpt lat="45.46079" lon="10.584872">
        <ele>113.0</ele>
      </trkpt>
      <trkpt lat="45.460803" lon="10.585026">
        <ele>113.0</ele>
      </trkpt>
      <trkpt lat="45.460844" lon="10.585155">
        <ele>113.0</ele>
      </trkpt>
      <trkpt lat="45.460881" lon="10.585294">
        <ele>113.0</ele>
      </trkpt>
      <trkpt lat="45.460929" lon="10.58541">
        <ele>113.0</ele>
      </trkpt>
      <trkpt lat="45.461001" lon="10.585503">
        <ele>113.0</ele>
      </trkpt>
      <trkpt lat="45.461073" lon="10.585585">
        <ele>113.0</ele>
      </trkpt>
      <trkpt lat="45.461133" lon="10.585688">
        <ele>112.0</ele>
      </trkpt>
      <trkpt lat="45.4612" lon="10.585776">
        <ele>112.0</ele>
      </trkpt>
      <trkpt lat="45.46125" lon="10.585897">
        <ele>112.0</ele>
      </trkpt>
      <trkpt lat="45.461316" lon="10.58601">
        <ele>112.0</ele>
      </trkpt>
      <trkpt lat="45.461373" lon="10.586127">
        <ele>111.0</ele>
      </trkpt>
      <trkpt lat="45.461433" lon="10.58624">
        <ele>111.0</ele>
      </trkpt>
      <trkpt lat="45.461493" lon="10.586345">
        <ele>111.0</ele>
      </trkpt>
      <trkpt lat="45.461567" lon="10.586428">
        <ele>111.0</ele>
      </trkpt>
      <trkpt lat="45.461621" lon="10.586551">
        <ele>110.0</ele>
      </trkpt>
      <trkpt lat="45.461646" lon="10.58669">
        <ele>110.0</ele>
      </trkpt>
      <trkpt lat="45.461707" lon="10.586806">
        <ele>111.0</ele>
      </trkpt>
      <trkpt lat="45.461771" lon="10.586911">
        <ele>110.0</ele>
      </trkpt>
      <trkpt lat="45.461839" lon="10.586995">
        <ele>110.0</ele>
      </trkpt>
      <trkpt lat="45.461901" lon="10.587101">
        <ele>110.0</ele>
      </trkpt>
      <trkpt lat="45.461979" lon="10.587221">
        <ele>110.0</ele>
      </trkpt>
      <trkpt lat="45.462034" lon="10.587357">
        <ele>110.0</ele>
      </trkpt>
      <trkpt lat="45.462111" lon="10.587434">
        <ele>110.0</ele>
      </trkpt>
      <trkpt lat="45.462187" lon="10.58752">
        <ele>110.0</ele>
      </trkpt>
      <trkpt lat="45.462251" lon="10.587624">
        <ele>110.0</ele>
      </trkpt>
      <trkpt lat="45.462324" lon="10.587724">
        <ele>111.0</ele>
      </trkpt>
      <trkpt lat="45.46236" lon="10.587854">
        <ele>110.0</ele>
      </trkpt>
      <trkpt lat="45.462381" lon="10.587997">
        <ele>110.0</ele>
      </trkpt>
      <trkpt lat="45.462422" lon="10.588115">
        <ele>110.0</ele>
      </trkpt>
      <trkpt lat="45.462484" lon="10.588215">
        <ele>110.0</ele>
      </trkpt>
      <trkpt lat="45.462535" lon="10.588333">
        <ele>109.0</ele>
      </trkpt>
      <trkpt lat="45.462579" lon="10.588456">
        <ele>109.0</ele>
      </trkpt>
      <trkpt lat="45.462642" lon="10.588564">
        <ele>109.0</ele>
      </trkpt>
      <trkpt lat="45.462708" lon="10.58867">
        <ele>109.0</ele>
      </trkpt>
      <trkpt lat="45.462779" lon="10.588763">
        <ele>109.0</ele>
      </trkpt>
      <trkpt lat="45.462842" lon="10.588856">
        <ele>109.0</ele>
      </trkpt>
      <trkpt lat="45.462918" lon="10.588927">
        <ele>108.0</ele>
      </trkpt>
      <trkpt lat="45.462967" lon="10.589043">
        <ele>108.0</ele>
      </trkpt>
      <trkpt lat="45.463019" lon="10.589176">
        <ele>108.0</ele>
      </trkpt>
      <trkpt lat="45.463076" lon="10.589294">
        <ele>108.0</ele>
      </trkpt>
      <trkpt lat="45.463099" lon="10.589423">
        <ele>109.0</ele>
      </trkpt>
      <trkpt lat="45.463114" lon="10.589565">
        <ele>109.0</ele>
      </trkpt>
      <trkpt lat="45.463158" lon="10.589692">
        <ele>110.0</ele>
      </trkpt>
      <trkpt lat="45.463188" lon="10.58983">
        <ele>111.0</ele>
      </trkpt>
      <trkpt lat="45.463195" lon="10.589959">
        <ele>112.0</ele>
      </trkpt>
      <trkpt lat="45.46322" lon="10.590091">
        <ele>112.0</ele>
      </trkpt>
      <trkpt lat="45.463211" lon="10.59023">
        <ele>112.0</ele>
      </trkpt>
      <trkpt lat="45.463208" lon="10.590358">
        <ele>112.0</ele>
      </trkpt>
      <trkpt lat="45.463196" lon="10.590502">
        <ele>112.0</ele>
      </trkpt>
      <trkpt lat="45.463192" lon="10.590631">
        <ele>112.0</ele>
      </trkpt>
      <trkpt lat="45.463204" lon="10.590777">
        <ele>112.0</ele>
      </trkpt>
      <trkpt lat="45.463214" lon="10.590954">
        <ele>111.0</ele>
      </trkpt>
      <trkpt lat="45.463196" lon="10.591091">
        <ele>111.0</ele>
      </trkpt>
      <trkpt lat="45.463168" lon="10.591221">
        <ele>111.0</ele>
      </trkpt>
      <trkpt lat="45.463195" lon="10.591355">
        <ele>111.0</ele>
      </trkpt>
      <trkpt lat="45.463185" lon="10.59149">
        <ele>111.0</ele>
      </trkpt>
      <trkpt lat="45.463178" lon="10.591628">
        <ele>111.0</ele>
      </trkpt>
      <trkpt lat="45.463195" lon="10.591767">
        <ele>111.0</ele>
      </trkpt>
      <trkpt lat="45.463185" lon="10.591904">
        <ele>111.0</ele>
      </trkpt>
      <trkpt lat="45.46318" lon="10.592048">
        <ele>111.0</ele>
      </trkpt>
      <trkpt lat="45.463182" lon="10.592185">
        <ele>112.0</ele>
      </trkpt>
      <trkpt lat="45.463194" lon="10.592329">
        <ele>112.0</ele>
      </trkpt>
      <trkpt lat="45.46322" lon="10.592453">
        <ele>112.0</ele>
      </trkpt>
      <trkpt lat="45.463216" lon="10.592581">
        <ele>112.0</ele>
      </trkpt>
      <trkpt lat="45.46326" lon="10.592713">
        <ele>113.0</ele>
      </trkpt>
      <trkpt lat="45.463272" lon="10.592854">
        <ele>114.0</ele>
      </trkpt>
      <trkpt lat="45.463334" lon="10.592961">
        <ele>114.0</ele>
      </trkpt>
      <trkpt lat="45.46341" lon="10.593038">
        <ele>113.0</ele>
      </trkpt>
      <trkpt lat="45.463477" lon="10.593129">
        <ele>113.0</ele>
      </trkpt>
      <trkpt lat="45.463524" lon="10.593243">
        <ele>114.0</ele>
      </trkpt>
      <trkpt lat="45.46362" lon="10.593318">
        <ele>114.0</ele>
      </trkpt>
      <trkpt lat="45.463705" lon="10.59337">
        <ele>115.0</ele>
      </trkpt>
      <trkpt lat="45.46379" lon="10.593452">
        <ele>115.0</ele>
      </trkpt>
      <trkpt lat="45.463862" lon="10.593538">
        <ele>115.0</ele>
      </trkpt>
      <trkpt lat="45.46393" lon="10.593625">
        <ele>115.0</ele>
      </trkpt>
      <trkpt lat="45.464005" lon="10.593707">
        <ele>116.0</ele>
      </trkpt>
      <trkpt lat="45.464076" lon="10.593786">
        <ele>116.0</ele>
      </trkpt>
      <trkpt lat="45.464166" lon="10.593854">
        <ele>117.0</ele>
      </trkpt>
      <trkpt lat="45.464243" lon="10.593954">
        <ele>117.0</ele>
      </trkpt>
      <trkpt lat="45.464323" lon="10.594029">
        <ele>118.0</ele>
      </trkpt>
      <trkpt lat="45.464399" lon="10.594114">
        <ele>118.0</ele>
      </trkpt>
      <trkpt lat="45.46447" lon="10.594207">
        <ele>118.0</ele>
      </trkpt>
      <trkpt lat="45.464533" lon="10.594314">
        <ele>118.0</ele>
      </trkpt>
      <trkpt lat="45.464623" lon="10.594396">
        <ele>118.0</ele>
      </trkpt>
      <trkpt lat="45.464712" lon="10.59446">
        <ele>117.0</ele>
      </trkpt>
      <trkpt lat="45.464801" lon="10.594533">
        <ele>117.0</ele>
      </trkpt>
      <trkpt lat="45.464883" lon="10.594628">
        <ele>118.0</ele>
      </trkpt>
      <trkpt lat="45.46496" lon="10.594705">
        <ele>118.0</ele>
      </trkpt>
      <trkpt lat="45.465036" lon="10.594784">
        <ele>118.0</ele>
      </trkpt>
      <trkpt lat="45.465121" lon="10.59487">
        <ele>117.0</ele>
      </trkpt>
      <trkpt lat="45.465185" lon="10.594968">
        <ele>117.0</ele>
      </trkpt>
      <trkpt lat="45.465264" lon="10.595056">
        <ele>117.0</ele>
      </trkpt>
      <trkpt lat="45.465358" lon="10.59512">
        <ele>118.0</ele>
      </trkpt>
      <trkpt lat="45.465437" lon="10.595203">
        <ele>118.0</ele>
      </trkpt>
      <trkpt lat="45.465516" lon="10.595283">
        <ele>118.0</ele>
      </trkpt>
      <trkpt lat="45.465609" lon="10.595341">
        <ele>118.0</ele>
      </trkpt>
      <trkpt lat="45.465689" lon="10.595413">
        <ele>118.0</ele>
      </trkpt>
      <trkpt lat="45.465742" lon="10.59553">
        <ele>118.0</ele>
      </trkpt>
      <trkpt lat="45.4658" lon="10.595641">
        <ele>118.0</ele>
      </trkpt>
      <trkpt lat="45.465874" lon="10.595728">
        <ele>117.0</ele>
      </trkpt>
      <trkpt lat="45.465945" lon="10.595839">
        <ele>117.0</ele>
      </trkpt>
      <trkpt lat="45.466003" lon="10.595966">
        <ele>117.0</ele>
      </trkpt>
      <trkpt lat="45.466066" lon="10.596069">
        <ele>117.0</ele>
      </trkpt>
      <trkpt lat="45.466113" lon="10.596201">
        <ele>117.0</ele>
      </trkpt>
      <trkpt lat="45.46616" lon="10.596314">
        <ele>117.0</ele>
      </trkpt>
      <trkpt lat="45.466218" lon="10.596418">
        <ele>118.0</ele>
      </trkpt>
      <trkpt lat="45.466278" lon="10.596528">
        <ele>118.0</ele>
      </trkpt>
      <trkpt lat="45.466342" lon="10.596634">
        <ele>118.0</ele>
      </trkpt>
      <trkpt lat="45.466411" lon="10.596742">
        <ele>118.0</ele>
      </trkpt>
      <trkpt lat="45.466476" lon="10.596861">
        <ele>118.0</ele>
      </trkpt>
      <trkpt lat="45.466541" lon="10.596962">
        <ele>118.0</ele>
      </trkpt>
      <trkpt lat="45.466615" lon="10.597066">
        <ele>118.0</ele>
      </trkpt>
      <trkpt lat="45.466653" lon="10.597187">
        <ele>117.0</ele>
      </trkpt>
      <trkpt lat="45.466734" lon="10.597258">
        <ele>117.0</ele>
      </trkpt>
      <trkpt lat="45.466815" lon="10.59734">
        <ele>117.0</ele>
      </trkpt>
      <trkpt lat="45.466908" lon="10.597409">
        <ele>116.0</ele>
      </trkpt>
      <trkpt lat="45.46698" lon="10.597507">
        <ele>116.0</ele>
      </trkpt>
      <trkpt lat="45.467018" lon="10.59763">
        <ele>115.0</ele>
      </trkpt>
      <trkpt lat="45.46706" lon="10.597749">
        <ele>115.0</ele>
      </trkpt>
      <trkpt lat="45.467103" lon="10.597878">
        <ele>116.0</ele>
      </trkpt>
      <trkpt lat="45.467149" lon="10.597994">
        <ele>116.0</ele>
      </trkpt>
      <trkpt lat="45.467207" lon="10.598103">
        <ele>116.0</ele>
      </trkpt>
      <trkpt lat="45.46726" lon="10.59823">
        <ele>116.0</ele>
      </trkpt>
      <trkpt lat="45.467303" lon="10.598349">
        <ele>116.0</ele>
      </trkpt>
      <trkpt lat="45.467392" lon="10.598437">
        <ele>117.0</ele>
      </trkpt>
      <trkpt lat="45.467477" lon="10.598487">
        <ele>117.0</ele>
      </trkpt>
      <trkpt lat="45.467582" lon="10.598511">
        <ele>116.0</ele>
      </trkpt>
      <trkpt lat="45.467677" lon="10.598507">
        <ele>115.0</ele>
      </trkpt>
      <trkpt lat="45.46777" lon="10.598501">
        <ele>115.0</ele>
      </trkpt>
      <trkpt lat="45.467863" lon="10.598498">
        <ele>115.0</ele>
      </trkpt>
      <trkpt lat="45.467954" lon="10.598498">
        <ele>115.0</ele>
      </trkpt>
      <trkpt lat="45.468076" lon="10.598513">
        <ele>116.0</ele>
      </trkpt>
      <trkpt lat="45.468171" lon="10.598506">
        <ele>117.0</ele>
      </trkpt>
      <trkpt lat="45.468268" lon="10.598509">
        <ele>118.0</ele>
      </trkpt>
      <trkpt lat="45.468371" lon="10.598533">
        <ele>119.0</ele>
      </trkpt>
      <trkpt lat="45.468464" lon="10.59855">
        <ele>120.0</ele>
      </trkpt>
      <trkpt lat="45.468558" lon="10.598592">
        <ele>120.0</ele>
      </trkpt>
      <trkpt lat="45.468632" lon="10.598672">
        <ele>121.0</ele>
      </trkpt>
      <trkpt lat="45.468691" lon="10.59877">
        <ele>120.0</ele>
      </trkpt>
      <trkpt lat="45.468753" lon="10.598871">
        <ele>120.0</ele>
      </trkpt>
      <trkpt lat="45.468819" lon="10.598998">
        <ele>119.0</ele>
      </trkpt>
      <trkpt lat="45.468876" lon="10.599102">
        <ele>119.0</ele>
      </trkpt>
      <trkpt lat="45.468904" lon="10.599248">
        <ele>119.0</ele>
      </trkpt>
      <trkpt lat="45.468979" lon="10.599322">
        <ele>119.0</ele>
      </trkpt>
      <trkpt lat="45.469046" lon="10.599451">
        <ele>119.0</ele>
      </trkpt>
      <trkpt lat="45.469104" lon="10.599554">
        <ele>118.0</ele>
      </trkpt>
      <trkpt lat="45.469175" lon="10.599647">
        <ele>118.0</ele>
      </trkpt>
      <trkpt lat="45.469252" lon="10.599737">
        <ele>118.0</ele>
      </trkpt>
      <trkpt lat="45.469328" lon="10.599823">
        <ele>117.0</ele>
      </trkpt>
      <trkpt lat="45.469383" lon="10.599925">
        <ele>117.0</ele>
      </trkpt>
      <trkpt lat="45.469457" lon="10.600033">
        <ele>118.0</ele>
      </trkpt>
      <trkpt lat="45.469529" lon="10.60014">
        <ele>118.0</ele>
      </trkpt>
      <trkpt lat="45.469592" lon="10.600243">
        <ele>118.0</ele>
      </trkpt>
      <trkpt lat="45.469604" lon="10.600377">
        <ele>118.0</ele>
      </trkpt>
      <trkpt lat="45.469602" lon="10.600519">
        <ele>118.0</ele>
      </trkpt>
      <trkpt lat="45.469586" lon="10.600662">
        <ele>117.0</ele>
      </trkpt>
      <trkpt lat="45.469604" lon="10.600794">
        <ele>117.0</ele>
      </trkpt>
      <trkpt lat="45.469616" lon="10.600933">
        <ele>117.0</ele>
      </trkpt>
      <trkpt lat="45.469569" lon="10.601059">
        <ele>117.0</ele>
      </trkpt>
      <trkpt lat="45.469518" lon="10.601171">
        <ele>117.0</ele>
      </trkpt>
      <trkpt lat="45.469495" lon="10.601298">
        <ele>117.0</ele>
      </trkpt>
      <trkpt lat="45.469481" lon="10.601464">
        <ele>117.0</ele>
      </trkpt>
      <trkpt lat="45.469456" lon="10.601591">
        <ele>117.0</ele>
      </trkpt>
      <trkpt lat="45.469439" lon="10.601718">
        <ele>117.0</ele>
      </trkpt>
      <trkpt lat="45.469407" lon="10.601862">
        <ele>118.0</ele>
      </trkpt>
      <trkpt lat="45.469398" lon="10.602009">
        <ele>118.0</ele>
      </trkpt>
      <trkpt lat="45.46936" lon="10.602129">
        <ele>118.0</ele>
      </trkpt>
      <trkpt lat="45.469313" lon="10.602274">
        <ele>117.0</ele>
      </trkpt>
      <trkpt lat="45.46928" lon="10.602417">
        <ele>117.0</ele>
      </trkpt>
      <trkpt lat="45.469253" lon="10.60254">
        <ele>118.0</ele>
      </trkpt>
      <trkpt lat="45.469234" lon="10.602668">
        <ele>118.0</ele>
      </trkpt>
      <trkpt lat="45.469221" lon="10.602797">
        <ele>118.0</ele>
      </trkpt>
      <trkpt lat="45.469168" lon="10.602938">
        <ele>117.0</ele>
      </trkpt>
      <trkpt lat="45.469184" lon="10.603071">
        <ele>117.0</ele>
      </trkpt>
      <trkpt lat="45.469209" lon="10.603203">
        <ele>118.0</ele>
      </trkpt>
      <trkpt lat="45.469207" lon="10.603339">
        <ele>118.0</ele>
      </trkpt>
      <trkpt lat="45.469216" lon="10.603474">
        <ele>118.0</ele>
      </trkpt>
      <trkpt lat="45.469246" lon="10.603599">
        <ele>117.0</ele>
      </trkpt>
      <trkpt lat="45.469245" lon="10.603737">
        <ele>117.0</ele>
      </trkpt>
      <trkpt lat="45.469271" lon="10.603874">
        <ele>117.0</ele>
      </trkpt>
      <trkpt lat="45.469313" lon="10.604">
        <ele>117.0</ele>
      </trkpt>
      <trkpt lat="45.469374" lon="10.604107">
        <ele>116.0</ele>
      </trkpt>
      <trkpt lat="45.469434" lon="10.604211">
        <ele>115.0</ele>
      </trkpt>
      <trkpt lat="45.469517" lon="10.604266">
        <ele>116.0</ele>
      </trkpt>
      <trkpt lat="45.469607" lon="10.6043">
        <ele>115.0</ele>
      </trkpt>
      <trkpt lat="45.469703" lon="10.604335">
        <ele>115.0</ele>
      </trkpt>
      <trkpt lat="45.469814" lon="10.604354">
        <ele>115.0</ele>
      </trkpt>
      <trkpt lat="45.469914" lon="10.604405">
        <ele>115.0</ele>
      </trkpt>
      <trkpt lat="45.470012" lon="10.604439">
        <ele>116.0</ele>
      </trkpt>
      <trkpt lat="45.470112" lon="10.604449">
        <ele>116.0</ele>
      </trkpt>
      <trkpt lat="45.470219" lon="10.604446">
        <ele>116.0</ele>
      </trkpt>
      <trkpt lat="45.470316" lon="10.604461">
        <ele>116.0</ele>
      </trkpt>
      <trkpt lat="45.470411" lon="10.604488">
        <ele>116.0</ele>
      </trkpt>
      <trkpt lat="45.470511" lon="10.604516">
        <ele>116.0</ele>
      </trkpt>
      <trkpt lat="45.470611" lon="10.604551">
        <ele>116.0</ele>
      </trkpt>
      <trkpt lat="45.470702" lon="10.604573">
        <ele>117.0</ele>
      </trkpt>
      <trkpt lat="45.47079" lon="10.604613">
        <ele>117.0</ele>
      </trkpt>
      <trkpt lat="45.470887" lon="10.604618">
        <ele>117.0</ele>
      </trkpt>
      <trkpt lat="45.470983" lon="10.604636">
        <ele>117.0</ele>
      </trkpt>
      <trkpt lat="45.471077" lon="10.604623">
        <ele>117.0</ele>
      </trkpt>
      <trkpt lat="45.471175" lon="10.604629">
        <ele>117.0</ele>
      </trkpt>
      <trkpt lat="45.471262" lon="10.604673">
        <ele>116.0</ele>
      </trkpt>
      <trkpt lat="45.47135" lon="10.604715">
        <ele>115.0</ele>
      </trkpt>
      <trkpt lat="45.471437" lon="10.604761">
        <ele>115.0</ele>
      </trkpt>
      <trkpt lat="45.471528" lon="10.604806">
        <ele>115.0</ele>
      </trkpt>
      <trkpt lat="45.471603" lon="10.604885">
        <ele>114.0</ele>
      </trkpt>
      <trkpt lat="45.47169" lon="10.604944">
        <ele>114.0</ele>
      </trkpt>
      <trkpt lat="45.47178" lon="10.605008">
        <ele>114.0</ele>
      </trkpt>
      <trkpt lat="45.471871" lon="10.605064">
        <ele>114.0</ele>
      </trkpt>
      <trkpt lat="45.47196" lon="10.605147">
        <ele>114.0</ele>
      </trkpt>
      <trkpt lat="45.472041" lon="10.605222">
        <ele>114.0</ele>
      </trkpt>
      <trkpt lat="45.472124" lon="10.605284">
        <ele>114.0</ele>
      </trkpt>
      <trkpt lat="45.472215" lon="10.605353">
        <ele>114.0</ele>
      </trkpt>
      <trkpt lat="45.472304" lon="10.60542">
        <ele>115.0</ele>
      </trkpt>
      <trkpt lat="45.472403" lon="10.605507">
        <ele>115.0</ele>
      </trkpt>
      <trkpt lat="45.472479" lon="10.605575">
        <ele>115.0</ele>
      </trkpt>
      <trkpt lat="45.472585" lon="10.605637">
        <ele>114.0</ele>
      </trkpt>
      <trkpt lat="45.472671" lon="10.605706">
        <ele>114.0</ele>
      </trkpt>
      <trkpt lat="45.472768" lon="10.605787">
        <ele>114.0</ele>
      </trkpt>
      <trkpt lat="45.472859" lon="10.605834">
        <ele>115.0</ele>
      </trkpt>
      <trkpt lat="45.472945" lon="10.605917">
        <ele>115.0</ele>
      </trkpt>
      <trkpt lat="45.47302" lon="10.605998">
        <ele>115.0</ele>
      </trkpt>
      <trkpt lat="45.473103" lon="10.606059">
        <ele>115.0</ele>
      </trkpt>
      <trkpt lat="45.473179" lon="10.606134">
        <ele>115.0</ele>
      </trkpt>
      <trkpt lat="45.47327" lon="10.606159">
        <ele>115.0</ele>
      </trkpt>
      <trkpt lat="45.473362" lon="10.606185">
        <ele>114.0</ele>
      </trkpt>
      <trkpt lat="45.473455" lon="10.606268">
        <ele>114.0</ele>
      </trkpt>
      <trkpt lat="45.473538" lon="10.606322">
        <ele>114.0</ele>
      </trkpt>
      <trkpt lat="45.473624" lon="10.606378">
        <ele>113.0</ele>
      </trkpt>
      <trkpt lat="45.473698" lon="10.606451">
        <ele>113.0</ele>
      </trkpt>
      <trkpt lat="45.473738" lon="10.606576">
        <ele>113.0</ele>
      </trkpt>
      <trkpt lat="45.473828" lon="10.606589">
        <ele>112.0</ele>
      </trkpt>
      <trkpt lat="45.473907" lon="10.60663">
        <ele>112.0</ele>
      </trkpt>
      <trkpt lat="45.473981" lon="10.606683">
        <ele>112.0</ele>
      </trkpt>
      <trkpt lat="45.474058" lon="10.606756">
        <ele>112.0</ele>
      </trkpt>
      <trkpt lat="45.474141" lon="10.60682">
        <ele>110.0</ele>
      </trkpt>
      <trkpt lat="45.474182" lon="10.606951">
        <ele>110.0</ele>
      </trkpt>
      <trkpt lat="45.474197" lon="10.607089">
        <ele>110.0</ele>
      </trkpt>
      <trkpt lat="45.474183" lon="10.607231">
        <ele>110.0</ele>
      </trkpt>
      <trkpt lat="45.474183" lon="10.607384">
        <ele>110.0</ele>
      </trkpt>
      <trkpt lat="45.474177" lon="10.607531">
        <ele>110.0</ele>
      </trkpt>
      <trkpt lat="45.474162" lon="10.60767">
        <ele>110.0</ele>
      </trkpt>
      <trkpt lat="45.474148" lon="10.607797">
        <ele>110.0</ele>
      </trkpt>
      <trkpt lat="45.474127" lon="10.60793">
        <ele>110.0</ele>
      </trkpt>
      <trkpt lat="45.474128" lon="10.608078">
        <ele>110.0</ele>
      </trkpt>
      <trkpt lat="45.474122" lon="10.608226">
        <ele>110.0</ele>
      </trkpt>
      <trkpt lat="45.474105" lon="10.608361">
        <ele>110.0</ele>
      </trkpt>
      <trkpt lat="45.474086" lon="10.608488">
        <ele>110.0</ele>
      </trkpt>
      <trkpt lat="45.474094" lon="10.608644">
        <ele>110.0</ele>
      </trkpt>
      <trkpt lat="45.474132" lon="10.608762">
        <ele>111.0</ele>
      </trkpt>
      <trkpt lat="45.474177" lon="10.608894">
        <ele>111.0</ele>
      </trkpt>
      <trkpt lat="45.474237" lon="10.608995">
        <ele>111.0</ele>
      </trkpt>
      <trkpt lat="45.474301" lon="10.609092">
        <ele>111.0</ele>
      </trkpt>
      <trkpt lat="45.474364" lon="10.609207">
        <ele>111.0</ele>
      </trkpt>
      <trkpt lat="45.47443" lon="10.609317">
        <ele>111.0</ele>
      </trkpt>
      <trkpt lat="45.474492" lon="10.609419">
        <ele>112.0</ele>
      </trkpt>
      <trkpt lat="45.474568" lon="10.609494">
        <ele>112.0</ele>
      </trkpt>
      <trkpt lat="45.474663" lon="10.609514">
        <ele>113.0</ele>
      </trkpt>
      <trkpt lat="45.474747" lon="10.609602">
        <ele>113.0</ele>
      </trkpt>
      <trkpt lat="45.47478" lon="10.609731">
        <ele>113.0</ele>
      </trkpt>
      <trkpt lat="45.474766" lon="10.6099">
        <ele>114.0</ele>
      </trkpt>
      <trkpt lat="45.474755" lon="10.610039">
        <ele>114.0</ele>
      </trkpt>
      <trkpt lat="45.474782" lon="10.610175">
        <ele>113.0</ele>
      </trkpt>
      <trkpt lat="45.474784" lon="10.610312">
        <ele>113.0</ele>
      </trkpt>
      <trkpt lat="45.4748" lon="10.610454">
        <ele>112.0</ele>
      </trkpt>
      <trkpt lat="45.474816" lon="10.610587">
        <ele>112.0</ele>
      </trkpt>
      <trkpt lat="45.474837" lon="10.610729">
        <ele>111.0</ele>
      </trkpt>
      <trkpt lat="45.474815" lon="10.610864">
        <ele>110.0</ele>
      </trkpt>
      <trkpt lat="45.474815" lon="10.611006">
        <ele>110.0</ele>
      </trkpt>
      <trkpt lat="45.474883" lon="10.611068">
        <ele>111.0</ele>
      </trkpt>
      <trkpt lat="45.474975" lon="10.611078">
        <ele>110.0</ele>
      </trkpt>
      <trkpt lat="45.475071" lon="10.611023">
        <ele>110.0</ele>
      </trkpt>
      <trkpt lat="45.475168" lon="10.611002">
        <ele>110.0</ele>
      </trkpt>
      <trkpt lat="45.475248" lon="10.610999">
        <ele>110.0</ele>
      </trkpt>
      <trkpt lat="45.475355" lon="10.610987">
        <ele>110.0</ele>
      </trkpt>
      <trkpt lat="45.475423" lon="10.610959">
        <ele>109.0</ele>
      </trkpt>
      <trkpt lat="45.475512" lon="10.61096">
        <ele>110.0</ele>
      </trkpt>
      <trkpt lat="45.475607" lon="10.610951">
        <ele>108.0</ele>
      </trkpt>
      <trkpt lat="45.475712" lon="10.610924">
        <ele>108.0</ele>
      </trkpt>
      <trkpt lat="45.475807" lon="10.610906">
        <ele>108.0</ele>
      </trkpt>
      <trkpt lat="45.475902" lon="10.610881">
        <ele>108.0</ele>
      </trkpt>
      <trkpt lat="45.475993" lon="10.610818">
        <ele>108.0</ele>
      </trkpt>
      <trkpt lat="45.47609" lon="10.610795">
        <ele>108.0</ele>
      </trkpt>
      <trkpt lat="45.476188" lon="10.610805">
        <ele>108.0</ele>
      </trkpt>
      <trkpt lat="45.476269" lon="10.610773">
        <ele>108.0</ele>
      </trkpt>
      <trkpt lat="45.476343" lon="10.610764">
        <ele>106.0</ele>
      </trkpt>
      <trkpt lat="45.47645" lon="10.610752">
        <ele>106.0</ele>
      </trkpt>
      <trkpt lat="45.476526" lon="10.610716">
        <ele>104.0</ele>
      </trkpt>
      <trkpt lat="45.47664" lon="10.61071">
        <ele>104.0</ele>
      </trkpt>
      <trkpt lat="45.476755" lon="10.610702">
        <ele>104.0</ele>
      </trkpt>
      <trkpt lat="45.476851" lon="10.610692">
        <ele>104.0</ele>
      </trkpt>
      <trkpt lat="45.476949" lon="10.61068">
        <ele>104.0</ele>
      </trkpt>
      <trkpt lat="45.477043" lon="10.610675">
        <ele>105.0</ele>
      </trkpt>
      <trkpt lat="45.477133" lon="10.61064">
        <ele>105.0</ele>
      </trkpt>
      <trkpt lat="45.477227" lon="10.610659">
        <ele>105.0</ele>
      </trkpt>
      <trkpt lat="45.477302" lon="10.610641">
        <ele>105.0</ele>
      </trkpt>
      <trkpt lat="45.477406" lon="10.610568">
        <ele>106.0</ele>
      </trkpt>
      <trkpt lat="45.47749" lon="10.610514">
        <ele>106.0</ele>
      </trkpt>
      <trkpt lat="45.477556" lon="10.610484">
        <ele>106.0</ele>
      </trkpt>
      <trkpt lat="45.477642" lon="10.610445">
        <ele>105.0</ele>
      </trkpt>
      <trkpt lat="45.477722" lon="10.610403">
        <ele>105.0</ele>
      </trkpt>
      <trkpt lat="45.477817" lon="10.610358">
        <ele>104.0</ele>
      </trkpt>
      <trkpt lat="45.47791" lon="10.610331">
        <ele>104.0</ele>
      </trkpt>
      <trkpt lat="45.477994" lon="10.610295">
        <ele>103.0</ele>
      </trkpt>
      <trkpt lat="45.478106" lon="10.610268">
        <ele>102.0</ele>
      </trkpt>
      <trkpt lat="45.478204" lon="10.610254">
        <ele>102.0</ele>
      </trkpt>
      <trkpt lat="45.478296" lon="10.610232">
        <ele>102.0</ele>
      </trkpt>
      <trkpt lat="45.478387" lon="10.610217">
        <ele>102.0</ele>
      </trkpt>
      <trkpt lat="45.478467" lon="10.610174">
        <ele>102.0</ele>
      </trkpt>
      <trkpt lat="45.478577" lon="10.610165">
        <ele>102.0</ele>
      </trkpt>
      <trkpt lat="45.478655" lon="10.610153">
        <ele>103.0</ele>
      </trkpt>
      <trkpt lat="45.478731" lon="10.610057">
        <ele>104.0</ele>
      </trkpt>
      <trkpt lat="45.478825" lon="10.609961">
        <ele>105.0</ele>
      </trkpt>
      <trkpt lat="45.478916" lon="10.609913">
        <ele>105.0</ele>
      </trkpt>
      <trkpt lat="45.479005" lon="10.609834">
        <ele>106.0</ele>
      </trkpt>
      <trkpt lat="45.479083" lon="10.609773">
        <ele>106.0</ele>
      </trkpt>
      <trkpt lat="45.479168" lon="10.609702">
        <ele>107.0</ele>
      </trkpt>
      <trkpt lat="45.479261" lon="10.60967">
        <ele>107.0</ele>
      </trkpt>
      <trkpt lat="45.479347" lon="10.609614">
        <ele>107.0</ele>
      </trkpt>
      <trkpt lat="45.479434" lon="10.609548">
        <ele>107.0</ele>
      </trkpt>
      <trkpt lat="45.479523" lon="10.609487">
        <ele>107.0</ele>
      </trkpt>
      <trkpt lat="45.479612" lon="10.609428">
        <ele>107.0</ele>
      </trkpt>
      <trkpt lat="45.479707" lon="10.609356">
        <ele>107.0</ele>
      </trkpt>
      <trkpt lat="45.479785" lon="10.609311">
        <ele>107.0</ele>
      </trkpt>
      <trkpt lat="45.479859" lon="10.609254">
        <ele>108.0</ele>
      </trkpt>
      <trkpt lat="45.479953" lon="10.609196">
        <ele>108.0</ele>
      </trkpt>
      <trkpt lat="45.480052" lon="10.609173">
        <ele>108.0</ele>
      </trkpt>
      <trkpt lat="45.48014" lon="10.609134">
        <ele>107.0</ele>
      </trkpt>
      <trkpt lat="45.48023" lon="10.609085">
        <ele>107.0</ele>
      </trkpt>
      <trkpt lat="45.480322" lon="10.609079">
        <ele>107.0</ele>
      </trkpt>
      <trkpt lat="45.480422" lon="10.609097">
        <ele>107.0</ele>
      </trkpt>
      <trkpt lat="45.480511" lon="10.609102">
        <ele>108.0</ele>
      </trkpt>
      <trkpt lat="45.480622" lon="10.60914">
        <ele>110.0</ele>
      </trkpt>
      <trkpt lat="45.48069" lon="10.609182">
        <ele>110.0</ele>
      </trkpt>
      <trkpt lat="45.480775" lon="10.609206">
        <ele>111.0</ele>
      </trkpt>
      <trkpt lat="45.48088" lon="10.609251">
        <ele>111.0</ele>
      </trkpt>
      <trkpt lat="45.481015" lon="10.609257">
        <ele>114.0</ele>
      </trkpt>
      <trkpt lat="45.48112" lon="10.609242">
        <ele>116.0</ele>
      </trkpt>
      <trkpt lat="45.481239" lon="10.609224">
        <ele>118.0</ele>
      </trkpt>
      <trkpt lat="45.481357" lon="10.609161">
        <ele>119.0</ele>
      </trkpt>
      <trkpt lat="45.481444" lon="10.609078">
        <ele>119.0</ele>
      </trkpt>
      <trkpt lat="45.48155" lon="10.609016">
        <ele>120.0</ele>
      </trkpt>
      <trkpt lat="45.481639" lon="10.608988">
        <ele>120.0</ele>
      </trkpt>
      <trkpt lat="45.481736" lon="10.608938">
        <ele>120.0</ele>
      </trkpt>
      <trkpt lat="45.481838" lon="10.608896">
        <ele>120.0</ele>
      </trkpt>
      <trkpt lat="45.481918" lon="10.608875">
        <ele>119.0</ele>
      </trkpt>
      <trkpt lat="45.482019" lon="10.608836">
        <ele>118.0</ele>
      </trkpt>
      <trkpt lat="45.482113" lon="10.60882">
        <ele>117.0</ele>
      </trkpt>
      <trkpt lat="45.482212" lon="10.608821">
        <ele>117.0</ele>
      </trkpt>
      <trkpt lat="45.482316" lon="10.608828">
        <ele>116.0</ele>
      </trkpt>
      <trkpt lat="45.482408" lon="10.608817">
        <ele>115.0</ele>
      </trkpt>
      <trkpt lat="45.482537" lon="10.60881">
        <ele>115.0</ele>
      </trkpt>
      <trkpt lat="45.48264" lon="10.608823">
        <ele>114.0</ele>
      </trkpt>
      <trkpt lat="45.482747" lon="10.608847">
        <ele>114.0</ele>
      </trkpt>
      <trkpt lat="45.482866" lon="10.608852">
        <ele>114.0</ele>
      </trkpt>
      <trkpt lat="45.482956" lon="10.608874">
        <ele>114.0</ele>
      </trkpt>
      <trkpt lat="45.483048" lon="10.608866">
        <ele>114.0</ele>
      </trkpt>
      <trkpt lat="45.483139" lon="10.60888">
        <ele>113.0</ele>
      </trkpt>
      <trkpt lat="45.483238" lon="10.608899">
        <ele>113.0</ele>
      </trkpt>
      <trkpt lat="45.483335" lon="10.608895">
        <ele>114.0</ele>
      </trkpt>
      <trkpt lat="45.483444" lon="10.608918">
        <ele>114.0</ele>
      </trkpt>
      <trkpt lat="45.483539" lon="10.608919">
        <ele>115.0</ele>
      </trkpt>
      <trkpt lat="45.483638" lon="10.608935">
        <ele>115.0</ele>
      </trkpt>
      <trkpt lat="45.483746" lon="10.608954">
        <ele>117.0</ele>
      </trkpt>
      <trkpt lat="45.483845" lon="10.608966">
        <ele>118.0</ele>
      </trkpt>
      <trkpt lat="45.483944" lon="10.608994">
        <ele>119.0</ele>
      </trkpt>
      <trkpt lat="45.484045" lon="10.609037">
        <ele>119.0</ele>
      </trkpt>
      <trkpt lat="45.484131" lon="10.609081">
        <ele>119.0</ele>
      </trkpt>
      <trkpt lat="45.484226" lon="10.609097">
        <ele>118.0</ele>
      </trkpt>
      <trkpt lat="45.484321" lon="10.609136">
        <ele>118.0</ele>
      </trkpt>
      <trkpt lat="45.48441" lon="10.609163">
        <ele>118.0</ele>
      </trkpt>
      <trkpt lat="45.484516" lon="10.609203">
        <ele>117.0</ele>
      </trkpt>
      <trkpt lat="45.484613" lon="10.60923">
        <ele>116.0</ele>
      </trkpt>
      <trkpt lat="45.484709" lon="10.60926">
        <ele>116.0</ele>
      </trkpt>
      <trkpt lat="45.484804" lon="10.609286">
        <ele>116.0</ele>
      </trkpt>
      <trkpt lat="45.48489" lon="10.609328">
        <ele>115.0</ele>
      </trkpt>
      <trkpt lat="45.484986" lon="10.609363">
        <ele>114.0</ele>
      </trkpt>
      <trkpt lat="45.485086" lon="10.609398">
        <ele>113.0</ele>
      </trkpt>
      <trkpt lat="45.485205" lon="10.60944">
        <ele>112.0</ele>
      </trkpt>
      <trkpt lat="45.485296" lon="10.609464">
        <ele>112.0</ele>
      </trkpt>
      <trkpt lat="45.485393" lon="10.609494">
        <ele>113.0</ele>
      </trkpt>
      <trkpt lat="45.485484" lon="10.609507">
        <ele>113.0</ele>
      </trkpt>
      <trkpt lat="45.485575" lon="10.609514">
        <ele>113.0</ele>
      </trkpt>
      <trkpt lat="45.485696" lon="10.609531">
        <ele>114.0</ele>
      </trkpt>
      <trkpt lat="45.48581" lon="10.60954">
        <ele>114.0</ele>
      </trkpt>
      <trkpt lat="45.48591" lon="10.609556">
        <ele>115.0</ele>
      </trkpt>
      <trkpt lat="45.486004" lon="10.609562">
        <ele>115.0</ele>
      </trkpt>
      <trkpt lat="45.486102" lon="10.609567">
        <ele>115.0</ele>
      </trkpt>
      <trkpt lat="45.486196" lon="10.609558">
        <ele>116.0</ele>
      </trkpt>
      <trkpt lat="45.486289" lon="10.609557">
        <ele>117.0</ele>
      </trkpt>
      <trkpt lat="45.486387" lon="10.609569">
        <ele>119.0</ele>
      </trkpt>
      <trkpt lat="45.486513" lon="10.609576">
        <ele>118.0</ele>
      </trkpt>
      <trkpt lat="45.486606" lon="10.609584">
        <ele>118.0</ele>
      </trkpt>
      <trkpt lat="45.486734" lon="10.609588">
        <ele>117.0</ele>
      </trkpt>
      <trkpt lat="45.486825" lon="10.609584">
        <ele>117.0</ele>
      </trkpt>
      <trkpt lat="45.48691" lon="10.609606">
        <ele>117.0</ele>
      </trkpt>
      <trkpt lat="45.487006" lon="10.609611">
        <ele>117.0</ele>
      </trkpt>
      <trkpt lat="45.487104" lon="10.60956">
        <ele>117.0</ele>
      </trkpt>
      <trkpt lat="45.487183" lon="10.609564">
        <ele>115.0</ele>
      </trkpt>
      <trkpt lat="45.487276" lon="10.609538">
        <ele>114.0</ele>
      </trkpt>
      <trkpt lat="45.48739" lon="10.609532">
        <ele>113.0</ele>
      </trkpt>
      <trkpt lat="45.487488" lon="10.60952">
        <ele>113.0</ele>
      </trkpt>
      <trkpt lat="45.487585" lon="10.609516">
        <ele>113.0</ele>
      </trkpt>
      <trkpt lat="45.487676" lon="10.609509">
        <ele>114.0</ele>
      </trkpt>
      <trkpt lat="45.48777" lon="10.609508">
        <ele>115.0</ele>
      </trkpt>
      <trkpt lat="45.487869" lon="10.609502">
        <ele>115.0</ele>
      </trkpt>
      <trkpt lat="45.487958" lon="10.609499">
        <ele>115.0</ele>
      </trkpt>
      <trkpt lat="45.488066" lon="10.609472">
        <ele>115.0</ele>
      </trkpt>
      <trkpt lat="45.488137" lon="10.609382">
        <ele>115.0</ele>
      </trkpt>
      <trkpt lat="45.488205" lon="10.609279">
        <ele>115.0</ele>
      </trkpt>
      <trkpt lat="45.488269" lon="10.60917">
        <ele>115.0</ele>
      </trkpt>
      <trkpt lat="45.488324" lon="10.609055">
        <ele>115.0</ele>
      </trkpt>
      <trkpt lat="45.488384" lon="10.608949">
        <ele>115.0</ele>
      </trkpt>
      <trkpt lat="45.488444" lon="10.608827">
        <ele>115.0</ele>
      </trkpt>
      <trkpt lat="45.488512" lon="10.608711">
        <ele>115.0</ele>
      </trkpt>
      <trkpt lat="45.48859" lon="10.608621">
        <ele>115.0</ele>
      </trkpt>
      <trkpt lat="45.488695" lon="10.608567">
        <ele>115.0</ele>
      </trkpt>
      <trkpt lat="45.488785" lon="10.608503">
        <ele>114.0</ele>
      </trkpt>
      <trkpt lat="45.488886" lon="10.608437">
        <ele>114.0</ele>
      </trkpt>
      <trkpt lat="45.489" lon="10.608386">
        <ele>113.0</ele>
      </trkpt>
      <trkpt lat="45.489076" lon="10.608356">
        <ele>113.0</ele>
      </trkpt>
      <trkpt lat="45.489169" lon="10.608345">
        <ele>113.0</ele>
      </trkpt>
      <trkpt lat="45.48926" lon="10.608366">
        <ele>113.0</ele>
      </trkpt>
      <trkpt lat="45.489358" lon="10.608382">
        <ele>113.0</ele>
      </trkpt>
      <trkpt lat="45.489456" lon="10.608376">
        <ele>114.0</ele>
      </trkpt>
      <trkpt lat="45.48957" lon="10.608406">
        <ele>114.0</ele>
      </trkpt>
      <trkpt lat="45.48966" lon="10.608392">
        <ele>114.0</ele>
      </trkpt>
      <trkpt lat="45.489749" lon="10.608434">
        <ele>114.0</ele>
      </trkpt>
      <trkpt lat="45.489851" lon="10.608436">
        <ele>113.0</ele>
      </trkpt>
      <trkpt lat="45.48995" lon="10.608424">
        <ele>112.0</ele>
      </trkpt>
      <trkpt lat="45.490044" lon="10.608433">
        <ele>112.0</ele>
      </trkpt>
      <trkpt lat="45.490146" lon="10.60843">
        <ele>113.0</ele>
      </trkpt>
      <trkpt lat="45.49024" lon="10.608454">
        <ele>113.0</ele>
      </trkpt>
      <trkpt lat="45.490334" lon="10.608429">
        <ele>114.0</ele>
      </trkpt>
      <trkpt lat="45.490458" lon="10.608439">
        <ele>114.0</ele>
      </trkpt>
      <trkpt lat="45.490559" lon="10.608477">
        <ele>114.0</ele>
      </trkpt>
      <trkpt lat="45.490674" lon="10.608472">
        <ele>115.0</ele>
      </trkpt>
      <trkpt lat="45.490803" lon="10.608453">
        <ele>116.0</ele>
      </trkpt>
      <trkpt lat="45.490893" lon="10.608401">
        <ele>117.0</ele>
      </trkpt>
      <trkpt lat="45.491014" lon="10.608399">
        <ele>118.0</ele>
      </trkpt>
      <trkpt lat="45.491107" lon="10.608427">
        <ele>119.0</ele>
      </trkpt>
      <trkpt lat="45.491221" lon="10.608449">
        <ele>119.0</ele>
      </trkpt>
      <trkpt lat="45.4913" lon="10.608454">
        <ele>119.0</ele>
      </trkpt>
      <trkpt lat="45.491412" lon="10.608462">
        <ele>119.0</ele>
      </trkpt>
      <trkpt lat="45.491508" lon="10.608464">
        <ele>118.0</ele>
      </trkpt>
      <trkpt lat="45.491608" lon="10.608466">
        <ele>118.0</ele>
      </trkpt>
      <trkpt lat="45.491701" lon="10.608453">
        <ele>118.0</ele>
      </trkpt>
      <trkpt lat="45.491825" lon="10.608473">
        <ele>121.0</ele>
      </trkpt>
      <trkpt lat="45.491897" lon="10.608419">
        <ele>121.0</ele>
      </trkpt>
      <trkpt lat="45.491964" lon="10.608335">
        <ele>118.0</ele>
      </trkpt>
      <trkpt lat="45.492054" lon="10.608269">
        <ele>116.0</ele>
      </trkpt>
      <trkpt lat="45.492217" lon="10.608135">
        <ele>117.0</ele>
      </trkpt>
      <trkpt lat="45.492303" lon="10.608066">
        <ele>118.0</ele>
      </trkpt>
      <trkpt lat="45.492361" lon="10.608037">
        <ele>116.0</ele>
      </trkpt>
      <trkpt lat="45.49245" lon="10.607987">
        <ele>116.0</ele>
      </trkpt>
      <trkpt lat="45.492496" lon="10.608147">
        <ele>115.0</ele>
      </trkpt>
      <trkpt lat="45.492536" lon="10.608279">
        <ele>114.0</ele>
      </trkpt>
      <trkpt lat="45.492572" lon="10.608405">
        <ele>114.0</ele>
      </trkpt>
      <trkpt lat="45.49259" lon="10.608547">
        <ele>114.0</ele>
      </trkpt>
      <trkpt lat="45.492695" lon="10.608537">
        <ele>116.0</ele>
      </trkpt>
      <trkpt lat="45.49278" lon="10.608581">
        <ele>115.0</ele>
      </trkpt>
      <trkpt lat="45.49287" lon="10.608597">
        <ele>114.0</ele>
      </trkpt>
      <trkpt lat="45.492958" lon="10.60854">
        <ele>115.0</ele>
      </trkpt>
      <trkpt lat="45.493066" lon="10.608463">
        <ele>116.0</ele>
      </trkpt>
      <trkpt lat="45.493155" lon="10.608411">
        <ele>117.0</ele>
      </trkpt>
      <trkpt lat="45.493255" lon="10.60839">
        <ele>117.0</ele>
      </trkpt>
      <trkpt lat="45.49334" lon="10.608344">
        <ele>119.0</ele>
      </trkpt>
      <trkpt lat="45.493423" lon="10.608263">
        <ele>119.0</ele>
      </trkpt>
      <trkpt lat="45.493515" lon="10.608245">
        <ele>119.0</ele>
      </trkpt>
      <trkpt lat="45.493605" lon="10.608289">
        <ele>119.0</ele>
      </trkpt>
      <trkpt lat="45.493684" lon="10.608351">
        <ele>118.0</ele>
      </trkpt>
      <trkpt lat="45.493771" lon="10.60839">
        <ele>116.0</ele>
      </trkpt>
      <trkpt lat="45.493863" lon="10.608384">
        <ele>115.0</ele>
      </trkpt>
      <trkpt lat="45.493963" lon="10.608373">
        <ele>114.0</ele>
      </trkpt>
      <trkpt lat="45.494059" lon="10.608392">
        <ele>114.0</ele>
      </trkpt>
      <trkpt lat="45.494143" lon="10.608315">
        <ele>114.0</ele>
      </trkpt>
      <trkpt lat="45.494243" lon="10.608303">
        <ele>114.0</ele>
      </trkpt>
      <trkpt lat="45.494332" lon="10.608274">
        <ele>113.0</ele>
      </trkpt>
      <trkpt lat="45.494423" lon="10.608252">
        <ele>113.0</ele>
      </trkpt>
      <trkpt lat="45.494516" lon="10.608259">
        <ele>112.0</ele>
      </trkpt>
      <trkpt lat="45.494615" lon="10.608261">
        <ele>112.0</ele>
      </trkpt>
      <trkpt lat="45.494718" lon="10.608231">
        <ele>111.0</ele>
      </trkpt>
      <trkpt lat="45.494813" lon="10.608242">
        <ele>111.0</ele>
      </trkpt>
      <trkpt lat="45.494913" lon="10.608212">
        <ele>111.0</ele>
      </trkpt>
      <trkpt lat="45.495002" lon="10.608232">
        <ele>111.0</ele>
      </trkpt>
      <trkpt lat="45.495097" lon="10.608219">
        <ele>111.0</ele>
      </trkpt>
      <trkpt lat="45.495193" lon="10.608234">
        <ele>111.0</ele>
      </trkpt>
      <trkpt lat="45.495289" lon="10.608236">
        <ele>111.0</ele>
      </trkpt>
      <trkpt lat="45.495385" lon="10.608303">
        <ele>110.0</ele>
      </trkpt>
      <trkpt lat="45.495479" lon="10.60833">
        <ele>110.0</ele>
      </trkpt>
      <trkpt lat="45.495574" lon="10.608347">
        <ele>110.0</ele>
      </trkpt>
      <trkpt lat="45.495665" lon="10.608369">
        <ele>110.0</ele>
      </trkpt>
      <trkpt lat="45.495762" lon="10.608391">
        <ele>110.0</ele>
      </trkpt>
      <trkpt lat="45.495861" lon="10.608419">
        <ele>111.0</ele>
      </trkpt>
      <trkpt lat="45.495962" lon="10.608427">
        <ele>111.0</ele>
      </trkpt>
      <trkpt lat="45.496058" lon="10.60841">
        <ele>110.0</ele>
      </trkpt>
      <trkpt lat="45.496147" lon="10.608368">
        <ele>110.0</ele>
      </trkpt>
      <trkpt lat="45.496239" lon="10.608387">
        <ele>109.0</ele>
      </trkpt>
      <trkpt lat="45.496343" lon="10.608444">
        <ele>109.0</ele>
      </trkpt>
      <trkpt lat="45.496439" lon="10.608462">
        <ele>110.0</ele>
      </trkpt>
      <trkpt lat="45.496531" lon="10.608444">
        <ele>110.0</ele>
      </trkpt>
      <trkpt lat="45.496623" lon="10.608425">
        <ele>110.0</ele>
      </trkpt>
      <trkpt lat="45.496711" lon="10.608394">
        <ele>110.0</ele>
      </trkpt>
      <trkpt lat="45.496809" lon="10.608394">
        <ele>109.0</ele>
      </trkpt>
      <trkpt lat="45.496902" lon="10.608366">
        <ele>112.0</ele>
      </trkpt>
      <trkpt lat="45.496997" lon="10.608336">
        <ele>112.0</ele>
      </trkpt>
      <trkpt lat="45.497082" lon="10.608286">
        <ele>111.0</ele>
      </trkpt>
      <trkpt lat="45.497153" lon="10.608202">
        <ele>110.0</ele>
      </trkpt>
      <trkpt lat="45.497242" lon="10.608129">
        <ele>109.0</ele>
      </trkpt>
      <trkpt lat="45.497333" lon="10.608078">
        <ele>109.0</ele>
      </trkpt>
      <trkpt lat="45.497419" lon="10.608025">
        <ele>109.0</ele>
      </trkpt>
      <trkpt lat="45.497504" lon="10.607969">
        <ele>109.0</ele>
      </trkpt>
      <trkpt lat="45.497589" lon="10.607891">
        <ele>109.0</ele>
      </trkpt>
      <trkpt lat="45.497673" lon="10.607818">
        <ele>110.0</ele>
      </trkpt>
      <trkpt lat="45.497764" lon="10.607769">
        <ele>109.0</ele>
      </trkpt>
      <trkpt lat="45.497832" lon="10.607676">
        <ele>109.0</ele>
      </trkpt>
      <trkpt lat="45.497923" lon="10.607665">
        <ele>109.0</ele>
      </trkpt>
      <trkpt lat="45.498019" lon="10.607658">
        <ele>109.0</ele>
      </trkpt>
      <trkpt lat="45.498095" lon="10.607585">
        <ele>109.0</ele>
      </trkpt>
      <trkpt lat="45.498185" lon="10.607534">
        <ele>109.0</ele>
      </trkpt>
      <trkpt lat="45.498278" lon="10.607483">
        <ele>108.0</ele>
      </trkpt>
      <trkpt lat="45.498367" lon="10.607439">
        <ele>108.0</ele>
      </trkpt>
      <trkpt lat="45.49842" lon="10.607328">
        <ele>107.0</ele>
      </trkpt>
      <trkpt lat="45.498518" lon="10.607319">
        <ele>108.0</ele>
      </trkpt>
      <trkpt lat="45.498615" lon="10.607298">
        <ele>108.0</ele>
      </trkpt>
      <trkpt lat="45.49864" lon="10.607157">
        <ele>108.0</ele>
      </trkpt>
      <trkpt lat="45.498662" lon="10.607002">
        <ele>109.0</ele>
      </trkpt>
      <trkpt lat="45.498706" lon="10.60689">
        <ele>109.0</ele>
      </trkpt>
      <trkpt lat="45.49879" lon="10.606834">
        <ele>110.0</ele>
      </trkpt>
      <trkpt lat="45.498914" lon="10.606819">
        <ele>111.0</ele>
      </trkpt>
      <trkpt lat="45.499008" lon="10.606738">
        <ele>112.0</ele>
      </trkpt>
      <trkpt lat="45.498944" lon="10.606642">
        <ele>114.0</ele>
      </trkpt>
      <trkpt lat="45.498884" lon="10.606516">
        <ele>115.0</ele>
      </trkpt>
      <trkpt lat="45.498807" lon="10.606387">
        <ele>117.0</ele>
      </trkpt>
      <trkpt lat="45.498716" lon="10.606355">
        <ele>118.0</ele>
      </trkpt>
      <trkpt lat="45.498729" lon="10.606219">
        <ele>125.0</ele>
      </trkpt>
      <trkpt lat="45.498806" lon="10.606139">
        <ele>124.0</ele>
      </trkpt>
      <trkpt lat="45.498875" lon="10.606054">
        <ele>125.0</ele>
      </trkpt>
      <trkpt lat="45.498969" lon="10.605991">
        <ele>125.0</ele>
      </trkpt>
      <trkpt lat="45.499041" lon="10.605908">
        <ele>125.0</ele>
      </trkpt>
      <trkpt lat="45.499118" lon="10.605837">
        <ele>125.0</ele>
      </trkpt>
      <trkpt lat="45.49921" lon="10.605759">
        <ele>126.0</ele>
      </trkpt>
      <trkpt lat="45.499295" lon="10.605696">
        <ele>126.0</ele>
      </trkpt>
      <trkpt lat="45.499367" lon="10.60561">
        <ele>126.0</ele>
      </trkpt>
      <trkpt lat="45.499448" lon="10.605536">
        <ele>127.0</ele>
      </trkpt>
      <trkpt lat="45.499532" lon="10.605466">
        <ele>127.0</ele>
      </trkpt>
      <trkpt lat="45.499616" lon="10.605399">
        <ele>127.0</ele>
      </trkpt>
      <trkpt lat="45.499694" lon="10.605323">
        <ele>127.0</ele>
      </trkpt>
      <trkpt lat="45.499778" lon="10.60525">
        <ele>127.0</ele>
      </trkpt>
      <trkpt lat="45.499849" lon="10.605159">
        <ele>127.0</ele>
      </trkpt>
      <trkpt lat="45.499929" lon="10.605069">
        <ele>127.0</ele>
      </trkpt>
      <trkpt lat="45.499999" lon="10.604999">
        <ele>127.0</ele>
      </trkpt>
      <trkpt lat="45.500084" lon="10.605042">
        <ele>127.0</ele>
      </trkpt>
      <trkpt lat="45.500157" lon="10.605157">
        <ele>128.0</ele>
      </trkpt>
      <trkpt lat="45.500234" lon="10.605232">
        <ele>127.0</ele>
      </trkpt>
      <trkpt lat="45.500303" lon="10.60528">
        <ele>127.0</ele>
      </trkpt>
      <trkpt lat="45.500405" lon="10.605342">
        <ele>127.0</ele>
      </trkpt>
      <trkpt lat="45.500485" lon="10.605422">
        <ele>127.0</ele>
      </trkpt>
      <trkpt lat="45.500449" lon="10.605578">
        <ele>128.0</ele>
      </trkpt>
      <trkpt lat="45.500385" lon="10.605675">
        <ele>128.0</ele>
      </trkpt>
      <trkpt lat="45.500373" lon="10.605805">
        <ele>129.0</ele>
      </trkpt>
      <trkpt lat="45.500409" lon="10.605927">
        <ele>129.0</ele>
      </trkpt>
      <trkpt lat="45.500494" lon="10.605974">
        <ele>129.0</ele>
      </trkpt>
      <trkpt lat="45.500565" lon="10.606059">
        <ele>129.0</ele>
      </trkpt>
      <trkpt lat="45.500663" lon="10.606132">
        <ele>129.0</ele>
      </trkpt>
      <trkpt lat="45.500761" lon="10.606183">
        <ele>129.0</ele>
      </trkpt>
      <trkpt lat="45.500821" lon="10.606281">
        <ele>129.0</ele>
      </trkpt>
      <trkpt lat="45.500797" lon="10.60641">
        <ele>130.0</ele>
      </trkpt>
      <trkpt lat="45.500706" lon="10.606449">
        <ele>132.0</ele>
      </trkpt>
      <trkpt lat="45.500614" lon="10.606491">
        <ele>132.0</ele>
      </trkpt>
      <trkpt lat="45.500524" lon="10.606531">
        <ele>132.0</ele>
      </trkpt>
      <trkpt lat="45.500436" lon="10.606605">
        <ele>132.0</ele>
      </trkpt>
      <trkpt lat="45.500371" lon="10.606702">
        <ele>132.0</ele>
      </trkpt>
      <trkpt lat="45.500411" lon="10.60682">
        <ele>132.0</ele>
      </trkpt>
      <trkpt lat="45.500399" lon="10.60696">
        <ele>133.0</ele>
      </trkpt>
      <trkpt lat="45.500415" lon="10.607087">
        <ele>134.0</ele>
      </trkpt>
      <trkpt lat="45.500486" lon="10.607167">
        <ele>134.0</ele>
      </trkpt>
      <trkpt lat="45.50053" lon="10.607293">
        <ele>135.0</ele>
      </trkpt>
      <trkpt lat="45.500587" lon="10.607399">
        <ele>135.0</ele>
      </trkpt>
      <trkpt lat="45.50064" lon="10.607517">
        <ele>135.0</ele>
      </trkpt>
      <trkpt lat="45.500692" lon="10.607626">
        <ele>134.0</ele>
      </trkpt>
      <trkpt lat="45.50078" lon="10.607578">
        <ele>136.0</ele>
      </trkpt>
      <trkpt lat="45.500826" lon="10.607453">
        <ele>137.0</ele>
      </trkpt>
      <trkpt lat="45.500873" lon="10.607336">
        <ele>137.0</ele>
      </trkpt>
      <trkpt lat="45.50097" lon="10.60732">
        <ele>137.0</ele>
      </trkpt>
      <trkpt lat="45.501061" lon="10.607322">
        <ele>137.0</ele>
      </trkpt>
      <trkpt lat="45.501119" lon="10.607431">
        <ele>137.0</ele>
      </trkpt>
      <trkpt lat="45.501221" lon="10.607454">
        <ele>137.0</ele>
      </trkpt>
      <trkpt lat="45.501312" lon="10.607394">
        <ele>137.0</ele>
      </trkpt>
      <trkpt lat="45.5014" lon="10.607355">
        <ele>137.0</ele>
      </trkpt>
      <trkpt lat="45.501491" lon="10.607323">
        <ele>137.0</ele>
      </trkpt>
      <trkpt lat="45.501578" lon="10.607263">
        <ele>137.0</ele>
      </trkpt>
      <trkpt lat="45.501658" lon="10.607188">
        <ele>137.0</ele>
      </trkpt>
      <trkpt lat="45.501691" lon="10.607043">
        <ele>137.0</ele>
      </trkpt>
      <trkpt lat="45.501749" lon="10.606937">
        <ele>137.0</ele>
      </trkpt>
      <trkpt lat="45.501827" lon="10.606857">
        <ele>137.0</ele>
      </trkpt>
      <trkpt lat="45.501807" lon="10.606722">
        <ele>136.0</ele>
      </trkpt>
      <trkpt lat="45.501805" lon="10.606585">
        <ele>136.0</ele>
      </trkpt>
      <trkpt lat="45.501776" lon="10.60646">
        <ele>136.0</ele>
      </trkpt>
      <trkpt lat="45.501686" lon="10.606483">
        <ele>136.0</ele>
      </trkpt>
      <trkpt lat="45.501644" lon="10.606368">
        <ele>135.0</ele>
      </trkpt>
      <trkpt lat="45.50156" lon="10.606306">
        <ele>135.0</ele>
      </trkpt>
      <trkpt lat="45.50166" lon="10.606299">
        <ele>134.0</ele>
      </trkpt>
      <trkpt lat="45.501732" lon="10.606217">
        <ele>132.0</ele>
      </trkpt>
      <trkpt lat="45.501816" lon="10.606293">
        <ele>132.0</ele>
      </trkpt>
      <trkpt lat="45.501862" lon="10.606403">
        <ele>131.0</ele>
      </trkpt>
      <trkpt lat="45.501872" lon="10.606548">
        <ele>131.0</ele>
      </trkpt>
      <trkpt lat="45.501909" lon="10.606669">
        <ele>130.0</ele>
      </trkpt>
      <trkpt lat="45.501926" lon="10.606793">
        <ele>130.0</ele>
      </trkpt>
      <trkpt lat="45.501973" lon="10.606935">
        <ele>131.0</ele>
      </trkpt>
      <trkpt lat="45.501924" lon="10.606784">
        <ele>132.0</ele>
      </trkpt>
      <trkpt lat="45.501908" lon="10.606664">
        <ele>132.0</ele>
      </trkpt>
      <trkpt lat="45.501963" lon="10.606574">
        <ele>132.0</ele>
      </trkpt>
      <trkpt lat="45.50206" lon="10.606559">
        <ele>132.0</ele>
      </trkpt>
      <trkpt lat="45.502167" lon="10.606505">
        <ele>133.0</ele>
      </trkpt>
      <trkpt lat="45.502148" lon="10.606377">
        <ele>132.0</ele>
      </trkpt>
      <trkpt lat="45.502138" lon="10.606244">
        <ele>131.0</ele>
      </trkpt>
      <trkpt lat="45.502066" lon="10.606165">
        <ele>130.0</ele>
      </trkpt>
      <trkpt lat="45.501969" lon="10.606172">
        <ele>130.0</ele>
      </trkpt>
      <trkpt lat="45.501878" lon="10.606166">
        <ele>132.0</ele>
      </trkpt>
      <trkpt lat="45.501774" lon="10.606203">
        <ele>125.0</ele>
      </trkpt>
      <trkpt lat="45.501682" lon="10.606211">
        <ele>125.0</ele>
      </trkpt>
      <trkpt lat="45.501589" lon="10.606194">
        <ele>126.0</ele>
      </trkpt>
      <trkpt lat="45.501502" lon="10.606155">
        <ele>127.0</ele>
      </trkpt>
      <trkpt lat="45.501402" lon="10.606149">
        <ele>130.0</ele>
      </trkpt>
      <trkpt lat="45.501309" lon="10.606196">
        <ele>131.0</ele>
      </trkpt>
      <trkpt lat="45.501223" lon="10.606249">
        <ele>132.0</ele>
      </trkpt>
      <trkpt lat="45.501122" lon="10.606305">
        <ele>132.0</ele>
      </trkpt>
      <trkpt lat="45.501028" lon="10.606349">
        <ele>132.0</ele>
      </trkpt>
      <trkpt lat="45.50094" lon="10.606402">
        <ele>132.0</ele>
      </trkpt>
      <trkpt lat="45.50085" lon="10.606393">
        <ele>133.0</ele>
      </trkpt>
      <trkpt lat="45.500882" lon="10.606259">
        <ele>133.0</ele>
      </trkpt>
      <trkpt lat="45.500958" lon="10.606188">
        <ele>133.0</ele>
      </trkpt>
      <trkpt lat="45.501044" lon="10.606128">
        <ele>133.0</ele>
      </trkpt>
      <trkpt lat="45.50113" lon="10.60609">
        <ele>133.0</ele>
      </trkpt>
      <trkpt lat="45.501223" lon="10.606064">
        <ele>133.0</ele>
      </trkpt>
      <trkpt lat="45.501325" lon="10.60604">
        <ele>133.0</ele>
      </trkpt>
      <trkpt lat="45.501414" lon="10.605993">
        <ele>133.0</ele>
      </trkpt>
      <trkpt lat="45.501495" lon="10.605914">
        <ele>133.0</ele>
      </trkpt>
      <trkpt lat="45.501477" lon="10.605784">
        <ele>132.0</ele>
      </trkpt>
      <trkpt lat="45.501371" lon="10.605712">
        <ele>129.0</ele>
      </trkpt>
      <trkpt lat="45.50128" lon="10.605707">
        <ele>128.0</ele>
      </trkpt>
      <trkpt lat="45.501207" lon="10.605668">
        <ele>129.0</ele>
      </trkpt>
      <trkpt lat="45.501128" lon="10.605669">
        <ele>128.0</ele>
      </trkpt>
      <trkpt lat="45.501031" lon="10.605667">
        <ele>128.0</ele>
      </trkpt>
      <trkpt lat="45.500926" lon="10.605643">
        <ele>127.0</ele>
      </trkpt>
      <trkpt lat="45.500848" lon="10.605578">
        <ele>127.0</ele>
      </trkpt>
      <trkpt lat="45.500762" lon="10.605523">
        <ele>127.0</ele>
      </trkpt>
      <trkpt lat="45.500665" lon="10.605478">
        <ele>128.0</ele>
      </trkpt>
      <trkpt lat="45.500568" lon="10.60543">
        <ele>129.0</ele>
      </trkpt>
      <trkpt lat="45.500485" lon="10.605415">
        <ele>129.0</ele>
      </trkpt>
      <trkpt lat="45.500405" lon="10.605339">
        <ele>129.0</ele>
      </trkpt>
      <trkpt lat="45.500303" lon="10.605245">
        <ele>129.0</ele>
      </trkpt>
      <trkpt lat="45.500234" lon="10.605144">
        <ele>129.0</ele>
      </trkpt>
      <trkpt lat="45.500154" lon="10.605067">
        <ele>130.0</ele>
      </trkpt>
      <trkpt lat="45.500054" lon="10.605005">
        <ele>130.0</ele>
      </trkpt>
      <trkpt lat="45.499987" lon="10.605003">
        <ele>131.0</ele>
      </trkpt>
      <trkpt lat="45.499922" lon="10.605079">
        <ele>132.0</ele>
      </trkpt>
      <trkpt lat="45.499844" lon="10.605162">
        <ele>133.0</ele>
      </trkpt>
      <trkpt lat="45.499771" lon="10.605252">
        <ele>133.0</ele>
      </trkpt>
      <trkpt lat="45.499689" lon="10.605332">
        <ele>133.0</ele>
      </trkpt>
      <trkpt lat="45.499601" lon="10.605408">
        <ele>133.0</ele>
      </trkpt>
      <trkpt lat="45.499503" lon="10.605491">
        <ele>133.0</ele>
      </trkpt>
      <trkpt lat="45.499423" lon="10.605557">
        <ele>133.0</ele>
      </trkpt>
      <trkpt lat="45.499337" lon="10.605639">
        <ele>133.0</ele>
      </trkpt>
      <trkpt lat="45.499261" lon="10.605726">
        <ele>133.0</ele>
      </trkpt>
      <trkpt lat="45.499169" lon="10.605803">
        <ele>132.0</ele>
      </trkpt>
      <trkpt lat="45.499091" lon="10.605873">
        <ele>132.0</ele>
      </trkpt>
      <trkpt lat="45.499012" lon="10.605948">
        <ele>131.0</ele>
      </trkpt>
      <trkpt lat="45.498917" lon="10.606018">
        <ele>131.0</ele>
      </trkpt>
      <trkpt lat="45.498838" lon="10.606086">
        <ele>130.0</ele>
      </trkpt>
      <trkpt lat="45.49875" lon="10.606165">
        <ele>130.0</ele>
      </trkpt>
      <trkpt lat="45.498663" lon="10.606233">
        <ele>130.0</ele>
      </trkpt>
      <trkpt lat="45.498581" lon="10.606297">
        <ele>130.0</ele>
      </trkpt>
      <trkpt lat="45.4985" lon="10.606356">
        <ele>130.0</ele>
      </trkpt>
      <trkpt lat="45.498413" lon="10.606409">
        <ele>129.0</ele>
      </trkpt>
      <trkpt lat="45.498321" lon="10.606422">
        <ele>128.0</ele>
      </trkpt>
      <trkpt lat="45.498237" lon="10.606484">
        <ele>128.0</ele>
      </trkpt>
      <trkpt lat="45.498152" lon="10.606549">
        <ele>128.0</ele>
      </trkpt>
      <trkpt lat="45.498053" lon="10.606582">
        <ele>129.0</ele>
      </trkpt>
      <trkpt lat="45.497946" lon="10.60658">
        <ele>129.0</ele>
      </trkpt>
      <trkpt lat="45.497853" lon="10.606573">
        <ele>130.0</ele>
      </trkpt>
      <trkpt lat="45.497755" lon="10.606519">
        <ele>130.0</ele>
      </trkpt>
      <trkpt lat="45.497674" lon="10.606458">
        <ele>131.0</ele>
      </trkpt>
      <trkpt lat="45.497579" lon="10.606414">
        <ele>132.0</ele>
      </trkpt>
      <trkpt lat="45.497498" lon="10.606353">
        <ele>132.0</ele>
      </trkpt>
      <trkpt lat="45.497418" lon="10.606275">
        <ele>133.0</ele>
      </trkpt>
      <trkpt lat="45.49734" lon="10.606206">
        <ele>132.0</ele>
      </trkpt>
      <trkpt lat="45.497258" lon="10.606129">
        <ele>132.0</ele>
      </trkpt>
      <trkpt lat="45.497179" lon="10.606057">
        <ele>132.0</ele>
      </trkpt>
      <trkpt lat="45.497092" lon="10.605984">
        <ele>133.0</ele>
      </trkpt>
      <trkpt lat="45.497016" lon="10.605915">
        <ele>133.0</ele>
      </trkpt>
      <trkpt lat="45.496946" lon="10.605825">
        <ele>133.0</ele>
      </trkpt>
      <trkpt lat="45.496857" lon="10.605778">
        <ele>133.0</ele>
      </trkpt>
      <trkpt lat="45.496765" lon="10.605717">
        <ele>133.0</ele>
      </trkpt>
      <trkpt lat="45.496673" lon="10.605703">
        <ele>133.0</ele>
      </trkpt>
      <trkpt lat="45.496582" lon="10.605672">
        <ele>133.0</ele>
      </trkpt>
      <trkpt lat="45.496492" lon="10.605634">
        <ele>132.0</ele>
      </trkpt>
      <trkpt lat="45.4964" lon="10.60562">
        <ele>132.0</ele>
      </trkpt>
      <trkpt lat="45.496308" lon="10.605635">
        <ele>132.0</ele>
      </trkpt>
      <trkpt lat="45.496203" lon="10.605611">
        <ele>133.0</ele>
      </trkpt>
      <trkpt lat="45.496116" lon="10.605685">
        <ele>132.0</ele>
      </trkpt>
      <trkpt lat="45.496041" lon="10.605769">
        <ele>132.0</ele>
      </trkpt>
      <trkpt lat="45.495952" lon="10.605824">
        <ele>132.0</ele>
      </trkpt>
      <trkpt lat="45.495865" lon="10.605874">
        <ele>132.0</ele>
      </trkpt>
      <trkpt lat="45.49577" lon="10.60593">
        <ele>132.0</ele>
      </trkpt>
      <trkpt lat="45.495687" lon="10.605978">
        <ele>132.0</ele>
      </trkpt>
      <trkpt lat="45.495597" lon="10.605983">
        <ele>132.0</ele>
      </trkpt>
      <trkpt lat="45.495499" lon="10.605956">
        <ele>131.0</ele>
      </trkpt>
      <trkpt lat="45.495407" lon="10.605962">
        <ele>130.0</ele>
      </trkpt>
      <trkpt lat="45.495311" lon="10.605945">
        <ele>129.0</ele>
      </trkpt>
      <trkpt lat="45.49523" lon="10.605882">
        <ele>128.0</ele>
      </trkpt>
      <trkpt lat="45.495137" lon="10.605842">
        <ele>127.0</ele>
      </trkpt>
      <trkpt lat="45.495045" lon="10.605796">
        <ele>126.0</ele>
      </trkpt>
      <trkpt lat="45.494958" lon="10.605732">
        <ele>126.0</ele>
      </trkpt>
      <trkpt lat="45.494854" lon="10.605723">
        <ele>125.0</ele>
      </trkpt>
      <trkpt lat="45.494775" lon="10.605789">
        <ele>123.0</ele>
      </trkpt>
      <trkpt lat="45.4947" lon="10.605855">
        <ele>122.0</ele>
      </trkpt>
      <trkpt lat="45.494609" lon="10.605913">
        <ele>122.0</ele>
      </trkpt>
      <trkpt lat="45.494537" lon="10.605983">
        <ele>122.0</ele>
      </trkpt>
      <trkpt lat="45.494447" lon="10.60607">
        <ele>122.0</ele>
      </trkpt>
      <trkpt lat="45.494365" lon="10.606153">
        <ele>122.0</ele>
      </trkpt>
      <trkpt lat="45.494289" lon="10.606222">
        <ele>122.0</ele>
      </trkpt>
      <trkpt lat="45.494218" lon="10.606299">
        <ele>122.0</ele>
      </trkpt>
      <trkpt lat="45.494141" lon="10.606371">
        <ele>123.0</ele>
      </trkpt>
      <trkpt lat="45.494069" lon="10.606451">
        <ele>123.0</ele>
      </trkpt>
      <trkpt lat="45.494001" lon="10.606557">
        <ele>123.0</ele>
      </trkpt>
      <trkpt lat="45.493925" lon="10.606658">
        <ele>122.0</ele>
      </trkpt>
      <trkpt lat="45.493843" lon="10.606721">
        <ele>122.0</ele>
      </trkpt>
      <trkpt lat="45.493758" lon="10.606764">
        <ele>122.0</ele>
      </trkpt>
      <trkpt lat="45.493677" lon="10.60685">
        <ele>121.0</ele>
      </trkpt>
      <trkpt lat="45.493597" lon="10.606843">
        <ele>120.0</ele>
      </trkpt>
      <trkpt lat="45.493522" lon="10.606867">
        <ele>121.0</ele>
      </trkpt>
      <trkpt lat="45.493422" lon="10.606934">
        <ele>120.0</ele>
      </trkpt>
      <trkpt lat="45.493335" lon="10.607019">
        <ele>120.0</ele>
      </trkpt>
      <trkpt lat="45.493228" lon="10.607047">
        <ele>123.0</ele>
      </trkpt>
      <trkpt lat="45.493123" lon="10.607109">
        <ele>124.0</ele>
      </trkpt>
      <trkpt lat="45.493019" lon="10.60714">
        <ele>124.0</ele>
      </trkpt>
      <trkpt lat="45.492914" lon="10.607147">
        <ele>124.0</ele>
      </trkpt>
      <trkpt lat="45.492776" lon="10.607175">
        <ele>127.0</ele>
      </trkpt>
      <trkpt lat="45.492647" lon="10.607258">
        <ele>129.0</ele>
      </trkpt>
      <trkpt lat="45.492604" lon="10.607504">
        <ele>129.0</ele>
      </trkpt>
      <trkpt lat="45.49257" lon="10.607705">
        <ele>129.0</ele>
      </trkpt>
      <trkpt lat="45.492534" lon="10.607872">
        <ele>129.0</ele>
      </trkpt>
      <trkpt lat="45.492454" lon="10.607982">
        <ele>127.0</ele>
      </trkpt>
    </trkseg>
  </trk>
  <trk>
    <name>24/Gen/2020 08:13:16</name>
    <trkseg>
      <trkpt lat="45.474809" lon="10.61101">
        <ele>121.0</ele>
      </trkpt>
      <trkpt lat="45.474658" lon="10.611047">
        <ele>120.0</ele>
      </trkpt>
      <trkpt lat="45.474561" lon="10.611039">
        <ele>121.0</ele>
      </trkpt>
      <trkpt lat="45.474461" lon="10.61105">
        <ele>121.0</ele>
      </trkpt>
      <trkpt lat="45.47437" lon="10.611054">
        <ele>121.0</ele>
      </trkpt>
      <trkpt lat="45.474275" lon="10.611048">
        <ele>121.0</ele>
      </trkpt>
      <trkpt lat="45.474181" lon="10.611027">
        <ele>120.0</ele>
      </trkpt>
      <trkpt lat="45.474092" lon="10.611053">
        <ele>120.0</ele>
      </trkpt>
      <trkpt lat="45.474001" lon="10.611067">
        <ele>119.0</ele>
      </trkpt>
      <trkpt lat="45.473889" lon="10.610992">
        <ele>120.0</ele>
      </trkpt>
      <trkpt lat="45.473796" lon="10.610954">
        <ele>120.0</ele>
      </trkpt>
      <trkpt lat="45.473714" lon="10.610903">
        <ele>121.0</ele>
      </trkpt>
      <trkpt lat="45.473617" lon="10.610889">
        <ele>120.0</ele>
      </trkpt>
      <trkpt lat="45.47353" lon="10.610839">
        <ele>120.0</ele>
      </trkpt>
      <trkpt lat="45.473435" lon="10.610759">
        <ele>121.0</ele>
      </trkpt>
      <trkpt lat="45.473346" lon="10.610702">
        <ele>121.0</ele>
      </trkpt>
      <trkpt lat="45.47326" lon="10.61066">
        <ele>121.0</ele>
      </trkpt>
      <trkpt lat="45.473175" lon="10.610617">
        <ele>121.0</ele>
      </trkpt>
      <trkpt lat="45.473083" lon="10.610642">
        <ele>122.0</ele>
      </trkpt>
      <trkpt lat="45.472993" lon="10.610675">
        <ele>118.0</ele>
      </trkpt>
      <trkpt lat="45.47289" lon="10.610725">
        <ele>118.0</ele>
      </trkpt>
      <trkpt lat="45.472787" lon="10.610725">
        <ele>118.0</ele>
      </trkpt>
      <trkpt lat="45.472698" lon="10.610761">
        <ele>118.0</ele>
      </trkpt>
      <trkpt lat="45.47264" lon="10.610876">
        <ele>118.0</ele>
      </trkpt>
      <trkpt lat="45.472576" lon="10.610973">
        <ele>118.0</ele>
      </trkpt>
      <trkpt lat="45.472492" lon="10.611037">
        <ele>118.0</ele>
      </trkpt>
      <trkpt lat="45.472399" lon="10.611062">
        <ele>118.0</ele>
      </trkpt>
      <trkpt lat="45.472313" lon="10.61111">
        <ele>118.0</ele>
      </trkpt>
      <trkpt lat="45.472226" lon="10.611159">
        <ele>117.0</ele>
      </trkpt>
      <trkpt lat="45.472133" lon="10.611232">
        <ele>117.0</ele>
      </trkpt>
      <trkpt lat="45.472048" lon="10.611283">
        <ele>117.0</ele>
      </trkpt>
      <trkpt lat="45.471961" lon="10.611353">
        <ele>117.0</ele>
      </trkpt>
      <trkpt lat="45.471874" lon="10.611396">
        <ele>117.0</ele>
      </trkpt>
      <trkpt lat="45.471785" lon="10.61143">
        <ele>117.0</ele>
      </trkpt>
      <trkpt lat="45.471695" lon="10.611457">
        <ele>117.0</ele>
      </trkpt>
      <trkpt lat="45.471602" lon="10.611473">
        <ele>117.0</ele>
      </trkpt>
      <trkpt lat="45.471499" lon="10.611489">
        <ele>117.0</ele>
      </trkpt>
      <trkpt lat="45.471407" lon="10.611463">
        <ele>117.0</ele>
      </trkpt>
      <trkpt lat="45.471306" lon="10.61145">
        <ele>117.0</ele>
      </trkpt>
      <trkpt lat="45.471205" lon="10.61141">
        <ele>117.0</ele>
      </trkpt>
      <trkpt lat="45.471114" lon="10.611378">
        <ele>117.0</ele>
      </trkpt>
      <trkpt lat="45.471024" lon="10.611326">
        <ele>118.0</ele>
      </trkpt>
      <trkpt lat="45.470935" lon="10.611286">
        <ele>118.0</ele>
      </trkpt>
      <trkpt lat="45.470847" lon="10.611225">
        <ele>119.0</ele>
      </trkpt>
      <trkpt lat="45.470763" lon="10.611176">
        <ele>120.0</ele>
      </trkpt>
      <trkpt lat="45.470678" lon="10.611128">
        <ele>120.0</ele>
      </trkpt>
      <trkpt lat="45.470591" lon="10.611089">
        <ele>121.0</ele>
      </trkpt>
      <trkpt lat="45.470493" lon="10.611025">
        <ele>122.0</ele>
      </trkpt>
      <trkpt lat="45.470386" lon="10.610925">
        <ele>122.0</ele>
      </trkpt>
      <trkpt lat="45.470302" lon="10.610859">
        <ele>122.0</ele>
      </trkpt>
      <trkpt lat="45.470201" lon="10.610858">
        <ele>122.0</ele>
      </trkpt>
      <trkpt lat="45.470109" lon="10.610818">
        <ele>122.0</ele>
      </trkpt>
      <trkpt lat="45.470024" lon="10.610774">
        <ele>122.0</ele>
      </trkpt>
      <trkpt lat="45.469926" lon="10.610779">
        <ele>123.0</ele>
      </trkpt>
      <trkpt lat="45.469838" lon="10.61073">
        <ele>123.0</ele>
      </trkpt>
      <trkpt lat="45.469745" lon="10.610703">
        <ele>122.0</ele>
      </trkpt>
      <trkpt lat="45.469651" lon="10.610669">
        <ele>121.0</ele>
      </trkpt>
      <trkpt lat="45.469561" lon="10.610643">
        <ele>120.0</ele>
      </trkpt>
      <trkpt lat="45.469462" lon="10.610609">
        <ele>119.0</ele>
      </trkpt>
      <trkpt lat="45.469369" lon="10.610591">
        <ele>119.0</ele>
      </trkpt>
      <trkpt lat="45.469267" lon="10.610604">
        <ele>118.0</ele>
      </trkpt>
      <trkpt lat="45.469181" lon="10.610656">
        <ele>118.0</ele>
      </trkpt>
      <trkpt lat="45.469096" lon="10.610704">
        <ele>118.0</ele>
      </trkpt>
      <trkpt lat="45.469008" lon="10.61075">
        <ele>118.0</ele>
      </trkpt>
      <trkpt lat="45.468924" lon="10.610799">
        <ele>117.0</ele>
      </trkpt>
      <trkpt lat="45.468836" lon="10.610858">
        <ele>117.0</ele>
      </trkpt>
      <trkpt lat="45.468736" lon="10.610885">
        <ele>116.0</ele>
      </trkpt>
      <trkpt lat="45.468643" lon="10.610934">
        <ele>116.0</ele>
      </trkpt>
      <trkpt lat="45.46856" lon="10.610995">
        <ele>115.0</ele>
      </trkpt>
      <trkpt lat="45.46848" lon="10.611056">
        <ele>114.0</ele>
      </trkpt>
      <trkpt lat="45.46842" lon="10.611156">
        <ele>115.0</ele>
      </trkpt>
      <trkpt lat="45.468331" lon="10.611201">
        <ele>116.0</ele>
      </trkpt>
      <trkpt lat="45.468224" lon="10.611238">
        <ele>116.0</ele>
      </trkpt>
      <trkpt lat="45.468133" lon="10.61129">
        <ele>116.0</ele>
      </trkpt>
      <trkpt lat="45.468041" lon="10.61136">
        <ele>116.0</ele>
      </trkpt>
      <trkpt lat="45.46794" lon="10.611398">
        <ele>116.0</ele>
      </trkpt>
      <trkpt lat="45.467824" lon="10.611385">
        <ele>116.0</ele>
      </trkpt>
      <trkpt lat="45.467732" lon="10.611408">
        <ele>116.0</ele>
      </trkpt>
      <trkpt lat="45.467641" lon="10.611457">
        <ele>117.0</ele>
      </trkpt>
      <trkpt lat="45.467564" lon="10.611547">
        <ele>117.0</ele>
      </trkpt>
      <trkpt lat="45.467474" lon="10.611612">
        <ele>116.0</ele>
      </trkpt>
      <trkpt lat="45.467385" lon="10.611642">
        <ele>117.0</ele>
      </trkpt>
      <trkpt lat="45.467297" lon="10.611692">
        <ele>117.0</ele>
      </trkpt>
      <trkpt lat="45.467211" lon="10.611741">
        <ele>117.0</ele>
      </trkpt>
      <trkpt lat="45.467129" lon="10.611818">
        <ele>117.0</ele>
      </trkpt>
      <trkpt lat="45.467025" lon="10.611866">
        <ele>116.0</ele>
      </trkpt>
      <trkpt lat="45.466933" lon="10.61191">
        <ele>116.0</ele>
      </trkpt>
      <trkpt lat="45.466851" lon="10.611968">
        <ele>115.0</ele>
      </trkpt>
      <trkpt lat="45.466764" lon="10.612031">
        <ele>115.0</ele>
      </trkpt>
      <trkpt lat="45.466675" lon="10.612067">
        <ele>115.0</ele>
      </trkpt>
      <trkpt lat="45.466592" lon="10.612117">
        <ele>115.0</ele>
      </trkpt>
      <trkpt lat="45.466499" lon="10.612152">
        <ele>115.0</ele>
      </trkpt>
      <trkpt lat="45.466395" lon="10.612159">
        <ele>115.0</ele>
      </trkpt>
      <trkpt lat="45.466299" lon="10.612193">
        <ele>115.0</ele>
      </trkpt>
      <trkpt lat="45.466197" lon="10.61224">
        <ele>115.0</ele>
      </trkpt>
      <trkpt lat="45.46611" lon="10.612284">
        <ele>115.0</ele>
      </trkpt>
      <trkpt lat="45.466055" lon="10.61239">
        <ele>114.0</ele>
      </trkpt>
      <trkpt lat="45.465965" lon="10.612407">
        <ele>112.0</ele>
      </trkpt>
      <trkpt lat="45.465873" lon="10.612434">
        <ele>112.0</ele>
      </trkpt>
      <trkpt lat="45.46577" lon="10.612471">
        <ele>112.0</ele>
      </trkpt>
      <trkpt lat="45.465682" lon="10.612534">
        <ele>113.0</ele>
      </trkpt>
      <trkpt lat="45.465602" lon="10.61261">
        <ele>114.0</ele>
      </trkpt>
      <trkpt lat="45.465503" lon="10.612642">
        <ele>115.0</ele>
      </trkpt>
      <trkpt lat="45.465409" lon="10.612656">
        <ele>115.0</ele>
      </trkpt>
      <trkpt lat="45.465319" lon="10.612685">
        <ele>116.0</ele>
      </trkpt>
      <trkpt lat="45.465265" lon="10.612557">
        <ele>116.0</ele>
      </trkpt>
      <trkpt lat="45.465177" lon="10.612496">
        <ele>117.0</ele>
      </trkpt>
      <trkpt lat="45.465086" lon="10.612424">
        <ele>117.0</ele>
      </trkpt>
      <trkpt lat="45.465002" lon="10.612489">
        <ele>118.0</ele>
      </trkpt>
      <trkpt lat="45.464942" lon="10.612615">
        <ele>118.0</ele>
      </trkpt>
      <trkpt lat="45.464871" lon="10.612726">
        <ele>119.0</ele>
      </trkpt>
      <trkpt lat="45.464798" lon="10.612814">
        <ele>119.0</ele>
      </trkpt>
      <trkpt lat="45.464782" lon="10.612944">
        <ele>119.0</ele>
      </trkpt>
      <trkpt lat="45.464722" lon="10.613043">
        <ele>117.0</ele>
      </trkpt>
      <trkpt lat="45.464636" lon="10.613119">
        <ele>117.0</ele>
      </trkpt>
      <trkpt lat="45.464596" lon="10.613243">
        <ele>117.0</ele>
      </trkpt>
      <trkpt lat="45.46454" lon="10.613371">
        <ele>117.0</ele>
      </trkpt>
      <trkpt lat="45.464482" lon="10.613483">
        <ele>116.0</ele>
      </trkpt>
      <trkpt lat="45.464421" lon="10.613584">
        <ele>117.0</ele>
      </trkpt>
      <trkpt lat="45.464363" lon="10.613683">
        <ele>118.0</ele>
      </trkpt>
      <trkpt lat="45.464292" lon="10.613769">
        <ele>119.0</ele>
      </trkpt>
      <trkpt lat="45.464225" lon="10.613861">
        <ele>119.0</ele>
      </trkpt>
      <trkpt lat="45.46416" lon="10.613951">
        <ele>119.0</ele>
      </trkpt>
      <trkpt lat="45.464095" lon="10.613858">
        <ele>119.0</ele>
      </trkpt>
      <trkpt lat="45.464018" lon="10.613926">
        <ele>119.0</ele>
      </trkpt>
      <trkpt lat="45.464003" lon="10.614054">
        <ele>118.0</ele>
      </trkpt>
      <trkpt lat="45.463961" lon="10.614179">
        <ele>116.0</ele>
      </trkpt>
      <trkpt lat="45.4639" lon="10.614275">
        <ele>115.0</ele>
      </trkpt>
      <trkpt lat="45.463865" lon="10.614398">
        <ele>114.0</ele>
      </trkpt>
      <trkpt lat="45.463817" lon="10.61451">
        <ele>114.0</ele>
      </trkpt>
      <trkpt lat="45.463743" lon="10.614602">
        <ele>114.0</ele>
      </trkpt>
      <trkpt lat="45.463676" lon="10.6147">
        <ele>113.0</ele>
      </trkpt>
      <trkpt lat="45.463614" lon="10.614816">
        <ele>113.0</ele>
      </trkpt>
      <trkpt lat="45.463554" lon="10.614914">
        <ele>114.0</ele>
      </trkpt>
      <trkpt lat="45.463506" lon="10.615024">
        <ele>113.0</ele>
      </trkpt>
      <trkpt lat="45.46346" lon="10.615142">
        <ele>113.0</ele>
      </trkpt>
      <trkpt lat="45.463388" lon="10.615246">
        <ele>112.0</ele>
      </trkpt>
      <trkpt lat="45.463339" lon="10.615376">
        <ele>112.0</ele>
      </trkpt>
      <trkpt lat="45.463273" lon="10.615492">
        <ele>112.0</ele>
      </trkpt>
      <trkpt lat="45.463202" lon="10.615587">
        <ele>112.0</ele>
      </trkpt>
      <trkpt lat="45.463167" lon="10.615715">
        <ele>111.0</ele>
      </trkpt>
      <trkpt lat="45.463136" lon="10.615836">
        <ele>112.0</ele>
      </trkpt>
      <trkpt lat="45.463046" lon="10.615907">
        <ele>112.0</ele>
      </trkpt>
      <trkpt lat="45.462946" lon="10.615922">
        <ele>112.0</ele>
      </trkpt>
      <trkpt lat="45.462846" lon="10.615949">
        <ele>113.0</ele>
      </trkpt>
      <trkpt lat="45.462753" lon="10.615933">
        <ele>113.0</ele>
      </trkpt>
      <trkpt lat="45.462687" lon="10.616048">
        <ele>113.0</ele>
      </trkpt>
      <trkpt lat="45.462695" lon="10.616193">
        <ele>113.0</ele>
      </trkpt>
      <trkpt lat="45.462761" lon="10.616281">
        <ele>113.0</ele>
      </trkpt>
      <trkpt lat="45.462788" lon="10.616419">
        <ele>112.0</ele>
      </trkpt>
      <trkpt lat="45.46279" lon="10.616549">
        <ele>112.0</ele>
      </trkpt>
      <trkpt lat="45.462742" lon="10.616661">
        <ele>112.0</ele>
      </trkpt>
      <trkpt lat="45.462694" lon="10.616778">
        <ele>111.0</ele>
      </trkpt>
      <trkpt lat="45.462655" lon="10.6169">
        <ele>111.0</ele>
      </trkpt>
      <trkpt lat="45.46263" lon="10.617028">
        <ele>111.0</ele>
      </trkpt>
      <trkpt lat="45.462608" lon="10.617158">
        <ele>111.0</ele>
      </trkpt>
      <trkpt lat="45.462565" lon="10.617274">
        <ele>112.0</ele>
      </trkpt>
      <trkpt lat="45.462531" lon="10.617408">
        <ele>111.0</ele>
      </trkpt>
      <trkpt lat="45.462488" lon="10.617538">
        <ele>112.0</ele>
      </trkpt>
      <trkpt lat="45.462477" lon="10.617666">
        <ele>112.0</ele>
      </trkpt>
      <trkpt lat="45.462456" lon="10.617797">
        <ele>112.0</ele>
      </trkpt>
      <trkpt lat="45.462409" lon="10.617916">
        <ele>113.0</ele>
      </trkpt>
      <trkpt lat="45.462376" lon="10.618036">
        <ele>113.0</ele>
      </trkpt>
      <trkpt lat="45.462344" lon="10.618178">
        <ele>113.0</ele>
      </trkpt>
      <trkpt lat="45.462317" lon="10.618312">
        <ele>112.0</ele>
      </trkpt>
      <trkpt lat="45.462358" lon="10.618434">
        <ele>113.0</ele>
      </trkpt>
      <trkpt lat="45.462367" lon="10.618586">
        <ele>111.0</ele>
      </trkpt>
      <trkpt lat="45.46235" lon="10.618721">
        <ele>110.0</ele>
      </trkpt>
      <trkpt lat="45.462348" lon="10.618865">
        <ele>109.0</ele>
      </trkpt>
      <trkpt lat="45.462322" lon="10.618997">
        <ele>108.0</ele>
      </trkpt>
      <trkpt lat="45.462275" lon="10.619108">
        <ele>108.0</ele>
      </trkpt>
      <trkpt lat="45.46226" lon="10.619247">
        <ele>107.0</ele>
      </trkpt>
      <trkpt lat="45.462231" lon="10.61938">
        <ele>107.0</ele>
      </trkpt>
      <trkpt lat="45.462201" lon="10.619514">
        <ele>108.0</ele>
      </trkpt>
      <trkpt lat="45.462171" lon="10.619647">
        <ele>109.0</ele>
      </trkpt>
      <trkpt lat="45.462129" lon="10.61977">
        <ele>109.0</ele>
      </trkpt>
      <trkpt lat="45.462064" lon="10.619869">
        <ele>110.0</ele>
      </trkpt>
      <trkpt lat="45.462014" lon="10.619989">
        <ele>110.0</ele>
      </trkpt>
      <trkpt lat="45.461991" lon="10.620115">
        <ele>110.0</ele>
      </trkpt>
      <trkpt lat="45.46196" lon="10.620243">
        <ele>111.0</ele>
      </trkpt>
      <trkpt lat="45.461922" lon="10.620372">
        <ele>111.0</ele>
      </trkpt>
      <trkpt lat="45.4619" lon="10.620542">
        <ele>111.0</ele>
      </trkpt>
      <trkpt lat="45.461873" lon="10.620686">
        <ele>111.0</ele>
      </trkpt>
      <trkpt lat="45.461846" lon="10.620842">
        <ele>111.0</ele>
      </trkpt>
      <trkpt lat="45.461807" lon="10.62096">
        <ele>111.0</ele>
      </trkpt>
      <trkpt lat="45.461783" lon="10.621084">
        <ele>111.0</ele>
      </trkpt>
      <trkpt lat="45.461817" lon="10.621216">
        <ele>111.0</ele>
      </trkpt>
      <trkpt lat="45.461816" lon="10.621356">
        <ele>111.0</ele>
      </trkpt>
      <trkpt lat="45.461786" lon="10.621499">
        <ele>111.0</ele>
      </trkpt>
      <trkpt lat="45.461762" lon="10.621635">
        <ele>110.0</ele>
      </trkpt>
      <trkpt lat="45.461737" lon="10.621773">
        <ele>109.0</ele>
      </trkpt>
      <trkpt lat="45.461723" lon="10.621904">
        <ele>109.0</ele>
      </trkpt>
      <trkpt lat="45.461739" lon="10.622044">
        <ele>111.0</ele>
      </trkpt>
      <trkpt lat="45.461735" lon="10.622173">
        <ele>111.0</ele>
      </trkpt>
      <trkpt lat="45.461715" lon="10.622313">
        <ele>112.0</ele>
      </trkpt>
      <trkpt lat="45.461646" lon="10.6224">
        <ele>112.0</ele>
      </trkpt>
      <trkpt lat="45.461613" lon="10.622554">
        <ele>113.0</ele>
      </trkpt>
      <trkpt lat="45.461586" lon="10.622693">
        <ele>112.0</ele>
      </trkpt>
      <trkpt lat="45.461576" lon="10.622855">
        <ele>113.0</ele>
      </trkpt>
      <trkpt lat="45.461527" lon="10.622978">
        <ele>113.0</ele>
      </trkpt>
      <trkpt lat="45.461469" lon="10.623098">
        <ele>113.0</ele>
      </trkpt>
      <trkpt lat="45.461505" lon="10.62325">
        <ele>115.0</ele>
      </trkpt>
      <trkpt lat="45.461596" lon="10.62328">
        <ele>115.0</ele>
      </trkpt>
      <trkpt lat="45.461692" lon="10.623355">
        <ele>115.0</ele>
      </trkpt>
      <trkpt lat="45.461763" lon="10.62346">
        <ele>115.0</ele>
      </trkpt>
      <trkpt lat="45.461833" lon="10.623552">
        <ele>116.0</ele>
      </trkpt>
      <trkpt lat="45.461911" lon="10.623625">
        <ele>117.0</ele>
      </trkpt>
      <trkpt lat="45.461964" lon="10.623743">
        <ele>117.0</ele>
      </trkpt>
      <trkpt lat="45.462005" lon="10.623878">
        <ele>117.0</ele>
      </trkpt>
      <trkpt lat="45.461963" lon="10.624006">
        <ele>117.0</ele>
      </trkpt>
      <trkpt lat="45.461982" lon="10.624132">
        <ele>116.0</ele>
      </trkpt>
      <trkpt lat="45.462077" lon="10.624159">
        <ele>116.0</ele>
      </trkpt>
      <trkpt lat="45.462041" lon="10.62431">
        <ele>117.0</ele>
      </trkpt>
      <trkpt lat="45.461974" lon="10.624373">
        <ele>116.0</ele>
      </trkpt>
      <trkpt lat="45.461958" lon="10.624487">
        <ele>115.0</ele>
      </trkpt>
      <trkpt lat="45.461983" lon="10.624601">
        <ele>114.0</ele>
      </trkpt>
      <trkpt lat="45.461852" lon="10.624686">
        <ele>113.0</ele>
      </trkpt>
      <trkpt lat="45.461778" lon="10.624846">
        <ele>113.0</ele>
      </trkpt>
      <trkpt lat="45.46178" lon="10.624983">
        <ele>112.0</ele>
      </trkpt>
      <trkpt lat="45.461736" lon="10.625115">
        <ele>112.0</ele>
      </trkpt>
      <trkpt lat="45.461694" lon="10.625237">
        <ele>111.0</ele>
      </trkpt>
      <trkpt lat="45.461637" lon="10.625337">
        <ele>110.0</ele>
      </trkpt>
      <trkpt lat="45.461608" lon="10.625481">
        <ele>110.0</ele>
      </trkpt>
      <trkpt lat="45.461585" lon="10.625613">
        <ele>109.0</ele>
      </trkpt>
      <trkpt lat="45.46155" lon="10.625748">
        <ele>109.0</ele>
      </trkpt>
      <trkpt lat="45.461517" lon="10.625872">
        <ele>108.0</ele>
      </trkpt>
      <trkpt lat="45.461491" lon="10.626004">
        <ele>108.0</ele>
      </trkpt>
      <trkpt lat="45.461456" lon="10.626144">
        <ele>107.0</ele>
      </trkpt>
      <trkpt lat="45.461425" lon="10.626272">
        <ele>108.0</ele>
      </trkpt>
      <trkpt lat="45.461399" lon="10.626395">
        <ele>108.0</ele>
      </trkpt>
      <trkpt lat="45.461376" lon="10.626524">
        <ele>107.0</ele>
      </trkpt>
      <trkpt lat="45.461363" lon="10.626655">
        <ele>106.0</ele>
      </trkpt>
      <trkpt lat="45.461387" lon="10.626779">
        <ele>107.0</ele>
      </trkpt>
      <trkpt lat="45.461399" lon="10.626914">
        <ele>109.0</ele>
      </trkpt>
      <trkpt lat="45.46138" lon="10.627051">
        <ele>109.0</ele>
      </trkpt>
      <trkpt lat="45.461353" lon="10.627187">
        <ele>109.0</ele>
      </trkpt>
      <trkpt lat="45.46133" lon="10.627321">
        <ele>109.0</ele>
      </trkpt>
      <trkpt lat="45.461294" lon="10.627444">
        <ele>109.0</ele>
      </trkpt>
      <trkpt lat="45.461248" lon="10.627563">
        <ele>109.0</ele>
      </trkpt>
      <trkpt lat="45.461251" lon="10.627709">
        <ele>108.0</ele>
      </trkpt>
      <trkpt lat="45.461223" lon="10.627834">
        <ele>108.0</ele>
      </trkpt>
      <trkpt lat="45.46118" lon="10.627965">
        <ele>109.0</ele>
      </trkpt>
      <trkpt lat="45.461138" lon="10.628091">
        <ele>109.0</ele>
      </trkpt>
      <trkpt lat="45.461096" lon="10.628207">
        <ele>109.0</ele>
      </trkpt>
      <trkpt lat="45.46104" lon="10.628335">
        <ele>110.0</ele>
      </trkpt>
      <trkpt lat="45.460994" lon="10.628459">
        <ele>110.0</ele>
      </trkpt>
      <trkpt lat="45.46095" lon="10.628585">
        <ele>110.0</ele>
      </trkpt>
      <trkpt lat="45.460917" lon="10.62871">
        <ele>110.0</ele>
      </trkpt>
      <trkpt lat="45.460882" lon="10.628836">
        <ele>110.0</ele>
      </trkpt>
      <trkpt lat="45.460904" lon="10.62896">
        <ele>111.0</ele>
      </trkpt>
      <trkpt lat="45.460891" lon="10.629087">
        <ele>111.0</ele>
      </trkpt>
      <trkpt lat="45.460849" lon="10.629202">
        <ele>111.0</ele>
      </trkpt>
      <trkpt lat="45.460846" lon="10.629345">
        <ele>111.0</ele>
      </trkpt>
      <trkpt lat="45.460855" lon="10.629482">
        <ele>111.0</ele>
      </trkpt>
      <trkpt lat="45.460864" lon="10.629628">
        <ele>110.0</ele>
      </trkpt>
      <trkpt lat="45.460863" lon="10.629762">
        <ele>111.0</ele>
      </trkpt>
      <trkpt lat="45.46085" lon="10.629894">
        <ele>111.0</ele>
      </trkpt>
      <trkpt lat="45.460875" lon="10.629994">
        <ele>110.0</ele>
      </trkpt>
      <trkpt lat="45.460897" lon="10.630096">
        <ele>110.0</ele>
      </trkpt>
      <trkpt lat="45.460927" lon="10.630219">
        <ele>110.0</ele>
      </trkpt>
      <trkpt lat="45.460976" lon="10.630348">
        <ele>111.0</ele>
      </trkpt>
      <trkpt lat="45.460987" lon="10.63049">
        <ele>111.0</ele>
      </trkpt>
      <trkpt lat="45.460981" lon="10.630632">
        <ele>111.0</ele>
      </trkpt>
      <trkpt lat="45.460991" lon="10.630772">
        <ele>111.0</ele>
      </trkpt>
      <trkpt lat="45.461041" lon="10.63096">
        <ele>112.0</ele>
      </trkpt>
      <trkpt lat="45.461073" lon="10.631081">
        <ele>112.0</ele>
      </trkpt>
      <trkpt lat="45.461087" lon="10.631236">
        <ele>111.0</ele>
      </trkpt>
      <trkpt lat="45.461091" lon="10.631368">
        <ele>111.0</ele>
      </trkpt>
      <trkpt lat="45.461113" lon="10.631519">
        <ele>111.0</ele>
      </trkpt>
      <trkpt lat="45.461138" lon="10.631643">
        <ele>111.0</ele>
      </trkpt>
      <trkpt lat="45.461137" lon="10.631778">
        <ele>111.0</ele>
      </trkpt>
      <trkpt lat="45.461137" lon="10.631908">
        <ele>112.0</ele>
      </trkpt>
      <trkpt lat="45.461125" lon="10.632046">
        <ele>112.0</ele>
      </trkpt>
      <trkpt lat="45.461155" lon="10.632229">
        <ele>112.0</ele>
      </trkpt>
      <trkpt lat="45.461175" lon="10.632355">
        <ele>112.0</ele>
      </trkpt>
      <trkpt lat="45.46119" lon="10.632483">
        <ele>112.0</ele>
      </trkpt>
      <trkpt lat="45.46121" lon="10.632631">
        <ele>112.0</ele>
      </trkpt>
      <trkpt lat="45.461235" lon="10.632765">
        <ele>112.0</ele>
      </trkpt>
      <trkpt lat="45.461282" lon="10.632877">
        <ele>112.0</ele>
      </trkpt>
      <trkpt lat="45.461329" lon="10.632992">
        <ele>111.0</ele>
      </trkpt>
      <trkpt lat="45.46134" lon="10.633128">
        <ele>111.0</ele>
      </trkpt>
      <trkpt lat="45.461347" lon="10.633269">
        <ele>111.0</ele>
      </trkpt>
      <trkpt lat="45.461362" lon="10.633416">
        <ele>112.0</ele>
      </trkpt>
      <trkpt lat="45.461399" lon="10.633543">
        <ele>112.0</ele>
      </trkpt>
      <trkpt lat="45.461449" lon="10.63366">
        <ele>113.0</ele>
      </trkpt>
      <trkpt lat="45.461493" lon="10.633785">
        <ele>113.0</ele>
      </trkpt>
      <trkpt lat="45.461554" lon="10.633887">
        <ele>112.0</ele>
      </trkpt>
      <trkpt lat="45.461623" lon="10.633992">
        <ele>111.0</ele>
      </trkpt>
      <trkpt lat="45.461691" lon="10.634099">
        <ele>110.0</ele>
      </trkpt>
      <trkpt lat="45.461738" lon="10.634222">
        <ele>110.0</ele>
      </trkpt>
      <trkpt lat="45.46177" lon="10.634347">
        <ele>109.0</ele>
      </trkpt>
      <trkpt lat="45.461794" lon="10.634484">
        <ele>108.0</ele>
      </trkpt>
      <trkpt lat="45.461859" lon="10.634585">
        <ele>108.0</ele>
      </trkpt>
      <trkpt lat="45.461925" lon="10.634704">
        <ele>108.0</ele>
      </trkpt>
      <trkpt lat="45.461967" lon="10.634838">
        <ele>108.0</ele>
      </trkpt>
      <trkpt lat="45.462017" lon="10.634985">
        <ele>108.0</ele>
      </trkpt>
      <trkpt lat="45.462023" lon="10.635135">
        <ele>109.0</ele>
      </trkpt>
      <trkpt lat="45.462038" lon="10.635286">
        <ele>109.0</ele>
      </trkpt>
      <trkpt lat="45.462046" lon="10.635467">
        <ele>113.0</ele>
      </trkpt>
      <trkpt lat="45.46204" lon="10.635609">
        <ele>114.0</ele>
      </trkpt>
      <trkpt lat="45.462027" lon="10.635748">
        <ele>114.0</ele>
      </trkpt>
      <trkpt lat="45.462061" lon="10.63589">
        <ele>117.0</ele>
      </trkpt>
      <trkpt lat="45.462139" lon="10.635993">
        <ele>117.0</ele>
      </trkpt>
      <trkpt lat="45.462226" lon="10.636056">
        <ele>117.0</ele>
      </trkpt>
      <trkpt lat="45.462296" lon="10.636147">
        <ele>117.0</ele>
      </trkpt>
      <trkpt lat="45.462386" lon="10.636187">
        <ele>117.0</ele>
      </trkpt>
      <trkpt lat="45.462462" lon="10.636275">
        <ele>117.0</ele>
      </trkpt>
      <trkpt lat="45.462486" lon="10.636418">
        <ele>116.0</ele>
      </trkpt>
      <trkpt lat="45.462552" lon="10.636539">
        <ele>116.0</ele>
      </trkpt>
      <trkpt lat="45.462599" lon="10.636664">
        <ele>116.0</ele>
      </trkpt>
      <trkpt lat="45.462651" lon="10.636784">
        <ele>115.0</ele>
      </trkpt>
      <trkpt lat="45.462731" lon="10.636885">
        <ele>115.0</ele>
      </trkpt>
      <trkpt lat="45.462804" lon="10.636968">
        <ele>115.0</ele>
      </trkpt>
      <trkpt lat="45.462856" lon="10.63709">
        <ele>114.0</ele>
      </trkpt>
      <trkpt lat="45.462899" lon="10.637225">
        <ele>114.0</ele>
      </trkpt>
      <trkpt lat="45.462914" lon="10.637366">
        <ele>114.0</ele>
      </trkpt>
      <trkpt lat="45.462913" lon="10.637498">
        <ele>114.0</ele>
      </trkpt>
      <trkpt lat="45.46293" lon="10.637639">
        <ele>114.0</ele>
      </trkpt>
      <trkpt lat="45.462942" lon="10.637778">
        <ele>115.0</ele>
      </trkpt>
      <trkpt lat="45.46293" lon="10.637912">
        <ele>115.0</ele>
      </trkpt>
      <trkpt lat="45.462883" lon="10.638052">
        <ele>115.0</ele>
      </trkpt>
      <trkpt lat="45.462852" lon="10.638175">
        <ele>115.0</ele>
      </trkpt>
      <trkpt lat="45.462822" lon="10.63831">
        <ele>115.0</ele>
      </trkpt>
      <trkpt lat="45.462768" lon="10.638444">
        <ele>115.0</ele>
      </trkpt>
      <trkpt lat="45.462742" lon="10.638571">
        <ele>115.0</ele>
      </trkpt>
      <trkpt lat="45.462664" lon="10.638648">
        <ele>115.0</ele>
      </trkpt>
      <trkpt lat="45.4626" lon="10.638756">
        <ele>114.0</ele>
      </trkpt>
      <trkpt lat="45.462536" lon="10.638862">
        <ele>112.0</ele>
      </trkpt>
      <trkpt lat="45.462449" lon="10.638931">
        <ele>111.0</ele>
      </trkpt>
      <trkpt lat="45.462358" lon="10.638933">
        <ele>109.0</ele>
      </trkpt>
      <trkpt lat="45.462266" lon="10.638977">
        <ele>108.0</ele>
      </trkpt>
      <trkpt lat="45.462162" lon="10.638973">
        <ele>107.0</ele>
      </trkpt>
      <trkpt lat="45.462062" lon="10.638978">
        <ele>107.0</ele>
      </trkpt>
      <trkpt lat="45.461958" lon="10.638969">
        <ele>106.0</ele>
      </trkpt>
      <trkpt lat="45.461859" lon="10.638967">
        <ele>107.0</ele>
      </trkpt>
      <trkpt lat="45.461762" lon="10.638957">
        <ele>108.0</ele>
      </trkpt>
      <trkpt lat="45.461663" lon="10.638958">
        <ele>108.0</ele>
      </trkpt>
      <trkpt lat="45.461568" lon="10.638967">
        <ele>108.0</ele>
      </trkpt>
      <trkpt lat="45.461474" lon="10.638998">
        <ele>107.0</ele>
      </trkpt>
      <trkpt lat="45.461386" lon="10.639047">
        <ele>107.0</ele>
      </trkpt>
      <trkpt lat="45.461299" lon="10.639118">
        <ele>107.0</ele>
      </trkpt>
      <trkpt lat="45.461219" lon="10.639198">
        <ele>107.0</ele>
      </trkpt>
      <trkpt lat="45.46114" lon="10.639266">
        <ele>108.0</ele>
      </trkpt>
      <trkpt lat="45.461068" lon="10.639345">
        <ele>108.0</ele>
      </trkpt>
      <trkpt lat="45.460963" lon="10.639372">
        <ele>108.0</ele>
      </trkpt>
      <trkpt lat="45.460873" lon="10.639409">
        <ele>107.0</ele>
      </trkpt>
      <trkpt lat="45.460787" lon="10.639458">
        <ele>107.0</ele>
      </trkpt>
      <trkpt lat="45.460684" lon="10.639494">
        <ele>107.0</ele>
      </trkpt>
      <trkpt lat="45.460585" lon="10.639508">
        <ele>107.0</ele>
      </trkpt>
      <trkpt lat="45.460492" lon="10.639535">
        <ele>106.0</ele>
      </trkpt>
      <trkpt lat="45.460396" lon="10.63957">
        <ele>106.0</ele>
      </trkpt>
      <trkpt lat="45.460306" lon="10.639607">
        <ele>105.0</ele>
      </trkpt>
      <trkpt lat="45.460228" lon="10.639678">
        <ele>105.0</ele>
      </trkpt>
      <trkpt lat="45.460154" lon="10.639753">
        <ele>106.0</ele>
      </trkpt>
      <trkpt lat="45.46006" lon="10.639811">
        <ele>106.0</ele>
      </trkpt>
      <trkpt lat="45.459964" lon="10.639841">
        <ele>106.0</ele>
      </trkpt>
      <trkpt lat="45.459874" lon="10.63984">
        <ele>106.0</ele>
      </trkpt>
      <trkpt lat="45.45978" lon="10.639831">
        <ele>106.0</ele>
      </trkpt>
      <trkpt lat="45.459681" lon="10.639824">
        <ele>106.0</ele>
      </trkpt>
      <trkpt lat="45.459561" lon="10.639814">
        <ele>107.0</ele>
      </trkpt>
      <trkpt lat="45.45946" lon="10.639824">
        <ele>107.0</ele>
      </trkpt>
      <trkpt lat="45.459354" lon="10.639827">
        <ele>108.0</ele>
      </trkpt>
      <trkpt lat="45.459261" lon="10.639829">
        <ele>109.0</ele>
      </trkpt>
      <trkpt lat="45.459179" lon="10.639905">
        <ele>110.0</ele>
      </trkpt>
      <trkpt lat="45.459085" lon="10.639904">
        <ele>110.0</ele>
      </trkpt>
      <trkpt lat="45.45899" lon="10.639929">
        <ele>110.0</ele>
      </trkpt>
      <trkpt lat="45.458906" lon="10.639981">
        <ele>110.0</ele>
      </trkpt>
      <trkpt lat="45.458808" lon="10.639997">
        <ele>110.0</ele>
      </trkpt>
      <trkpt lat="45.458714" lon="10.639956">
        <ele>110.0</ele>
      </trkpt>
      <trkpt lat="45.458621" lon="10.639917">
        <ele>110.0</ele>
      </trkpt>
      <trkpt lat="45.458524" lon="10.639889">
        <ele>111.0</ele>
      </trkpt>
      <trkpt lat="45.458422" lon="10.639852">
        <ele>111.0</ele>
      </trkpt>
      <trkpt lat="45.458331" lon="10.639796">
        <ele>111.0</ele>
      </trkpt>
      <trkpt lat="45.458241" lon="10.639767">
        <ele>110.0</ele>
      </trkpt>
      <trkpt lat="45.458151" lon="10.639738">
        <ele>110.0</ele>
      </trkpt>
      <trkpt lat="45.458061" lon="10.639701">
        <ele>111.0</ele>
      </trkpt>
      <trkpt lat="45.457955" lon="10.639719">
        <ele>111.0</ele>
      </trkpt>
      <trkpt lat="45.457861" lon="10.639772">
        <ele>112.0</ele>
      </trkpt>
      <trkpt lat="45.457755" lon="10.639813">
        <ele>112.0</ele>
      </trkpt>
      <trkpt lat="45.457668" lon="10.639855">
        <ele>112.0</ele>
      </trkpt>
      <trkpt lat="45.457574" lon="10.639882">
        <ele>111.0</ele>
      </trkpt>
      <trkpt lat="45.457475" lon="10.639921">
        <ele>111.0</ele>
      </trkpt>
      <trkpt lat="45.457381" lon="10.639978">
        <ele>111.0</ele>
      </trkpt>
      <trkpt lat="45.457279" lon="10.640019">
        <ele>110.0</ele>
      </trkpt>
      <trkpt lat="45.457186" lon="10.640041">
        <ele>110.0</ele>
      </trkpt>
      <trkpt lat="45.457089" lon="10.640084">
        <ele>111.0</ele>
      </trkpt>
      <trkpt lat="45.456992" lon="10.640136">
        <ele>111.0</ele>
      </trkpt>
      <trkpt lat="45.45691" lon="10.640225">
        <ele>110.0</ele>
      </trkpt>
      <trkpt lat="45.456825" lon="10.640285">
        <ele>111.0</ele>
      </trkpt>
      <trkpt lat="45.45675" lon="10.640366">
        <ele>111.0</ele>
      </trkpt>
      <trkpt lat="45.456711" lon="10.640484">
        <ele>111.0</ele>
      </trkpt>
      <trkpt lat="45.456662" lon="10.640601">
        <ele>111.0</ele>
      </trkpt>
      <trkpt lat="45.456612" lon="10.640727">
        <ele>111.0</ele>
      </trkpt>
      <trkpt lat="45.456565" lon="10.640848">
        <ele>111.0</ele>
      </trkpt>
      <trkpt lat="45.456525" lon="10.640979">
        <ele>112.0</ele>
      </trkpt>
      <trkpt lat="45.456488" lon="10.641099">
        <ele>112.0</ele>
      </trkpt>
      <trkpt lat="45.456459" lon="10.641236">
        <ele>113.0</ele>
      </trkpt>
      <trkpt lat="45.456423" lon="10.641366">
        <ele>113.0</ele>
      </trkpt>
      <trkpt lat="45.456378" lon="10.641503">
        <ele>114.0</ele>
      </trkpt>
      <trkpt lat="45.456346" lon="10.641622">
        <ele>114.0</ele>
      </trkpt>
      <trkpt lat="45.456305" lon="10.64175">
        <ele>115.0</ele>
      </trkpt>
      <trkpt lat="45.456292" lon="10.641887">
        <ele>116.0</ele>
      </trkpt>
      <trkpt lat="45.456239" lon="10.642003">
        <ele>116.0</ele>
      </trkpt>
      <trkpt lat="45.456201" lon="10.642123">
        <ele>117.0</ele>
      </trkpt>
      <trkpt lat="45.456163" lon="10.642246">
        <ele>118.0</ele>
      </trkpt>
      <trkpt lat="45.456131" lon="10.642386">
        <ele>118.0</ele>
      </trkpt>
      <trkpt lat="45.456049" lon="10.64249">
        <ele>117.0</ele>
      </trkpt>
      <trkpt lat="45.455953" lon="10.642521">
        <ele>116.0</ele>
      </trkpt>
      <trkpt lat="45.455914" lon="10.64265">
        <ele>116.0</ele>
      </trkpt>
      <trkpt lat="45.455898" lon="10.642778">
        <ele>115.0</ele>
      </trkpt>
      <trkpt lat="45.455876" lon="10.642905">
        <ele>115.0</ele>
      </trkpt>
      <trkpt lat="45.455855" lon="10.643039">
        <ele>115.0</ele>
      </trkpt>
      <trkpt lat="45.455826" lon="10.643167">
        <ele>116.0</ele>
      </trkpt>
      <trkpt lat="45.455787" lon="10.643329">
        <ele>116.0</ele>
      </trkpt>
      <trkpt lat="45.455753" lon="10.643469">
        <ele>116.0</ele>
      </trkpt>
      <trkpt lat="45.455732" lon="10.643597">
        <ele>117.0</ele>
      </trkpt>
      <trkpt lat="45.455694" lon="10.643718">
        <ele>117.0</ele>
      </trkpt>
      <trkpt lat="45.455662" lon="10.643859">
        <ele>118.0</ele>
      </trkpt>
      <trkpt lat="45.455645" lon="10.643987">
        <ele>118.0</ele>
      </trkpt>
      <trkpt lat="45.45562" lon="10.644132">
        <ele>118.0</ele>
      </trkpt>
      <trkpt lat="45.455564" lon="10.644262">
        <ele>118.0</ele>
      </trkpt>
      <trkpt lat="45.455546" lon="10.644389">
        <ele>118.0</ele>
      </trkpt>
      <trkpt lat="45.455513" lon="10.644529">
        <ele>118.0</ele>
      </trkpt>
      <trkpt lat="45.455477" lon="10.644666">
        <ele>118.0</ele>
      </trkpt>
      <trkpt lat="45.455446" lon="10.644801">
        <ele>117.0</ele>
      </trkpt>
      <trkpt lat="45.45541" lon="10.644919">
        <ele>116.0</ele>
      </trkpt>
      <trkpt lat="45.455378" lon="10.645041">
        <ele>116.0</ele>
      </trkpt>
      <trkpt lat="45.455345" lon="10.645172">
        <ele>116.0</ele>
      </trkpt>
      <trkpt lat="45.455313" lon="10.645304">
        <ele>116.0</ele>
      </trkpt>
      <trkpt lat="45.45529" lon="10.645436">
        <ele>116.0</ele>
      </trkpt>
      <trkpt lat="45.455246" lon="10.645562">
        <ele>116.0</ele>
      </trkpt>
      <trkpt lat="45.455223" lon="10.645696">
        <ele>116.0</ele>
      </trkpt>
      <trkpt lat="45.455206" lon="10.645832">
        <ele>117.0</ele>
      </trkpt>
      <trkpt lat="45.455184" lon="10.645968">
        <ele>118.0</ele>
      </trkpt>
      <trkpt lat="45.455158" lon="10.646094">
        <ele>118.0</ele>
      </trkpt>
      <trkpt lat="45.455089" lon="10.646187">
        <ele>117.0</ele>
      </trkpt>
      <trkpt lat="45.45503" lon="10.646286">
        <ele>116.0</ele>
      </trkpt>
      <trkpt lat="45.454954" lon="10.646374">
        <ele>115.0</ele>
      </trkpt>
      <trkpt lat="45.454868" lon="10.646427">
        <ele>114.0</ele>
      </trkpt>
      <trkpt lat="45.454773" lon="10.646424">
        <ele>113.0</ele>
      </trkpt>
      <trkpt lat="45.45468" lon="10.646449">
        <ele>113.0</ele>
      </trkpt>
      <trkpt lat="45.454593" lon="10.64652">
        <ele>112.0</ele>
      </trkpt>
      <trkpt lat="45.454503" lon="10.646534">
        <ele>111.0</ele>
      </trkpt>
      <trkpt lat="45.45441" lon="10.646539">
        <ele>111.0</ele>
      </trkpt>
      <trkpt lat="45.454317" lon="10.646559">
        <ele>111.0</ele>
      </trkpt>
      <trkpt lat="45.454232" lon="10.646631">
        <ele>111.0</ele>
      </trkpt>
      <trkpt lat="45.454194" lon="10.64675">
        <ele>111.0</ele>
      </trkpt>
      <trkpt lat="45.454263" lon="10.646845">
        <ele>112.0</ele>
      </trkpt>
      <trkpt lat="45.454353" lon="10.646859">
        <ele>113.0</ele>
      </trkpt>
      <trkpt lat="45.454458" lon="10.646873">
        <ele>113.0</ele>
      </trkpt>
      <trkpt lat="45.45456" lon="10.64691">
        <ele>114.0</ele>
      </trkpt>
      <trkpt lat="45.454641" lon="10.646977">
        <ele>114.0</ele>
      </trkpt>
      <trkpt lat="45.454691" lon="10.647087">
        <ele>114.0</ele>
      </trkpt>
      <trkpt lat="45.454732" lon="10.647211">
        <ele>114.0</ele>
      </trkpt>
      <trkpt lat="45.45473" lon="10.647344">
        <ele>115.0</ele>
      </trkpt>
      <trkpt lat="45.454683" lon="10.64746">
        <ele>115.0</ele>
      </trkpt>
      <trkpt lat="45.454609" lon="10.647566">
        <ele>115.0</ele>
      </trkpt>
      <trkpt lat="45.454568" lon="10.647681">
        <ele>115.0</ele>
      </trkpt>
      <trkpt lat="45.45461" lon="10.647849">
        <ele>115.0</ele>
      </trkpt>
      <trkpt lat="45.454628" lon="10.647983">
        <ele>115.0</ele>
      </trkpt>
      <trkpt lat="45.454608" lon="10.648109">
        <ele>114.0</ele>
      </trkpt>
      <trkpt lat="45.454561" lon="10.648219">
        <ele>114.0</ele>
      </trkpt>
      <trkpt lat="45.454609" lon="10.648347">
        <ele>114.0</ele>
      </trkpt>
      <trkpt lat="45.454589" lon="10.648478">
        <ele>114.0</ele>
      </trkpt>
      <trkpt lat="45.454563" lon="10.648603">
        <ele>114.0</ele>
      </trkpt>
      <trkpt lat="45.454554" lon="10.64876">
        <ele>114.0</ele>
      </trkpt>
      <trkpt lat="45.454551" lon="10.648908">
        <ele>113.0</ele>
      </trkpt>
      <trkpt lat="45.454555" lon="10.649092">
        <ele>114.0</ele>
      </trkpt>
      <trkpt lat="45.454556" lon="10.649227">
        <ele>114.0</ele>
      </trkpt>
      <trkpt lat="45.454529" lon="10.649365">
        <ele>114.0</ele>
      </trkpt>
      <trkpt lat="45.454514" lon="10.649496">
        <ele>114.0</ele>
      </trkpt>
      <trkpt lat="45.454468" lon="10.649611">
        <ele>113.0</ele>
      </trkpt>
      <trkpt lat="45.454485" lon="10.649742">
        <ele>112.0</ele>
      </trkpt>
      <trkpt lat="45.454483" lon="10.649872">
        <ele>113.0</ele>
      </trkpt>
      <trkpt lat="45.454449" lon="10.649991">
        <ele>113.0</ele>
      </trkpt>
      <trkpt lat="45.454428" lon="10.650134">
        <ele>113.0</ele>
      </trkpt>
      <trkpt lat="45.454409" lon="10.65026">
        <ele>114.0</ele>
      </trkpt>
      <trkpt lat="45.454384" lon="10.650405">
        <ele>114.0</ele>
      </trkpt>
      <trkpt lat="45.454372" lon="10.650534">
        <ele>113.0</ele>
      </trkpt>
      <trkpt lat="45.45436" lon="10.650677">
        <ele>113.0</ele>
      </trkpt>
      <trkpt lat="45.454349" lon="10.650812">
        <ele>114.0</ele>
      </trkpt>
      <trkpt lat="45.454324" lon="10.650937">
        <ele>114.0</ele>
      </trkpt>
      <trkpt lat="45.454316" lon="10.65107">
        <ele>114.0</ele>
      </trkpt>
      <trkpt lat="45.454311" lon="10.651209">
        <ele>114.0</ele>
      </trkpt>
      <trkpt lat="45.454315" lon="10.651338">
        <ele>115.0</ele>
      </trkpt>
      <trkpt lat="45.454278" lon="10.651455">
        <ele>115.0</ele>
      </trkpt>
      <trkpt lat="45.454251" lon="10.651585">
        <ele>115.0</ele>
      </trkpt>
      <trkpt lat="45.454229" lon="10.651715">
        <ele>115.0</ele>
      </trkpt>
      <trkpt lat="45.454201" lon="10.651845">
        <ele>114.0</ele>
      </trkpt>
      <trkpt lat="45.454175" lon="10.651982">
        <ele>115.0</ele>
      </trkpt>
      <trkpt lat="45.454146" lon="10.65211">
        <ele>115.0</ele>
      </trkpt>
      <trkpt lat="45.454142" lon="10.652249">
        <ele>115.0</ele>
      </trkpt>
      <trkpt lat="45.454135" lon="10.652386">
        <ele>115.0</ele>
      </trkpt>
      <trkpt lat="45.454128" lon="10.652514">
        <ele>114.0</ele>
      </trkpt>
      <trkpt lat="45.454104" lon="10.652647">
        <ele>115.0</ele>
      </trkpt>
      <trkpt lat="45.454092" lon="10.652791">
        <ele>115.0</ele>
      </trkpt>
      <trkpt lat="45.454069" lon="10.652927">
        <ele>115.0</ele>
      </trkpt>
      <trkpt lat="45.454041" lon="10.653067">
        <ele>115.0</ele>
      </trkpt>
      <trkpt lat="45.454028" lon="10.653203">
        <ele>115.0</ele>
      </trkpt>
      <trkpt lat="45.453996" lon="10.653329">
        <ele>115.0</ele>
      </trkpt>
      <trkpt lat="45.453981" lon="10.653473">
        <ele>114.0</ele>
      </trkpt>
      <trkpt lat="45.453958" lon="10.653615">
        <ele>114.0</ele>
      </trkpt>
      <trkpt lat="45.453949" lon="10.653747">
        <ele>114.0</ele>
      </trkpt>
      <trkpt lat="45.453926" lon="10.653882">
        <ele>114.0</ele>
      </trkpt>
      <trkpt lat="45.45391" lon="10.654021">
        <ele>114.0</ele>
      </trkpt>
      <trkpt lat="45.453912" lon="10.654159">
        <ele>114.0</ele>
      </trkpt>
      <trkpt lat="45.453868" lon="10.654299">
        <ele>114.0</ele>
      </trkpt>
      <trkpt lat="45.45383" lon="10.654435">
        <ele>114.0</ele>
      </trkpt>
      <trkpt lat="45.4538" lon="10.654571">
        <ele>115.0</ele>
      </trkpt>
      <trkpt lat="45.453799" lon="10.65472">
        <ele>115.0</ele>
      </trkpt>
      <trkpt lat="45.453786" lon="10.654871">
        <ele>115.0</ele>
      </trkpt>
      <trkpt lat="45.453763" lon="10.655008">
        <ele>115.0</ele>
      </trkpt>
      <trkpt lat="45.453742" lon="10.655142">
        <ele>115.0</ele>
      </trkpt>
      <trkpt lat="45.453754" lon="10.655278">
        <ele>115.0</ele>
      </trkpt>
      <trkpt lat="45.453755" lon="10.65542">
        <ele>116.0</ele>
      </trkpt>
      <trkpt lat="45.453733" lon="10.655561">
        <ele>115.0</ele>
      </trkpt>
      <trkpt lat="45.453701" lon="10.655703">
        <ele>115.0</ele>
      </trkpt>
      <trkpt lat="45.453682" lon="10.655832">
        <ele>115.0</ele>
      </trkpt>
      <trkpt lat="45.453652" lon="10.655967">
        <ele>115.0</ele>
      </trkpt>
      <trkpt lat="45.453621" lon="10.656102">
        <ele>115.0</ele>
      </trkpt>
      <trkpt lat="45.453612" lon="10.656241">
        <ele>115.0</ele>
      </trkpt>
      <trkpt lat="45.453601" lon="10.656373">
        <ele>116.0</ele>
      </trkpt>
      <trkpt lat="45.453562" lon="10.656499">
        <ele>115.0</ele>
      </trkpt>
      <trkpt lat="45.453548" lon="10.656635">
        <ele>115.0</ele>
      </trkpt>
      <trkpt lat="45.453533" lon="10.656773">
        <ele>114.0</ele>
      </trkpt>
      <trkpt lat="45.453527" lon="10.656912">
        <ele>114.0</ele>
      </trkpt>
      <trkpt lat="45.453506" lon="10.657054">
        <ele>114.0</ele>
      </trkpt>
      <trkpt lat="45.45349" lon="10.657193">
        <ele>114.0</ele>
      </trkpt>
      <trkpt lat="45.453482" lon="10.657328">
        <ele>114.0</ele>
      </trkpt>
      <trkpt lat="45.453454" lon="10.657461">
        <ele>114.0</ele>
      </trkpt>
      <trkpt lat="45.453443" lon="10.657596">
        <ele>115.0</ele>
      </trkpt>
      <trkpt lat="45.453413" lon="10.657729">
        <ele>115.0</ele>
      </trkpt>
      <trkpt lat="45.453396" lon="10.657871">
        <ele>114.0</ele>
      </trkpt>
      <trkpt lat="45.453359" lon="10.658004">
        <ele>114.0</ele>
      </trkpt>
      <trkpt lat="45.453345" lon="10.658156">
        <ele>114.0</ele>
      </trkpt>
      <trkpt lat="45.453325" lon="10.658286">
        <ele>114.0</ele>
      </trkpt>
      <trkpt lat="45.453294" lon="10.658435">
        <ele>114.0</ele>
      </trkpt>
      <trkpt lat="45.453281" lon="10.658567">
        <ele>114.0</ele>
      </trkpt>
      <trkpt lat="45.453252" lon="10.658721">
        <ele>115.0</ele>
      </trkpt>
      <trkpt lat="45.453229" lon="10.658851">
        <ele>115.0</ele>
      </trkpt>
      <trkpt lat="45.453207" lon="10.658995">
        <ele>115.0</ele>
      </trkpt>
      <trkpt lat="45.453184" lon="10.65912">
        <ele>115.0</ele>
      </trkpt>
      <trkpt lat="45.45317" lon="10.659249">
        <ele>115.0</ele>
      </trkpt>
      <trkpt lat="45.453177" lon="10.659385">
        <ele>115.0</ele>
      </trkpt>
      <trkpt lat="45.453238" lon="10.659485">
        <ele>115.0</ele>
      </trkpt>
      <trkpt lat="45.45333" lon="10.659541">
        <ele>116.0</ele>
      </trkpt>
      <trkpt lat="45.453309" lon="10.659674">
        <ele>115.0</ele>
      </trkpt>
      <trkpt lat="45.453276" lon="10.659797">
        <ele>115.0</ele>
      </trkpt>
      <trkpt lat="45.453254" lon="10.659926">
        <ele>115.0</ele>
      </trkpt>
      <trkpt lat="45.453218" lon="10.660065">
        <ele>115.0</ele>
      </trkpt>
      <trkpt lat="45.453195" lon="10.660191">
        <ele>115.0</ele>
      </trkpt>
      <trkpt lat="45.453187" lon="10.660337">
        <ele>115.0</ele>
      </trkpt>
      <trkpt lat="45.453171" lon="10.66047">
        <ele>114.0</ele>
      </trkpt>
      <trkpt lat="45.453141" lon="10.660595">
        <ele>114.0</ele>
      </trkpt>
      <trkpt lat="45.45311" lon="10.660757">
        <ele>115.0</ele>
      </trkpt>
      <trkpt lat="45.453073" lon="10.660877">
        <ele>115.0</ele>
      </trkpt>
      <trkpt lat="45.453024" lon="10.661003">
        <ele>115.0</ele>
      </trkpt>
      <trkpt lat="45.452968" lon="10.661134">
        <ele>115.0</ele>
      </trkpt>
      <trkpt lat="45.452893" lon="10.661246">
        <ele>114.0</ele>
      </trkpt>
      <trkpt lat="45.452824" lon="10.661335">
        <ele>115.0</ele>
      </trkpt>
      <trkpt lat="45.452758" lon="10.661422">
        <ele>115.0</ele>
      </trkpt>
      <trkpt lat="45.4527" lon="10.661525">
        <ele>115.0</ele>
      </trkpt>
      <trkpt lat="45.452609" lon="10.661583">
        <ele>116.0</ele>
      </trkpt>
      <trkpt lat="45.45254" lon="10.661685">
        <ele>115.0</ele>
      </trkpt>
      <trkpt lat="45.452458" lon="10.661816">
        <ele>116.0</ele>
      </trkpt>
      <trkpt lat="45.45238" lon="10.661892">
        <ele>116.0</ele>
      </trkpt>
      <trkpt lat="45.452304" lon="10.661995">
        <ele>116.0</ele>
      </trkpt>
      <trkpt lat="45.452232" lon="10.662095">
        <ele>117.0</ele>
      </trkpt>
      <trkpt lat="45.452163" lon="10.662179">
        <ele>117.0</ele>
      </trkpt>
      <trkpt lat="45.452091" lon="10.662289">
        <ele>117.0</ele>
      </trkpt>
      <trkpt lat="45.452021" lon="10.662394">
        <ele>118.0</ele>
      </trkpt>
      <trkpt lat="45.45195" lon="10.662499">
        <ele>118.0</ele>
      </trkpt>
      <trkpt lat="45.451928" lon="10.662643">
        <ele>117.0</ele>
      </trkpt>
      <trkpt lat="45.451901" lon="10.662774">
        <ele>117.0</ele>
      </trkpt>
      <trkpt lat="45.45186" lon="10.6629">
        <ele>117.0</ele>
      </trkpt>
      <trkpt lat="45.451852" lon="10.663029">
        <ele>117.0</ele>
      </trkpt>
      <trkpt lat="45.451817" lon="10.663163">
        <ele>117.0</ele>
      </trkpt>
      <trkpt lat="45.451771" lon="10.663296">
        <ele>117.0</ele>
      </trkpt>
      <trkpt lat="45.451747" lon="10.663434">
        <ele>116.0</ele>
      </trkpt>
      <trkpt lat="45.451807" lon="10.663538">
        <ele>116.0</ele>
      </trkpt>
      <trkpt lat="45.451903" lon="10.663553">
        <ele>115.0</ele>
      </trkpt>
      <trkpt lat="45.452006" lon="10.663568">
        <ele>115.0</ele>
      </trkpt>
      <trkpt lat="45.452131" lon="10.663589">
        <ele>114.0</ele>
      </trkpt>
      <trkpt lat="45.452222" lon="10.663597">
        <ele>114.0</ele>
      </trkpt>
      <trkpt lat="45.452312" lon="10.663632">
        <ele>114.0</ele>
      </trkpt>
      <trkpt lat="45.45241" lon="10.663667">
        <ele>114.0</ele>
      </trkpt>
      <trkpt lat="45.452492" lon="10.663727">
        <ele>114.0</ele>
      </trkpt>
      <trkpt lat="45.452583" lon="10.663749">
        <ele>115.0</ele>
      </trkpt>
      <trkpt lat="45.452666" lon="10.663694">
        <ele>115.0</ele>
      </trkpt>
      <trkpt lat="45.45277" lon="10.663699">
        <ele>114.0</ele>
      </trkpt>
      <trkpt lat="45.45287" lon="10.663671">
        <ele>114.0</ele>
      </trkpt>
      <trkpt lat="45.452961" lon="10.663664">
        <ele>114.0</ele>
      </trkpt>
      <trkpt lat="45.453009" lon="10.663791">
        <ele>113.0</ele>
      </trkpt>
      <trkpt lat="45.452998" lon="10.663921">
        <ele>113.0</ele>
      </trkpt>
      <trkpt lat="45.453013" lon="10.664053">
        <ele>113.0</ele>
      </trkpt>
      <trkpt lat="45.453037" lon="10.664179">
        <ele>113.0</ele>
      </trkpt>
      <trkpt lat="45.453044" lon="10.664308">
        <ele>113.0</ele>
      </trkpt>
      <trkpt lat="45.453109" lon="10.664396">
        <ele>112.0</ele>
      </trkpt>
      <trkpt lat="45.453197" lon="10.664478">
        <ele>111.0</ele>
      </trkpt>
      <trkpt lat="45.453194" lon="10.664609">
        <ele>111.0</ele>
      </trkpt>
      <trkpt lat="45.453152" lon="10.66473">
        <ele>110.0</ele>
      </trkpt>
      <trkpt lat="45.45309" lon="10.664826">
        <ele>111.0</ele>
      </trkpt>
      <trkpt lat="45.453062" lon="10.664978">
        <ele>110.0</ele>
      </trkpt>
      <trkpt lat="45.453087" lon="10.665106">
        <ele>110.0</ele>
      </trkpt>
      <trkpt lat="45.453058" lon="10.665236">
        <ele>110.0</ele>
      </trkpt>
      <trkpt lat="45.453036" lon="10.665372">
        <ele>110.0</ele>
      </trkpt>
      <trkpt lat="45.453018" lon="10.665524">
        <ele>110.0</ele>
      </trkpt>
      <trkpt lat="45.453032" lon="10.665659">
        <ele>110.0</ele>
      </trkpt>
      <trkpt lat="45.453031" lon="10.665797">
        <ele>110.0</ele>
      </trkpt>
      <trkpt lat="45.453037" lon="10.665925">
        <ele>110.0</ele>
      </trkpt>
      <trkpt lat="45.453039" lon="10.666056">
        <ele>111.0</ele>
      </trkpt>
      <trkpt lat="45.453024" lon="10.666184">
        <ele>110.0</ele>
      </trkpt>
      <trkpt lat="45.453023" lon="10.666323">
        <ele>110.0</ele>
      </trkpt>
      <trkpt lat="45.453004" lon="10.666449">
        <ele>109.0</ele>
      </trkpt>
      <trkpt lat="45.452979" lon="10.666622">
        <ele>109.0</ele>
      </trkpt>
      <trkpt lat="45.45291" lon="10.666728">
        <ele>109.0</ele>
      </trkpt>
      <trkpt lat="45.452852" lon="10.666832">
        <ele>108.0</ele>
      </trkpt>
      <trkpt lat="45.452813" lon="10.666955">
        <ele>109.0</ele>
      </trkpt>
      <trkpt lat="45.452792" lon="10.667099">
        <ele>109.0</ele>
      </trkpt>
      <trkpt lat="45.452757" lon="10.667238">
        <ele>109.0</ele>
      </trkpt>
      <trkpt lat="45.45273" lon="10.667366">
        <ele>109.0</ele>
      </trkpt>
      <trkpt lat="45.45271" lon="10.667499">
        <ele>109.0</ele>
      </trkpt>
      <trkpt lat="45.452682" lon="10.667638">
        <ele>109.0</ele>
      </trkpt>
      <trkpt lat="45.452661" lon="10.667773">
        <ele>109.0</ele>
      </trkpt>
      <trkpt lat="45.452613" lon="10.667898">
        <ele>109.0</ele>
      </trkpt>
      <trkpt lat="45.452564" lon="10.668029">
        <ele>109.0</ele>
      </trkpt>
      <trkpt lat="45.452526" lon="10.668159">
        <ele>110.0</ele>
      </trkpt>
      <trkpt lat="45.45249" lon="10.668277">
        <ele>109.0</ele>
      </trkpt>
      <trkpt lat="45.452462" lon="10.668404">
        <ele>109.0</ele>
      </trkpt>
      <trkpt lat="45.452406" lon="10.668518">
        <ele>110.0</ele>
      </trkpt>
      <trkpt lat="45.452369" lon="10.668642">
        <ele>110.0</ele>
      </trkpt>
      <trkpt lat="45.45234" lon="10.668764">
        <ele>109.0</ele>
      </trkpt>
      <trkpt lat="45.452294" lon="10.668888">
        <ele>109.0</ele>
      </trkpt>
      <trkpt lat="45.452264" lon="10.66903">
        <ele>109.0</ele>
      </trkpt>
      <trkpt lat="45.452239" lon="10.669179">
        <ele>109.0</ele>
      </trkpt>
      <trkpt lat="45.452183" lon="10.669304">
        <ele>109.0</ele>
      </trkpt>
      <trkpt lat="45.452131" lon="10.669423">
        <ele>109.0</ele>
      </trkpt>
      <trkpt lat="45.452085" lon="10.669536">
        <ele>110.0</ele>
      </trkpt>
      <trkpt lat="45.452029" lon="10.669642">
        <ele>110.0</ele>
      </trkpt>
      <trkpt lat="45.451959" lon="10.669775">
        <ele>111.0</ele>
      </trkpt>
      <trkpt lat="45.451888" lon="10.669871">
        <ele>111.0</ele>
      </trkpt>
      <trkpt lat="45.451816" lon="10.669962">
        <ele>111.0</ele>
      </trkpt>
      <trkpt lat="45.451745" lon="10.670057">
        <ele>112.0</ele>
      </trkpt>
      <trkpt lat="45.45166" lon="10.670132">
        <ele>111.0</ele>
      </trkpt>
      <trkpt lat="45.451596" lon="10.67023">
        <ele>111.0</ele>
      </trkpt>
      <trkpt lat="45.451552" lon="10.670357">
        <ele>112.0</ele>
      </trkpt>
      <trkpt lat="45.451479" lon="10.670438">
        <ele>112.0</ele>
      </trkpt>
      <trkpt lat="45.451402" lon="10.670517">
        <ele>111.0</ele>
      </trkpt>
      <trkpt lat="45.451329" lon="10.670592">
        <ele>111.0</ele>
      </trkpt>
      <trkpt lat="45.451243" lon="10.670654">
        <ele>111.0</ele>
      </trkpt>
      <trkpt lat="45.451167" lon="10.670725">
        <ele>111.0</ele>
      </trkpt>
      <trkpt lat="45.451088" lon="10.670789">
        <ele>111.0</ele>
      </trkpt>
      <trkpt lat="45.451004" lon="10.670851">
        <ele>111.0</ele>
      </trkpt>
      <trkpt lat="45.450945" lon="10.670951">
        <ele>111.0</ele>
      </trkpt>
      <trkpt lat="45.450869" lon="10.671024">
        <ele>111.0</ele>
      </trkpt>
      <trkpt lat="45.450788" lon="10.671109">
        <ele>111.0</ele>
      </trkpt>
      <trkpt lat="45.450713" lon="10.671205">
        <ele>111.0</ele>
      </trkpt>
      <trkpt lat="45.450628" lon="10.671313">
        <ele>111.0</ele>
      </trkpt>
      <trkpt lat="45.450555" lon="10.671396">
        <ele>111.0</ele>
      </trkpt>
      <trkpt lat="45.450477" lon="10.671493">
        <ele>110.0</ele>
      </trkpt>
      <trkpt lat="45.450386" lon="10.671539">
        <ele>110.0</ele>
      </trkpt>
      <trkpt lat="45.450294" lon="10.671548">
        <ele>110.0</ele>
      </trkpt>
      <trkpt lat="45.450198" lon="10.671567">
        <ele>110.0</ele>
      </trkpt>
      <trkpt lat="45.450114" lon="10.671637">
        <ele>110.0</ele>
      </trkpt>
      <trkpt lat="45.450036" lon="10.671722">
        <ele>111.0</ele>
      </trkpt>
      <trkpt lat="45.449935" lon="10.671753">
        <ele>111.0</ele>
      </trkpt>
      <trkpt lat="45.449841" lon="10.671797">
        <ele>110.0</ele>
      </trkpt>
      <trkpt lat="45.449754" lon="10.671849">
        <ele>110.0</ele>
      </trkpt>
      <trkpt lat="45.449686" lon="10.671935">
        <ele>110.0</ele>
      </trkpt>
      <trkpt lat="45.449615" lon="10.672021">
        <ele>110.0</ele>
      </trkpt>
      <trkpt lat="45.449509" lon="10.672066">
        <ele>110.0</ele>
      </trkpt>
      <trkpt lat="45.449418" lon="10.672121">
        <ele>110.0</ele>
      </trkpt>
      <trkpt lat="45.449317" lon="10.672105">
        <ele>110.0</ele>
      </trkpt>
      <trkpt lat="45.449219" lon="10.672117">
        <ele>110.0</ele>
      </trkpt>
      <trkpt lat="45.449123" lon="10.67216">
        <ele>110.0</ele>
      </trkpt>
      <trkpt lat="45.449028" lon="10.672221">
        <ele>111.0</ele>
      </trkpt>
      <trkpt lat="45.448927" lon="10.67227">
        <ele>111.0</ele>
      </trkpt>
      <trkpt lat="45.448839" lon="10.672354">
        <ele>111.0</ele>
      </trkpt>
      <trkpt lat="45.448763" lon="10.67244">
        <ele>111.0</ele>
      </trkpt>
      <trkpt lat="45.448704" lon="10.672549">
        <ele>111.0</ele>
      </trkpt>
      <trkpt lat="45.448632" lon="10.67269">
        <ele>111.0</ele>
      </trkpt>
      <trkpt lat="45.44855" lon="10.67275">
        <ele>111.0</ele>
      </trkpt>
      <trkpt lat="45.448473" lon="10.672844">
        <ele>110.0</ele>
      </trkpt>
      <trkpt lat="45.448405" lon="10.672962">
        <ele>110.0</ele>
      </trkpt>
      <trkpt lat="45.448346" lon="10.673077">
        <ele>110.0</ele>
      </trkpt>
      <trkpt lat="45.448291" lon="10.673181">
        <ele>110.0</ele>
      </trkpt>
      <trkpt lat="45.448248" lon="10.67331">
        <ele>111.0</ele>
      </trkpt>
      <trkpt lat="45.448202" lon="10.673423">
        <ele>111.0</ele>
      </trkpt>
      <trkpt lat="45.448167" lon="10.673544">
        <ele>111.0</ele>
      </trkpt>
      <trkpt lat="45.448133" lon="10.673679">
        <ele>111.0</ele>
      </trkpt>
      <trkpt lat="45.448101" lon="10.673814">
        <ele>111.0</ele>
      </trkpt>
      <trkpt lat="45.448058" lon="10.673934">
        <ele>111.0</ele>
      </trkpt>
      <trkpt lat="45.448036" lon="10.674061">
        <ele>111.0</ele>
      </trkpt>
      <trkpt lat="45.448007" lon="10.674183">
        <ele>110.0</ele>
      </trkpt>
      <trkpt lat="45.447919" lon="10.67428">
        <ele>110.0</ele>
      </trkpt>
      <trkpt lat="45.447845" lon="10.674376">
        <ele>110.0</ele>
      </trkpt>
      <trkpt lat="45.447782" lon="10.674472">
        <ele>110.0</ele>
      </trkpt>
      <trkpt lat="45.447713" lon="10.674573">
        <ele>110.0</ele>
      </trkpt>
      <trkpt lat="45.447629" lon="10.674694">
        <ele>109.0</ele>
      </trkpt>
      <trkpt lat="45.447588" lon="10.674815">
        <ele>110.0</ele>
      </trkpt>
      <trkpt lat="45.447507" lon="10.674885">
        <ele>109.0</ele>
      </trkpt>
      <trkpt lat="45.447423" lon="10.674952">
        <ele>109.0</ele>
      </trkpt>
      <trkpt lat="45.447341" lon="10.675056">
        <ele>109.0</ele>
      </trkpt>
      <trkpt lat="45.447263" lon="10.675144">
        <ele>109.0</ele>
      </trkpt>
      <trkpt lat="45.447201" lon="10.675287">
        <ele>109.0</ele>
      </trkpt>
      <trkpt lat="45.44717" lon="10.675419">
        <ele>109.0</ele>
      </trkpt>
      <trkpt lat="45.447139" lon="10.675556">
        <ele>109.0</ele>
      </trkpt>
      <trkpt lat="45.447102" lon="10.675707">
        <ele>108.0</ele>
      </trkpt>
      <trkpt lat="45.447094" lon="10.675855">
        <ele>108.0</ele>
      </trkpt>
      <trkpt lat="45.447084" lon="10.675997">
        <ele>109.0</ele>
      </trkpt>
      <trkpt lat="45.447037" lon="10.676112">
        <ele>109.0</ele>
      </trkpt>
      <trkpt lat="45.447005" lon="10.676236">
        <ele>109.0</ele>
      </trkpt>
      <trkpt lat="45.446979" lon="10.676363">
        <ele>109.0</ele>
      </trkpt>
      <trkpt lat="45.446951" lon="10.676526">
        <ele>110.0</ele>
      </trkpt>
      <trkpt lat="45.446934" lon="10.676652">
        <ele>110.0</ele>
      </trkpt>
      <trkpt lat="45.446911" lon="10.676788">
        <ele>111.0</ele>
      </trkpt>
      <trkpt lat="45.446855" lon="10.676902">
        <ele>111.0</ele>
      </trkpt>
      <trkpt lat="45.446807" lon="10.677026">
        <ele>111.0</ele>
      </trkpt>
      <trkpt lat="45.446754" lon="10.67714">
        <ele>111.0</ele>
      </trkpt>
      <trkpt lat="45.446719" lon="10.677275">
        <ele>110.0</ele>
      </trkpt>
      <trkpt lat="45.446651" lon="10.677382">
        <ele>108.0</ele>
      </trkpt>
      <trkpt lat="45.446626" lon="10.677506">
        <ele>107.0</ele>
      </trkpt>
      <trkpt lat="45.446571" lon="10.677618">
        <ele>105.0</ele>
      </trkpt>
      <trkpt lat="45.446524" lon="10.677734">
        <ele>105.0</ele>
      </trkpt>
      <trkpt lat="45.446482" lon="10.677862">
        <ele>105.0</ele>
      </trkpt>
      <trkpt lat="45.446456" lon="10.677989">
        <ele>105.0</ele>
      </trkpt>
      <trkpt lat="45.446425" lon="10.678143">
        <ele>105.0</ele>
      </trkpt>
      <trkpt lat="45.446379" lon="10.678272">
        <ele>105.0</ele>
      </trkpt>
      <trkpt lat="45.446339" lon="10.678401">
        <ele>106.0</ele>
      </trkpt>
      <trkpt lat="45.446313" lon="10.67853">
        <ele>107.0</ele>
      </trkpt>
      <trkpt lat="45.446302" lon="10.678664">
        <ele>108.0</ele>
      </trkpt>
      <trkpt lat="45.446299" lon="10.678794">
        <ele>108.0</ele>
      </trkpt>
      <trkpt lat="45.446255" lon="10.678915">
        <ele>108.0</ele>
      </trkpt>
      <trkpt lat="45.446209" lon="10.679038">
        <ele>108.0</ele>
      </trkpt>
      <trkpt lat="45.446188" lon="10.679168">
        <ele>107.0</ele>
      </trkpt>
      <trkpt lat="45.446167" lon="10.679305">
        <ele>107.0</ele>
      </trkpt>
      <trkpt lat="45.446117" lon="10.679421">
        <ele>106.0</ele>
      </trkpt>
      <trkpt lat="45.446084" lon="10.679544">
        <ele>106.0</ele>
      </trkpt>
      <trkpt lat="45.446055" lon="10.679668">
        <ele>106.0</ele>
      </trkpt>
      <trkpt lat="45.445997" lon="10.679777">
        <ele>106.0</ele>
      </trkpt>
      <trkpt lat="45.445966" lon="10.679911">
        <ele>106.0</ele>
      </trkpt>
      <trkpt lat="45.445936" lon="10.680045">
        <ele>106.0</ele>
      </trkpt>
      <trkpt lat="45.445927" lon="10.680174">
        <ele>106.0</ele>
      </trkpt>
      <trkpt lat="45.445901" lon="10.680302">
        <ele>105.0</ele>
      </trkpt>
      <trkpt lat="45.445865" lon="10.680428">
        <ele>105.0</ele>
      </trkpt>
      <trkpt lat="45.445834" lon="10.680564">
        <ele>105.0</ele>
      </trkpt>
      <trkpt lat="45.445783" lon="10.680674">
        <ele>105.0</ele>
      </trkpt>
      <trkpt lat="45.44574" lon="10.68079">
        <ele>106.0</ele>
      </trkpt>
      <trkpt lat="45.44569" lon="10.680907">
        <ele>106.0</ele>
      </trkpt>
      <trkpt lat="45.445647" lon="10.681022">
        <ele>106.0</ele>
      </trkpt>
      <trkpt lat="45.44559" lon="10.681156">
        <ele>106.0</ele>
      </trkpt>
      <trkpt lat="45.44555" lon="10.681286">
        <ele>106.0</ele>
      </trkpt>
      <trkpt lat="45.44553" lon="10.681415">
        <ele>106.0</ele>
      </trkpt>
      <trkpt lat="45.445503" lon="10.681551">
        <ele>106.0</ele>
      </trkpt>
      <trkpt lat="45.445465" lon="10.681679">
        <ele>106.0</ele>
      </trkpt>
      <trkpt lat="45.445431" lon="10.681799">
        <ele>106.0</ele>
      </trkpt>
      <trkpt lat="45.445399" lon="10.681923">
        <ele>106.0</ele>
      </trkpt>
      <trkpt lat="45.44535" lon="10.682045">
        <ele>105.0</ele>
      </trkpt>
      <trkpt lat="45.445291" lon="10.682155">
        <ele>105.0</ele>
      </trkpt>
      <trkpt lat="45.445253" lon="10.682286">
        <ele>105.0</ele>
      </trkpt>
      <trkpt lat="45.445262" lon="10.682421">
        <ele>106.0</ele>
      </trkpt>
      <trkpt lat="45.445243" lon="10.682556">
        <ele>106.0</ele>
      </trkpt>
      <trkpt lat="45.445205" lon="10.682673">
        <ele>107.0</ele>
      </trkpt>
      <trkpt lat="45.445192" lon="10.682801">
        <ele>107.0</ele>
      </trkpt>
      <trkpt lat="45.44516" lon="10.682943">
        <ele>107.0</ele>
      </trkpt>
      <trkpt lat="45.445117" lon="10.683061">
        <ele>107.0</ele>
      </trkpt>
      <trkpt lat="45.44507" lon="10.683184">
        <ele>108.0</ele>
      </trkpt>
      <trkpt lat="45.445028" lon="10.68331">
        <ele>108.0</ele>
      </trkpt>
      <trkpt lat="45.444993" lon="10.683437">
        <ele>108.0</ele>
      </trkpt>
      <trkpt lat="45.444989" lon="10.683573">
        <ele>109.0</ele>
      </trkpt>
      <trkpt lat="45.444959" lon="10.683699">
        <ele>109.0</ele>
      </trkpt>
      <trkpt lat="45.444922" lon="10.68383">
        <ele>110.0</ele>
      </trkpt>
      <trkpt lat="45.444848" lon="10.683918">
        <ele>111.0</ele>
      </trkpt>
      <trkpt lat="45.444763" lon="10.683978">
        <ele>111.0</ele>
      </trkpt>
      <trkpt lat="45.444684" lon="10.683888">
        <ele>111.0</ele>
      </trkpt>
      <trkpt lat="45.444613" lon="10.683802">
        <ele>111.0</ele>
      </trkpt>
      <trkpt lat="45.444542" lon="10.683907">
        <ele>111.0</ele>
      </trkpt>
      <trkpt lat="45.444472" lon="10.684028">
        <ele>111.0</ele>
      </trkpt>
      <trkpt lat="45.444398" lon="10.68412">
        <ele>110.0</ele>
      </trkpt>
      <trkpt lat="45.444391" lon="10.684271">
        <ele>109.0</ele>
      </trkpt>
      <trkpt lat="45.44443" lon="10.684394">
        <ele>109.0</ele>
      </trkpt>
      <trkpt lat="45.444434" lon="10.684525">
        <ele>109.0</ele>
      </trkpt>
      <trkpt lat="45.444361" lon="10.684604">
        <ele>109.0</ele>
      </trkpt>
      <trkpt lat="45.444268" lon="10.684659">
        <ele>107.0</ele>
      </trkpt>
      <trkpt lat="45.444187" lon="10.684747">
        <ele>107.0</ele>
      </trkpt>
      <trkpt lat="45.444111" lon="10.684833">
        <ele>107.0</ele>
      </trkpt>
      <trkpt lat="45.444029" lon="10.684894">
        <ele>107.0</ele>
      </trkpt>
      <trkpt lat="45.443959" lon="10.684976">
        <ele>107.0</ele>
      </trkpt>
      <trkpt lat="45.443866" lon="10.685035">
        <ele>107.0</ele>
      </trkpt>
      <trkpt lat="45.443787" lon="10.685108">
        <ele>106.0</ele>
      </trkpt>
      <trkpt lat="45.443701" lon="10.685181">
        <ele>105.0</ele>
      </trkpt>
      <trkpt lat="45.44363" lon="10.685268">
        <ele>104.0</ele>
      </trkpt>
      <trkpt lat="45.44356" lon="10.685357">
        <ele>105.0</ele>
      </trkpt>
      <trkpt lat="45.443475" lon="10.685412">
        <ele>105.0</ele>
      </trkpt>
      <trkpt lat="45.443391" lon="10.685467">
        <ele>105.0</ele>
      </trkpt>
      <trkpt lat="45.443325" lon="10.68558">
        <ele>105.0</ele>
      </trkpt>
      <trkpt lat="45.443247" lon="10.685669">
        <ele>105.0</ele>
      </trkpt>
      <trkpt lat="45.443169" lon="10.685769">
        <ele>106.0</ele>
      </trkpt>
      <trkpt lat="45.443092" lon="10.685865">
        <ele>106.0</ele>
      </trkpt>
      <trkpt lat="45.443015" lon="10.68596">
        <ele>107.0</ele>
      </trkpt>
      <trkpt lat="45.442938" lon="10.686052">
        <ele>108.0</ele>
      </trkpt>
      <trkpt lat="45.442833" lon="10.686158">
        <ele>107.0</ele>
      </trkpt>
      <trkpt lat="45.442747" lon="10.686249">
        <ele>107.0</ele>
      </trkpt>
      <trkpt lat="45.442665" lon="10.686333">
        <ele>107.0</ele>
      </trkpt>
      <trkpt lat="45.442595" lon="10.686426">
        <ele>108.0</ele>
      </trkpt>
      <trkpt lat="45.442537" lon="10.686529">
        <ele>108.0</ele>
      </trkpt>
      <trkpt lat="45.442482" lon="10.68664">
        <ele>108.0</ele>
      </trkpt>
      <trkpt lat="45.442399" lon="10.686725">
        <ele>109.0</ele>
      </trkpt>
      <trkpt lat="45.44233" lon="10.686825">
        <ele>108.0</ele>
      </trkpt>
      <trkpt lat="45.442252" lon="10.686906">
        <ele>108.0</ele>
      </trkpt>
      <trkpt lat="45.44217" lon="10.686978">
        <ele>107.0</ele>
      </trkpt>
      <trkpt lat="45.442097" lon="10.687063">
        <ele>107.0</ele>
      </trkpt>
      <trkpt lat="45.442041" lon="10.687184">
        <ele>108.0</ele>
      </trkpt>
      <trkpt lat="45.441985" lon="10.687292">
        <ele>107.0</ele>
      </trkpt>
      <trkpt lat="45.441896" lon="10.68737">
        <ele>108.0</ele>
      </trkpt>
      <trkpt lat="45.441825" lon="10.687478">
        <ele>108.0</ele>
      </trkpt>
      <trkpt lat="45.441766" lon="10.687582">
        <ele>108.0</ele>
      </trkpt>
      <trkpt lat="45.441701" lon="10.687689">
        <ele>108.0</ele>
      </trkpt>
      <trkpt lat="45.441622" lon="10.68776">
        <ele>108.0</ele>
      </trkpt>
      <trkpt lat="45.441556" lon="10.687876">
        <ele>107.0</ele>
      </trkpt>
      <trkpt lat="45.4415" lon="10.687979">
        <ele>107.0</ele>
      </trkpt>
      <trkpt lat="45.441443" lon="10.688087">
        <ele>107.0</ele>
      </trkpt>
      <trkpt lat="45.441379" lon="10.68818">
        <ele>107.0</ele>
      </trkpt>
      <trkpt lat="45.441314" lon="10.688272">
        <ele>108.0</ele>
      </trkpt>
      <trkpt lat="45.441249" lon="10.688375">
        <ele>109.0</ele>
      </trkpt>
      <trkpt lat="45.441187" lon="10.68849">
        <ele>109.0</ele>
      </trkpt>
      <trkpt lat="45.441132" lon="10.688597">
        <ele>109.0</ele>
      </trkpt>
      <trkpt lat="45.441076" lon="10.688712">
        <ele>109.0</ele>
      </trkpt>
      <trkpt lat="45.441015" lon="10.688833">
        <ele>109.0</ele>
      </trkpt>
      <trkpt lat="45.440971" lon="10.688954">
        <ele>109.0</ele>
      </trkpt>
      <trkpt lat="45.440904" lon="10.68906">
        <ele>109.0</ele>
      </trkpt>
      <trkpt lat="45.440848" lon="10.689161">
        <ele>109.0</ele>
      </trkpt>
      <trkpt lat="45.440795" lon="10.689283">
        <ele>110.0</ele>
      </trkpt>
      <trkpt lat="45.44072" lon="10.6894">
        <ele>110.0</ele>
      </trkpt>
      <trkpt lat="45.440653" lon="10.689507">
        <ele>110.0</ele>
      </trkpt>
      <trkpt lat="45.440587" lon="10.689605">
        <ele>110.0</ele>
      </trkpt>
      <trkpt lat="45.440559" lon="10.689731">
        <ele>110.0</ele>
      </trkpt>
      <trkpt lat="45.440494" lon="10.689829">
        <ele>110.0</ele>
      </trkpt>
      <trkpt lat="45.440448" lon="10.689951">
        <ele>109.0</ele>
      </trkpt>
      <trkpt lat="45.440382" lon="10.690056">
        <ele>109.0</ele>
      </trkpt>
      <trkpt lat="45.440329" lon="10.690193">
        <ele>109.0</ele>
      </trkpt>
      <trkpt lat="45.440277" lon="10.690308">
        <ele>109.0</ele>
      </trkpt>
      <trkpt lat="45.440224" lon="10.690425">
        <ele>110.0</ele>
      </trkpt>
      <trkpt lat="45.440177" lon="10.690543">
        <ele>111.0</ele>
      </trkpt>
      <trkpt lat="45.440114" lon="10.690636">
        <ele>110.0</ele>
      </trkpt>
      <trkpt lat="45.440036" lon="10.690741">
        <ele>109.0</ele>
      </trkpt>
      <trkpt lat="45.439973" lon="10.690837">
        <ele>108.0</ele>
      </trkpt>
      <trkpt lat="45.439895" lon="10.690924">
        <ele>109.0</ele>
      </trkpt>
      <trkpt lat="45.439822" lon="10.691004">
        <ele>109.0</ele>
      </trkpt>
      <trkpt lat="45.439795" lon="10.69115">
        <ele>110.0</ele>
      </trkpt>
      <trkpt lat="45.439757" lon="10.691267">
        <ele>110.0</ele>
      </trkpt>
      <trkpt lat="45.43973" lon="10.691399">
        <ele>111.0</ele>
      </trkpt>
      <trkpt lat="45.439783" lon="10.691508">
        <ele>112.0</ele>
      </trkpt>
      <trkpt lat="45.439835" lon="10.691626">
        <ele>112.0</ele>
      </trkpt>
      <trkpt lat="45.439881" lon="10.691741">
        <ele>112.0</ele>
      </trkpt>
      <trkpt lat="45.439909" lon="10.691869">
        <ele>112.0</ele>
      </trkpt>
      <trkpt lat="45.439953" lon="10.692001">
        <ele>112.0</ele>
      </trkpt>
      <trkpt lat="45.43998" lon="10.692135">
        <ele>113.0</ele>
      </trkpt>
    </trkseg>
  </trk>
</gpx>
