<?xml version="1.0" encoding="UTF-8"?>
<gpx version="1.1" creator="ETC" xmlns="http://www.topografix.com/GPX/1/1" xmlns:xsi="http://www.w3.org/2001/XMLSchema-instance" xsi:schemaLocation="http://www.topografix.com/GPX/1/1 http://www.topografix.com/GPX/1/1/gpx.xsd">
  <metadata>
    <name>Ottava tappa</name>
  </metadata>
  <wpt lat="45.608541" lon="10.685351">
    <ele>71.0</ele>
    <name>Torri del Benaco</name>
  </wpt>
  <wpt lat="45.605786" lon="10.685438">
    <ele>72.0</ele>
    <name>Torri del Benaco</name>
  </wpt>
  <wpt lat="45.608487" lon="10.686571">
    <ele>71.0</ele>
    <name>Torri del Benaco</name>
  </wpt>
  <wpt lat="45.610029" lon="10.685611">
    <ele>72.0</ele>
    <name>Svolta dx</name>
  </wpt>
  <wpt lat="45.610066" lon="10.686924">
    <ele>75.0</ele>
    <name>Attraversamento dritti</name>
  </wpt>
  <wpt lat="45.609698" lon="10.691216">
    <ele>91.0</ele>
    <name>Bivio sx</name>
  </wpt>
  <wpt lat="45.610424" lon="10.694773">
    <ele>143.0</ele>
    <name>Bivio sx e sx</name>
  </wpt>
  <wpt lat="45.612312" lon="10.695058">
    <ele>143.0</ele>
    <name>Bivio dx e sx</name>
  </wpt>
  <wpt lat="45.614957" lon="10.698029">
    <ele>173.0</ele>
    <name>Bivio sx e sx</name>
  </wpt>
  <wpt lat="45.618087" lon="10.699401">
    <ele>176.0</ele>
    <name>Incrocio dritti</name>
  </wpt>
  <wpt lat="45.632307" lon="10.710007">
    <ele>267.0</ele>
    <name>Bivio sx</name>
  </wpt>
  <wpt lat="45.635949" lon="10.712285">
    <ele>267.0</ele>
    <name>Graffiti di Crero</name>
  </wpt>
  <wpt lat="45.639022" lon="10.711809">
    <ele>224.0</ele>
    <name>Crero</name>
  </wpt>
  <wpt lat="45.639812" lon="10.712294">
    <ele>222.0</ele>
    <name>Chiesa di San Siro</name>
  </wpt>
  <wpt lat="45.641995" lon="10.715465">
    <ele>213.0</ele>
    <name>Bivio dx</name>
  </wpt>
  <wpt lat="45.643825" lon="10.719545">
    <ele>206.0</ele>
    <name>Ponte tibetano</name>
  </wpt>
  <wpt lat="45.646331" lon="10.722523">
    <ele>214.0</ele>
    <name>Bivio sx</name>
  </wpt>
  <wpt lat="45.651537" lon="10.724965">
    <ele>139.0</ele>
    <name>Bivio dx</name>
  </wpt>
  <wpt lat="45.652946" lon="10.72494">
    <ele>139.0</ele>
    <name>Pai di Sopra</name>
  </wpt>
  <wpt lat="45.659134" lon="10.728585">
    <ele>161.0</ele>
    <name>Cà Tronconi</name>
  </wpt>
  <wpt lat="45.66297" lon="10.729714">
    <ele>99.0</ele>
    <name>Bivio dx</name>
  </wpt>
  <wpt lat="45.664342" lon="10.730714">
    <ele>102.0</ele>
    <name>Confluenza</name>
  </wpt>
  <wpt lat="45.666378" lon="10.732265">
    <ele>102.0</ele>
    <name>Attraversamento dritti</name>
  </wpt>
  <wpt lat="45.668546" lon="10.733823">
    <ele>97.0</ele>
    <name>Attraversamento dritti</name>
  </wpt>
  <wpt lat="45.670147" lon="10.735299">
    <ele>101.0</ele>
    <name>Bivio dx</name>
  </wpt>
  <wpt lat="45.683731" lon="10.75191">
    <ele>167.0</ele>
    <name>Incrocio leggermente dx</name>
  </wpt>
  <wpt lat="45.685413" lon="10.753242">
    <ele>172.0</ele>
    <name>Fasor</name>
  </wpt>
  <wpt lat="45.686239" lon="10.754433">
    <ele>185.0</ele>
    <name>Bivio sx</name>
  </wpt>
  <wpt lat="45.692551" lon="10.758229">
    <ele>189.0</ele>
    <name>Bivio dx</name>
  </wpt>
  <wpt lat="45.696737" lon="10.764184">
    <ele>239.0</ele>
    <name>Campo</name>
  </wpt>
  <wpt lat="45.698318" lon="10.76393">
    <ele>233.0</ele>
    <name>Bivio sx</name>
  </wpt>
  <wpt lat="45.701353" lon="10.764938">
    <ele>191.0</ele>
    <name>Bivio dx</name>
  </wpt>
  <wpt lat="45.706982" lon="10.767154">
    <ele>97.0</ele>
    <name>Bivio dx</name>
  </wpt>
  <wpt lat="45.709665" lon="10.770276">
    <ele>124.0</ele>
    <name>Bivio sx</name>
  </wpt>
  <wpt lat="45.71252" lon="10.772149">
    <ele>130.0</ele>
    <name>Boccino</name>
  </wpt>
  <wpt lat="45.716323" lon="10.776448">
    <ele>161.0</ele>
    <name>Castello</name>
  </wpt>
  <wpt lat="45.720024" lon="10.780869">
    <ele>123.0</ele>
    <name>Borago</name>
  </wpt>
  <wpt lat="45.724578" lon="10.785484">
    <ele>129.0</ele>
    <name>Pozzo</name>
  </wpt>
  <wpt lat="45.726132" lon="10.785955">
    <ele>145.0</ele>
    <name>Sommavilla</name>
  </wpt>
  <wpt lat="45.727171" lon="10.785807">
    <ele>142.0</ele>
    <name>Bivio leggermente dx</name>
  </wpt>
  <wpt lat="45.732639" lon="10.788422">
    <ele>91.0</ele>
    <name>Bivio sx</name>
  </wpt>
  <wpt lat="45.734019" lon="10.789391">
    <ele>84.0</ele>
    <name>Cassone</name>
  </wpt>
  <wpt lat="45.749632" lon="10.797655">
    <ele>81.0</ele>
    <name>Bivio dx</name>
  </wpt>
  <wpt lat="45.750664" lon="10.798274">
    <ele>90.0</ele>
    <name>Bivio sx</name>
  </wpt>
  <wpt lat="45.763516" lon="10.806889">
    <ele>75.0</ele>
    <name>Malcesine</name>
  </wpt>
  <wpt lat="45.763857" lon="10.809866">
    <ele>94.0</ele>
    <name>Malcesine</name>
  </wpt>
  <trk>
    <name>Ottava tappa</name>
    <trkseg>
      <trkpt lat="45.608313" lon="10.685507">
        <ele>115.0</ele>
      </trkpt>
      <trkpt lat="45.608403" lon="10.685507">
        <ele>115.0</ele>
      </trkpt>
      <trkpt lat="45.608483" lon="10.685436">
        <ele>115.0</ele>
      </trkpt>
      <trkpt lat="45.608528" lon="10.685313">
        <ele>115.0</ele>
      </trkpt>
      <trkpt lat="45.608596" lon="10.68511">
        <ele>114.0</ele>
      </trkpt>
      <trkpt lat="45.608708" lon="10.685148">
        <ele>115.0</ele>
      </trkpt>
      <trkpt lat="45.60886" lon="10.685294">
        <ele>118.0</ele>
      </trkpt>
      <trkpt lat="45.608961" lon="10.685278">
        <ele>117.0</ele>
      </trkpt>
      <trkpt lat="45.609056" lon="10.685311">
        <ele>116.0</ele>
      </trkpt>
      <trkpt lat="45.609152" lon="10.685331">
        <ele>115.0</ele>
      </trkpt>
      <trkpt lat="45.609244" lon="10.685378">
        <ele>115.0</ele>
      </trkpt>
      <trkpt lat="45.609345" lon="10.6854">
        <ele>115.0</ele>
      </trkpt>
      <trkpt lat="45.609448" lon="10.68542">
        <ele>116.0</ele>
      </trkpt>
      <trkpt lat="45.609545" lon="10.685423">
        <ele>115.0</ele>
      </trkpt>
      <trkpt lat="45.609628" lon="10.685477">
        <ele>115.0</ele>
      </trkpt>
      <trkpt lat="45.609725" lon="10.685518">
        <ele>115.0</ele>
      </trkpt>
      <trkpt lat="45.609816" lon="10.685526">
        <ele>115.0</ele>
      </trkpt>
      <trkpt lat="45.609913" lon="10.68556">
        <ele>115.0</ele>
      </trkpt>
      <trkpt lat="45.610003" lon="10.685588">
        <ele>115.0</ele>
      </trkpt>
      <trkpt lat="45.610016" lon="10.685719">
        <ele>118.0</ele>
      </trkpt>
      <trkpt lat="45.610051" lon="10.685848">
        <ele>119.0</ele>
      </trkpt>
      <trkpt lat="45.610011" lon="10.685981">
        <ele>119.0</ele>
      </trkpt>
      <trkpt lat="45.609956" lon="10.686133">
        <ele>119.0</ele>
      </trkpt>
      <trkpt lat="45.609944" lon="10.686274">
        <ele>120.0</ele>
      </trkpt>
      <trkpt lat="45.610026" lon="10.686335">
        <ele>120.0</ele>
      </trkpt>
      <trkpt lat="45.610037" lon="10.686474">
        <ele>121.0</ele>
      </trkpt>
      <trkpt lat="45.610048" lon="10.686608">
        <ele>121.0</ele>
      </trkpt>
      <trkpt lat="45.610021" lon="10.686732">
        <ele>121.0</ele>
      </trkpt>
      <trkpt lat="45.610058" lon="10.686861">
        <ele>120.0</ele>
      </trkpt>
      <trkpt lat="45.610056" lon="10.686993">
        <ele>120.0</ele>
      </trkpt>
      <trkpt lat="45.610053" lon="10.687134">
        <ele>120.0</ele>
      </trkpt>
      <trkpt lat="45.610046" lon="10.687264">
        <ele>120.0</ele>
      </trkpt>
      <trkpt lat="45.610031" lon="10.687394">
        <ele>120.0</ele>
      </trkpt>
      <trkpt lat="45.610008" lon="10.687519">
        <ele>120.0</ele>
      </trkpt>
      <trkpt lat="45.610005" lon="10.687654">
        <ele>119.0</ele>
      </trkpt>
      <trkpt lat="45.610011" lon="10.687793">
        <ele>118.0</ele>
      </trkpt>
      <trkpt lat="45.610038" lon="10.687962">
        <ele>119.0</ele>
      </trkpt>
      <trkpt lat="45.610016" lon="10.688087">
        <ele>119.0</ele>
      </trkpt>
      <trkpt lat="45.60998" lon="10.688211">
        <ele>119.0</ele>
      </trkpt>
      <trkpt lat="45.610002" lon="10.688342">
        <ele>119.0</ele>
      </trkpt>
      <trkpt lat="45.60999" lon="10.688481">
        <ele>119.0</ele>
      </trkpt>
      <trkpt lat="45.609964" lon="10.688614">
        <ele>120.0</ele>
      </trkpt>
      <trkpt lat="45.609955" lon="10.688755">
        <ele>121.0</ele>
      </trkpt>
      <trkpt lat="45.609953" lon="10.688887">
        <ele>122.0</ele>
      </trkpt>
      <trkpt lat="45.609902" lon="10.689007">
        <ele>123.0</ele>
      </trkpt>
      <trkpt lat="45.609875" lon="10.689148">
        <ele>123.0</ele>
      </trkpt>
      <trkpt lat="45.609823" lon="10.689281">
        <ele>123.0</ele>
      </trkpt>
      <trkpt lat="45.609794" lon="10.68941">
        <ele>124.0</ele>
      </trkpt>
      <trkpt lat="45.609776" lon="10.689552">
        <ele>124.0</ele>
      </trkpt>
      <trkpt lat="45.609762" lon="10.689689">
        <ele>125.0</ele>
      </trkpt>
      <trkpt lat="45.609787" lon="10.689815">
        <ele>125.0</ele>
      </trkpt>
      <trkpt lat="45.609792" lon="10.689952">
        <ele>126.0</ele>
      </trkpt>
      <trkpt lat="45.609843" lon="10.690071">
        <ele>127.0</ele>
      </trkpt>
      <trkpt lat="45.609883" lon="10.690194">
        <ele>129.0</ele>
      </trkpt>
      <trkpt lat="45.609906" lon="10.690415">
        <ele>136.0</ele>
      </trkpt>
      <trkpt lat="45.609885" lon="10.690555">
        <ele>135.0</ele>
      </trkpt>
      <trkpt lat="45.609893" lon="10.690688">
        <ele>135.0</ele>
      </trkpt>
      <trkpt lat="45.609857" lon="10.690826">
        <ele>134.0</ele>
      </trkpt>
      <trkpt lat="45.609794" lon="10.691076">
        <ele>134.0</ele>
      </trkpt>
      <trkpt lat="45.60972" lon="10.691156">
        <ele>135.0</ele>
      </trkpt>
      <trkpt lat="45.609683" lon="10.691285">
        <ele>136.0</ele>
      </trkpt>
      <trkpt lat="45.609646" lon="10.69141">
        <ele>136.0</ele>
      </trkpt>
      <trkpt lat="45.609609" lon="10.691529">
        <ele>137.0</ele>
      </trkpt>
      <trkpt lat="45.609589" lon="10.691666">
        <ele>137.0</ele>
      </trkpt>
      <trkpt lat="45.60964" lon="10.691778">
        <ele>137.0</ele>
      </trkpt>
      <trkpt lat="45.609725" lon="10.691849">
        <ele>138.0</ele>
      </trkpt>
      <trkpt lat="45.609818" lon="10.69195">
        <ele>139.0</ele>
      </trkpt>
      <trkpt lat="45.609859" lon="10.692072">
        <ele>140.0</ele>
      </trkpt>
      <trkpt lat="45.609932" lon="10.69219">
        <ele>141.0</ele>
      </trkpt>
      <trkpt lat="45.609981" lon="10.692308">
        <ele>143.0</ele>
      </trkpt>
      <trkpt lat="45.610046" lon="10.692398">
        <ele>147.0</ele>
      </trkpt>
      <trkpt lat="45.610147" lon="10.692455">
        <ele>149.0</ele>
      </trkpt>
      <trkpt lat="45.610244" lon="10.692509">
        <ele>151.0</ele>
      </trkpt>
      <trkpt lat="45.610327" lon="10.692561">
        <ele>152.0</ele>
      </trkpt>
      <trkpt lat="45.610348" lon="10.692723">
        <ele>154.0</ele>
      </trkpt>
      <trkpt lat="45.610286" lon="10.692844">
        <ele>155.0</ele>
      </trkpt>
      <trkpt lat="45.610226" lon="10.692947">
        <ele>156.0</ele>
      </trkpt>
      <trkpt lat="45.610211" lon="10.69308">
        <ele>162.0</ele>
      </trkpt>
      <trkpt lat="45.610197" lon="10.693219">
        <ele>163.0</ele>
      </trkpt>
      <trkpt lat="45.610266" lon="10.693335">
        <ele>165.0</ele>
      </trkpt>
      <trkpt lat="45.610304" lon="10.693454">
        <ele>166.0</ele>
      </trkpt>
      <trkpt lat="45.610343" lon="10.693578">
        <ele>167.0</ele>
      </trkpt>
      <trkpt lat="45.610398" lon="10.693685">
        <ele>169.0</ele>
      </trkpt>
      <trkpt lat="45.61047" lon="10.693786">
        <ele>170.0</ele>
      </trkpt>
      <trkpt lat="45.610531" lon="10.693883">
        <ele>173.0</ele>
      </trkpt>
      <trkpt lat="45.610562" lon="10.69402">
        <ele>174.0</ele>
      </trkpt>
      <trkpt lat="45.610508" lon="10.694165">
        <ele>177.0</ele>
      </trkpt>
      <trkpt lat="45.610493" lon="10.694294">
        <ele>179.0</ele>
      </trkpt>
      <trkpt lat="45.610418" lon="10.694393">
        <ele>181.0</ele>
      </trkpt>
      <trkpt lat="45.610335" lon="10.694458">
        <ele>183.0</ele>
      </trkpt>
      <trkpt lat="45.610294" lon="10.694588">
        <ele>184.0</ele>
      </trkpt>
      <trkpt lat="45.610351" lon="10.69469">
        <ele>186.0</ele>
      </trkpt>
      <trkpt lat="45.610424" lon="10.694773">
        <ele>188.0</ele>
      </trkpt>
      <trkpt lat="45.61052" lon="10.694794">
        <ele>190.0</ele>
      </trkpt>
      <trkpt lat="45.610617" lon="10.694792">
        <ele>190.0</ele>
      </trkpt>
      <trkpt lat="45.610711" lon="10.69479">
        <ele>192.0</ele>
      </trkpt>
      <trkpt lat="45.610804" lon="10.694781">
        <ele>192.0</ele>
      </trkpt>
      <trkpt lat="45.610899" lon="10.69477">
        <ele>192.0</ele>
      </trkpt>
      <trkpt lat="45.610996" lon="10.694766">
        <ele>192.0</ele>
      </trkpt>
      <trkpt lat="45.611084" lon="10.694728">
        <ele>193.0</ele>
      </trkpt>
      <trkpt lat="45.611176" lon="10.694691">
        <ele>193.0</ele>
      </trkpt>
      <trkpt lat="45.611255" lon="10.694622">
        <ele>193.0</ele>
      </trkpt>
      <trkpt lat="45.611345" lon="10.694557">
        <ele>192.0</ele>
      </trkpt>
      <trkpt lat="45.611445" lon="10.694551">
        <ele>192.0</ele>
      </trkpt>
      <trkpt lat="45.611545" lon="10.694611">
        <ele>192.0</ele>
      </trkpt>
      <trkpt lat="45.611637" lon="10.694645">
        <ele>192.0</ele>
      </trkpt>
      <trkpt lat="45.611726" lon="10.694678">
        <ele>192.0</ele>
      </trkpt>
      <trkpt lat="45.611821" lon="10.694739">
        <ele>191.0</ele>
      </trkpt>
      <trkpt lat="45.611915" lon="10.694796">
        <ele>191.0</ele>
      </trkpt>
      <trkpt lat="45.612004" lon="10.694827">
        <ele>191.0</ele>
      </trkpt>
      <trkpt lat="45.61209" lon="10.694869">
        <ele>190.0</ele>
      </trkpt>
      <trkpt lat="45.612254" lon="10.694913">
        <ele>190.0</ele>
      </trkpt>
      <trkpt lat="45.612357" lon="10.694991">
        <ele>189.0</ele>
      </trkpt>
      <trkpt lat="45.61235" lon="10.695171">
        <ele>189.0</ele>
      </trkpt>
      <trkpt lat="45.612438" lon="10.695245">
        <ele>189.0</ele>
      </trkpt>
      <trkpt lat="45.612537" lon="10.695273">
        <ele>188.0</ele>
      </trkpt>
      <trkpt lat="45.61263" lon="10.695253">
        <ele>188.0</ele>
      </trkpt>
      <trkpt lat="45.612732" lon="10.695227">
        <ele>188.0</ele>
      </trkpt>
      <trkpt lat="45.612836" lon="10.695221">
        <ele>188.0</ele>
      </trkpt>
      <trkpt lat="45.612954" lon="10.695252">
        <ele>188.0</ele>
      </trkpt>
      <trkpt lat="45.613043" lon="10.695298">
        <ele>188.0</ele>
      </trkpt>
      <trkpt lat="45.613123" lon="10.695382">
        <ele>188.0</ele>
      </trkpt>
      <trkpt lat="45.613206" lon="10.695434">
        <ele>188.0</ele>
      </trkpt>
      <trkpt lat="45.613295" lon="10.69546">
        <ele>188.0</ele>
      </trkpt>
      <trkpt lat="45.613381" lon="10.695513">
        <ele>188.0</ele>
      </trkpt>
      <trkpt lat="45.613469" lon="10.695561">
        <ele>188.0</ele>
      </trkpt>
      <trkpt lat="45.61355" lon="10.695637">
        <ele>188.0</ele>
      </trkpt>
      <trkpt lat="45.613711" lon="10.695763">
        <ele>187.0</ele>
      </trkpt>
      <trkpt lat="45.613804" lon="10.695844">
        <ele>188.0</ele>
      </trkpt>
      <trkpt lat="45.613892" lon="10.695905">
        <ele>188.0</ele>
      </trkpt>
      <trkpt lat="45.613987" lon="10.695972">
        <ele>188.0</ele>
      </trkpt>
      <trkpt lat="45.614074" lon="10.696013">
        <ele>189.0</ele>
      </trkpt>
      <trkpt lat="45.614166" lon="10.696062">
        <ele>191.0</ele>
      </trkpt>
      <trkpt lat="45.61425" lon="10.696283">
        <ele>195.0</ele>
      </trkpt>
      <trkpt lat="45.614288" lon="10.696403">
        <ele>195.0</ele>
      </trkpt>
      <trkpt lat="45.61433" lon="10.696534">
        <ele>196.0</ele>
      </trkpt>
      <trkpt lat="45.61438" lon="10.696651">
        <ele>198.0</ele>
      </trkpt>
      <trkpt lat="45.614405" lon="10.696779">
        <ele>198.0</ele>
      </trkpt>
      <trkpt lat="45.614456" lon="10.696901">
        <ele>200.0</ele>
      </trkpt>
      <trkpt lat="45.614513" lon="10.69701">
        <ele>202.0</ele>
      </trkpt>
      <trkpt lat="45.61457" lon="10.697129">
        <ele>204.0</ele>
      </trkpt>
      <trkpt lat="45.614619" lon="10.697243">
        <ele>206.0</ele>
      </trkpt>
      <trkpt lat="45.614669" lon="10.697364">
        <ele>208.0</ele>
      </trkpt>
      <trkpt lat="45.614728" lon="10.697466">
        <ele>209.0</ele>
      </trkpt>
      <trkpt lat="45.614811" lon="10.697577">
        <ele>211.0</ele>
      </trkpt>
      <trkpt lat="45.614886" lon="10.697663">
        <ele>212.0</ele>
      </trkpt>
      <trkpt lat="45.614959" lon="10.69775">
        <ele>213.0</ele>
      </trkpt>
      <trkpt lat="45.615011" lon="10.697866">
        <ele>215.0</ele>
      </trkpt>
      <trkpt lat="45.61497" lon="10.697991">
        <ele>217.0</ele>
      </trkpt>
      <trkpt lat="45.615052" lon="10.698061">
        <ele>219.0</ele>
      </trkpt>
      <trkpt lat="45.615144" lon="10.698077">
        <ele>221.0</ele>
      </trkpt>
      <trkpt lat="45.615248" lon="10.698065">
        <ele>223.0</ele>
      </trkpt>
      <trkpt lat="45.615346" lon="10.698074">
        <ele>224.0</ele>
      </trkpt>
      <trkpt lat="45.615437" lon="10.698031">
        <ele>226.0</ele>
      </trkpt>
      <trkpt lat="45.615523" lon="10.697979">
        <ele>226.0</ele>
      </trkpt>
      <trkpt lat="45.615614" lon="10.697966">
        <ele>226.0</ele>
      </trkpt>
      <trkpt lat="45.61571" lon="10.697959">
        <ele>226.0</ele>
      </trkpt>
      <trkpt lat="45.61581" lon="10.697944">
        <ele>226.0</ele>
      </trkpt>
      <trkpt lat="45.615901" lon="10.697977">
        <ele>226.0</ele>
      </trkpt>
      <trkpt lat="45.616073" lon="10.698061">
        <ele>225.0</ele>
      </trkpt>
      <trkpt lat="45.616162" lon="10.698091">
        <ele>225.0</ele>
      </trkpt>
      <trkpt lat="45.616236" lon="10.698166">
        <ele>225.0</ele>
      </trkpt>
      <trkpt lat="45.616327" lon="10.698222">
        <ele>225.0</ele>
      </trkpt>
      <trkpt lat="45.616425" lon="10.698273">
        <ele>224.0</ele>
      </trkpt>
      <trkpt lat="45.61652" lon="10.698268">
        <ele>224.0</ele>
      </trkpt>
      <trkpt lat="45.61661" lon="10.698227">
        <ele>223.0</ele>
      </trkpt>
      <trkpt lat="45.616704" lon="10.69825">
        <ele>222.0</ele>
      </trkpt>
      <trkpt lat="45.616819" lon="10.698265">
        <ele>221.0</ele>
      </trkpt>
      <trkpt lat="45.616912" lon="10.698308">
        <ele>221.0</ele>
      </trkpt>
      <trkpt lat="45.617" lon="10.698354">
        <ele>220.0</ele>
      </trkpt>
      <trkpt lat="45.61709" lon="10.698432">
        <ele>220.0</ele>
      </trkpt>
      <trkpt lat="45.617177" lon="10.698534">
        <ele>220.0</ele>
      </trkpt>
      <trkpt lat="45.617248" lon="10.698634">
        <ele>220.0</ele>
      </trkpt>
      <trkpt lat="45.617331" lon="10.698711">
        <ele>220.0</ele>
      </trkpt>
      <trkpt lat="45.617421" lon="10.698769">
        <ele>219.0</ele>
      </trkpt>
      <trkpt lat="45.617508" lon="10.69883">
        <ele>220.0</ele>
      </trkpt>
      <trkpt lat="45.617591" lon="10.698893">
        <ele>220.0</ele>
      </trkpt>
      <trkpt lat="45.61769" lon="10.698992">
        <ele>220.0</ele>
      </trkpt>
      <trkpt lat="45.617753" lon="10.699112">
        <ele>219.0</ele>
      </trkpt>
      <trkpt lat="45.617775" lon="10.699251">
        <ele>219.0</ele>
      </trkpt>
      <trkpt lat="45.617832" lon="10.699369">
        <ele>220.0</ele>
      </trkpt>
      <trkpt lat="45.618002" lon="10.699438">
        <ele>220.0</ele>
      </trkpt>
      <trkpt lat="45.618091" lon="10.699399">
        <ele>221.0</ele>
      </trkpt>
      <trkpt lat="45.618188" lon="10.699408">
        <ele>221.0</ele>
      </trkpt>
      <trkpt lat="45.61828" lon="10.699391">
        <ele>221.0</ele>
      </trkpt>
      <trkpt lat="45.618365" lon="10.69945">
        <ele>221.0</ele>
      </trkpt>
      <trkpt lat="45.618463" lon="10.699485">
        <ele>221.0</ele>
      </trkpt>
      <trkpt lat="45.618565" lon="10.699506">
        <ele>221.0</ele>
      </trkpt>
      <trkpt lat="45.618658" lon="10.69954">
        <ele>222.0</ele>
      </trkpt>
      <trkpt lat="45.618748" lon="10.699573">
        <ele>222.0</ele>
      </trkpt>
      <trkpt lat="45.618841" lon="10.699626">
        <ele>223.0</ele>
      </trkpt>
      <trkpt lat="45.61893" lon="10.699672">
        <ele>223.0</ele>
      </trkpt>
      <trkpt lat="45.6191" lon="10.699773">
        <ele>224.0</ele>
      </trkpt>
      <trkpt lat="45.619177" lon="10.699865">
        <ele>225.0</ele>
      </trkpt>
      <trkpt lat="45.619242" lon="10.699979">
        <ele>226.0</ele>
      </trkpt>
      <trkpt lat="45.619302" lon="10.700086">
        <ele>226.0</ele>
      </trkpt>
      <trkpt lat="45.619384" lon="10.700161">
        <ele>226.0</ele>
      </trkpt>
      <trkpt lat="45.61948" lon="10.700121">
        <ele>225.0</ele>
      </trkpt>
      <trkpt lat="45.619573" lon="10.700084">
        <ele>224.0</ele>
      </trkpt>
      <trkpt lat="45.619657" lon="10.700139">
        <ele>225.0</ele>
      </trkpt>
      <trkpt lat="45.619746" lon="10.700201">
        <ele>226.0</ele>
      </trkpt>
      <trkpt lat="45.619837" lon="10.700271">
        <ele>226.0</ele>
      </trkpt>
      <trkpt lat="45.619913" lon="10.70035">
        <ele>226.0</ele>
      </trkpt>
      <trkpt lat="45.62" lon="10.700405">
        <ele>228.0</ele>
      </trkpt>
      <trkpt lat="45.620087" lon="10.70047">
        <ele>228.0</ele>
      </trkpt>
      <trkpt lat="45.620172" lon="10.700529">
        <ele>229.0</ele>
      </trkpt>
      <trkpt lat="45.620258" lon="10.700601">
        <ele>229.0</ele>
      </trkpt>
      <trkpt lat="45.620338" lon="10.700696">
        <ele>229.0</ele>
      </trkpt>
      <trkpt lat="45.620406" lon="10.700798">
        <ele>230.0</ele>
      </trkpt>
      <trkpt lat="45.620499" lon="10.700822">
        <ele>231.0</ele>
      </trkpt>
      <trkpt lat="45.620584" lon="10.700887">
        <ele>231.0</ele>
      </trkpt>
      <trkpt lat="45.620675" lon="10.700938">
        <ele>231.0</ele>
      </trkpt>
      <trkpt lat="45.620771" lon="10.700933">
        <ele>230.0</ele>
      </trkpt>
      <trkpt lat="45.620862" lon="10.700977">
        <ele>231.0</ele>
      </trkpt>
      <trkpt lat="45.620971" lon="10.700994">
        <ele>232.0</ele>
      </trkpt>
      <trkpt lat="45.62106" lon="10.701026">
        <ele>233.0</ele>
      </trkpt>
      <trkpt lat="45.621148" lon="10.701093">
        <ele>234.0</ele>
      </trkpt>
      <trkpt lat="45.621238" lon="10.701141">
        <ele>234.0</ele>
      </trkpt>
      <trkpt lat="45.621328" lon="10.701189">
        <ele>235.0</ele>
      </trkpt>
      <trkpt lat="45.621406" lon="10.701255">
        <ele>237.0</ele>
      </trkpt>
      <trkpt lat="45.621485" lon="10.70133">
        <ele>238.0</ele>
      </trkpt>
      <trkpt lat="45.621565" lon="10.70142">
        <ele>239.0</ele>
      </trkpt>
      <trkpt lat="45.621646" lon="10.701515">
        <ele>240.0</ele>
      </trkpt>
      <trkpt lat="45.621705" lon="10.701653">
        <ele>241.0</ele>
      </trkpt>
      <trkpt lat="45.621772" lon="10.70175">
        <ele>241.0</ele>
      </trkpt>
      <trkpt lat="45.621863" lon="10.70177">
        <ele>240.0</ele>
      </trkpt>
      <trkpt lat="45.621952" lon="10.701726">
        <ele>240.0</ele>
      </trkpt>
      <trkpt lat="45.622044" lon="10.701687">
        <ele>239.0</ele>
      </trkpt>
      <trkpt lat="45.622115" lon="10.701592">
        <ele>239.0</ele>
      </trkpt>
      <trkpt lat="45.622205" lon="10.701607">
        <ele>239.0</ele>
      </trkpt>
      <trkpt lat="45.622299" lon="10.70164">
        <ele>241.0</ele>
      </trkpt>
      <trkpt lat="45.622393" lon="10.701674">
        <ele>242.0</ele>
      </trkpt>
      <trkpt lat="45.622481" lon="10.701708">
        <ele>242.0</ele>
      </trkpt>
      <trkpt lat="45.622575" lon="10.701751">
        <ele>243.0</ele>
      </trkpt>
      <trkpt lat="45.622659" lon="10.701817">
        <ele>243.0</ele>
      </trkpt>
      <trkpt lat="45.62275" lon="10.70186">
        <ele>242.0</ele>
      </trkpt>
      <trkpt lat="45.622842" lon="10.701912">
        <ele>241.0</ele>
      </trkpt>
      <trkpt lat="45.622918" lon="10.702011">
        <ele>241.0</ele>
      </trkpt>
      <trkpt lat="45.622998" lon="10.702084">
        <ele>241.0</ele>
      </trkpt>
      <trkpt lat="45.623091" lon="10.702117">
        <ele>241.0</ele>
      </trkpt>
      <trkpt lat="45.623192" lon="10.702163">
        <ele>241.0</ele>
      </trkpt>
      <trkpt lat="45.623279" lon="10.7022">
        <ele>242.0</ele>
      </trkpt>
      <trkpt lat="45.623376" lon="10.702263">
        <ele>241.0</ele>
      </trkpt>
      <trkpt lat="45.623469" lon="10.702341">
        <ele>242.0</ele>
      </trkpt>
      <trkpt lat="45.623547" lon="10.702417">
        <ele>242.0</ele>
      </trkpt>
      <trkpt lat="45.623629" lon="10.702513">
        <ele>242.0</ele>
      </trkpt>
      <trkpt lat="45.623702" lon="10.702589">
        <ele>243.0</ele>
      </trkpt>
      <trkpt lat="45.623789" lon="10.702631">
        <ele>243.0</ele>
      </trkpt>
      <trkpt lat="45.623888" lon="10.702693">
        <ele>244.0</ele>
      </trkpt>
      <trkpt lat="45.623973" lon="10.702746">
        <ele>244.0</ele>
      </trkpt>
      <trkpt lat="45.62405" lon="10.702828">
        <ele>244.0</ele>
      </trkpt>
      <trkpt lat="45.624123" lon="10.702922">
        <ele>245.0</ele>
      </trkpt>
      <trkpt lat="45.624167" lon="10.703044">
        <ele>245.0</ele>
      </trkpt>
      <trkpt lat="45.624176" lon="10.703174">
        <ele>245.0</ele>
      </trkpt>
      <trkpt lat="45.624215" lon="10.703302">
        <ele>246.0</ele>
      </trkpt>
      <trkpt lat="45.624242" lon="10.70344">
        <ele>246.0</ele>
      </trkpt>
      <trkpt lat="45.624266" lon="10.70357">
        <ele>247.0</ele>
      </trkpt>
      <trkpt lat="45.624321" lon="10.703698">
        <ele>247.0</ele>
      </trkpt>
      <trkpt lat="45.624362" lon="10.703819">
        <ele>248.0</ele>
      </trkpt>
      <trkpt lat="45.624413" lon="10.703949">
        <ele>248.0</ele>
      </trkpt>
      <trkpt lat="45.624433" lon="10.704084">
        <ele>249.0</ele>
      </trkpt>
      <trkpt lat="45.624401" lon="10.704217">
        <ele>249.0</ele>
      </trkpt>
      <trkpt lat="45.624354" lon="10.704327">
        <ele>250.0</ele>
      </trkpt>
      <trkpt lat="45.624415" lon="10.704425">
        <ele>251.0</ele>
      </trkpt>
      <trkpt lat="45.624497" lon="10.704489">
        <ele>251.0</ele>
      </trkpt>
      <trkpt lat="45.624582" lon="10.704537">
        <ele>250.0</ele>
      </trkpt>
      <trkpt lat="45.624681" lon="10.704543">
        <ele>250.0</ele>
      </trkpt>
      <trkpt lat="45.624754" lon="10.70462">
        <ele>255.0</ele>
      </trkpt>
      <trkpt lat="45.624834" lon="10.704696">
        <ele>260.0</ele>
      </trkpt>
      <trkpt lat="45.624885" lon="10.704818">
        <ele>261.0</ele>
      </trkpt>
      <trkpt lat="45.624946" lon="10.704936">
        <ele>265.0</ele>
      </trkpt>
      <trkpt lat="45.62502" lon="10.705017">
        <ele>267.0</ele>
      </trkpt>
      <trkpt lat="45.625108" lon="10.70506">
        <ele>270.0</ele>
      </trkpt>
      <trkpt lat="45.625192" lon="10.705124">
        <ele>272.0</ele>
      </trkpt>
      <trkpt lat="45.625286" lon="10.705128">
        <ele>274.0</ele>
      </trkpt>
      <trkpt lat="45.62538" lon="10.705113">
        <ele>276.0</ele>
      </trkpt>
      <trkpt lat="45.625502" lon="10.70513">
        <ele>278.0</ele>
      </trkpt>
      <trkpt lat="45.625573" lon="10.705224">
        <ele>279.0</ele>
      </trkpt>
      <trkpt lat="45.625652" lon="10.705299">
        <ele>281.0</ele>
      </trkpt>
      <trkpt lat="45.625754" lon="10.705375">
        <ele>282.0</ele>
      </trkpt>
      <trkpt lat="45.625854" lon="10.705349">
        <ele>285.0</ele>
      </trkpt>
      <trkpt lat="45.625952" lon="10.705352">
        <ele>286.0</ele>
      </trkpt>
      <trkpt lat="45.626048" lon="10.705359">
        <ele>287.0</ele>
      </trkpt>
      <trkpt lat="45.626131" lon="10.705411">
        <ele>288.0</ele>
      </trkpt>
      <trkpt lat="45.626226" lon="10.705464">
        <ele>290.0</ele>
      </trkpt>
      <trkpt lat="45.626298" lon="10.705543">
        <ele>291.0</ele>
      </trkpt>
      <trkpt lat="45.626372" lon="10.705619">
        <ele>292.0</ele>
      </trkpt>
      <trkpt lat="45.626398" lon="10.705748">
        <ele>293.0</ele>
      </trkpt>
      <trkpt lat="45.626359" lon="10.705874">
        <ele>294.0</ele>
      </trkpt>
      <trkpt lat="45.626444" lon="10.705926">
        <ele>295.0</ele>
      </trkpt>
      <trkpt lat="45.626535" lon="10.705901">
        <ele>296.0</ele>
      </trkpt>
      <trkpt lat="45.626634" lon="10.705893">
        <ele>296.0</ele>
      </trkpt>
      <trkpt lat="45.626741" lon="10.705963">
        <ele>296.0</ele>
      </trkpt>
      <trkpt lat="45.626849" lon="10.705985">
        <ele>297.0</ele>
      </trkpt>
      <trkpt lat="45.626945" lon="10.706004">
        <ele>298.0</ele>
      </trkpt>
      <trkpt lat="45.627019" lon="10.706084">
        <ele>299.0</ele>
      </trkpt>
      <trkpt lat="45.627057" lon="10.706216">
        <ele>300.0</ele>
      </trkpt>
      <trkpt lat="45.627079" lon="10.706349">
        <ele>301.0</ele>
      </trkpt>
      <trkpt lat="45.627096" lon="10.706486">
        <ele>303.0</ele>
      </trkpt>
      <trkpt lat="45.627103" lon="10.706618">
        <ele>303.0</ele>
      </trkpt>
      <trkpt lat="45.627026" lon="10.706701">
        <ele>304.0</ele>
      </trkpt>
      <trkpt lat="45.627042" lon="10.706831">
        <ele>307.0</ele>
      </trkpt>
      <trkpt lat="45.627137" lon="10.706824">
        <ele>308.0</ele>
      </trkpt>
      <trkpt lat="45.627227" lon="10.706786">
        <ele>309.0</ele>
      </trkpt>
      <trkpt lat="45.627326" lon="10.706833">
        <ele>308.0</ele>
      </trkpt>
      <trkpt lat="45.627401" lon="10.706952">
        <ele>308.0</ele>
      </trkpt>
      <trkpt lat="45.627441" lon="10.707083">
        <ele>308.0</ele>
      </trkpt>
      <trkpt lat="45.627538" lon="10.707106">
        <ele>309.0</ele>
      </trkpt>
      <trkpt lat="45.627637" lon="10.707101">
        <ele>309.0</ele>
      </trkpt>
      <trkpt lat="45.627729" lon="10.707062">
        <ele>309.0</ele>
      </trkpt>
      <trkpt lat="45.627849" lon="10.707093">
        <ele>309.0</ele>
      </trkpt>
      <trkpt lat="45.62795" lon="10.707206">
        <ele>309.0</ele>
      </trkpt>
      <trkpt lat="45.628031" lon="10.707287">
        <ele>310.0</ele>
      </trkpt>
      <trkpt lat="45.628129" lon="10.707276">
        <ele>310.0</ele>
      </trkpt>
      <trkpt lat="45.62823" lon="10.707279">
        <ele>310.0</ele>
      </trkpt>
      <trkpt lat="45.628324" lon="10.707271">
        <ele>310.0</ele>
      </trkpt>
      <trkpt lat="45.628415" lon="10.707326">
        <ele>310.0</ele>
      </trkpt>
      <trkpt lat="45.628504" lon="10.707415">
        <ele>311.0</ele>
      </trkpt>
      <trkpt lat="45.628594" lon="10.707501">
        <ele>311.0</ele>
      </trkpt>
      <trkpt lat="45.628673" lon="10.707569">
        <ele>314.0</ele>
      </trkpt>
      <trkpt lat="45.628752" lon="10.707673">
        <ele>314.0</ele>
      </trkpt>
      <trkpt lat="45.628828" lon="10.707759">
        <ele>315.0</ele>
      </trkpt>
      <trkpt lat="45.628953" lon="10.707796">
        <ele>314.0</ele>
      </trkpt>
      <trkpt lat="45.629039" lon="10.707859">
        <ele>315.0</ele>
      </trkpt>
      <trkpt lat="45.629114" lon="10.707947">
        <ele>317.0</ele>
      </trkpt>
      <trkpt lat="45.629201" lon="10.708021">
        <ele>317.0</ele>
      </trkpt>
      <trkpt lat="45.629298" lon="10.708084">
        <ele>318.0</ele>
      </trkpt>
      <trkpt lat="45.629385" lon="10.708158">
        <ele>318.0</ele>
      </trkpt>
      <trkpt lat="45.629444" lon="10.70829">
        <ele>318.0</ele>
      </trkpt>
      <trkpt lat="45.629547" lon="10.70839">
        <ele>319.0</ele>
      </trkpt>
      <trkpt lat="45.629622" lon="10.708465">
        <ele>319.0</ele>
      </trkpt>
      <trkpt lat="45.629729" lon="10.708464">
        <ele>319.0</ele>
      </trkpt>
      <trkpt lat="45.629851" lon="10.708522">
        <ele>319.0</ele>
      </trkpt>
      <trkpt lat="45.629932" lon="10.70859">
        <ele>319.0</ele>
      </trkpt>
      <trkpt lat="45.630039" lon="10.708604">
        <ele>320.0</ele>
      </trkpt>
      <trkpt lat="45.630134" lon="10.708587">
        <ele>320.0</ele>
      </trkpt>
      <trkpt lat="45.630219" lon="10.708679">
        <ele>320.0</ele>
      </trkpt>
      <trkpt lat="45.630277" lon="10.708783">
        <ele>320.0</ele>
      </trkpt>
      <trkpt lat="45.630369" lon="10.708854">
        <ele>320.0</ele>
      </trkpt>
      <trkpt lat="45.630455" lon="10.708903">
        <ele>320.0</ele>
      </trkpt>
      <trkpt lat="45.630506" lon="10.709013">
        <ele>319.0</ele>
      </trkpt>
      <trkpt lat="45.630568" lon="10.709115">
        <ele>319.0</ele>
      </trkpt>
      <trkpt lat="45.630622" lon="10.709253">
        <ele>319.0</ele>
      </trkpt>
      <trkpt lat="45.630704" lon="10.709331">
        <ele>319.0</ele>
      </trkpt>
      <trkpt lat="45.630801" lon="10.709322">
        <ele>318.0</ele>
      </trkpt>
      <trkpt lat="45.630917" lon="10.709336">
        <ele>318.0</ele>
      </trkpt>
      <trkpt lat="45.631001" lon="10.709401">
        <ele>318.0</ele>
      </trkpt>
      <trkpt lat="45.631094" lon="10.709398">
        <ele>318.0</ele>
      </trkpt>
      <trkpt lat="45.631208" lon="10.709424">
        <ele>317.0</ele>
      </trkpt>
      <trkpt lat="45.631289" lon="10.709495">
        <ele>317.0</ele>
      </trkpt>
      <trkpt lat="45.631361" lon="10.709578">
        <ele>317.0</ele>
      </trkpt>
      <trkpt lat="45.63147" lon="10.70964">
        <ele>315.0</ele>
      </trkpt>
      <trkpt lat="45.631565" lon="10.709656">
        <ele>314.0</ele>
      </trkpt>
      <trkpt lat="45.631654" lon="10.709621">
        <ele>312.0</ele>
      </trkpt>
      <trkpt lat="45.631769" lon="10.709676">
        <ele>311.0</ele>
      </trkpt>
      <trkpt lat="45.631866" lon="10.709717">
        <ele>311.0</ele>
      </trkpt>
      <trkpt lat="45.632051" lon="10.709759">
        <ele>312.0</ele>
      </trkpt>
      <trkpt lat="45.632139" lon="10.709806">
        <ele>312.0</ele>
      </trkpt>
      <trkpt lat="45.632228" lon="10.709862">
        <ele>312.0</ele>
      </trkpt>
      <trkpt lat="45.632291" lon="10.709993">
        <ele>311.0</ele>
      </trkpt>
      <trkpt lat="45.632385" lon="10.710015">
        <ele>311.0</ele>
      </trkpt>
      <trkpt lat="45.632477" lon="10.70999">
        <ele>310.0</ele>
      </trkpt>
      <trkpt lat="45.632576" lon="10.709994">
        <ele>311.0</ele>
      </trkpt>
      <trkpt lat="45.632661" lon="10.710064">
        <ele>311.0</ele>
      </trkpt>
      <trkpt lat="45.632702" lon="10.710181">
        <ele>311.0</ele>
      </trkpt>
      <trkpt lat="45.632762" lon="10.710286">
        <ele>311.0</ele>
      </trkpt>
      <trkpt lat="45.632844" lon="10.710384">
        <ele>312.0</ele>
      </trkpt>
      <trkpt lat="45.63294" lon="10.71044">
        <ele>311.0</ele>
      </trkpt>
      <trkpt lat="45.633049" lon="10.710471">
        <ele>311.0</ele>
      </trkpt>
      <trkpt lat="45.63314" lon="10.710513">
        <ele>311.0</ele>
      </trkpt>
      <trkpt lat="45.633228" lon="10.710564">
        <ele>311.0</ele>
      </trkpt>
      <trkpt lat="45.633312" lon="10.710627">
        <ele>311.0</ele>
      </trkpt>
      <trkpt lat="45.633393" lon="10.71069">
        <ele>311.0</ele>
      </trkpt>
      <trkpt lat="45.633481" lon="10.710733">
        <ele>311.0</ele>
      </trkpt>
      <trkpt lat="45.63357" lon="10.710783">
        <ele>312.0</ele>
      </trkpt>
      <trkpt lat="45.633658" lon="10.710833">
        <ele>313.0</ele>
      </trkpt>
      <trkpt lat="45.633762" lon="10.710791">
        <ele>314.0</ele>
      </trkpt>
      <trkpt lat="45.633858" lon="10.710786">
        <ele>314.0</ele>
      </trkpt>
      <trkpt lat="45.633948" lon="10.710812">
        <ele>314.0</ele>
      </trkpt>
      <trkpt lat="45.634037" lon="10.710841">
        <ele>315.0</ele>
      </trkpt>
      <trkpt lat="45.634127" lon="10.710904">
        <ele>315.0</ele>
      </trkpt>
      <trkpt lat="45.634219" lon="10.71095">
        <ele>314.0</ele>
      </trkpt>
      <trkpt lat="45.634307" lon="10.711026">
        <ele>314.0</ele>
      </trkpt>
      <trkpt lat="45.634405" lon="10.711063">
        <ele>313.0</ele>
      </trkpt>
      <trkpt lat="45.634486" lon="10.711133">
        <ele>312.0</ele>
      </trkpt>
      <trkpt lat="45.634565" lon="10.7112">
        <ele>311.0</ele>
      </trkpt>
      <trkpt lat="45.634659" lon="10.711231">
        <ele>311.0</ele>
      </trkpt>
      <trkpt lat="45.634841" lon="10.711263">
        <ele>309.0</ele>
      </trkpt>
      <trkpt lat="45.634942" lon="10.711261">
        <ele>307.0</ele>
      </trkpt>
      <trkpt lat="45.635036" lon="10.711286">
        <ele>304.0</ele>
      </trkpt>
      <trkpt lat="45.635035" lon="10.711419">
        <ele>304.0</ele>
      </trkpt>
      <trkpt lat="45.635091" lon="10.711528">
        <ele>304.0</ele>
      </trkpt>
      <trkpt lat="45.635183" lon="10.711578">
        <ele>304.0</ele>
      </trkpt>
      <trkpt lat="45.635282" lon="10.711593">
        <ele>304.0</ele>
      </trkpt>
      <trkpt lat="45.635383" lon="10.711618">
        <ele>304.0</ele>
      </trkpt>
      <trkpt lat="45.635478" lon="10.711645">
        <ele>305.0</ele>
      </trkpt>
      <trkpt lat="45.635583" lon="10.711683">
        <ele>305.0</ele>
      </trkpt>
      <trkpt lat="45.635683" lon="10.711728">
        <ele>306.0</ele>
      </trkpt>
      <trkpt lat="45.635813" lon="10.711789">
        <ele>306.0</ele>
      </trkpt>
      <trkpt lat="45.635878" lon="10.712008">
        <ele>307.0</ele>
      </trkpt>
      <trkpt lat="45.635927" lon="10.712148">
        <ele>308.0</ele>
      </trkpt>
      <trkpt lat="45.635909" lon="10.712302">
        <ele>311.0</ele>
      </trkpt>
      <trkpt lat="45.635929" lon="10.712138">
        <ele>312.0</ele>
      </trkpt>
      <trkpt lat="45.635877" lon="10.712005">
        <ele>312.0</ele>
      </trkpt>
      <trkpt lat="45.635813" lon="10.711786">
        <ele>312.0</ele>
      </trkpt>
      <trkpt lat="45.635909" lon="10.711834">
        <ele>311.0</ele>
      </trkpt>
      <trkpt lat="45.636019" lon="10.711852">
        <ele>310.0</ele>
      </trkpt>
      <trkpt lat="45.636102" lon="10.711937">
        <ele>309.0</ele>
      </trkpt>
      <trkpt lat="45.636189" lon="10.712006">
        <ele>308.0</ele>
      </trkpt>
      <trkpt lat="45.63626" lon="10.712095">
        <ele>308.0</ele>
      </trkpt>
      <trkpt lat="45.636344" lon="10.712173">
        <ele>308.0</ele>
      </trkpt>
      <trkpt lat="45.636414" lon="10.712269">
        <ele>308.0</ele>
      </trkpt>
      <trkpt lat="45.636507" lon="10.712227">
        <ele>308.0</ele>
      </trkpt>
      <trkpt lat="45.636586" lon="10.712147">
        <ele>307.0</ele>
      </trkpt>
      <trkpt lat="45.636706" lon="10.712112">
        <ele>306.0</ele>
      </trkpt>
      <trkpt lat="45.636798" lon="10.71207">
        <ele>305.0</ele>
      </trkpt>
      <trkpt lat="45.636887" lon="10.71211">
        <ele>305.0</ele>
      </trkpt>
      <trkpt lat="45.636971" lon="10.712157">
        <ele>305.0</ele>
      </trkpt>
      <trkpt lat="45.637063" lon="10.712213">
        <ele>304.0</ele>
      </trkpt>
      <trkpt lat="45.637157" lon="10.712186">
        <ele>303.0</ele>
      </trkpt>
      <trkpt lat="45.637261" lon="10.712122">
        <ele>302.0</ele>
      </trkpt>
      <trkpt lat="45.637335" lon="10.712042">
        <ele>300.0</ele>
      </trkpt>
      <trkpt lat="45.637427" lon="10.712033">
        <ele>299.0</ele>
      </trkpt>
      <trkpt lat="45.637518" lon="10.712105">
        <ele>298.0</ele>
      </trkpt>
      <trkpt lat="45.637573" lon="10.71221">
        <ele>298.0</ele>
      </trkpt>
      <trkpt lat="45.63765" lon="10.712293">
        <ele>297.0</ele>
      </trkpt>
      <trkpt lat="45.637705" lon="10.712409">
        <ele>296.0</ele>
      </trkpt>
      <trkpt lat="45.637794" lon="10.712389">
        <ele>295.0</ele>
      </trkpt>
      <trkpt lat="45.63786" lon="10.712297">
        <ele>293.0</ele>
      </trkpt>
      <trkpt lat="45.63795" lon="10.712273">
        <ele>292.0</ele>
      </trkpt>
      <trkpt lat="45.638045" lon="10.712245">
        <ele>291.0</ele>
      </trkpt>
      <trkpt lat="45.638139" lon="10.712252">
        <ele>290.0</ele>
      </trkpt>
      <trkpt lat="45.638257" lon="10.712271">
        <ele>289.0</ele>
      </trkpt>
      <trkpt lat="45.638353" lon="10.712287">
        <ele>289.0</ele>
      </trkpt>
      <trkpt lat="45.638445" lon="10.712313">
        <ele>287.0</ele>
      </trkpt>
      <trkpt lat="45.638535" lon="10.712348">
        <ele>283.0</ele>
      </trkpt>
      <trkpt lat="45.638598" lon="10.712246">
        <ele>279.0</ele>
      </trkpt>
      <trkpt lat="45.638617" lon="10.712105">
        <ele>277.0</ele>
      </trkpt>
      <trkpt lat="45.638673" lon="10.711992">
        <ele>275.0</ele>
      </trkpt>
      <trkpt lat="45.638764" lon="10.711947">
        <ele>271.0</ele>
      </trkpt>
      <trkpt lat="45.638892" lon="10.711975">
        <ele>271.0</ele>
      </trkpt>
      <trkpt lat="45.63898" lon="10.711933">
        <ele>270.0</ele>
      </trkpt>
      <trkpt lat="45.639009" lon="10.711807">
        <ele>270.0</ele>
      </trkpt>
      <trkpt lat="45.639104" lon="10.7118">
        <ele>268.0</ele>
      </trkpt>
      <trkpt lat="45.639176" lon="10.711701">
        <ele>267.0</ele>
      </trkpt>
      <trkpt lat="45.639262" lon="10.711741">
        <ele>268.0</ele>
      </trkpt>
      <trkpt lat="45.639318" lon="10.711863">
        <ele>268.0</ele>
      </trkpt>
      <trkpt lat="45.639378" lon="10.712022">
        <ele>268.0</ele>
      </trkpt>
      <trkpt lat="45.639444" lon="10.712118">
        <ele>268.0</ele>
      </trkpt>
      <trkpt lat="45.63953" lon="10.712182">
        <ele>268.0</ele>
      </trkpt>
      <trkpt lat="45.639626" lon="10.712192">
        <ele>267.0</ele>
      </trkpt>
      <trkpt lat="45.639723" lon="10.712231">
        <ele>267.0</ele>
      </trkpt>
      <trkpt lat="45.639812" lon="10.712294">
        <ele>267.0</ele>
      </trkpt>
      <trkpt lat="45.639912" lon="10.712372">
        <ele>267.0</ele>
      </trkpt>
      <trkpt lat="45.639944" lon="10.712543">
        <ele>266.0</ele>
      </trkpt>
      <trkpt lat="45.639946" lon="10.712674">
        <ele>265.0</ele>
      </trkpt>
      <trkpt lat="45.639977" lon="10.712812">
        <ele>266.0</ele>
      </trkpt>
      <trkpt lat="45.640026" lon="10.712933">
        <ele>266.0</ele>
      </trkpt>
      <trkpt lat="45.640083" lon="10.713035">
        <ele>267.0</ele>
      </trkpt>
      <trkpt lat="45.640101" lon="10.713211">
        <ele>267.0</ele>
      </trkpt>
      <trkpt lat="45.640133" lon="10.713337">
        <ele>268.0</ele>
      </trkpt>
      <trkpt lat="45.640177" lon="10.713456">
        <ele>269.0</ele>
      </trkpt>
      <trkpt lat="45.640207" lon="10.713584">
        <ele>269.0</ele>
      </trkpt>
      <trkpt lat="45.640225" lon="10.713717">
        <ele>270.0</ele>
      </trkpt>
      <trkpt lat="45.640273" lon="10.713828">
        <ele>270.0</ele>
      </trkpt>
      <trkpt lat="45.640312" lon="10.71398">
        <ele>271.0</ele>
      </trkpt>
      <trkpt lat="45.640353" lon="10.714103">
        <ele>272.0</ele>
      </trkpt>
      <trkpt lat="45.640429" lon="10.714179">
        <ele>271.0</ele>
      </trkpt>
      <trkpt lat="45.640511" lon="10.714271">
        <ele>270.0</ele>
      </trkpt>
      <trkpt lat="45.64058" lon="10.714365">
        <ele>270.0</ele>
      </trkpt>
      <trkpt lat="45.640656" lon="10.714443">
        <ele>270.0</ele>
      </trkpt>
      <trkpt lat="45.640732" lon="10.714518">
        <ele>270.0</ele>
      </trkpt>
      <trkpt lat="45.640823" lon="10.714585">
        <ele>270.0</ele>
      </trkpt>
      <trkpt lat="45.640911" lon="10.714633">
        <ele>270.0</ele>
      </trkpt>
      <trkpt lat="45.641006" lon="10.714664">
        <ele>269.0</ele>
      </trkpt>
      <trkpt lat="45.641108" lon="10.714719">
        <ele>269.0</ele>
      </trkpt>
      <trkpt lat="45.641207" lon="10.714758">
        <ele>268.0</ele>
      </trkpt>
      <trkpt lat="45.641299" lon="10.714743">
        <ele>267.0</ele>
      </trkpt>
      <trkpt lat="45.641381" lon="10.714849">
        <ele>265.0</ele>
      </trkpt>
      <trkpt lat="45.641419" lon="10.714995">
        <ele>264.0</ele>
      </trkpt>
      <trkpt lat="45.641437" lon="10.715126">
        <ele>263.0</ele>
      </trkpt>
      <trkpt lat="45.641471" lon="10.71526">
        <ele>263.0</ele>
      </trkpt>
      <trkpt lat="45.641537" lon="10.715516">
        <ele>263.0</ele>
      </trkpt>
      <trkpt lat="45.641637" lon="10.715544">
        <ele>262.0</ele>
      </trkpt>
      <trkpt lat="45.641724" lon="10.715497">
        <ele>261.0</ele>
      </trkpt>
      <trkpt lat="45.641813" lon="10.715442">
        <ele>261.0</ele>
      </trkpt>
      <trkpt lat="45.641905" lon="10.715457">
        <ele>259.0</ele>
      </trkpt>
      <trkpt lat="45.641999" lon="10.715458">
        <ele>260.0</ele>
      </trkpt>
      <trkpt lat="45.642047" lon="10.715585">
        <ele>256.0</ele>
      </trkpt>
      <trkpt lat="45.642116" lon="10.715676">
        <ele>255.0</ele>
      </trkpt>
      <trkpt lat="45.642193" lon="10.715769">
        <ele>255.0</ele>
      </trkpt>
      <trkpt lat="45.642251" lon="10.715886">
        <ele>255.0</ele>
      </trkpt>
      <trkpt lat="45.642231" lon="10.716013">
        <ele>254.0</ele>
      </trkpt>
      <trkpt lat="45.642236" lon="10.716153">
        <ele>255.0</ele>
      </trkpt>
      <trkpt lat="45.642273" lon="10.716294">
        <ele>255.0</ele>
      </trkpt>
      <trkpt lat="45.642362" lon="10.716402">
        <ele>257.0</ele>
      </trkpt>
      <trkpt lat="45.642443" lon="10.716477">
        <ele>259.0</ele>
      </trkpt>
      <trkpt lat="45.642534" lon="10.716577">
        <ele>260.0</ele>
      </trkpt>
      <trkpt lat="45.642575" lon="10.716698">
        <ele>263.0</ele>
      </trkpt>
      <trkpt lat="45.642643" lon="10.716811">
        <ele>265.0</ele>
      </trkpt>
      <trkpt lat="45.64274" lon="10.716895">
        <ele>266.0</ele>
      </trkpt>
      <trkpt lat="45.642821" lon="10.716952">
        <ele>267.0</ele>
      </trkpt>
      <trkpt lat="45.642948" lon="10.716961">
        <ele>268.0</ele>
      </trkpt>
      <trkpt lat="45.643024" lon="10.717031">
        <ele>269.0</ele>
      </trkpt>
      <trkpt lat="45.643122" lon="10.717085">
        <ele>268.0</ele>
      </trkpt>
      <trkpt lat="45.64317" lon="10.717222">
        <ele>268.0</ele>
      </trkpt>
      <trkpt lat="45.643201" lon="10.717353">
        <ele>267.0</ele>
      </trkpt>
      <trkpt lat="45.643244" lon="10.717488">
        <ele>266.0</ele>
      </trkpt>
      <trkpt lat="45.643384" lon="10.717653">
        <ele>265.0</ele>
      </trkpt>
      <trkpt lat="45.643458" lon="10.717734">
        <ele>264.0</ele>
      </trkpt>
      <trkpt lat="45.643532" lon="10.717814">
        <ele>264.0</ele>
      </trkpt>
      <trkpt lat="45.643592" lon="10.71791">
        <ele>263.0</ele>
      </trkpt>
      <trkpt lat="45.643656" lon="10.718002">
        <ele>263.0</ele>
      </trkpt>
      <trkpt lat="45.643736" lon="10.718062">
        <ele>261.0</ele>
      </trkpt>
      <trkpt lat="45.643821" lon="10.718139">
        <ele>259.0</ele>
      </trkpt>
      <trkpt lat="45.643879" lon="10.718247">
        <ele>258.0</ele>
      </trkpt>
      <trkpt lat="45.643904" lon="10.718372">
        <ele>254.0</ele>
      </trkpt>
      <trkpt lat="45.643995" lon="10.718359">
        <ele>253.0</ele>
      </trkpt>
      <trkpt lat="45.64409" lon="10.718317">
        <ele>252.0</ele>
      </trkpt>
      <trkpt lat="45.644194" lon="10.718294">
        <ele>251.0</ele>
      </trkpt>
      <trkpt lat="45.644157" lon="10.718463">
        <ele>250.0</ele>
      </trkpt>
      <trkpt lat="45.644127" lon="10.718587">
        <ele>249.0</ele>
      </trkpt>
      <trkpt lat="45.64418" lon="10.718711">
        <ele>249.0</ele>
      </trkpt>
      <trkpt lat="45.644245" lon="10.718806">
        <ele>249.0</ele>
      </trkpt>
      <trkpt lat="45.644306" lon="10.718905">
        <ele>250.0</ele>
      </trkpt>
      <trkpt lat="45.644362" lon="10.719018">
        <ele>249.0</ele>
      </trkpt>
      <trkpt lat="45.644333" lon="10.719171">
        <ele>249.0</ele>
      </trkpt>
      <trkpt lat="45.644281" lon="10.719321">
        <ele>247.0</ele>
      </trkpt>
      <trkpt lat="45.644193" lon="10.719353">
        <ele>244.0</ele>
      </trkpt>
      <trkpt lat="45.644132" lon="10.719247">
        <ele>242.0</ele>
      </trkpt>
      <trkpt lat="45.644041" lon="10.719282">
        <ele>241.0</ele>
      </trkpt>
      <trkpt lat="45.643973" lon="10.719182">
        <ele>241.0</ele>
      </trkpt>
      <trkpt lat="45.643885" lon="10.719235">
        <ele>244.0</ele>
      </trkpt>
      <trkpt lat="45.643839" lon="10.719361">
        <ele>250.0</ele>
      </trkpt>
      <trkpt lat="45.643824" lon="10.719495">
        <ele>251.0</ele>
      </trkpt>
      <trkpt lat="45.643839" lon="10.719636">
        <ele>253.0</ele>
      </trkpt>
      <trkpt lat="45.643954" lon="10.719742">
        <ele>255.0</ele>
      </trkpt>
      <trkpt lat="45.644044" lon="10.719743">
        <ele>258.0</ele>
      </trkpt>
      <trkpt lat="45.644131" lon="10.719794">
        <ele>258.0</ele>
      </trkpt>
      <trkpt lat="45.644233" lon="10.719787">
        <ele>258.0</ele>
      </trkpt>
      <trkpt lat="45.64432" lon="10.719856">
        <ele>258.0</ele>
      </trkpt>
      <trkpt lat="45.644446" lon="10.719849">
        <ele>257.0</ele>
      </trkpt>
      <trkpt lat="45.644557" lon="10.719888">
        <ele>257.0</ele>
      </trkpt>
      <trkpt lat="45.644654" lon="10.719944">
        <ele>256.0</ele>
      </trkpt>
      <trkpt lat="45.644748" lon="10.719981">
        <ele>254.0</ele>
      </trkpt>
      <trkpt lat="45.644826" lon="10.720063">
        <ele>253.0</ele>
      </trkpt>
      <trkpt lat="45.644856" lon="10.720203">
        <ele>251.0</ele>
      </trkpt>
      <trkpt lat="45.64495" lon="10.72028">
        <ele>250.0</ele>
      </trkpt>
      <trkpt lat="45.64492" lon="10.720421">
        <ele>248.0</ele>
      </trkpt>
      <trkpt lat="45.644923" lon="10.720576">
        <ele>249.0</ele>
      </trkpt>
      <trkpt lat="45.645042" lon="10.720612">
        <ele>252.0</ele>
      </trkpt>
      <trkpt lat="45.64513" lon="10.720576">
        <ele>252.0</ele>
      </trkpt>
      <trkpt lat="45.64521" lon="10.720635">
        <ele>252.0</ele>
      </trkpt>
      <trkpt lat="45.645292" lon="10.720709">
        <ele>252.0</ele>
      </trkpt>
      <trkpt lat="45.645386" lon="10.720725">
        <ele>252.0</ele>
      </trkpt>
      <trkpt lat="45.645432" lon="10.720876">
        <ele>252.0</ele>
      </trkpt>
      <trkpt lat="45.64554" lon="10.720966">
        <ele>252.0</ele>
      </trkpt>
      <trkpt lat="45.645619" lon="10.721048">
        <ele>252.0</ele>
      </trkpt>
      <trkpt lat="45.645709" lon="10.721097">
        <ele>252.0</ele>
      </trkpt>
      <trkpt lat="45.645727" lon="10.721225">
        <ele>250.0</ele>
      </trkpt>
      <trkpt lat="45.645803" lon="10.721321">
        <ele>249.0</ele>
      </trkpt>
      <trkpt lat="45.645837" lon="10.721447">
        <ele>249.0</ele>
      </trkpt>
      <trkpt lat="45.645866" lon="10.721574">
        <ele>249.0</ele>
      </trkpt>
      <trkpt lat="45.645988" lon="10.721648">
        <ele>250.0</ele>
      </trkpt>
      <trkpt lat="45.646065" lon="10.721726">
        <ele>251.0</ele>
      </trkpt>
      <trkpt lat="45.646131" lon="10.721823">
        <ele>252.0</ele>
      </trkpt>
      <trkpt lat="45.646172" lon="10.72194">
        <ele>253.0</ele>
      </trkpt>
      <trkpt lat="45.646242" lon="10.722029">
        <ele>253.0</ele>
      </trkpt>
      <trkpt lat="45.646311" lon="10.722125">
        <ele>254.0</ele>
      </trkpt>
      <trkpt lat="45.646336" lon="10.722259">
        <ele>254.0</ele>
      </trkpt>
      <trkpt lat="45.646358" lon="10.722393">
        <ele>256.0</ele>
      </trkpt>
      <trkpt lat="45.646331" lon="10.722523">
        <ele>258.0</ele>
      </trkpt>
      <trkpt lat="45.646383" lon="10.722642">
        <ele>260.0</ele>
      </trkpt>
      <trkpt lat="45.646471" lon="10.722676">
        <ele>262.0</ele>
      </trkpt>
      <trkpt lat="45.646574" lon="10.722775">
        <ele>263.0</ele>
      </trkpt>
      <trkpt lat="45.646656" lon="10.722831">
        <ele>263.0</ele>
      </trkpt>
      <trkpt lat="45.646752" lon="10.722845">
        <ele>263.0</ele>
      </trkpt>
      <trkpt lat="45.646836" lon="10.722784">
        <ele>263.0</ele>
      </trkpt>
      <trkpt lat="45.646923" lon="10.722722">
        <ele>264.0</ele>
      </trkpt>
      <trkpt lat="45.647025" lon="10.722763">
        <ele>264.0</ele>
      </trkpt>
      <trkpt lat="45.647111" lon="10.722808">
        <ele>263.0</ele>
      </trkpt>
      <trkpt lat="45.647201" lon="10.722847">
        <ele>259.0</ele>
      </trkpt>
      <trkpt lat="45.647291" lon="10.72289">
        <ele>259.0</ele>
      </trkpt>
      <trkpt lat="45.647368" lon="10.722958">
        <ele>258.0</ele>
      </trkpt>
      <trkpt lat="45.647452" lon="10.723049">
        <ele>257.0</ele>
      </trkpt>
      <trkpt lat="45.647534" lon="10.723116">
        <ele>257.0</ele>
      </trkpt>
      <trkpt lat="45.64766" lon="10.723179">
        <ele>255.0</ele>
      </trkpt>
      <trkpt lat="45.647778" lon="10.723241">
        <ele>255.0</ele>
      </trkpt>
      <trkpt lat="45.647853" lon="10.723346">
        <ele>254.0</ele>
      </trkpt>
      <trkpt lat="45.647932" lon="10.723417">
        <ele>253.0</ele>
      </trkpt>
      <trkpt lat="45.648026" lon="10.723412">
        <ele>253.0</ele>
      </trkpt>
      <trkpt lat="45.648126" lon="10.723424">
        <ele>253.0</ele>
      </trkpt>
      <trkpt lat="45.648209" lon="10.72349">
        <ele>252.0</ele>
      </trkpt>
      <trkpt lat="45.648292" lon="10.723562">
        <ele>251.0</ele>
      </trkpt>
      <trkpt lat="45.648353" lon="10.72366">
        <ele>251.0</ele>
      </trkpt>
      <trkpt lat="45.648423" lon="10.723799">
        <ele>250.0</ele>
      </trkpt>
      <trkpt lat="45.648494" lon="10.723885">
        <ele>250.0</ele>
      </trkpt>
      <trkpt lat="45.648592" lon="10.723897">
        <ele>249.0</ele>
      </trkpt>
      <trkpt lat="45.648685" lon="10.723877">
        <ele>248.0</ele>
      </trkpt>
      <trkpt lat="45.648783" lon="10.723937">
        <ele>246.0</ele>
      </trkpt>
      <trkpt lat="45.64888" lon="10.723913">
        <ele>244.0</ele>
      </trkpt>
      <trkpt lat="45.648978" lon="10.72387">
        <ele>242.0</ele>
      </trkpt>
      <trkpt lat="45.649046" lon="10.723769">
        <ele>240.0</ele>
      </trkpt>
      <trkpt lat="45.649113" lon="10.723667">
        <ele>236.0</ele>
      </trkpt>
      <trkpt lat="45.649214" lon="10.723658">
        <ele>235.0</ele>
      </trkpt>
      <trkpt lat="45.649317" lon="10.723678">
        <ele>233.0</ele>
      </trkpt>
      <trkpt lat="45.649399" lon="10.723732">
        <ele>232.0</ele>
      </trkpt>
      <trkpt lat="45.649486" lon="10.723788">
        <ele>230.0</ele>
      </trkpt>
      <trkpt lat="45.649567" lon="10.723846">
        <ele>229.0</ele>
      </trkpt>
      <trkpt lat="45.64964" lon="10.723959">
        <ele>228.0</ele>
      </trkpt>
      <trkpt lat="45.649698" lon="10.724067">
        <ele>227.0</ele>
      </trkpt>
      <trkpt lat="45.649745" lon="10.724185">
        <ele>226.0</ele>
      </trkpt>
      <trkpt lat="45.649805" lon="10.724302">
        <ele>224.0</ele>
      </trkpt>
      <trkpt lat="45.649839" lon="10.724438">
        <ele>223.0</ele>
      </trkpt>
      <trkpt lat="45.649858" lon="10.724594">
        <ele>221.0</ele>
      </trkpt>
      <trkpt lat="45.649895" lon="10.724719">
        <ele>219.0</ele>
      </trkpt>
      <trkpt lat="45.649988" lon="10.724752">
        <ele>218.0</ele>
      </trkpt>
      <trkpt lat="45.650076" lon="10.724715">
        <ele>217.0</ele>
      </trkpt>
      <trkpt lat="45.650161" lon="10.724662">
        <ele>215.0</ele>
      </trkpt>
      <trkpt lat="45.65027" lon="10.724621">
        <ele>214.0</ele>
      </trkpt>
      <trkpt lat="45.650345" lon="10.724548">
        <ele>213.0</ele>
      </trkpt>
      <trkpt lat="45.650443" lon="10.724539">
        <ele>211.0</ele>
      </trkpt>
      <trkpt lat="45.650545" lon="10.724537">
        <ele>209.0</ele>
      </trkpt>
      <trkpt lat="45.650632" lon="10.724503">
        <ele>206.0</ele>
      </trkpt>
      <trkpt lat="45.650727" lon="10.724515">
        <ele>205.0</ele>
      </trkpt>
      <trkpt lat="45.65083" lon="10.724511">
        <ele>204.0</ele>
      </trkpt>
      <trkpt lat="45.650932" lon="10.72447">
        <ele>202.0</ele>
      </trkpt>
      <trkpt lat="45.65101" lon="10.724535">
        <ele>200.0</ele>
      </trkpt>
      <trkpt lat="45.651085" lon="10.72463">
        <ele>199.0</ele>
      </trkpt>
      <trkpt lat="45.651167" lon="10.724731">
        <ele>198.0</ele>
      </trkpt>
      <trkpt lat="45.651314" lon="10.724914">
        <ele>195.0</ele>
      </trkpt>
      <trkpt lat="45.65141" lon="10.724916">
        <ele>192.0</ele>
      </trkpt>
      <trkpt lat="45.651508" lon="10.724939">
        <ele>190.0</ele>
      </trkpt>
      <trkpt lat="45.651571" lon="10.725053">
        <ele>183.0</ele>
      </trkpt>
      <trkpt lat="45.651646" lon="10.725158">
        <ele>181.0</ele>
      </trkpt>
      <trkpt lat="45.651718" lon="10.725242">
        <ele>181.0</ele>
      </trkpt>
      <trkpt lat="45.651759" lon="10.725365">
        <ele>181.0</ele>
      </trkpt>
      <trkpt lat="45.651863" lon="10.725366">
        <ele>181.0</ele>
      </trkpt>
      <trkpt lat="45.651949" lon="10.725409">
        <ele>180.0</ele>
      </trkpt>
      <trkpt lat="45.652052" lon="10.725364">
        <ele>180.0</ele>
      </trkpt>
      <trkpt lat="45.652138" lon="10.72532">
        <ele>179.0</ele>
      </trkpt>
      <trkpt lat="45.652238" lon="10.725352">
        <ele>179.0</ele>
      </trkpt>
      <trkpt lat="45.652312" lon="10.725432">
        <ele>180.0</ele>
      </trkpt>
      <trkpt lat="45.652406" lon="10.72541">
        <ele>179.0</ele>
      </trkpt>
      <trkpt lat="45.652476" lon="10.725323">
        <ele>179.0</ele>
      </trkpt>
      <trkpt lat="45.652557" lon="10.72524">
        <ele>178.0</ele>
      </trkpt>
      <trkpt lat="45.652643" lon="10.725192">
        <ele>178.0</ele>
      </trkpt>
      <trkpt lat="45.652712" lon="10.725097">
        <ele>178.0</ele>
      </trkpt>
      <trkpt lat="45.652822" lon="10.72506">
        <ele>183.0</ele>
      </trkpt>
      <trkpt lat="45.652879" lon="10.724937">
        <ele>183.0</ele>
      </trkpt>
      <trkpt lat="45.652983" lon="10.724918">
        <ele>183.0</ele>
      </trkpt>
      <trkpt lat="45.653001" lon="10.725057">
        <ele>196.0</ele>
      </trkpt>
      <trkpt lat="45.653098" lon="10.725263">
        <ele>194.0</ele>
      </trkpt>
      <trkpt lat="45.653154" lon="10.725373">
        <ele>193.0</ele>
      </trkpt>
      <trkpt lat="45.653203" lon="10.725526">
        <ele>193.0</ele>
      </trkpt>
      <trkpt lat="45.65323" lon="10.725652">
        <ele>192.0</ele>
      </trkpt>
      <trkpt lat="45.653285" lon="10.725781">
        <ele>191.0</ele>
      </trkpt>
      <trkpt lat="45.653359" lon="10.72587">
        <ele>192.0</ele>
      </trkpt>
      <trkpt lat="45.653415" lon="10.725973">
        <ele>189.0</ele>
      </trkpt>
      <trkpt lat="45.653504" lon="10.72602">
        <ele>187.0</ele>
      </trkpt>
      <trkpt lat="45.653611" lon="10.726101">
        <ele>187.0</ele>
      </trkpt>
      <trkpt lat="45.653697" lon="10.726143">
        <ele>186.0</ele>
      </trkpt>
      <trkpt lat="45.653794" lon="10.726163">
        <ele>185.0</ele>
      </trkpt>
      <trkpt lat="45.653895" lon="10.726157">
        <ele>185.0</ele>
      </trkpt>
      <trkpt lat="45.653983" lon="10.726105">
        <ele>185.0</ele>
      </trkpt>
      <trkpt lat="45.654074" lon="10.726084">
        <ele>185.0</ele>
      </trkpt>
      <trkpt lat="45.654167" lon="10.726056">
        <ele>185.0</ele>
      </trkpt>
      <trkpt lat="45.65425" lon="10.726002">
        <ele>186.0</ele>
      </trkpt>
      <trkpt lat="45.654373" lon="10.72595">
        <ele>187.0</ele>
      </trkpt>
      <trkpt lat="45.654478" lon="10.725945">
        <ele>187.0</ele>
      </trkpt>
      <trkpt lat="45.654569" lon="10.725941">
        <ele>187.0</ele>
      </trkpt>
      <trkpt lat="45.654665" lon="10.725945">
        <ele>188.0</ele>
      </trkpt>
      <trkpt lat="45.654755" lon="10.726003">
        <ele>188.0</ele>
      </trkpt>
      <trkpt lat="45.654815" lon="10.726106">
        <ele>188.0</ele>
      </trkpt>
      <trkpt lat="45.654813" lon="10.726251">
        <ele>188.0</ele>
      </trkpt>
      <trkpt lat="45.654805" lon="10.72638">
        <ele>188.0</ele>
      </trkpt>
      <trkpt lat="45.654806" lon="10.726521">
        <ele>189.0</ele>
      </trkpt>
      <trkpt lat="45.654826" lon="10.726656">
        <ele>189.0</ele>
      </trkpt>
      <trkpt lat="45.654922" lon="10.726669">
        <ele>189.0</ele>
      </trkpt>
      <trkpt lat="45.655021" lon="10.726687">
        <ele>187.0</ele>
      </trkpt>
      <trkpt lat="45.655122" lon="10.72667">
        <ele>185.0</ele>
      </trkpt>
      <trkpt lat="45.655214" lon="10.726649">
        <ele>185.0</ele>
      </trkpt>
      <trkpt lat="45.655308" lon="10.726616">
        <ele>184.0</ele>
      </trkpt>
      <trkpt lat="45.655403" lon="10.726596">
        <ele>183.0</ele>
      </trkpt>
      <trkpt lat="45.655501" lon="10.726569">
        <ele>183.0</ele>
      </trkpt>
      <trkpt lat="45.655593" lon="10.726544">
        <ele>183.0</ele>
      </trkpt>
      <trkpt lat="45.655686" lon="10.726511">
        <ele>183.0</ele>
      </trkpt>
      <trkpt lat="45.655777" lon="10.726477">
        <ele>182.0</ele>
      </trkpt>
      <trkpt lat="45.655869" lon="10.726468">
        <ele>181.0</ele>
      </trkpt>
      <trkpt lat="45.655969" lon="10.726444">
        <ele>181.0</ele>
      </trkpt>
      <trkpt lat="45.656066" lon="10.726449">
        <ele>181.0</ele>
      </trkpt>
      <trkpt lat="45.656159" lon="10.726432">
        <ele>180.0</ele>
      </trkpt>
      <trkpt lat="45.656249" lon="10.726427">
        <ele>180.0</ele>
      </trkpt>
      <trkpt lat="45.656334" lon="10.726473">
        <ele>179.0</ele>
      </trkpt>
      <trkpt lat="45.656408" lon="10.726564">
        <ele>179.0</ele>
      </trkpt>
      <trkpt lat="45.656497" lon="10.726669">
        <ele>179.0</ele>
      </trkpt>
      <trkpt lat="45.656518" lon="10.726805">
        <ele>179.0</ele>
      </trkpt>
      <trkpt lat="45.656527" lon="10.726938">
        <ele>180.0</ele>
      </trkpt>
      <trkpt lat="45.656589" lon="10.727057">
        <ele>180.0</ele>
      </trkpt>
      <trkpt lat="45.656651" lon="10.727164">
        <ele>181.0</ele>
      </trkpt>
      <trkpt lat="45.656733" lon="10.727224">
        <ele>182.0</ele>
      </trkpt>
      <trkpt lat="45.656818" lon="10.727278">
        <ele>182.0</ele>
      </trkpt>
      <trkpt lat="45.656902" lon="10.727332">
        <ele>182.0</ele>
      </trkpt>
      <trkpt lat="45.656979" lon="10.727415">
        <ele>183.0</ele>
      </trkpt>
      <trkpt lat="45.657069" lon="10.727508">
        <ele>183.0</ele>
      </trkpt>
      <trkpt lat="45.657165" lon="10.727416">
        <ele>183.0</ele>
      </trkpt>
      <trkpt lat="45.657261" lon="10.72737">
        <ele>183.0</ele>
      </trkpt>
      <trkpt lat="45.657357" lon="10.72738">
        <ele>183.0</ele>
      </trkpt>
      <trkpt lat="45.657473" lon="10.727406">
        <ele>184.0</ele>
      </trkpt>
      <trkpt lat="45.657555" lon="10.727472">
        <ele>185.0</ele>
      </trkpt>
      <trkpt lat="45.657616" lon="10.727573">
        <ele>186.0</ele>
      </trkpt>
      <trkpt lat="45.657653" lon="10.727718">
        <ele>188.0</ele>
      </trkpt>
      <trkpt lat="45.657742" lon="10.72775">
        <ele>189.0</ele>
      </trkpt>
      <trkpt lat="45.657828" lon="10.727789">
        <ele>190.0</ele>
      </trkpt>
      <trkpt lat="45.657924" lon="10.72785">
        <ele>191.0</ele>
      </trkpt>
      <trkpt lat="45.658007" lon="10.727911">
        <ele>191.0</ele>
      </trkpt>
      <trkpt lat="45.658103" lon="10.727952">
        <ele>192.0</ele>
      </trkpt>
      <trkpt lat="45.658191" lon="10.728011">
        <ele>193.0</ele>
      </trkpt>
      <trkpt lat="45.658283" lon="10.728068">
        <ele>194.0</ele>
      </trkpt>
      <trkpt lat="45.658377" lon="10.7281">
        <ele>195.0</ele>
      </trkpt>
      <trkpt lat="45.65847" lon="10.728085">
        <ele>195.0</ele>
      </trkpt>
      <trkpt lat="45.658558" lon="10.728044">
        <ele>195.0</ele>
      </trkpt>
      <trkpt lat="45.658655" lon="10.728031">
        <ele>197.0</ele>
      </trkpt>
      <trkpt lat="45.658751" lon="10.728058">
        <ele>198.0</ele>
      </trkpt>
      <trkpt lat="45.658829" lon="10.728131">
        <ele>199.0</ele>
      </trkpt>
      <trkpt lat="45.658884" lon="10.728255">
        <ele>200.0</ele>
      </trkpt>
      <trkpt lat="45.658949" lon="10.728365">
        <ele>203.0</ele>
      </trkpt>
      <trkpt lat="45.659021" lon="10.728446">
        <ele>203.0</ele>
      </trkpt>
      <trkpt lat="45.659082" lon="10.728551">
        <ele>205.0</ele>
      </trkpt>
      <trkpt lat="45.659183" lon="10.728624">
        <ele>206.0</ele>
      </trkpt>
      <trkpt lat="45.659305" lon="10.728625">
        <ele>207.0</ele>
      </trkpt>
      <trkpt lat="45.659309" lon="10.728489">
        <ele>209.0</ele>
      </trkpt>
      <trkpt lat="45.659308" lon="10.728351">
        <ele>208.0</ele>
      </trkpt>
      <trkpt lat="45.659357" lon="10.728242">
        <ele>207.0</ele>
      </trkpt>
      <trkpt lat="45.659444" lon="10.728172">
        <ele>203.0</ele>
      </trkpt>
      <trkpt lat="45.659533" lon="10.728125">
        <ele>200.0</ele>
      </trkpt>
      <trkpt lat="45.659623" lon="10.72811">
        <ele>199.0</ele>
      </trkpt>
      <trkpt lat="45.659714" lon="10.728147">
        <ele>197.0</ele>
      </trkpt>
      <trkpt lat="45.659802" lon="10.728175">
        <ele>197.0</ele>
      </trkpt>
      <trkpt lat="45.659902" lon="10.72822">
        <ele>197.0</ele>
      </trkpt>
      <trkpt lat="45.659992" lon="10.72822">
        <ele>196.0</ele>
      </trkpt>
      <trkpt lat="45.66009" lon="10.72828">
        <ele>197.0</ele>
      </trkpt>
      <trkpt lat="45.660146" lon="10.728396">
        <ele>195.0</ele>
      </trkpt>
      <trkpt lat="45.660195" lon="10.728515">
        <ele>195.0</ele>
      </trkpt>
      <trkpt lat="45.66027" lon="10.728599">
        <ele>193.0</ele>
      </trkpt>
      <trkpt lat="45.660356" lon="10.728559">
        <ele>191.0</ele>
      </trkpt>
      <trkpt lat="45.660449" lon="10.728539">
        <ele>189.0</ele>
      </trkpt>
      <trkpt lat="45.660539" lon="10.728495">
        <ele>187.0</ele>
      </trkpt>
      <trkpt lat="45.660631" lon="10.728491">
        <ele>185.0</ele>
      </trkpt>
      <trkpt lat="45.660729" lon="10.728464">
        <ele>182.0</ele>
      </trkpt>
      <trkpt lat="45.660821" lon="10.728431">
        <ele>180.0</ele>
      </trkpt>
      <trkpt lat="45.66085" lon="10.728576">
        <ele>170.0</ele>
      </trkpt>
      <trkpt lat="45.660948" lon="10.728568">
        <ele>168.0</ele>
      </trkpt>
      <trkpt lat="45.661046" lon="10.728554">
        <ele>166.0</ele>
      </trkpt>
      <trkpt lat="45.661141" lon="10.728589">
        <ele>164.0</ele>
      </trkpt>
      <trkpt lat="45.661234" lon="10.728608">
        <ele>161.0</ele>
      </trkpt>
      <trkpt lat="45.661333" lon="10.728581">
        <ele>160.0</ele>
      </trkpt>
      <trkpt lat="45.661426" lon="10.728604">
        <ele>159.0</ele>
      </trkpt>
      <trkpt lat="45.661539" lon="10.728666">
        <ele>158.0</ele>
      </trkpt>
      <trkpt lat="45.661634" lon="10.728748">
        <ele>158.0</ele>
      </trkpt>
      <trkpt lat="45.661739" lon="10.72878">
        <ele>157.0</ele>
      </trkpt>
      <trkpt lat="45.66184" lon="10.728765">
        <ele>156.0</ele>
      </trkpt>
      <trkpt lat="45.661931" lon="10.728699">
        <ele>155.0</ele>
      </trkpt>
      <trkpt lat="45.662019" lon="10.728668">
        <ele>153.0</ele>
      </trkpt>
      <trkpt lat="45.662127" lon="10.728688">
        <ele>153.0</ele>
      </trkpt>
      <trkpt lat="45.662235" lon="10.728767">
        <ele>152.0</ele>
      </trkpt>
      <trkpt lat="45.662328" lon="10.728837">
        <ele>152.0</ele>
      </trkpt>
      <trkpt lat="45.662404" lon="10.728911">
        <ele>152.0</ele>
      </trkpt>
      <trkpt lat="45.662481" lon="10.728982">
        <ele>153.0</ele>
      </trkpt>
      <trkpt lat="45.66256" lon="10.729049">
        <ele>153.0</ele>
      </trkpt>
      <trkpt lat="45.662644" lon="10.729134">
        <ele>154.0</ele>
      </trkpt>
      <trkpt lat="45.662724" lon="10.729205">
        <ele>153.0</ele>
      </trkpt>
      <trkpt lat="45.662798" lon="10.729287">
        <ele>153.0</ele>
      </trkpt>
      <trkpt lat="45.66285" lon="10.729426">
        <ele>153.0</ele>
      </trkpt>
      <trkpt lat="45.662892" lon="10.72957">
        <ele>153.0</ele>
      </trkpt>
      <trkpt lat="45.662897" lon="10.729711">
        <ele>153.0</ele>
      </trkpt>
      <trkpt lat="45.662961" lon="10.729817">
        <ele>153.0</ele>
      </trkpt>
      <trkpt lat="45.663054" lon="10.729975">
        <ele>145.0</ele>
      </trkpt>
      <trkpt lat="45.663117" lon="10.730076">
        <ele>147.0</ele>
      </trkpt>
      <trkpt lat="45.66318" lon="10.730193">
        <ele>148.0</ele>
      </trkpt>
      <trkpt lat="45.663259" lon="10.730276">
        <ele>149.0</ele>
      </trkpt>
      <trkpt lat="45.663338" lon="10.730353">
        <ele>149.0</ele>
      </trkpt>
      <trkpt lat="45.663432" lon="10.730365">
        <ele>149.0</ele>
      </trkpt>
      <trkpt lat="45.663508" lon="10.730285">
        <ele>148.0</ele>
      </trkpt>
      <trkpt lat="45.663575" lon="10.730191">
        <ele>147.0</ele>
      </trkpt>
      <trkpt lat="45.663665" lon="10.730165">
        <ele>147.0</ele>
      </trkpt>
      <trkpt lat="45.663767" lon="10.730214">
        <ele>147.0</ele>
      </trkpt>
      <trkpt lat="45.663861" lon="10.730265">
        <ele>146.0</ele>
      </trkpt>
      <trkpt lat="45.663954" lon="10.730331">
        <ele>146.0</ele>
      </trkpt>
      <trkpt lat="45.664032" lon="10.730424">
        <ele>146.0</ele>
      </trkpt>
      <trkpt lat="45.664113" lon="10.730486">
        <ele>146.0</ele>
      </trkpt>
      <trkpt lat="45.664209" lon="10.730575">
        <ele>147.0</ele>
      </trkpt>
      <trkpt lat="45.664297" lon="10.730659">
        <ele>147.0</ele>
      </trkpt>
      <trkpt lat="45.664366" lon="10.730742">
        <ele>148.0</ele>
      </trkpt>
      <trkpt lat="45.664424" lon="10.730842">
        <ele>148.0</ele>
      </trkpt>
      <trkpt lat="45.664485" lon="10.730947">
        <ele>148.0</ele>
      </trkpt>
      <trkpt lat="45.664584" lon="10.730976">
        <ele>149.0</ele>
      </trkpt>
      <trkpt lat="45.664678" lon="10.731014">
        <ele>148.0</ele>
      </trkpt>
      <trkpt lat="45.664774" lon="10.731022">
        <ele>148.0</ele>
      </trkpt>
      <trkpt lat="45.664914" lon="10.731187">
        <ele>150.0</ele>
      </trkpt>
      <trkpt lat="45.664985" lon="10.731315">
        <ele>151.0</ele>
      </trkpt>
      <trkpt lat="45.665053" lon="10.731408">
        <ele>152.0</ele>
      </trkpt>
      <trkpt lat="45.665088" lon="10.731573">
        <ele>154.0</ele>
      </trkpt>
      <trkpt lat="45.665104" lon="10.731715">
        <ele>155.0</ele>
      </trkpt>
      <trkpt lat="45.665137" lon="10.731899">
        <ele>155.0</ele>
      </trkpt>
      <trkpt lat="45.665188" lon="10.732014">
        <ele>155.0</ele>
      </trkpt>
      <trkpt lat="45.665274" lon="10.732065">
        <ele>155.0</ele>
      </trkpt>
      <trkpt lat="45.665355" lon="10.732155">
        <ele>155.0</ele>
      </trkpt>
      <trkpt lat="45.665469" lon="10.732227">
        <ele>156.0</ele>
      </trkpt>
      <trkpt lat="45.665548" lon="10.732293">
        <ele>155.0</ele>
      </trkpt>
      <trkpt lat="45.665641" lon="10.732346">
        <ele>155.0</ele>
      </trkpt>
      <trkpt lat="45.665733" lon="10.732374">
        <ele>153.0</ele>
      </trkpt>
      <trkpt lat="45.665819" lon="10.732308">
        <ele>152.0</ele>
      </trkpt>
      <trkpt lat="45.665898" lon="10.732224">
        <ele>150.0</ele>
      </trkpt>
      <trkpt lat="45.665988" lon="10.732214">
        <ele>149.0</ele>
      </trkpt>
      <trkpt lat="45.666089" lon="10.732235">
        <ele>149.0</ele>
      </trkpt>
      <trkpt lat="45.66618" lon="10.732251">
        <ele>148.0</ele>
      </trkpt>
      <trkpt lat="45.666274" lon="10.732261">
        <ele>148.0</ele>
      </trkpt>
      <trkpt lat="45.666364" lon="10.73226">
        <ele>148.0</ele>
      </trkpt>
      <trkpt lat="45.666453" lon="10.732293">
        <ele>146.0</ele>
      </trkpt>
      <trkpt lat="45.666552" lon="10.732308">
        <ele>146.0</ele>
      </trkpt>
      <trkpt lat="45.666657" lon="10.732338">
        <ele>146.0</ele>
      </trkpt>
      <trkpt lat="45.666754" lon="10.73233">
        <ele>146.0</ele>
      </trkpt>
      <trkpt lat="45.666844" lon="10.73235">
        <ele>146.0</ele>
      </trkpt>
      <trkpt lat="45.666933" lon="10.732394">
        <ele>146.0</ele>
      </trkpt>
      <trkpt lat="45.667024" lon="10.732412">
        <ele>145.0</ele>
      </trkpt>
      <trkpt lat="45.667108" lon="10.732466">
        <ele>144.0</ele>
      </trkpt>
      <trkpt lat="45.667195" lon="10.732525">
        <ele>144.0</ele>
      </trkpt>
      <trkpt lat="45.667274" lon="10.732592">
        <ele>143.0</ele>
      </trkpt>
      <trkpt lat="45.667351" lon="10.73266">
        <ele>143.0</ele>
      </trkpt>
      <trkpt lat="45.667435" lon="10.732734">
        <ele>142.0</ele>
      </trkpt>
      <trkpt lat="45.667522" lon="10.732795">
        <ele>142.0</ele>
      </trkpt>
      <trkpt lat="45.66762" lon="10.732838">
        <ele>142.0</ele>
      </trkpt>
      <trkpt lat="45.66769" lon="10.732926">
        <ele>142.0</ele>
      </trkpt>
      <trkpt lat="45.667772" lon="10.733007">
        <ele>142.0</ele>
      </trkpt>
      <trkpt lat="45.66786" lon="10.733075">
        <ele>142.0</ele>
      </trkpt>
      <trkpt lat="45.667894" lon="10.733211">
        <ele>142.0</ele>
      </trkpt>
      <trkpt lat="45.667918" lon="10.733342">
        <ele>142.0</ele>
      </trkpt>
      <trkpt lat="45.667975" lon="10.733449">
        <ele>143.0</ele>
      </trkpt>
      <trkpt lat="45.668048" lon="10.733529">
        <ele>143.0</ele>
      </trkpt>
      <trkpt lat="45.668124" lon="10.733601">
        <ele>143.0</ele>
      </trkpt>
      <trkpt lat="45.668202" lon="10.733679">
        <ele>143.0</ele>
      </trkpt>
      <trkpt lat="45.668289" lon="10.73372">
        <ele>142.0</ele>
      </trkpt>
      <trkpt lat="45.668396" lon="10.733736">
        <ele>142.0</ele>
      </trkpt>
      <trkpt lat="45.668486" lon="10.733771">
        <ele>142.0</ele>
      </trkpt>
      <trkpt lat="45.668558" lon="10.733852">
        <ele>142.0</ele>
      </trkpt>
      <trkpt lat="45.668624" lon="10.733967">
        <ele>143.0</ele>
      </trkpt>
      <trkpt lat="45.66867" lon="10.734092">
        <ele>143.0</ele>
      </trkpt>
      <trkpt lat="45.668693" lon="10.734229">
        <ele>144.0</ele>
      </trkpt>
      <trkpt lat="45.66878" lon="10.734269">
        <ele>144.0</ele>
      </trkpt>
      <trkpt lat="45.668868" lon="10.734303">
        <ele>143.0</ele>
      </trkpt>
      <trkpt lat="45.66896" lon="10.734334">
        <ele>143.0</ele>
      </trkpt>
      <trkpt lat="45.669059" lon="10.734312">
        <ele>143.0</ele>
      </trkpt>
      <trkpt lat="45.669159" lon="10.734361">
        <ele>143.0</ele>
      </trkpt>
      <trkpt lat="45.669254" lon="10.734406">
        <ele>142.0</ele>
      </trkpt>
      <trkpt lat="45.669352" lon="10.734393">
        <ele>143.0</ele>
      </trkpt>
      <trkpt lat="45.669447" lon="10.734458">
        <ele>143.0</ele>
      </trkpt>
      <trkpt lat="45.669542" lon="10.734513">
        <ele>143.0</ele>
      </trkpt>
      <trkpt lat="45.669626" lon="10.734573">
        <ele>143.0</ele>
      </trkpt>
      <trkpt lat="45.669725" lon="10.734617">
        <ele>143.0</ele>
      </trkpt>
      <trkpt lat="45.669793" lon="10.734715">
        <ele>144.0</ele>
      </trkpt>
      <trkpt lat="45.66986" lon="10.734809">
        <ele>144.0</ele>
      </trkpt>
      <trkpt lat="45.669933" lon="10.734896">
        <ele>144.0</ele>
      </trkpt>
      <trkpt lat="45.670007" lon="10.735006">
        <ele>144.0</ele>
      </trkpt>
      <trkpt lat="45.670062" lon="10.735114">
        <ele>145.0</ele>
      </trkpt>
      <trkpt lat="45.67013" lon="10.735218">
        <ele>145.0</ele>
      </trkpt>
      <trkpt lat="45.670158" lon="10.735341">
        <ele>147.0</ele>
      </trkpt>
      <trkpt lat="45.670225" lon="10.735438">
        <ele>147.0</ele>
      </trkpt>
      <trkpt lat="45.670286" lon="10.735534">
        <ele>147.0</ele>
      </trkpt>
      <trkpt lat="45.670365" lon="10.735599">
        <ele>146.0</ele>
      </trkpt>
      <trkpt lat="45.670436" lon="10.735691">
        <ele>145.0</ele>
      </trkpt>
      <trkpt lat="45.670509" lon="10.735776">
        <ele>145.0</ele>
      </trkpt>
      <trkpt lat="45.670591" lon="10.735859">
        <ele>144.0</ele>
      </trkpt>
      <trkpt lat="45.670669" lon="10.735958">
        <ele>144.0</ele>
      </trkpt>
      <trkpt lat="45.670743" lon="10.736043">
        <ele>144.0</ele>
      </trkpt>
      <trkpt lat="45.670818" lon="10.736142">
        <ele>145.0</ele>
      </trkpt>
      <trkpt lat="45.670913" lon="10.736192">
        <ele>145.0</ele>
      </trkpt>
      <trkpt lat="45.670987" lon="10.736319">
        <ele>147.0</ele>
      </trkpt>
      <trkpt lat="45.671049" lon="10.736433">
        <ele>148.0</ele>
      </trkpt>
      <trkpt lat="45.671162" lon="10.736478">
        <ele>148.0</ele>
      </trkpt>
      <trkpt lat="45.671251" lon="10.736531">
        <ele>148.0</ele>
      </trkpt>
      <trkpt lat="45.671327" lon="10.736612">
        <ele>149.0</ele>
      </trkpt>
      <trkpt lat="45.671403" lon="10.736716">
        <ele>149.0</ele>
      </trkpt>
      <trkpt lat="45.671483" lon="10.736807">
        <ele>150.0</ele>
      </trkpt>
      <trkpt lat="45.671566" lon="10.7369">
        <ele>151.0</ele>
      </trkpt>
      <trkpt lat="45.671638" lon="10.736985">
        <ele>152.0</ele>
      </trkpt>
      <trkpt lat="45.671729" lon="10.737056">
        <ele>154.0</ele>
      </trkpt>
      <trkpt lat="45.671795" lon="10.737167">
        <ele>154.0</ele>
      </trkpt>
      <trkpt lat="45.67186" lon="10.737272">
        <ele>154.0</ele>
      </trkpt>
      <trkpt lat="45.671924" lon="10.737368">
        <ele>154.0</ele>
      </trkpt>
      <trkpt lat="45.671988" lon="10.737479">
        <ele>155.0</ele>
      </trkpt>
      <trkpt lat="45.672049" lon="10.737593">
        <ele>156.0</ele>
      </trkpt>
      <trkpt lat="45.672109" lon="10.737703">
        <ele>157.0</ele>
      </trkpt>
      <trkpt lat="45.672162" lon="10.737814">
        <ele>158.0</ele>
      </trkpt>
      <trkpt lat="45.672248" lon="10.737927">
        <ele>158.0</ele>
      </trkpt>
      <trkpt lat="45.67232" lon="10.738019">
        <ele>158.0</ele>
      </trkpt>
      <trkpt lat="45.672382" lon="10.738114">
        <ele>158.0</ele>
      </trkpt>
      <trkpt lat="45.672459" lon="10.738224">
        <ele>159.0</ele>
      </trkpt>
      <trkpt lat="45.672534" lon="10.738297">
        <ele>160.0</ele>
      </trkpt>
      <trkpt lat="45.672562" lon="10.738428">
        <ele>160.0</ele>
      </trkpt>
      <trkpt lat="45.672622" lon="10.738584">
        <ele>161.0</ele>
      </trkpt>
      <trkpt lat="45.672665" lon="10.738719">
        <ele>161.0</ele>
      </trkpt>
      <trkpt lat="45.672718" lon="10.738828">
        <ele>162.0</ele>
      </trkpt>
      <trkpt lat="45.672784" lon="10.738944">
        <ele>163.0</ele>
      </trkpt>
      <trkpt lat="45.672867" lon="10.739042">
        <ele>164.0</ele>
      </trkpt>
      <trkpt lat="45.672956" lon="10.739091">
        <ele>165.0</ele>
      </trkpt>
      <trkpt lat="45.673022" lon="10.739185">
        <ele>165.0</ele>
      </trkpt>
      <trkpt lat="45.673087" lon="10.739287">
        <ele>166.0</ele>
      </trkpt>
      <trkpt lat="45.67316" lon="10.739364">
        <ele>167.0</ele>
      </trkpt>
      <trkpt lat="45.673229" lon="10.739467">
        <ele>168.0</ele>
      </trkpt>
      <trkpt lat="45.67328" lon="10.739574">
        <ele>169.0</ele>
      </trkpt>
      <trkpt lat="45.673344" lon="10.739687">
        <ele>170.0</ele>
      </trkpt>
      <trkpt lat="45.673391" lon="10.739805">
        <ele>170.0</ele>
      </trkpt>
      <trkpt lat="45.673444" lon="10.739917">
        <ele>171.0</ele>
      </trkpt>
      <trkpt lat="45.673526" lon="10.739998">
        <ele>172.0</ele>
      </trkpt>
      <trkpt lat="45.673606" lon="10.740078">
        <ele>173.0</ele>
      </trkpt>
      <trkpt lat="45.673684" lon="10.740176">
        <ele>174.0</ele>
      </trkpt>
      <trkpt lat="45.673777" lon="10.740276">
        <ele>174.0</ele>
      </trkpt>
      <trkpt lat="45.67387" lon="10.74036">
        <ele>176.0</ele>
      </trkpt>
      <trkpt lat="45.673952" lon="10.740418">
        <ele>177.0</ele>
      </trkpt>
      <trkpt lat="45.674033" lon="10.740499">
        <ele>177.0</ele>
      </trkpt>
      <trkpt lat="45.674124" lon="10.740567">
        <ele>178.0</ele>
      </trkpt>
      <trkpt lat="45.674196" lon="10.740653">
        <ele>179.0</ele>
      </trkpt>
      <trkpt lat="45.674268" lon="10.740743">
        <ele>179.0</ele>
      </trkpt>
      <trkpt lat="45.674355" lon="10.740813">
        <ele>180.0</ele>
      </trkpt>
      <trkpt lat="45.674443" lon="10.740868">
        <ele>180.0</ele>
      </trkpt>
      <trkpt lat="45.674517" lon="10.740947">
        <ele>181.0</ele>
      </trkpt>
      <trkpt lat="45.674585" lon="10.741038">
        <ele>182.0</ele>
      </trkpt>
      <trkpt lat="45.674645" lon="10.741141">
        <ele>183.0</ele>
      </trkpt>
      <trkpt lat="45.674721" lon="10.741237">
        <ele>183.0</ele>
      </trkpt>
      <trkpt lat="45.674797" lon="10.741321">
        <ele>184.0</ele>
      </trkpt>
      <trkpt lat="45.674882" lon="10.741393">
        <ele>184.0</ele>
      </trkpt>
      <trkpt lat="45.674965" lon="10.741478">
        <ele>185.0</ele>
      </trkpt>
      <trkpt lat="45.675038" lon="10.741555">
        <ele>185.0</ele>
      </trkpt>
      <trkpt lat="45.675115" lon="10.741641">
        <ele>184.0</ele>
      </trkpt>
      <trkpt lat="45.675182" lon="10.741739">
        <ele>184.0</ele>
      </trkpt>
      <trkpt lat="45.675259" lon="10.741806">
        <ele>183.0</ele>
      </trkpt>
      <trkpt lat="45.675355" lon="10.741875">
        <ele>183.0</ele>
      </trkpt>
      <trkpt lat="45.67544" lon="10.741951">
        <ele>184.0</ele>
      </trkpt>
      <trkpt lat="45.675534" lon="10.742016">
        <ele>184.0</ele>
      </trkpt>
      <trkpt lat="45.675619" lon="10.742111">
        <ele>184.0</ele>
      </trkpt>
      <trkpt lat="45.675686" lon="10.742225">
        <ele>185.0</ele>
      </trkpt>
      <trkpt lat="45.675766" lon="10.742297">
        <ele>185.0</ele>
      </trkpt>
      <trkpt lat="45.675854" lon="10.742371">
        <ele>185.0</ele>
      </trkpt>
      <trkpt lat="45.675941" lon="10.742453">
        <ele>185.0</ele>
      </trkpt>
      <trkpt lat="45.676008" lon="10.742563">
        <ele>185.0</ele>
      </trkpt>
      <trkpt lat="45.676073" lon="10.74266">
        <ele>185.0</ele>
      </trkpt>
      <trkpt lat="45.676152" lon="10.74275">
        <ele>185.0</ele>
      </trkpt>
      <trkpt lat="45.676233" lon="10.742839">
        <ele>184.0</ele>
      </trkpt>
      <trkpt lat="45.676318" lon="10.742915">
        <ele>184.0</ele>
      </trkpt>
      <trkpt lat="45.676408" lon="10.74296">
        <ele>184.0</ele>
      </trkpt>
      <trkpt lat="45.676496" lon="10.742997">
        <ele>184.0</ele>
      </trkpt>
      <trkpt lat="45.676586" lon="10.743031">
        <ele>184.0</ele>
      </trkpt>
      <trkpt lat="45.676673" lon="10.7431">
        <ele>184.0</ele>
      </trkpt>
      <trkpt lat="45.67676" lon="10.743146">
        <ele>184.0</ele>
      </trkpt>
      <trkpt lat="45.676849" lon="10.74318">
        <ele>184.0</ele>
      </trkpt>
      <trkpt lat="45.676933" lon="10.743249">
        <ele>184.0</ele>
      </trkpt>
      <trkpt lat="45.677011" lon="10.74332">
        <ele>183.0</ele>
      </trkpt>
      <trkpt lat="45.677093" lon="10.743385">
        <ele>183.0</ele>
      </trkpt>
      <trkpt lat="45.677175" lon="10.743466">
        <ele>182.0</ele>
      </trkpt>
      <trkpt lat="45.677236" lon="10.743563">
        <ele>181.0</ele>
      </trkpt>
      <trkpt lat="45.67731" lon="10.743638">
        <ele>181.0</ele>
      </trkpt>
      <trkpt lat="45.677394" lon="10.743714">
        <ele>181.0</ele>
      </trkpt>
      <trkpt lat="45.677491" lon="10.743762">
        <ele>180.0</ele>
      </trkpt>
      <trkpt lat="45.677568" lon="10.743844">
        <ele>180.0</ele>
      </trkpt>
      <trkpt lat="45.677653" lon="10.743927">
        <ele>180.0</ele>
      </trkpt>
      <trkpt lat="45.677723" lon="10.744016">
        <ele>180.0</ele>
      </trkpt>
      <trkpt lat="45.677785" lon="10.744129">
        <ele>181.0</ele>
      </trkpt>
      <trkpt lat="45.677842" lon="10.744239">
        <ele>180.0</ele>
      </trkpt>
      <trkpt lat="45.677894" lon="10.744357">
        <ele>179.0</ele>
      </trkpt>
      <trkpt lat="45.677945" lon="10.744613">
        <ele>177.0</ele>
      </trkpt>
      <trkpt lat="45.678015" lon="10.744697">
        <ele>176.0</ele>
      </trkpt>
      <trkpt lat="45.678094" lon="10.744764">
        <ele>176.0</ele>
      </trkpt>
      <trkpt lat="45.67818" lon="10.744849">
        <ele>176.0</ele>
      </trkpt>
      <trkpt lat="45.678266" lon="10.744948">
        <ele>176.0</ele>
      </trkpt>
      <trkpt lat="45.678324" lon="10.745052">
        <ele>177.0</ele>
      </trkpt>
      <trkpt lat="45.678371" lon="10.745163">
        <ele>176.0</ele>
      </trkpt>
      <trkpt lat="45.678451" lon="10.745235">
        <ele>176.0</ele>
      </trkpt>
      <trkpt lat="45.678532" lon="10.745299">
        <ele>176.0</ele>
      </trkpt>
      <trkpt lat="45.67862" lon="10.745389">
        <ele>176.0</ele>
      </trkpt>
      <trkpt lat="45.678711" lon="10.745456">
        <ele>176.0</ele>
      </trkpt>
      <trkpt lat="45.6788" lon="10.745504">
        <ele>176.0</ele>
      </trkpt>
      <trkpt lat="45.678889" lon="10.745565">
        <ele>176.0</ele>
      </trkpt>
      <trkpt lat="45.678979" lon="10.745598">
        <ele>176.0</ele>
      </trkpt>
      <trkpt lat="45.679054" lon="10.745708">
        <ele>176.0</ele>
      </trkpt>
      <trkpt lat="45.679155" lon="10.745795">
        <ele>176.0</ele>
      </trkpt>
      <trkpt lat="45.679232" lon="10.745863">
        <ele>176.0</ele>
      </trkpt>
      <trkpt lat="45.679318" lon="10.745941">
        <ele>176.0</ele>
      </trkpt>
      <trkpt lat="45.679413" lon="10.745998">
        <ele>176.0</ele>
      </trkpt>
      <trkpt lat="45.679485" lon="10.746076">
        <ele>177.0</ele>
      </trkpt>
      <trkpt lat="45.67957" lon="10.746126">
        <ele>176.0</ele>
      </trkpt>
      <trkpt lat="45.679639" lon="10.746209">
        <ele>176.0</ele>
      </trkpt>
      <trkpt lat="45.679717" lon="10.74629">
        <ele>176.0</ele>
      </trkpt>
      <trkpt lat="45.67979" lon="10.746369">
        <ele>176.0</ele>
      </trkpt>
      <trkpt lat="45.679863" lon="10.746448">
        <ele>176.0</ele>
      </trkpt>
      <trkpt lat="45.67993" lon="10.746538">
        <ele>176.0</ele>
      </trkpt>
      <trkpt lat="45.680007" lon="10.746619">
        <ele>177.0</ele>
      </trkpt>
      <trkpt lat="45.680074" lon="10.746709">
        <ele>177.0</ele>
      </trkpt>
      <trkpt lat="45.680149" lon="10.746785">
        <ele>178.0</ele>
      </trkpt>
      <trkpt lat="45.680217" lon="10.746873">
        <ele>179.0</ele>
      </trkpt>
      <trkpt lat="45.680292" lon="10.746967">
        <ele>179.0</ele>
      </trkpt>
      <trkpt lat="45.680375" lon="10.747048">
        <ele>180.0</ele>
      </trkpt>
      <trkpt lat="45.680447" lon="10.747158">
        <ele>181.0</ele>
      </trkpt>
      <trkpt lat="45.680521" lon="10.747234">
        <ele>182.0</ele>
      </trkpt>
      <trkpt lat="45.680582" lon="10.747343">
        <ele>182.0</ele>
      </trkpt>
      <trkpt lat="45.680648" lon="10.747442">
        <ele>183.0</ele>
      </trkpt>
      <trkpt lat="45.680718" lon="10.747566">
        <ele>184.0</ele>
      </trkpt>
      <trkpt lat="45.680788" lon="10.747647">
        <ele>184.0</ele>
      </trkpt>
      <trkpt lat="45.680852" lon="10.747753">
        <ele>185.0</ele>
      </trkpt>
      <trkpt lat="45.680921" lon="10.747865">
        <ele>186.0</ele>
      </trkpt>
      <trkpt lat="45.680992" lon="10.747972">
        <ele>187.0</ele>
      </trkpt>
      <trkpt lat="45.681069" lon="10.748052">
        <ele>188.0</ele>
      </trkpt>
      <trkpt lat="45.681126" lon="10.748155">
        <ele>188.0</ele>
      </trkpt>
      <trkpt lat="45.681188" lon="10.748253">
        <ele>188.0</ele>
      </trkpt>
      <trkpt lat="45.681256" lon="10.748356">
        <ele>189.0</ele>
      </trkpt>
      <trkpt lat="45.681329" lon="10.748448">
        <ele>190.0</ele>
      </trkpt>
      <trkpt lat="45.681399" lon="10.748539">
        <ele>191.0</ele>
      </trkpt>
      <trkpt lat="45.681474" lon="10.748643">
        <ele>191.0</ele>
      </trkpt>
      <trkpt lat="45.681529" lon="10.748746">
        <ele>191.0</ele>
      </trkpt>
      <trkpt lat="45.681601" lon="10.748858">
        <ele>191.0</ele>
      </trkpt>
      <trkpt lat="45.681658" lon="10.748971">
        <ele>192.0</ele>
      </trkpt>
      <trkpt lat="45.681724" lon="10.749067">
        <ele>194.0</ele>
      </trkpt>
      <trkpt lat="45.681802" lon="10.749167">
        <ele>194.0</ele>
      </trkpt>
      <trkpt lat="45.681866" lon="10.749264">
        <ele>195.0</ele>
      </trkpt>
      <trkpt lat="45.681907" lon="10.749385">
        <ele>197.0</ele>
      </trkpt>
      <trkpt lat="45.681954" lon="10.749503">
        <ele>198.0</ele>
      </trkpt>
      <trkpt lat="45.681983" lon="10.749626">
        <ele>199.0</ele>
      </trkpt>
      <trkpt lat="45.681987" lon="10.749762">
        <ele>200.0</ele>
      </trkpt>
      <trkpt lat="45.682009" lon="10.749894">
        <ele>200.0</ele>
      </trkpt>
      <trkpt lat="45.682037" lon="10.750028">
        <ele>201.0</ele>
      </trkpt>
      <trkpt lat="45.682091" lon="10.750134">
        <ele>202.0</ele>
      </trkpt>
      <trkpt lat="45.682121" lon="10.750265">
        <ele>202.0</ele>
      </trkpt>
      <trkpt lat="45.682156" lon="10.750393">
        <ele>202.0</ele>
      </trkpt>
      <trkpt lat="45.682182" lon="10.750526">
        <ele>202.0</ele>
      </trkpt>
      <trkpt lat="45.682215" lon="10.750669">
        <ele>202.0</ele>
      </trkpt>
      <trkpt lat="45.682266" lon="10.750795">
        <ele>202.0</ele>
      </trkpt>
      <trkpt lat="45.682332" lon="10.750885">
        <ele>202.0</ele>
      </trkpt>
      <trkpt lat="45.682418" lon="10.750978">
        <ele>203.0</ele>
      </trkpt>
      <trkpt lat="45.682546" lon="10.751187">
        <ele>204.0</ele>
      </trkpt>
      <trkpt lat="45.682605" lon="10.751303">
        <ele>204.0</ele>
      </trkpt>
      <trkpt lat="45.682672" lon="10.751394">
        <ele>204.0</ele>
      </trkpt>
      <trkpt lat="45.682729" lon="10.751513">
        <ele>206.0</ele>
      </trkpt>
      <trkpt lat="45.682791" lon="10.751607">
        <ele>207.0</ele>
      </trkpt>
      <trkpt lat="45.682881" lon="10.751625">
        <ele>208.0</ele>
      </trkpt>
      <trkpt lat="45.682975" lon="10.751647">
        <ele>208.0</ele>
      </trkpt>
      <trkpt lat="45.683068" lon="10.751649">
        <ele>209.0</ele>
      </trkpt>
      <trkpt lat="45.683163" lon="10.75167">
        <ele>209.0</ele>
      </trkpt>
      <trkpt lat="45.683252" lon="10.751697">
        <ele>209.0</ele>
      </trkpt>
      <trkpt lat="45.683343" lon="10.75174">
        <ele>209.0</ele>
      </trkpt>
      <trkpt lat="45.683424" lon="10.751815">
        <ele>210.0</ele>
      </trkpt>
      <trkpt lat="45.6835" lon="10.751894">
        <ele>210.0</ele>
      </trkpt>
      <trkpt lat="45.683595" lon="10.751909">
        <ele>210.0</ele>
      </trkpt>
      <trkpt lat="45.683682" lon="10.751859">
        <ele>212.0</ele>
      </trkpt>
      <trkpt lat="45.683752" lon="10.751943">
        <ele>212.0</ele>
      </trkpt>
      <trkpt lat="45.683808" lon="10.752044">
        <ele>212.0</ele>
      </trkpt>
      <trkpt lat="45.683849" lon="10.752174">
        <ele>212.0</ele>
      </trkpt>
      <trkpt lat="45.68388" lon="10.752312">
        <ele>211.0</ele>
      </trkpt>
      <trkpt lat="45.683951" lon="10.752406">
        <ele>211.0</ele>
      </trkpt>
      <trkpt lat="45.684023" lon="10.75249">
        <ele>213.0</ele>
      </trkpt>
      <trkpt lat="45.684118" lon="10.752523">
        <ele>213.0</ele>
      </trkpt>
      <trkpt lat="45.684211" lon="10.752533">
        <ele>214.0</ele>
      </trkpt>
      <trkpt lat="45.684306" lon="10.752586">
        <ele>213.0</ele>
      </trkpt>
      <trkpt lat="45.684397" lon="10.752648">
        <ele>213.0</ele>
      </trkpt>
      <trkpt lat="45.684488" lon="10.752696">
        <ele>212.0</ele>
      </trkpt>
      <trkpt lat="45.684585" lon="10.752733">
        <ele>211.0</ele>
      </trkpt>
      <trkpt lat="45.684677" lon="10.752762">
        <ele>212.0</ele>
      </trkpt>
      <trkpt lat="45.684761" lon="10.75281">
        <ele>212.0</ele>
      </trkpt>
      <trkpt lat="45.684862" lon="10.752865">
        <ele>211.0</ele>
      </trkpt>
      <trkpt lat="45.68495" lon="10.752911">
        <ele>211.0</ele>
      </trkpt>
      <trkpt lat="45.685037" lon="10.752961">
        <ele>212.0</ele>
      </trkpt>
      <trkpt lat="45.685121" lon="10.753032">
        <ele>214.0</ele>
      </trkpt>
      <trkpt lat="45.685194" lon="10.753117">
        <ele>215.0</ele>
      </trkpt>
      <trkpt lat="45.685279" lon="10.753162">
        <ele>215.0</ele>
      </trkpt>
      <trkpt lat="45.685366" lon="10.753212">
        <ele>217.0</ele>
      </trkpt>
      <trkpt lat="45.685446" lon="10.753309">
        <ele>219.0</ele>
      </trkpt>
      <trkpt lat="45.68552" lon="10.753406">
        <ele>221.0</ele>
      </trkpt>
      <trkpt lat="45.685565" lon="10.753542">
        <ele>220.0</ele>
      </trkpt>
      <trkpt lat="45.685588" lon="10.753681">
        <ele>220.0</ele>
      </trkpt>
      <trkpt lat="45.685614" lon="10.753818">
        <ele>220.0</ele>
      </trkpt>
      <trkpt lat="45.685663" lon="10.753949">
        <ele>221.0</ele>
      </trkpt>
      <trkpt lat="45.685711" lon="10.754063">
        <ele>221.0</ele>
      </trkpt>
      <trkpt lat="45.685746" lon="10.754186">
        <ele>224.0</ele>
      </trkpt>
      <trkpt lat="45.685849" lon="10.754268">
        <ele>226.0</ele>
      </trkpt>
      <trkpt lat="45.685949" lon="10.754259">
        <ele>227.0</ele>
      </trkpt>
      <trkpt lat="45.686125" lon="10.754339">
        <ele>229.0</ele>
      </trkpt>
      <trkpt lat="45.686205" lon="10.754428">
        <ele>229.0</ele>
      </trkpt>
      <trkpt lat="45.686296" lon="10.754478">
        <ele>231.0</ele>
      </trkpt>
      <trkpt lat="45.686372" lon="10.754562">
        <ele>232.0</ele>
      </trkpt>
      <trkpt lat="45.686459" lon="10.754607">
        <ele>232.0</ele>
      </trkpt>
      <trkpt lat="45.686554" lon="10.754631">
        <ele>233.0</ele>
      </trkpt>
      <trkpt lat="45.686666" lon="10.754657">
        <ele>232.0</ele>
      </trkpt>
      <trkpt lat="45.686757" lon="10.754722">
        <ele>231.0</ele>
      </trkpt>
      <trkpt lat="45.686844" lon="10.754766">
        <ele>231.0</ele>
      </trkpt>
      <trkpt lat="45.686937" lon="10.754789">
        <ele>232.0</ele>
      </trkpt>
      <trkpt lat="45.687031" lon="10.754822">
        <ele>233.0</ele>
      </trkpt>
      <trkpt lat="45.687107" lon="10.754893">
        <ele>233.0</ele>
      </trkpt>
      <trkpt lat="45.687187" lon="10.754956">
        <ele>233.0</ele>
      </trkpt>
      <trkpt lat="45.687273" lon="10.755029">
        <ele>234.0</ele>
      </trkpt>
      <trkpt lat="45.687363" lon="10.755051">
        <ele>234.0</ele>
      </trkpt>
      <trkpt lat="45.687431" lon="10.755138">
        <ele>233.0</ele>
      </trkpt>
      <trkpt lat="45.687513" lon="10.755196">
        <ele>233.0</ele>
      </trkpt>
      <trkpt lat="45.687608" lon="10.755252">
        <ele>234.0</ele>
      </trkpt>
      <trkpt lat="45.687701" lon="10.755277">
        <ele>233.0</ele>
      </trkpt>
      <trkpt lat="45.687788" lon="10.755243">
        <ele>233.0</ele>
      </trkpt>
      <trkpt lat="45.687875" lon="10.755181">
        <ele>232.0</ele>
      </trkpt>
      <trkpt lat="45.687992" lon="10.755187">
        <ele>233.0</ele>
      </trkpt>
      <trkpt lat="45.688041" lon="10.755298">
        <ele>233.0</ele>
      </trkpt>
      <trkpt lat="45.688121" lon="10.755359">
        <ele>232.0</ele>
      </trkpt>
      <trkpt lat="45.688217" lon="10.755347">
        <ele>232.0</ele>
      </trkpt>
      <trkpt lat="45.688313" lon="10.755376">
        <ele>231.0</ele>
      </trkpt>
      <trkpt lat="45.688396" lon="10.755437">
        <ele>231.0</ele>
      </trkpt>
      <trkpt lat="45.688493" lon="10.755462">
        <ele>231.0</ele>
      </trkpt>
      <trkpt lat="45.68858" lon="10.755496">
        <ele>231.0</ele>
      </trkpt>
      <trkpt lat="45.688661" lon="10.755568">
        <ele>232.0</ele>
      </trkpt>
      <trkpt lat="45.688758" lon="10.755629">
        <ele>232.0</ele>
      </trkpt>
      <trkpt lat="45.688845" lon="10.755679">
        <ele>232.0</ele>
      </trkpt>
      <trkpt lat="45.688931" lon="10.75572">
        <ele>233.0</ele>
      </trkpt>
      <trkpt lat="45.689014" lon="10.755781">
        <ele>233.0</ele>
      </trkpt>
      <trkpt lat="45.689116" lon="10.755823">
        <ele>233.0</ele>
      </trkpt>
      <trkpt lat="45.68922" lon="10.755801">
        <ele>232.0</ele>
      </trkpt>
      <trkpt lat="45.689315" lon="10.755805">
        <ele>231.0</ele>
      </trkpt>
      <trkpt lat="45.689404" lon="10.755845">
        <ele>231.0</ele>
      </trkpt>
      <trkpt lat="45.689495" lon="10.755896">
        <ele>230.0</ele>
      </trkpt>
      <trkpt lat="45.68959" lon="10.755915">
        <ele>230.0</ele>
      </trkpt>
      <trkpt lat="45.689691" lon="10.755944">
        <ele>231.0</ele>
      </trkpt>
      <trkpt lat="45.689789" lon="10.755941">
        <ele>230.0</ele>
      </trkpt>
      <trkpt lat="45.689889" lon="10.755954">
        <ele>231.0</ele>
      </trkpt>
      <trkpt lat="45.689991" lon="10.755996">
        <ele>231.0</ele>
      </trkpt>
      <trkpt lat="45.690077" lon="10.756043">
        <ele>230.0</ele>
      </trkpt>
      <trkpt lat="45.690189" lon="10.756063">
        <ele>229.0</ele>
      </trkpt>
      <trkpt lat="45.690277" lon="10.756107">
        <ele>229.0</ele>
      </trkpt>
      <trkpt lat="45.690361" lon="10.756156">
        <ele>228.0</ele>
      </trkpt>
      <trkpt lat="45.690432" lon="10.756245">
        <ele>228.0</ele>
      </trkpt>
      <trkpt lat="45.690504" lon="10.756327">
        <ele>228.0</ele>
      </trkpt>
      <trkpt lat="45.690612" lon="10.756318">
        <ele>229.0</ele>
      </trkpt>
      <trkpt lat="45.690705" lon="10.756292">
        <ele>230.0</ele>
      </trkpt>
      <trkpt lat="45.690813" lon="10.756282">
        <ele>230.0</ele>
      </trkpt>
      <trkpt lat="45.690908" lon="10.756277">
        <ele>229.0</ele>
      </trkpt>
      <trkpt lat="45.691001" lon="10.756309">
        <ele>229.0</ele>
      </trkpt>
      <trkpt lat="45.691086" lon="10.756402">
        <ele>230.0</ele>
      </trkpt>
      <trkpt lat="45.69115" lon="10.756521">
        <ele>230.0</ele>
      </trkpt>
      <trkpt lat="45.691197" lon="10.756631">
        <ele>230.0</ele>
      </trkpt>
      <trkpt lat="45.691265" lon="10.75674">
        <ele>230.0</ele>
      </trkpt>
      <trkpt lat="45.691341" lon="10.756825">
        <ele>230.0</ele>
      </trkpt>
      <trkpt lat="45.691421" lon="10.756907">
        <ele>230.0</ele>
      </trkpt>
      <trkpt lat="45.691511" lon="10.756963">
        <ele>231.0</ele>
      </trkpt>
      <trkpt lat="45.691594" lon="10.757027">
        <ele>232.0</ele>
      </trkpt>
      <trkpt lat="45.691687" lon="10.757083">
        <ele>232.0</ele>
      </trkpt>
      <trkpt lat="45.691781" lon="10.757137">
        <ele>232.0</ele>
      </trkpt>
      <trkpt lat="45.691861" lon="10.757212">
        <ele>232.0</ele>
      </trkpt>
      <trkpt lat="45.691949" lon="10.757259">
        <ele>232.0</ele>
      </trkpt>
      <trkpt lat="45.692042" lon="10.757318">
        <ele>233.0</ele>
      </trkpt>
      <trkpt lat="45.692125" lon="10.757393">
        <ele>233.0</ele>
      </trkpt>
      <trkpt lat="45.692213" lon="10.757443">
        <ele>233.0</ele>
      </trkpt>
      <trkpt lat="45.692263" lon="10.757571">
        <ele>233.0</ele>
      </trkpt>
      <trkpt lat="45.692277" lon="10.757719">
        <ele>233.0</ele>
      </trkpt>
      <trkpt lat="45.692293" lon="10.75799">
        <ele>232.0</ele>
      </trkpt>
      <trkpt lat="45.692305" lon="10.758124">
        <ele>231.0</ele>
      </trkpt>
      <trkpt lat="45.692367" lon="10.758225">
        <ele>230.0</ele>
      </trkpt>
      <trkpt lat="45.692458" lon="10.758218">
        <ele>229.0</ele>
      </trkpt>
      <trkpt lat="45.692636" lon="10.758291">
        <ele>233.0</ele>
      </trkpt>
      <trkpt lat="45.692713" lon="10.758361">
        <ele>233.0</ele>
      </trkpt>
      <trkpt lat="45.692813" lon="10.758463">
        <ele>233.0</ele>
      </trkpt>
      <trkpt lat="45.692861" lon="10.758572">
        <ele>233.0</ele>
      </trkpt>
      <trkpt lat="45.692952" lon="10.758647">
        <ele>232.0</ele>
      </trkpt>
      <trkpt lat="45.693019" lon="10.758759">
        <ele>232.0</ele>
      </trkpt>
      <trkpt lat="45.693085" lon="10.758856">
        <ele>232.0</ele>
      </trkpt>
      <trkpt lat="45.69315" lon="10.758995">
        <ele>233.0</ele>
      </trkpt>
      <trkpt lat="45.693267" lon="10.759077">
        <ele>237.0</ele>
      </trkpt>
      <trkpt lat="45.693369" lon="10.759145">
        <ele>240.0</ele>
      </trkpt>
      <trkpt lat="45.693461" lon="10.759249">
        <ele>243.0</ele>
      </trkpt>
      <trkpt lat="45.693534" lon="10.75934">
        <ele>244.0</ele>
      </trkpt>
      <trkpt lat="45.693626" lon="10.759374">
        <ele>246.0</ele>
      </trkpt>
      <trkpt lat="45.69372" lon="10.75941">
        <ele>247.0</ele>
      </trkpt>
      <trkpt lat="45.693806" lon="10.759449">
        <ele>247.0</ele>
      </trkpt>
      <trkpt lat="45.693897" lon="10.759509">
        <ele>247.0</ele>
      </trkpt>
      <trkpt lat="45.693969" lon="10.759596">
        <ele>248.0</ele>
      </trkpt>
      <trkpt lat="45.694052" lon="10.759692">
        <ele>250.0</ele>
      </trkpt>
      <trkpt lat="45.694131" lon="10.759783">
        <ele>250.0</ele>
      </trkpt>
      <trkpt lat="45.694212" lon="10.759859">
        <ele>251.0</ele>
      </trkpt>
      <trkpt lat="45.694277" lon="10.759955">
        <ele>251.0</ele>
      </trkpt>
      <trkpt lat="45.694329" lon="10.760079">
        <ele>252.0</ele>
      </trkpt>
      <trkpt lat="45.694414" lon="10.760145">
        <ele>253.0</ele>
      </trkpt>
      <trkpt lat="45.694525" lon="10.760199">
        <ele>253.0</ele>
      </trkpt>
      <trkpt lat="45.694612" lon="10.760257">
        <ele>252.0</ele>
      </trkpt>
      <trkpt lat="45.69471" lon="10.760309">
        <ele>252.0</ele>
      </trkpt>
      <trkpt lat="45.694821" lon="10.760384">
        <ele>251.0</ele>
      </trkpt>
      <trkpt lat="45.69489" lon="10.76047">
        <ele>250.0</ele>
      </trkpt>
      <trkpt lat="45.694977" lon="10.760544">
        <ele>249.0</ele>
      </trkpt>
      <trkpt lat="45.695057" lon="10.760614">
        <ele>248.0</ele>
      </trkpt>
      <trkpt lat="45.695107" lon="10.760724">
        <ele>247.0</ele>
      </trkpt>
      <trkpt lat="45.695194" lon="10.760799">
        <ele>246.0</ele>
      </trkpt>
      <trkpt lat="45.695289" lon="10.760855">
        <ele>246.0</ele>
      </trkpt>
      <trkpt lat="45.695363" lon="10.760939">
        <ele>246.0</ele>
      </trkpt>
      <trkpt lat="45.695423" lon="10.761052">
        <ele>247.0</ele>
      </trkpt>
      <trkpt lat="45.695528" lon="10.76113">
        <ele>247.0</ele>
      </trkpt>
      <trkpt lat="45.695659" lon="10.761308">
        <ele>247.0</ele>
      </trkpt>
      <trkpt lat="45.695728" lon="10.761399">
        <ele>247.0</ele>
      </trkpt>
      <trkpt lat="45.695814" lon="10.761456">
        <ele>247.0</ele>
      </trkpt>
      <trkpt lat="45.69583" lon="10.761586">
        <ele>248.0</ele>
      </trkpt>
      <trkpt lat="45.695836" lon="10.761723">
        <ele>248.0</ele>
      </trkpt>
      <trkpt lat="45.695867" lon="10.761852">
        <ele>249.0</ele>
      </trkpt>
      <trkpt lat="45.695912" lon="10.761978">
        <ele>251.0</ele>
      </trkpt>
      <trkpt lat="45.695973" lon="10.762074">
        <ele>252.0</ele>
      </trkpt>
      <trkpt lat="45.69605" lon="10.762148">
        <ele>253.0</ele>
      </trkpt>
      <trkpt lat="45.696097" lon="10.762274">
        <ele>255.0</ele>
      </trkpt>
      <trkpt lat="45.696143" lon="10.762395">
        <ele>257.0</ele>
      </trkpt>
      <trkpt lat="45.696133" lon="10.762657">
        <ele>259.0</ele>
      </trkpt>
      <trkpt lat="45.696166" lon="10.762789">
        <ele>259.0</ele>
      </trkpt>
      <trkpt lat="45.696206" lon="10.762918">
        <ele>259.0</ele>
      </trkpt>
      <trkpt lat="45.696235" lon="10.763049">
        <ele>261.0</ele>
      </trkpt>
      <trkpt lat="45.69629" lon="10.763176">
        <ele>265.0</ele>
      </trkpt>
      <trkpt lat="45.696369" lon="10.763262">
        <ele>268.0</ele>
      </trkpt>
      <trkpt lat="45.696435" lon="10.763366">
        <ele>270.0</ele>
      </trkpt>
      <trkpt lat="45.69652" lon="10.763596">
        <ele>273.0</ele>
      </trkpt>
      <trkpt lat="45.696532" lon="10.763733">
        <ele>273.0</ele>
      </trkpt>
      <trkpt lat="45.696539" lon="10.763865">
        <ele>272.0</ele>
      </trkpt>
      <trkpt lat="45.696498" lon="10.763988">
        <ele>272.0</ele>
      </trkpt>
      <trkpt lat="45.696571" lon="10.764068">
        <ele>276.0</ele>
      </trkpt>
      <trkpt lat="45.696724" lon="10.764165">
        <ele>281.0</ele>
      </trkpt>
      <trkpt lat="45.69678" lon="10.764057">
        <ele>281.0</ele>
      </trkpt>
      <trkpt lat="45.696872" lon="10.76396">
        <ele>282.0</ele>
      </trkpt>
      <trkpt lat="45.696974" lon="10.763924">
        <ele>282.0</ele>
      </trkpt>
      <trkpt lat="45.69707" lon="10.763846">
        <ele>280.0</ele>
      </trkpt>
      <trkpt lat="45.697156" lon="10.763785">
        <ele>279.0</ele>
      </trkpt>
      <trkpt lat="45.697218" lon="10.76388">
        <ele>277.0</ele>
      </trkpt>
      <trkpt lat="45.697229" lon="10.764009">
        <ele>277.0</ele>
      </trkpt>
      <trkpt lat="45.69728" lon="10.764126">
        <ele>276.0</ele>
      </trkpt>
      <trkpt lat="45.697341" lon="10.764236">
        <ele>276.0</ele>
      </trkpt>
      <trkpt lat="45.697417" lon="10.764321">
        <ele>275.0</ele>
      </trkpt>
      <trkpt lat="45.697487" lon="10.764238">
        <ele>275.0</ele>
      </trkpt>
      <trkpt lat="45.697529" lon="10.764112">
        <ele>275.0</ele>
      </trkpt>
      <trkpt lat="45.697589" lon="10.764003">
        <ele>276.0</ele>
      </trkpt>
      <trkpt lat="45.697704" lon="10.76395">
        <ele>282.0</ele>
      </trkpt>
      <trkpt lat="45.697821" lon="10.763896">
        <ele>282.0</ele>
      </trkpt>
      <trkpt lat="45.697913" lon="10.763884">
        <ele>282.0</ele>
      </trkpt>
      <trkpt lat="45.698004" lon="10.763869">
        <ele>281.0</ele>
      </trkpt>
      <trkpt lat="45.698105" lon="10.763869">
        <ele>281.0</ele>
      </trkpt>
      <trkpt lat="45.698202" lon="10.763886">
        <ele>281.0</ele>
      </trkpt>
      <trkpt lat="45.698305" lon="10.763909">
        <ele>279.0</ele>
      </trkpt>
      <trkpt lat="45.698356" lon="10.764016">
        <ele>277.0</ele>
      </trkpt>
      <trkpt lat="45.698442" lon="10.764081">
        <ele>276.0</ele>
      </trkpt>
      <trkpt lat="45.698532" lon="10.764101">
        <ele>276.0</ele>
      </trkpt>
      <trkpt lat="45.698627" lon="10.764132">
        <ele>275.0</ele>
      </trkpt>
      <trkpt lat="45.698723" lon="10.764165">
        <ele>275.0</ele>
      </trkpt>
      <trkpt lat="45.698806" lon="10.764223">
        <ele>274.0</ele>
      </trkpt>
      <trkpt lat="45.698907" lon="10.764276">
        <ele>273.0</ele>
      </trkpt>
      <trkpt lat="45.699" lon="10.764324">
        <ele>272.0</ele>
      </trkpt>
      <trkpt lat="45.699091" lon="10.764327">
        <ele>271.0</ele>
      </trkpt>
      <trkpt lat="45.699178" lon="10.764362">
        <ele>270.0</ele>
      </trkpt>
      <trkpt lat="45.699272" lon="10.764402">
        <ele>269.0</ele>
      </trkpt>
      <trkpt lat="45.699359" lon="10.76446">
        <ele>266.0</ele>
      </trkpt>
      <trkpt lat="45.699447" lon="10.764492">
        <ele>265.0</ele>
      </trkpt>
      <trkpt lat="45.699533" lon="10.76455">
        <ele>263.0</ele>
      </trkpt>
      <trkpt lat="45.699614" lon="10.764622">
        <ele>261.0</ele>
      </trkpt>
      <trkpt lat="45.699704" lon="10.764645">
        <ele>259.0</ele>
      </trkpt>
      <trkpt lat="45.699794" lon="10.764576">
        <ele>256.0</ele>
      </trkpt>
      <trkpt lat="45.699872" lon="10.764496">
        <ele>255.0</ele>
      </trkpt>
      <trkpt lat="45.699991" lon="10.764447">
        <ele>253.0</ele>
      </trkpt>
      <trkpt lat="45.700097" lon="10.764462">
        <ele>252.0</ele>
      </trkpt>
      <trkpt lat="45.700186" lon="10.764514">
        <ele>251.0</ele>
      </trkpt>
      <trkpt lat="45.700279" lon="10.764557">
        <ele>251.0</ele>
      </trkpt>
      <trkpt lat="45.700381" lon="10.764616">
        <ele>249.0</ele>
      </trkpt>
      <trkpt lat="45.700456" lon="10.764717">
        <ele>247.0</ele>
      </trkpt>
      <trkpt lat="45.700535" lon="10.764792">
        <ele>246.0</ele>
      </trkpt>
      <trkpt lat="45.70063" lon="10.764847">
        <ele>245.0</ele>
      </trkpt>
      <trkpt lat="45.700727" lon="10.764874">
        <ele>244.0</ele>
      </trkpt>
      <trkpt lat="45.700814" lon="10.76493">
        <ele>243.0</ele>
      </trkpt>
      <trkpt lat="45.700911" lon="10.764926">
        <ele>243.0</ele>
      </trkpt>
      <trkpt lat="45.701007" lon="10.764929">
        <ele>242.0</ele>
      </trkpt>
      <trkpt lat="45.701097" lon="10.764927">
        <ele>241.0</ele>
      </trkpt>
      <trkpt lat="45.701197" lon="10.76493">
        <ele>239.0</ele>
      </trkpt>
      <trkpt lat="45.701292" lon="10.764934">
        <ele>238.0</ele>
      </trkpt>
      <trkpt lat="45.701446" lon="10.765059">
        <ele>234.0</ele>
      </trkpt>
      <trkpt lat="45.701524" lon="10.765129">
        <ele>232.0</ele>
      </trkpt>
      <trkpt lat="45.701609" lon="10.765187">
        <ele>231.0</ele>
      </trkpt>
      <trkpt lat="45.701692" lon="10.765269">
        <ele>230.0</ele>
      </trkpt>
      <trkpt lat="45.701726" lon="10.765407">
        <ele>229.0</ele>
      </trkpt>
      <trkpt lat="45.701815" lon="10.76547">
        <ele>228.0</ele>
      </trkpt>
      <trkpt lat="45.701899" lon="10.765547">
        <ele>227.0</ele>
      </trkpt>
      <trkpt lat="45.701988" lon="10.765601">
        <ele>226.0</ele>
      </trkpt>
      <trkpt lat="45.702074" lon="10.765658">
        <ele>226.0</ele>
      </trkpt>
      <trkpt lat="45.702165" lon="10.765711">
        <ele>225.0</ele>
      </trkpt>
      <trkpt lat="45.702246" lon="10.765771">
        <ele>223.0</ele>
      </trkpt>
      <trkpt lat="45.70235" lon="10.765788">
        <ele>221.0</ele>
      </trkpt>
      <trkpt lat="45.702437" lon="10.765923">
        <ele>220.0</ele>
      </trkpt>
      <trkpt lat="45.702497" lon="10.766024">
        <ele>219.0</ele>
      </trkpt>
      <trkpt lat="45.702551" lon="10.766133">
        <ele>219.0</ele>
      </trkpt>
      <trkpt lat="45.702622" lon="10.766216">
        <ele>219.0</ele>
      </trkpt>
      <trkpt lat="45.702703" lon="10.766281">
        <ele>220.0</ele>
      </trkpt>
      <trkpt lat="45.702782" lon="10.766343">
        <ele>220.0</ele>
      </trkpt>
      <trkpt lat="45.702882" lon="10.766365">
        <ele>221.0</ele>
      </trkpt>
      <trkpt lat="45.702979" lon="10.766386">
        <ele>221.0</ele>
      </trkpt>
      <trkpt lat="45.703074" lon="10.766415">
        <ele>221.0</ele>
      </trkpt>
      <trkpt lat="45.703173" lon="10.766461">
        <ele>220.0</ele>
      </trkpt>
      <trkpt lat="45.703268" lon="10.766504">
        <ele>221.0</ele>
      </trkpt>
      <trkpt lat="45.703357" lon="10.766549">
        <ele>220.0</ele>
      </trkpt>
      <trkpt lat="45.703458" lon="10.76658">
        <ele>219.0</ele>
      </trkpt>
      <trkpt lat="45.703541" lon="10.766635">
        <ele>218.0</ele>
      </trkpt>
      <trkpt lat="45.703636" lon="10.766696">
        <ele>218.0</ele>
      </trkpt>
      <trkpt lat="45.703728" lon="10.766756">
        <ele>218.0</ele>
      </trkpt>
      <trkpt lat="45.703797" lon="10.766841">
        <ele>218.0</ele>
      </trkpt>
      <trkpt lat="45.703844" lon="10.766955">
        <ele>217.0</ele>
      </trkpt>
      <trkpt lat="45.703895" lon="10.767066">
        <ele>217.0</ele>
      </trkpt>
      <trkpt lat="45.703988" lon="10.767091">
        <ele>216.0</ele>
      </trkpt>
      <trkpt lat="45.704079" lon="10.767135">
        <ele>215.0</ele>
      </trkpt>
      <trkpt lat="45.704177" lon="10.767168">
        <ele>213.0</ele>
      </trkpt>
      <trkpt lat="45.704282" lon="10.767189">
        <ele>212.0</ele>
      </trkpt>
      <trkpt lat="45.704469" lon="10.767196">
        <ele>210.0</ele>
      </trkpt>
      <trkpt lat="45.704563" lon="10.767219">
        <ele>209.0</ele>
      </trkpt>
      <trkpt lat="45.704662" lon="10.767197">
        <ele>207.0</ele>
      </trkpt>
      <trkpt lat="45.704752" lon="10.767172">
        <ele>204.0</ele>
      </trkpt>
      <trkpt lat="45.70484" lon="10.767212">
        <ele>203.0</ele>
      </trkpt>
      <trkpt lat="45.704918" lon="10.767277">
        <ele>200.0</ele>
      </trkpt>
      <trkpt lat="45.705016" lon="10.767283">
        <ele>198.0</ele>
      </trkpt>
      <trkpt lat="45.705115" lon="10.767301">
        <ele>196.0</ele>
      </trkpt>
      <trkpt lat="45.705215" lon="10.767341">
        <ele>195.0</ele>
      </trkpt>
      <trkpt lat="45.705306" lon="10.767333">
        <ele>191.0</ele>
      </trkpt>
      <trkpt lat="45.705397" lon="10.767373">
        <ele>187.0</ele>
      </trkpt>
      <trkpt lat="45.705498" lon="10.767367">
        <ele>186.0</ele>
      </trkpt>
      <trkpt lat="45.705593" lon="10.767335">
        <ele>184.0</ele>
      </trkpt>
      <trkpt lat="45.705691" lon="10.767295">
        <ele>183.0</ele>
      </trkpt>
      <trkpt lat="45.705792" lon="10.76725">
        <ele>182.0</ele>
      </trkpt>
      <trkpt lat="45.705896" lon="10.767228">
        <ele>181.0</ele>
      </trkpt>
      <trkpt lat="45.705987" lon="10.767278">
        <ele>179.0</ele>
      </trkpt>
      <trkpt lat="45.706067" lon="10.767349">
        <ele>178.0</ele>
      </trkpt>
      <trkpt lat="45.706161" lon="10.767379">
        <ele>177.0</ele>
      </trkpt>
      <trkpt lat="45.706256" lon="10.767356">
        <ele>174.0</ele>
      </trkpt>
      <trkpt lat="45.706349" lon="10.767321">
        <ele>173.0</ele>
      </trkpt>
      <trkpt lat="45.70644" lon="10.767287">
        <ele>172.0</ele>
      </trkpt>
      <trkpt lat="45.706526" lon="10.767217">
        <ele>169.0</ele>
      </trkpt>
      <trkpt lat="45.706619" lon="10.767195">
        <ele>167.0</ele>
      </trkpt>
      <trkpt lat="45.706711" lon="10.767181">
        <ele>165.0</ele>
      </trkpt>
      <trkpt lat="45.7068" lon="10.767207">
        <ele>162.0</ele>
      </trkpt>
      <trkpt lat="45.706895" lon="10.767187">
        <ele>160.0</ele>
      </trkpt>
      <trkpt lat="45.706982" lon="10.767154">
        <ele>158.0</ele>
      </trkpt>
      <trkpt lat="45.707074" lon="10.767181">
        <ele>156.0</ele>
      </trkpt>
      <trkpt lat="45.707144" lon="10.767269">
        <ele>156.0</ele>
      </trkpt>
      <trkpt lat="45.707235" lon="10.767311">
        <ele>156.0</ele>
      </trkpt>
      <trkpt lat="45.707316" lon="10.767368">
        <ele>155.0</ele>
      </trkpt>
      <trkpt lat="45.707402" lon="10.767414">
        <ele>155.0</ele>
      </trkpt>
      <trkpt lat="45.707487" lon="10.767464">
        <ele>155.0</ele>
      </trkpt>
      <trkpt lat="45.707571" lon="10.767512">
        <ele>154.0</ele>
      </trkpt>
      <trkpt lat="45.707621" lon="10.767635">
        <ele>152.0</ele>
      </trkpt>
      <trkpt lat="45.707667" lon="10.767762">
        <ele>152.0</ele>
      </trkpt>
      <trkpt lat="45.707731" lon="10.767869">
        <ele>151.0</ele>
      </trkpt>
      <trkpt lat="45.707805" lon="10.767956">
        <ele>151.0</ele>
      </trkpt>
      <trkpt lat="45.707884" lon="10.768031">
        <ele>150.0</ele>
      </trkpt>
      <trkpt lat="45.707958" lon="10.768105">
        <ele>150.0</ele>
      </trkpt>
      <trkpt lat="45.708048" lon="10.76816">
        <ele>150.0</ele>
      </trkpt>
      <trkpt lat="45.70806" lon="10.768298">
        <ele>150.0</ele>
      </trkpt>
      <trkpt lat="45.708148" lon="10.768381">
        <ele>150.0</ele>
      </trkpt>
      <trkpt lat="45.708316" lon="10.768471">
        <ele>151.0</ele>
      </trkpt>
      <trkpt lat="45.70838" lon="10.768572">
        <ele>152.0</ele>
      </trkpt>
      <trkpt lat="45.708428" lon="10.768683">
        <ele>153.0</ele>
      </trkpt>
      <trkpt lat="45.708489" lon="10.768779">
        <ele>154.0</ele>
      </trkpt>
      <trkpt lat="45.70854" lon="10.768893">
        <ele>155.0</ele>
      </trkpt>
      <trkpt lat="45.708626" lon="10.768968">
        <ele>156.0</ele>
      </trkpt>
      <trkpt lat="45.708692" lon="10.769071">
        <ele>156.0</ele>
      </trkpt>
      <trkpt lat="45.708774" lon="10.769153">
        <ele>157.0</ele>
      </trkpt>
      <trkpt lat="45.708846" lon="10.769239">
        <ele>158.0</ele>
      </trkpt>
      <trkpt lat="45.708936" lon="10.769305">
        <ele>159.0</ele>
      </trkpt>
      <trkpt lat="45.709008" lon="10.769391">
        <ele>160.0</ele>
      </trkpt>
      <trkpt lat="45.709068" lon="10.7695">
        <ele>161.0</ele>
      </trkpt>
      <trkpt lat="45.709139" lon="10.769589">
        <ele>162.0</ele>
      </trkpt>
      <trkpt lat="45.709193" lon="10.769696">
        <ele>163.0</ele>
      </trkpt>
      <trkpt lat="45.709262" lon="10.769782">
        <ele>164.0</ele>
      </trkpt>
      <trkpt lat="45.709295" lon="10.769903">
        <ele>166.0</ele>
      </trkpt>
      <trkpt lat="45.70937" lon="10.769983">
        <ele>167.0</ele>
      </trkpt>
      <trkpt lat="45.70945" lon="10.770048">
        <ele>168.0</ele>
      </trkpt>
      <trkpt lat="45.709524" lon="10.770128">
        <ele>168.0</ele>
      </trkpt>
      <trkpt lat="45.709596" lon="10.770208">
        <ele>168.0</ele>
      </trkpt>
      <trkpt lat="45.709767" lon="10.770316">
        <ele>171.0</ele>
      </trkpt>
      <trkpt lat="45.70995" lon="10.770297">
        <ele>171.0</ele>
      </trkpt>
      <trkpt lat="45.710043" lon="10.770333">
        <ele>171.0</ele>
      </trkpt>
      <trkpt lat="45.710122" lon="10.77041">
        <ele>172.0</ele>
      </trkpt>
      <trkpt lat="45.710205" lon="10.770467">
        <ele>173.0</ele>
      </trkpt>
      <trkpt lat="45.710298" lon="10.770507">
        <ele>173.0</ele>
      </trkpt>
      <trkpt lat="45.710393" lon="10.77052">
        <ele>173.0</ele>
      </trkpt>
      <trkpt lat="45.710481" lon="10.770588">
        <ele>173.0</ele>
      </trkpt>
      <trkpt lat="45.710568" lon="10.770647">
        <ele>174.0</ele>
      </trkpt>
      <trkpt lat="45.710651" lon="10.770702">
        <ele>174.0</ele>
      </trkpt>
      <trkpt lat="45.710736" lon="10.770783">
        <ele>174.0</ele>
      </trkpt>
      <trkpt lat="45.710824" lon="10.770832">
        <ele>175.0</ele>
      </trkpt>
      <trkpt lat="45.710913" lon="10.770879">
        <ele>175.0</ele>
      </trkpt>
      <trkpt lat="45.711004" lon="10.770904">
        <ele>176.0</ele>
      </trkpt>
      <trkpt lat="45.711112" lon="10.77095">
        <ele>176.0</ele>
      </trkpt>
      <trkpt lat="45.7112" lon="10.770986">
        <ele>177.0</ele>
      </trkpt>
      <trkpt lat="45.711289" lon="10.77104">
        <ele>177.0</ele>
      </trkpt>
      <trkpt lat="45.711368" lon="10.771118">
        <ele>176.0</ele>
      </trkpt>
      <trkpt lat="45.71145" lon="10.771193">
        <ele>176.0</ele>
      </trkpt>
      <trkpt lat="45.711531" lon="10.771293">
        <ele>176.0</ele>
      </trkpt>
      <trkpt lat="45.711698" lon="10.771414">
        <ele>176.0</ele>
      </trkpt>
      <trkpt lat="45.711791" lon="10.771475">
        <ele>175.0</ele>
      </trkpt>
      <trkpt lat="45.711881" lon="10.771527">
        <ele>175.0</ele>
      </trkpt>
      <trkpt lat="45.711965" lon="10.771579">
        <ele>174.0</ele>
      </trkpt>
      <trkpt lat="45.712036" lon="10.771671">
        <ele>173.0</ele>
      </trkpt>
      <trkpt lat="45.712078" lon="10.771799">
        <ele>173.0</ele>
      </trkpt>
      <trkpt lat="45.712131" lon="10.77191">
        <ele>172.0</ele>
      </trkpt>
      <trkpt lat="45.712199" lon="10.771999">
        <ele>172.0</ele>
      </trkpt>
      <trkpt lat="45.712302" lon="10.772064">
        <ele>172.0</ele>
      </trkpt>
      <trkpt lat="45.712398" lon="10.772132">
        <ele>173.0</ele>
      </trkpt>
      <trkpt lat="45.712489" lon="10.772145">
        <ele>174.0</ele>
      </trkpt>
      <trkpt lat="45.712583" lon="10.77218">
        <ele>175.0</ele>
      </trkpt>
      <trkpt lat="45.712674" lon="10.772198">
        <ele>176.0</ele>
      </trkpt>
      <trkpt lat="45.712742" lon="10.772298">
        <ele>176.0</ele>
      </trkpt>
      <trkpt lat="45.712823" lon="10.772361">
        <ele>176.0</ele>
      </trkpt>
      <trkpt lat="45.712911" lon="10.772407">
        <ele>177.0</ele>
      </trkpt>
      <trkpt lat="45.713012" lon="10.772462">
        <ele>177.0</ele>
      </trkpt>
      <trkpt lat="45.713112" lon="10.772511">
        <ele>178.0</ele>
      </trkpt>
      <trkpt lat="45.713204" lon="10.772579">
        <ele>180.0</ele>
      </trkpt>
      <trkpt lat="45.713297" lon="10.772618">
        <ele>181.0</ele>
      </trkpt>
      <trkpt lat="45.713381" lon="10.772685">
        <ele>181.0</ele>
      </trkpt>
      <trkpt lat="45.713479" lon="10.772741">
        <ele>181.0</ele>
      </trkpt>
      <trkpt lat="45.713561" lon="10.772807">
        <ele>182.0</ele>
      </trkpt>
      <trkpt lat="45.713647" lon="10.772869">
        <ele>182.0</ele>
      </trkpt>
      <trkpt lat="45.713728" lon="10.772928">
        <ele>182.0</ele>
      </trkpt>
      <trkpt lat="45.713812" lon="10.772998">
        <ele>182.0</ele>
      </trkpt>
      <trkpt lat="45.713896" lon="10.773066">
        <ele>182.0</ele>
      </trkpt>
      <trkpt lat="45.713975" lon="10.773157">
        <ele>182.0</ele>
      </trkpt>
      <trkpt lat="45.714059" lon="10.773215">
        <ele>181.0</ele>
      </trkpt>
      <trkpt lat="45.714146" lon="10.773287">
        <ele>181.0</ele>
      </trkpt>
      <trkpt lat="45.714233" lon="10.773357">
        <ele>181.0</ele>
      </trkpt>
      <trkpt lat="45.714343" lon="10.77338">
        <ele>181.0</ele>
      </trkpt>
      <trkpt lat="45.714439" lon="10.773386">
        <ele>180.0</ele>
      </trkpt>
      <trkpt lat="45.714538" lon="10.773383">
        <ele>180.0</ele>
      </trkpt>
      <trkpt lat="45.71462" lon="10.77346">
        <ele>180.0</ele>
      </trkpt>
      <trkpt lat="45.714701" lon="10.773531">
        <ele>181.0</ele>
      </trkpt>
      <trkpt lat="45.714757" lon="10.77364">
        <ele>181.0</ele>
      </trkpt>
      <trkpt lat="45.71481" lon="10.773775">
        <ele>180.0</ele>
      </trkpt>
      <trkpt lat="45.714838" lon="10.773903">
        <ele>180.0</ele>
      </trkpt>
      <trkpt lat="45.714858" lon="10.774039">
        <ele>180.0</ele>
      </trkpt>
      <trkpt lat="45.714875" lon="10.774191">
        <ele>181.0</ele>
      </trkpt>
      <trkpt lat="45.714912" lon="10.774323">
        <ele>182.0</ele>
      </trkpt>
      <trkpt lat="45.714968" lon="10.774429">
        <ele>182.0</ele>
      </trkpt>
      <trkpt lat="45.715057" lon="10.774491">
        <ele>183.0</ele>
      </trkpt>
      <trkpt lat="45.715145" lon="10.774519">
        <ele>184.0</ele>
      </trkpt>
      <trkpt lat="45.715245" lon="10.774553">
        <ele>183.0</ele>
      </trkpt>
      <trkpt lat="45.715319" lon="10.774637">
        <ele>183.0</ele>
      </trkpt>
      <trkpt lat="45.715392" lon="10.774735">
        <ele>184.0</ele>
      </trkpt>
      <trkpt lat="45.715392" lon="10.774869">
        <ele>185.0</ele>
      </trkpt>
      <trkpt lat="45.715455" lon="10.774977">
        <ele>184.0</ele>
      </trkpt>
      <trkpt lat="45.715534" lon="10.775066">
        <ele>184.0</ele>
      </trkpt>
      <trkpt lat="45.71562" lon="10.775139">
        <ele>185.0</ele>
      </trkpt>
      <trkpt lat="45.715703" lon="10.775207">
        <ele>185.0</ele>
      </trkpt>
      <trkpt lat="45.715788" lon="10.775295">
        <ele>185.0</ele>
      </trkpt>
      <trkpt lat="45.715858" lon="10.7754">
        <ele>185.0</ele>
      </trkpt>
      <trkpt lat="45.715935" lon="10.775483">
        <ele>186.0</ele>
      </trkpt>
      <trkpt lat="45.71602" lon="10.775575">
        <ele>186.0</ele>
      </trkpt>
      <trkpt lat="45.716087" lon="10.775666">
        <ele>187.0</ele>
      </trkpt>
      <trkpt lat="45.716139" lon="10.775774">
        <ele>187.0</ele>
      </trkpt>
      <trkpt lat="45.716219" lon="10.775853">
        <ele>187.0</ele>
      </trkpt>
      <trkpt lat="45.716274" lon="10.775957">
        <ele>188.0</ele>
      </trkpt>
      <trkpt lat="45.716311" lon="10.776081">
        <ele>189.0</ele>
      </trkpt>
      <trkpt lat="45.716299" lon="10.77621">
        <ele>191.0</ele>
      </trkpt>
      <trkpt lat="45.716333" lon="10.776338">
        <ele>193.0</ele>
      </trkpt>
      <trkpt lat="45.71638" lon="10.776535">
        <ele>199.0</ele>
      </trkpt>
      <trkpt lat="45.716479" lon="10.776547">
        <ele>199.0</ele>
      </trkpt>
      <trkpt lat="45.716582" lon="10.776604">
        <ele>198.0</ele>
      </trkpt>
      <trkpt lat="45.716679" lon="10.77666">
        <ele>197.0</ele>
      </trkpt>
      <trkpt lat="45.716769" lon="10.77669">
        <ele>195.0</ele>
      </trkpt>
      <trkpt lat="45.71685" lon="10.776775">
        <ele>194.0</ele>
      </trkpt>
      <trkpt lat="45.71695" lon="10.77704">
        <ele>194.0</ele>
      </trkpt>
      <trkpt lat="45.716982" lon="10.777162">
        <ele>191.0</ele>
      </trkpt>
      <trkpt lat="45.717049" lon="10.777263">
        <ele>191.0</ele>
      </trkpt>
      <trkpt lat="45.717118" lon="10.77735">
        <ele>190.0</ele>
      </trkpt>
      <trkpt lat="45.717191" lon="10.777428">
        <ele>189.0</ele>
      </trkpt>
      <trkpt lat="45.71728" lon="10.777476">
        <ele>188.0</ele>
      </trkpt>
      <trkpt lat="45.717356" lon="10.77756">
        <ele>188.0</ele>
      </trkpt>
      <trkpt lat="45.717433" lon="10.777664">
        <ele>188.0</ele>
      </trkpt>
      <trkpt lat="45.71747" lon="10.777784">
        <ele>188.0</ele>
      </trkpt>
      <trkpt lat="45.717564" lon="10.777918">
        <ele>181.0</ele>
      </trkpt>
      <trkpt lat="45.717686" lon="10.778094">
        <ele>171.0</ele>
      </trkpt>
      <trkpt lat="45.717789" lon="10.778242">
        <ele>163.0</ele>
      </trkpt>
      <trkpt lat="45.717876" lon="10.778377">
        <ele>172.0</ele>
      </trkpt>
      <trkpt lat="45.71795" lon="10.778468">
        <ele>173.0</ele>
      </trkpt>
      <trkpt lat="45.71802" lon="10.778562">
        <ele>174.0</ele>
      </trkpt>
      <trkpt lat="45.718081" lon="10.77866">
        <ele>175.0</ele>
      </trkpt>
      <trkpt lat="45.718146" lon="10.778753">
        <ele>175.0</ele>
      </trkpt>
      <trkpt lat="45.718206" lon="10.778857">
        <ele>175.0</ele>
      </trkpt>
      <trkpt lat="45.718252" lon="10.778974">
        <ele>176.0</ele>
      </trkpt>
      <trkpt lat="45.718321" lon="10.77906">
        <ele>176.0</ele>
      </trkpt>
      <trkpt lat="45.718398" lon="10.779143">
        <ele>177.0</ele>
      </trkpt>
      <trkpt lat="45.71846" lon="10.779241">
        <ele>177.0</ele>
      </trkpt>
      <trkpt lat="45.718528" lon="10.779335">
        <ele>177.0</ele>
      </trkpt>
      <trkpt lat="45.718605" lon="10.779414">
        <ele>177.0</ele>
      </trkpt>
      <trkpt lat="45.718684" lon="10.779478">
        <ele>176.0</ele>
      </trkpt>
      <trkpt lat="45.718756" lon="10.779567">
        <ele>176.0</ele>
      </trkpt>
      <trkpt lat="45.718836" lon="10.77964">
        <ele>176.0</ele>
      </trkpt>
      <trkpt lat="45.718926" lon="10.779691">
        <ele>176.0</ele>
      </trkpt>
      <trkpt lat="45.71901" lon="10.779755">
        <ele>176.0</ele>
      </trkpt>
      <trkpt lat="45.719102" lon="10.779799">
        <ele>176.0</ele>
      </trkpt>
      <trkpt lat="45.719196" lon="10.779849">
        <ele>177.0</ele>
      </trkpt>
      <trkpt lat="45.719264" lon="10.779937">
        <ele>177.0</ele>
      </trkpt>
      <trkpt lat="45.719334" lon="10.780034">
        <ele>177.0</ele>
      </trkpt>
      <trkpt lat="45.719384" lon="10.780153">
        <ele>178.0</ele>
      </trkpt>
      <trkpt lat="45.719423" lon="10.780273">
        <ele>178.0</ele>
      </trkpt>
      <trkpt lat="45.719489" lon="10.780379">
        <ele>178.0</ele>
      </trkpt>
      <trkpt lat="45.719563" lon="10.780458">
        <ele>178.0</ele>
      </trkpt>
      <trkpt lat="45.719648" lon="10.78059">
        <ele>179.0</ele>
      </trkpt>
      <trkpt lat="45.719695" lon="10.780706">
        <ele>179.0</ele>
      </trkpt>
      <trkpt lat="45.719744" lon="10.780823">
        <ele>179.0</ele>
      </trkpt>
      <trkpt lat="45.719806" lon="10.780931">
        <ele>180.0</ele>
      </trkpt>
      <trkpt lat="45.719876" lon="10.781028">
        <ele>182.0</ele>
      </trkpt>
      <trkpt lat="45.719959" lon="10.780959">
        <ele>182.0</ele>
      </trkpt>
      <trkpt lat="45.720024" lon="10.780869">
        <ele>182.0</ele>
      </trkpt>
      <trkpt lat="45.720069" lon="10.780754">
        <ele>182.0</ele>
      </trkpt>
      <trkpt lat="45.720114" lon="10.780632">
        <ele>181.0</ele>
      </trkpt>
      <trkpt lat="45.720208" lon="10.780581">
        <ele>181.0</ele>
      </trkpt>
      <trkpt lat="45.720303" lon="10.780581">
        <ele>180.0</ele>
      </trkpt>
      <trkpt lat="45.720405" lon="10.780618">
        <ele>179.0</ele>
      </trkpt>
      <trkpt lat="45.720473" lon="10.780729">
        <ele>177.0</ele>
      </trkpt>
      <trkpt lat="45.720524" lon="10.780845">
        <ele>176.0</ele>
      </trkpt>
      <trkpt lat="45.720595" lon="10.780941">
        <ele>175.0</ele>
      </trkpt>
      <trkpt lat="45.720675" lon="10.781021">
        <ele>174.0</ele>
      </trkpt>
      <trkpt lat="45.720752" lon="10.781091">
        <ele>174.0</ele>
      </trkpt>
      <trkpt lat="45.720811" lon="10.781204">
        <ele>174.0</ele>
      </trkpt>
      <trkpt lat="45.720869" lon="10.781304">
        <ele>173.0</ele>
      </trkpt>
      <trkpt lat="45.720924" lon="10.781426">
        <ele>172.0</ele>
      </trkpt>
      <trkpt lat="45.720937" lon="10.78157">
        <ele>172.0</ele>
      </trkpt>
      <trkpt lat="45.721038" lon="10.781786">
        <ele>171.0</ele>
      </trkpt>
      <trkpt lat="45.721108" lon="10.781886">
        <ele>171.0</ele>
      </trkpt>
      <trkpt lat="45.721172" lon="10.782001">
        <ele>171.0</ele>
      </trkpt>
      <trkpt lat="45.721243" lon="10.782113">
        <ele>171.0</ele>
      </trkpt>
      <trkpt lat="45.721341" lon="10.782153">
        <ele>171.0</ele>
      </trkpt>
      <trkpt lat="45.721408" lon="10.782243">
        <ele>171.0</ele>
      </trkpt>
      <trkpt lat="45.721442" lon="10.782364">
        <ele>171.0</ele>
      </trkpt>
      <trkpt lat="45.721504" lon="10.782459">
        <ele>169.0</ele>
      </trkpt>
      <trkpt lat="45.721596" lon="10.782506">
        <ele>168.0</ele>
      </trkpt>
      <trkpt lat="45.72169" lon="10.782561">
        <ele>167.0</ele>
      </trkpt>
      <trkpt lat="45.721771" lon="10.78262">
        <ele>167.0</ele>
      </trkpt>
      <trkpt lat="45.721859" lon="10.782659">
        <ele>167.0</ele>
      </trkpt>
      <trkpt lat="45.72195" lon="10.78272">
        <ele>166.0</ele>
      </trkpt>
      <trkpt lat="45.722043" lon="10.782772">
        <ele>165.0</ele>
      </trkpt>
      <trkpt lat="45.722149" lon="10.782777">
        <ele>164.0</ele>
      </trkpt>
      <trkpt lat="45.722241" lon="10.782779">
        <ele>164.0</ele>
      </trkpt>
      <trkpt lat="45.722335" lon="10.782799">
        <ele>164.0</ele>
      </trkpt>
      <trkpt lat="45.722414" lon="10.782861">
        <ele>163.0</ele>
      </trkpt>
      <trkpt lat="45.722495" lon="10.782928">
        <ele>164.0</ele>
      </trkpt>
      <trkpt lat="45.722574" lon="10.782996">
        <ele>163.0</ele>
      </trkpt>
      <trkpt lat="45.722667" lon="10.783072">
        <ele>163.0</ele>
      </trkpt>
      <trkpt lat="45.722751" lon="10.783174">
        <ele>162.0</ele>
      </trkpt>
      <trkpt lat="45.722827" lon="10.783257">
        <ele>161.0</ele>
      </trkpt>
      <trkpt lat="45.722923" lon="10.783303">
        <ele>160.0</ele>
      </trkpt>
      <trkpt lat="45.722998" lon="10.783395">
        <ele>158.0</ele>
      </trkpt>
      <trkpt lat="45.723099" lon="10.783488">
        <ele>157.0</ele>
      </trkpt>
      <trkpt lat="45.723217" lon="10.783551">
        <ele>157.0</ele>
      </trkpt>
      <trkpt lat="45.723305" lon="10.783603">
        <ele>158.0</ele>
      </trkpt>
      <trkpt lat="45.723366" lon="10.783706">
        <ele>159.0</ele>
      </trkpt>
      <trkpt lat="45.72341" lon="10.78382">
        <ele>160.0</ele>
      </trkpt>
      <trkpt lat="45.723453" lon="10.783949">
        <ele>161.0</ele>
      </trkpt>
      <trkpt lat="45.72353" lon="10.784051">
        <ele>161.0</ele>
      </trkpt>
      <trkpt lat="45.723583" lon="10.784157">
        <ele>161.0</ele>
      </trkpt>
      <trkpt lat="45.723652" lon="10.784274">
        <ele>162.0</ele>
      </trkpt>
      <trkpt lat="45.723732" lon="10.784358">
        <ele>164.0</ele>
      </trkpt>
      <trkpt lat="45.723822" lon="10.784394">
        <ele>165.0</ele>
      </trkpt>
      <trkpt lat="45.723899" lon="10.784472">
        <ele>166.0</ele>
      </trkpt>
      <trkpt lat="45.723969" lon="10.784561">
        <ele>166.0</ele>
      </trkpt>
      <trkpt lat="45.724035" lon="10.784655">
        <ele>166.0</ele>
      </trkpt>
      <trkpt lat="45.724157" lon="10.784873">
        <ele>168.0</ele>
      </trkpt>
      <trkpt lat="45.724221" lon="10.784973">
        <ele>168.0</ele>
      </trkpt>
      <trkpt lat="45.72429" lon="10.785066">
        <ele>169.0</ele>
      </trkpt>
      <trkpt lat="45.724367" lon="10.785156">
        <ele>169.0</ele>
      </trkpt>
      <trkpt lat="45.724447" lon="10.785232">
        <ele>170.0</ele>
      </trkpt>
      <trkpt lat="45.724517" lon="10.785322">
        <ele>171.0</ele>
      </trkpt>
      <trkpt lat="45.724559" lon="10.785444">
        <ele>173.0</ele>
      </trkpt>
      <trkpt lat="45.724649" lon="10.785453">
        <ele>174.0</ele>
      </trkpt>
      <trkpt lat="45.72482" lon="10.785451">
        <ele>176.0</ele>
      </trkpt>
      <trkpt lat="45.724913" lon="10.785463">
        <ele>177.0</ele>
      </trkpt>
      <trkpt lat="45.725006" lon="10.785494">
        <ele>178.0</ele>
      </trkpt>
      <trkpt lat="45.7251" lon="10.785503">
        <ele>179.0</ele>
      </trkpt>
      <trkpt lat="45.725196" lon="10.785495">
        <ele>181.0</ele>
      </trkpt>
      <trkpt lat="45.725287" lon="10.785471">
        <ele>181.0</ele>
      </trkpt>
      <trkpt lat="45.725382" lon="10.785453">
        <ele>182.0</ele>
      </trkpt>
      <trkpt lat="45.725481" lon="10.785435">
        <ele>184.0</ele>
      </trkpt>
      <trkpt lat="45.725575" lon="10.785476">
        <ele>184.0</ele>
      </trkpt>
      <trkpt lat="45.725654" lon="10.785545">
        <ele>185.0</ele>
      </trkpt>
      <trkpt lat="45.725721" lon="10.785653">
        <ele>186.0</ele>
      </trkpt>
      <trkpt lat="45.725774" lon="10.785762">
        <ele>188.0</ele>
      </trkpt>
      <trkpt lat="45.725849" lon="10.785847">
        <ele>188.0</ele>
      </trkpt>
      <trkpt lat="45.725921" lon="10.78593">
        <ele>189.0</ele>
      </trkpt>
      <trkpt lat="45.726014" lon="10.785956">
        <ele>190.0</ele>
      </trkpt>
      <trkpt lat="45.726132" lon="10.785955">
        <ele>190.0</ele>
      </trkpt>
      <trkpt lat="45.726236" lon="10.785902">
        <ele>190.0</ele>
      </trkpt>
      <trkpt lat="45.726296" lon="10.785782">
        <ele>190.0</ele>
      </trkpt>
      <trkpt lat="45.726402" lon="10.785767">
        <ele>190.0</ele>
      </trkpt>
      <trkpt lat="45.726521" lon="10.785814">
        <ele>190.0</ele>
      </trkpt>
      <trkpt lat="45.726626" lon="10.785838">
        <ele>189.0</ele>
      </trkpt>
      <trkpt lat="45.72672" lon="10.785841">
        <ele>189.0</ele>
      </trkpt>
      <trkpt lat="45.726832" lon="10.785818">
        <ele>189.0</ele>
      </trkpt>
      <trkpt lat="45.726925" lon="10.785797">
        <ele>189.0</ele>
      </trkpt>
      <trkpt lat="45.727017" lon="10.785794">
        <ele>188.0</ele>
      </trkpt>
      <trkpt lat="45.727114" lon="10.785813">
        <ele>187.0</ele>
      </trkpt>
      <trkpt lat="45.727211" lon="10.785814">
        <ele>186.0</ele>
      </trkpt>
      <trkpt lat="45.727297" lon="10.785871">
        <ele>184.0</ele>
      </trkpt>
      <trkpt lat="45.727379" lon="10.785941">
        <ele>183.0</ele>
      </trkpt>
      <trkpt lat="45.727473" lon="10.786">
        <ele>183.0</ele>
      </trkpt>
      <trkpt lat="45.727572" lon="10.786041">
        <ele>182.0</ele>
      </trkpt>
      <trkpt lat="45.727676" lon="10.78603">
        <ele>182.0</ele>
      </trkpt>
      <trkpt lat="45.727766" lon="10.786043">
        <ele>181.0</ele>
      </trkpt>
      <trkpt lat="45.72786" lon="10.786041">
        <ele>179.0</ele>
      </trkpt>
      <trkpt lat="45.727964" lon="10.786042">
        <ele>177.0</ele>
      </trkpt>
      <trkpt lat="45.72806" lon="10.78605">
        <ele>176.0</ele>
      </trkpt>
      <trkpt lat="45.728152" lon="10.786049">
        <ele>175.0</ele>
      </trkpt>
      <trkpt lat="45.72825" lon="10.786071">
        <ele>174.0</ele>
      </trkpt>
      <trkpt lat="45.728348" lon="10.786116">
        <ele>173.0</ele>
      </trkpt>
      <trkpt lat="45.72844" lon="10.786106">
        <ele>173.0</ele>
      </trkpt>
      <trkpt lat="45.728525" lon="10.786179">
        <ele>172.0</ele>
      </trkpt>
      <trkpt lat="45.728626" lon="10.786203">
        <ele>171.0</ele>
      </trkpt>
      <trkpt lat="45.728716" lon="10.786243">
        <ele>170.0</ele>
      </trkpt>
      <trkpt lat="45.728812" lon="10.786239">
        <ele>169.0</ele>
      </trkpt>
      <trkpt lat="45.72891" lon="10.786278">
        <ele>168.0</ele>
      </trkpt>
      <trkpt lat="45.729013" lon="10.786286">
        <ele>167.0</ele>
      </trkpt>
      <trkpt lat="45.729099" lon="10.786332">
        <ele>166.0</ele>
      </trkpt>
      <trkpt lat="45.729192" lon="10.786377">
        <ele>165.0</ele>
      </trkpt>
      <trkpt lat="45.729276" lon="10.786428">
        <ele>165.0</ele>
      </trkpt>
      <trkpt lat="45.729364" lon="10.786493">
        <ele>164.0</ele>
      </trkpt>
      <trkpt lat="45.729432" lon="10.786585">
        <ele>163.0</ele>
      </trkpt>
      <trkpt lat="45.729512" lon="10.786669">
        <ele>162.0</ele>
      </trkpt>
      <trkpt lat="45.729591" lon="10.786747">
        <ele>162.0</ele>
      </trkpt>
      <trkpt lat="45.729653" lon="10.786843">
        <ele>161.0</ele>
      </trkpt>
      <trkpt lat="45.729705" lon="10.786952">
        <ele>160.0</ele>
      </trkpt>
      <trkpt lat="45.729762" lon="10.787059">
        <ele>159.0</ele>
      </trkpt>
      <trkpt lat="45.729838" lon="10.787159">
        <ele>158.0</ele>
      </trkpt>
      <trkpt lat="45.729985" lon="10.787322">
        <ele>156.0</ele>
      </trkpt>
      <trkpt lat="45.73008" lon="10.787385">
        <ele>156.0</ele>
      </trkpt>
      <trkpt lat="45.730169" lon="10.787418">
        <ele>156.0</ele>
      </trkpt>
      <trkpt lat="45.730263" lon="10.787474">
        <ele>156.0</ele>
      </trkpt>
      <trkpt lat="45.730346" lon="10.787539">
        <ele>156.0</ele>
      </trkpt>
      <trkpt lat="45.730436" lon="10.787568">
        <ele>157.0</ele>
      </trkpt>
      <trkpt lat="45.730529" lon="10.787589">
        <ele>157.0</ele>
      </trkpt>
      <trkpt lat="45.730621" lon="10.787602">
        <ele>156.0</ele>
      </trkpt>
      <trkpt lat="45.730714" lon="10.787634">
        <ele>156.0</ele>
      </trkpt>
      <trkpt lat="45.730813" lon="10.787588">
        <ele>156.0</ele>
      </trkpt>
      <trkpt lat="45.730897" lon="10.787526">
        <ele>156.0</ele>
      </trkpt>
      <trkpt lat="45.731001" lon="10.787499">
        <ele>156.0</ele>
      </trkpt>
      <trkpt lat="45.731094" lon="10.787513">
        <ele>155.0</ele>
      </trkpt>
      <trkpt lat="45.731196" lon="10.787517">
        <ele>155.0</ele>
      </trkpt>
      <trkpt lat="45.731292" lon="10.787502">
        <ele>154.0</ele>
      </trkpt>
      <trkpt lat="45.731385" lon="10.787461">
        <ele>153.0</ele>
      </trkpt>
      <trkpt lat="45.731481" lon="10.787417">
        <ele>152.0</ele>
      </trkpt>
      <trkpt lat="45.731577" lon="10.787392">
        <ele>152.0</ele>
      </trkpt>
      <trkpt lat="45.731664" lon="10.787458">
        <ele>151.0</ele>
      </trkpt>
      <trkpt lat="45.731735" lon="10.78755">
        <ele>148.0</ele>
      </trkpt>
      <trkpt lat="45.731818" lon="10.787603">
        <ele>147.0</ele>
      </trkpt>
      <trkpt lat="45.731894" lon="10.787699">
        <ele>146.0</ele>
      </trkpt>
      <trkpt lat="45.731985" lon="10.787759">
        <ele>145.0</ele>
      </trkpt>
      <trkpt lat="45.732077" lon="10.787809">
        <ele>145.0</ele>
      </trkpt>
      <trkpt lat="45.732181" lon="10.787856">
        <ele>143.0</ele>
      </trkpt>
      <trkpt lat="45.732264" lon="10.787908">
        <ele>142.0</ele>
      </trkpt>
      <trkpt lat="45.732344" lon="10.787995">
        <ele>141.0</ele>
      </trkpt>
      <trkpt lat="45.732411" lon="10.788086">
        <ele>139.0</ele>
      </trkpt>
      <trkpt lat="45.732456" lon="10.788216">
        <ele>137.0</ele>
      </trkpt>
      <trkpt lat="45.73253" lon="10.788324">
        <ele>137.0</ele>
      </trkpt>
      <trkpt lat="45.732617" lon="10.788387">
        <ele>136.0</ele>
      </trkpt>
      <trkpt lat="45.732687" lon="10.788479">
        <ele>135.0</ele>
      </trkpt>
      <trkpt lat="45.732777" lon="10.78853">
        <ele>135.0</ele>
      </trkpt>
      <trkpt lat="45.732864" lon="10.788591">
        <ele>135.0</ele>
      </trkpt>
      <trkpt lat="45.732937" lon="10.78868">
        <ele>135.0</ele>
      </trkpt>
      <trkpt lat="45.733014" lon="10.788749">
        <ele>135.0</ele>
      </trkpt>
      <trkpt lat="45.733106" lon="10.788825">
        <ele>135.0</ele>
      </trkpt>
      <trkpt lat="45.733188" lon="10.788902">
        <ele>136.0</ele>
      </trkpt>
      <trkpt lat="45.733261" lon="10.78898">
        <ele>136.0</ele>
      </trkpt>
      <trkpt lat="45.733348" lon="10.789038">
        <ele>136.0</ele>
      </trkpt>
      <trkpt lat="45.733435" lon="10.789074">
        <ele>137.0</ele>
      </trkpt>
      <trkpt lat="45.733514" lon="10.789143">
        <ele>135.0</ele>
      </trkpt>
      <trkpt lat="45.733549" lon="10.789273">
        <ele>133.0</ele>
      </trkpt>
      <trkpt lat="45.733554" lon="10.789408">
        <ele>133.0</ele>
      </trkpt>
      <trkpt lat="45.733632" lon="10.789497">
        <ele>131.0</ele>
      </trkpt>
      <trkpt lat="45.733747" lon="10.789478">
        <ele>130.0</ele>
      </trkpt>
      <trkpt lat="45.733832" lon="10.78943">
        <ele>130.0</ele>
      </trkpt>
      <trkpt lat="45.73393" lon="10.789393">
        <ele>130.0</ele>
      </trkpt>
      <trkpt lat="45.734022" lon="10.78939">
        <ele>129.0</ele>
      </trkpt>
      <trkpt lat="45.73409" lon="10.7893">
        <ele>127.0</ele>
      </trkpt>
      <trkpt lat="45.734162" lon="10.789206">
        <ele>126.0</ele>
      </trkpt>
      <trkpt lat="45.734225" lon="10.789113">
        <ele>125.0</ele>
      </trkpt>
      <trkpt lat="45.734316" lon="10.789125">
        <ele>123.0</ele>
      </trkpt>
      <trkpt lat="45.734402" lon="10.789066">
        <ele>128.0</ele>
      </trkpt>
      <trkpt lat="45.734501" lon="10.789049">
        <ele>129.0</ele>
      </trkpt>
      <trkpt lat="45.734601" lon="10.789021">
        <ele>129.0</ele>
      </trkpt>
      <trkpt lat="45.734692" lon="10.789031">
        <ele>129.0</ele>
      </trkpt>
      <trkpt lat="45.734773" lon="10.789152">
        <ele>128.0</ele>
      </trkpt>
      <trkpt lat="45.734784" lon="10.789286">
        <ele>126.0</ele>
      </trkpt>
      <trkpt lat="45.734783" lon="10.789429">
        <ele>124.0</ele>
      </trkpt>
      <trkpt lat="45.734796" lon="10.789567">
        <ele>124.0</ele>
      </trkpt>
      <trkpt lat="45.734803" lon="10.789702">
        <ele>123.0</ele>
      </trkpt>
      <trkpt lat="45.734823" lon="10.789842">
        <ele>123.0</ele>
      </trkpt>
      <trkpt lat="45.734845" lon="10.789982">
        <ele>122.0</ele>
      </trkpt>
      <trkpt lat="45.734863" lon="10.790118">
        <ele>123.0</ele>
      </trkpt>
      <trkpt lat="45.734893" lon="10.79025">
        <ele>123.0</ele>
      </trkpt>
      <trkpt lat="45.734929" lon="10.790382">
        <ele>122.0</ele>
      </trkpt>
      <trkpt lat="45.735044" lon="10.790429">
        <ele>117.0</ele>
      </trkpt>
      <trkpt lat="45.735081" lon="10.790563">
        <ele>116.0</ele>
      </trkpt>
      <trkpt lat="45.735106" lon="10.790687">
        <ele>115.0</ele>
      </trkpt>
      <trkpt lat="45.735172" lon="10.790797">
        <ele>113.0</ele>
      </trkpt>
      <trkpt lat="45.735243" lon="10.790908">
        <ele>112.0</ele>
      </trkpt>
      <trkpt lat="45.735321" lon="10.791007">
        <ele>112.0</ele>
      </trkpt>
      <trkpt lat="45.735424" lon="10.791082">
        <ele>112.0</ele>
      </trkpt>
      <trkpt lat="45.735504" lon="10.791143">
        <ele>112.0</ele>
      </trkpt>
      <trkpt lat="45.735586" lon="10.791206">
        <ele>112.0</ele>
      </trkpt>
      <trkpt lat="45.73567" lon="10.791286">
        <ele>112.0</ele>
      </trkpt>
      <trkpt lat="45.735768" lon="10.791312">
        <ele>112.0</ele>
      </trkpt>
      <trkpt lat="45.735855" lon="10.791278">
        <ele>112.0</ele>
      </trkpt>
      <trkpt lat="45.735948" lon="10.791267">
        <ele>113.0</ele>
      </trkpt>
      <trkpt lat="45.736014" lon="10.791356">
        <ele>113.0</ele>
      </trkpt>
      <trkpt lat="45.736065" lon="10.791475">
        <ele>114.0</ele>
      </trkpt>
      <trkpt lat="45.736118" lon="10.791597">
        <ele>114.0</ele>
      </trkpt>
      <trkpt lat="45.736183" lon="10.791693">
        <ele>114.0</ele>
      </trkpt>
      <trkpt lat="45.736261" lon="10.791759">
        <ele>114.0</ele>
      </trkpt>
      <trkpt lat="45.736346" lon="10.79183">
        <ele>114.0</ele>
      </trkpt>
      <trkpt lat="45.736416" lon="10.791932">
        <ele>115.0</ele>
      </trkpt>
      <trkpt lat="45.736471" lon="10.792058">
        <ele>114.0</ele>
      </trkpt>
      <trkpt lat="45.736532" lon="10.792157">
        <ele>114.0</ele>
      </trkpt>
      <trkpt lat="45.736611" lon="10.792232">
        <ele>113.0</ele>
      </trkpt>
      <trkpt lat="45.736685" lon="10.792331">
        <ele>112.0</ele>
      </trkpt>
      <trkpt lat="45.736763" lon="10.792424">
        <ele>112.0</ele>
      </trkpt>
      <trkpt lat="45.736832" lon="10.792514">
        <ele>112.0</ele>
      </trkpt>
      <trkpt lat="45.736905" lon="10.792607">
        <ele>112.0</ele>
      </trkpt>
      <trkpt lat="45.736985" lon="10.792698">
        <ele>112.0</ele>
      </trkpt>
      <trkpt lat="45.737055" lon="10.792784">
        <ele>112.0</ele>
      </trkpt>
      <trkpt lat="45.737137" lon="10.792854">
        <ele>113.0</ele>
      </trkpt>
      <trkpt lat="45.737237" lon="10.792898">
        <ele>113.0</ele>
      </trkpt>
      <trkpt lat="45.737332" lon="10.792919">
        <ele>113.0</ele>
      </trkpt>
      <trkpt lat="45.737432" lon="10.792949">
        <ele>114.0</ele>
      </trkpt>
      <trkpt lat="45.737536" lon="10.792978">
        <ele>114.0</ele>
      </trkpt>
      <trkpt lat="45.737644" lon="10.793006">
        <ele>114.0</ele>
      </trkpt>
      <trkpt lat="45.737745" lon="10.793045">
        <ele>115.0</ele>
      </trkpt>
      <trkpt lat="45.737832" lon="10.793098">
        <ele>114.0</ele>
      </trkpt>
      <trkpt lat="45.737927" lon="10.793138">
        <ele>114.0</ele>
      </trkpt>
      <trkpt lat="45.738018" lon="10.793186">
        <ele>113.0</ele>
      </trkpt>
      <trkpt lat="45.738102" lon="10.79325">
        <ele>113.0</ele>
      </trkpt>
      <trkpt lat="45.7382" lon="10.793358">
        <ele>113.0</ele>
      </trkpt>
      <trkpt lat="45.738284" lon="10.79342">
        <ele>114.0</ele>
      </trkpt>
      <trkpt lat="45.738378" lon="10.793489">
        <ele>115.0</ele>
      </trkpt>
      <trkpt lat="45.73845" lon="10.793598">
        <ele>116.0</ele>
      </trkpt>
      <trkpt lat="45.738501" lon="10.793721">
        <ele>116.0</ele>
      </trkpt>
      <trkpt lat="45.738564" lon="10.793815">
        <ele>116.0</ele>
      </trkpt>
      <trkpt lat="45.738623" lon="10.793919">
        <ele>117.0</ele>
      </trkpt>
      <trkpt lat="45.738688" lon="10.794016">
        <ele>117.0</ele>
      </trkpt>
      <trkpt lat="45.738736" lon="10.794139">
        <ele>117.0</ele>
      </trkpt>
      <trkpt lat="45.738799" lon="10.794238">
        <ele>118.0</ele>
      </trkpt>
      <trkpt lat="45.738871" lon="10.794346">
        <ele>118.0</ele>
      </trkpt>
      <trkpt lat="45.738905" lon="10.794485">
        <ele>117.0</ele>
      </trkpt>
      <trkpt lat="45.738938" lon="10.794619">
        <ele>115.0</ele>
      </trkpt>
      <trkpt lat="45.739031" lon="10.79469">
        <ele>111.0</ele>
      </trkpt>
      <trkpt lat="45.739057" lon="10.794826">
        <ele>111.0</ele>
      </trkpt>
      <trkpt lat="45.739103" lon="10.795004">
        <ele>112.0</ele>
      </trkpt>
      <trkpt lat="45.739152" lon="10.795114">
        <ele>114.0</ele>
      </trkpt>
      <trkpt lat="45.739238" lon="10.795164">
        <ele>114.0</ele>
      </trkpt>
      <trkpt lat="45.739314" lon="10.795257">
        <ele>114.0</ele>
      </trkpt>
      <trkpt lat="45.739376" lon="10.79538">
        <ele>114.0</ele>
      </trkpt>
      <trkpt lat="45.739456" lon="10.795472">
        <ele>114.0</ele>
      </trkpt>
      <trkpt lat="45.739544" lon="10.795517">
        <ele>115.0</ele>
      </trkpt>
      <trkpt lat="45.739641" lon="10.7955">
        <ele>116.0</ele>
      </trkpt>
      <trkpt lat="45.739734" lon="10.795516">
        <ele>116.0</ele>
      </trkpt>
      <trkpt lat="45.739914" lon="10.795555">
        <ele>115.0</ele>
      </trkpt>
      <trkpt lat="45.740012" lon="10.795592">
        <ele>115.0</ele>
      </trkpt>
      <trkpt lat="45.740111" lon="10.795606">
        <ele>115.0</ele>
      </trkpt>
      <trkpt lat="45.740208" lon="10.795612">
        <ele>115.0</ele>
      </trkpt>
      <trkpt lat="45.740306" lon="10.795623">
        <ele>115.0</ele>
      </trkpt>
      <trkpt lat="45.740405" lon="10.795655">
        <ele>114.0</ele>
      </trkpt>
      <trkpt lat="45.740495" lon="10.795704">
        <ele>114.0</ele>
      </trkpt>
      <trkpt lat="45.740585" lon="10.795722">
        <ele>114.0</ele>
      </trkpt>
      <trkpt lat="45.74068" lon="10.795752">
        <ele>114.0</ele>
      </trkpt>
      <trkpt lat="45.740767" lon="10.795823">
        <ele>113.0</ele>
      </trkpt>
      <trkpt lat="45.740847" lon="10.795893">
        <ele>113.0</ele>
      </trkpt>
      <trkpt lat="45.740942" lon="10.795961">
        <ele>113.0</ele>
      </trkpt>
      <trkpt lat="45.741033" lon="10.796028">
        <ele>113.0</ele>
      </trkpt>
      <trkpt lat="45.741114" lon="10.796103">
        <ele>114.0</ele>
      </trkpt>
      <trkpt lat="45.741207" lon="10.796205">
        <ele>114.0</ele>
      </trkpt>
      <trkpt lat="45.741281" lon="10.796292">
        <ele>114.0</ele>
      </trkpt>
      <trkpt lat="45.741366" lon="10.796356">
        <ele>114.0</ele>
      </trkpt>
      <trkpt lat="45.741458" lon="10.79641">
        <ele>115.0</ele>
      </trkpt>
      <trkpt lat="45.741541" lon="10.796496">
        <ele>115.0</ele>
      </trkpt>
      <trkpt lat="45.741623" lon="10.79657">
        <ele>115.0</ele>
      </trkpt>
      <trkpt lat="45.741698" lon="10.796645">
        <ele>116.0</ele>
      </trkpt>
      <trkpt lat="45.741788" lon="10.796709">
        <ele>116.0</ele>
      </trkpt>
      <trkpt lat="45.741872" lon="10.796772">
        <ele>117.0</ele>
      </trkpt>
      <trkpt lat="45.741964" lon="10.796841">
        <ele>117.0</ele>
      </trkpt>
      <trkpt lat="45.74206" lon="10.796887">
        <ele>118.0</ele>
      </trkpt>
      <trkpt lat="45.742134" lon="10.796965">
        <ele>118.0</ele>
      </trkpt>
      <trkpt lat="45.742221" lon="10.797018">
        <ele>118.0</ele>
      </trkpt>
      <trkpt lat="45.742307" lon="10.797099">
        <ele>118.0</ele>
      </trkpt>
      <trkpt lat="45.742388" lon="10.797171">
        <ele>118.0</ele>
      </trkpt>
      <trkpt lat="45.742469" lon="10.797256">
        <ele>119.0</ele>
      </trkpt>
      <trkpt lat="45.742551" lon="10.797323">
        <ele>119.0</ele>
      </trkpt>
      <trkpt lat="45.742645" lon="10.797399">
        <ele>119.0</ele>
      </trkpt>
      <trkpt lat="45.742727" lon="10.797456">
        <ele>119.0</ele>
      </trkpt>
      <trkpt lat="45.742815" lon="10.797513">
        <ele>118.0</ele>
      </trkpt>
      <trkpt lat="45.74291" lon="10.797561">
        <ele>117.0</ele>
      </trkpt>
      <trkpt lat="45.742997" lon="10.797614">
        <ele>117.0</ele>
      </trkpt>
      <trkpt lat="45.743096" lon="10.797677">
        <ele>116.0</ele>
      </trkpt>
      <trkpt lat="45.743186" lon="10.79773">
        <ele>116.0</ele>
      </trkpt>
      <trkpt lat="45.743262" lon="10.797808">
        <ele>116.0</ele>
      </trkpt>
      <trkpt lat="45.743356" lon="10.797869">
        <ele>115.0</ele>
      </trkpt>
      <trkpt lat="45.743451" lon="10.797926">
        <ele>115.0</ele>
      </trkpt>
      <trkpt lat="45.743539" lon="10.79797">
        <ele>115.0</ele>
      </trkpt>
      <trkpt lat="45.74363" lon="10.798009">
        <ele>115.0</ele>
      </trkpt>
      <trkpt lat="45.743724" lon="10.798049">
        <ele>114.0</ele>
      </trkpt>
      <trkpt lat="45.743819" lon="10.798093">
        <ele>114.0</ele>
      </trkpt>
      <trkpt lat="45.743905" lon="10.798133">
        <ele>113.0</ele>
      </trkpt>
      <trkpt lat="45.744002" lon="10.79815">
        <ele>113.0</ele>
      </trkpt>
      <trkpt lat="45.744088" lon="10.798198">
        <ele>114.0</ele>
      </trkpt>
      <trkpt lat="45.744184" lon="10.798229">
        <ele>114.0</ele>
      </trkpt>
      <trkpt lat="45.744267" lon="10.798297">
        <ele>114.0</ele>
      </trkpt>
      <trkpt lat="45.744341" lon="10.798379">
        <ele>115.0</ele>
      </trkpt>
      <trkpt lat="45.744423" lon="10.798443">
        <ele>115.0</ele>
      </trkpt>
      <trkpt lat="45.744505" lon="10.798504">
        <ele>116.0</ele>
      </trkpt>
      <trkpt lat="45.744586" lon="10.798577">
        <ele>116.0</ele>
      </trkpt>
      <trkpt lat="45.744666" lon="10.798669">
        <ele>117.0</ele>
      </trkpt>
      <trkpt lat="45.744742" lon="10.798744">
        <ele>118.0</ele>
      </trkpt>
      <trkpt lat="45.744831" lon="10.798818">
        <ele>118.0</ele>
      </trkpt>
      <trkpt lat="45.744924" lon="10.798884">
        <ele>119.0</ele>
      </trkpt>
      <trkpt lat="45.745004" lon="10.798964">
        <ele>119.0</ele>
      </trkpt>
      <trkpt lat="45.745092" lon="10.799035">
        <ele>119.0</ele>
      </trkpt>
      <trkpt lat="45.745181" lon="10.799111">
        <ele>118.0</ele>
      </trkpt>
      <trkpt lat="45.745265" lon="10.799198">
        <ele>119.0</ele>
      </trkpt>
      <trkpt lat="45.745359" lon="10.799266">
        <ele>118.0</ele>
      </trkpt>
      <trkpt lat="45.745433" lon="10.799348">
        <ele>118.0</ele>
      </trkpt>
      <trkpt lat="45.745499" lon="10.799448">
        <ele>118.0</ele>
      </trkpt>
      <trkpt lat="45.745591" lon="10.799484">
        <ele>117.0</ele>
      </trkpt>
      <trkpt lat="45.745674" lon="10.799565">
        <ele>117.0</ele>
      </trkpt>
      <trkpt lat="45.745748" lon="10.799653">
        <ele>118.0</ele>
      </trkpt>
      <trkpt lat="45.745833" lon="10.799736">
        <ele>118.0</ele>
      </trkpt>
      <trkpt lat="45.745908" lon="10.799839">
        <ele>117.0</ele>
      </trkpt>
      <trkpt lat="45.745987" lon="10.799917">
        <ele>117.0</ele>
      </trkpt>
      <trkpt lat="45.74608" lon="10.799892">
        <ele>118.0</ele>
      </trkpt>
      <trkpt lat="45.746178" lon="10.799915">
        <ele>117.0</ele>
      </trkpt>
      <trkpt lat="45.746267" lon="10.799937">
        <ele>117.0</ele>
      </trkpt>
      <trkpt lat="45.746364" lon="10.799939">
        <ele>116.0</ele>
      </trkpt>
      <trkpt lat="45.746455" lon="10.799913">
        <ele>116.0</ele>
      </trkpt>
      <trkpt lat="45.746552" lon="10.79991">
        <ele>117.0</ele>
      </trkpt>
      <trkpt lat="45.746654" lon="10.799914">
        <ele>117.0</ele>
      </trkpt>
      <trkpt lat="45.746746" lon="10.799893">
        <ele>117.0</ele>
      </trkpt>
      <trkpt lat="45.746829" lon="10.799833">
        <ele>117.0</ele>
      </trkpt>
      <trkpt lat="45.747009" lon="10.799795">
        <ele>116.0</ele>
      </trkpt>
      <trkpt lat="45.747108" lon="10.799779">
        <ele>117.0</ele>
      </trkpt>
      <trkpt lat="45.747206" lon="10.79976">
        <ele>117.0</ele>
      </trkpt>
      <trkpt lat="45.747296" lon="10.799728">
        <ele>117.0</ele>
      </trkpt>
      <trkpt lat="45.747385" lon="10.799689">
        <ele>118.0</ele>
      </trkpt>
      <trkpt lat="45.747473" lon="10.799659">
        <ele>118.0</ele>
      </trkpt>
      <trkpt lat="45.747568" lon="10.799621">
        <ele>118.0</ele>
      </trkpt>
      <trkpt lat="45.747659" lon="10.799588">
        <ele>118.0</ele>
      </trkpt>
      <trkpt lat="45.747737" lon="10.799516">
        <ele>118.0</ele>
      </trkpt>
      <trkpt lat="45.747813" lon="10.799435">
        <ele>118.0</ele>
      </trkpt>
      <trkpt lat="45.747888" lon="10.799362">
        <ele>117.0</ele>
      </trkpt>
      <trkpt lat="45.747981" lon="10.799297">
        <ele>117.0</ele>
      </trkpt>
      <trkpt lat="45.748046" lon="10.799207">
        <ele>117.0</ele>
      </trkpt>
      <trkpt lat="45.748143" lon="10.799178">
        <ele>117.0</ele>
      </trkpt>
      <trkpt lat="45.748237" lon="10.799152">
        <ele>117.0</ele>
      </trkpt>
      <trkpt lat="45.748337" lon="10.799139">
        <ele>117.0</ele>
      </trkpt>
      <trkpt lat="45.748447" lon="10.799116">
        <ele>117.0</ele>
      </trkpt>
      <trkpt lat="45.748573" lon="10.799128">
        <ele>118.0</ele>
      </trkpt>
      <trkpt lat="45.748724" lon="10.799097">
        <ele>119.0</ele>
      </trkpt>
      <trkpt lat="45.748844" lon="10.79903">
        <ele>122.0</ele>
      </trkpt>
      <trkpt lat="45.748957" lon="10.798967">
        <ele>125.0</ele>
      </trkpt>
      <trkpt lat="45.749061" lon="10.798904">
        <ele>125.0</ele>
      </trkpt>
      <trkpt lat="45.749181" lon="10.798794">
        <ele>125.0</ele>
      </trkpt>
      <trkpt lat="45.749272" lon="10.798688">
        <ele>123.0</ele>
      </trkpt>
      <trkpt lat="45.74936" lon="10.798562">
        <ele>122.0</ele>
      </trkpt>
      <trkpt lat="45.74942" lon="10.798389">
        <ele>121.0</ele>
      </trkpt>
      <trkpt lat="45.74942" lon="10.798216">
        <ele>121.0</ele>
      </trkpt>
      <trkpt lat="45.74939" lon="10.798036">
        <ele>120.0</ele>
      </trkpt>
      <trkpt lat="45.749368" lon="10.797867">
        <ele>119.0</ele>
      </trkpt>
      <trkpt lat="45.749421" lon="10.797709">
        <ele>120.0</ele>
      </trkpt>
      <trkpt lat="45.749513" lon="10.797674">
        <ele>121.0</ele>
      </trkpt>
      <trkpt lat="45.749692" lon="10.797693">
        <ele>127.0</ele>
      </trkpt>
      <trkpt lat="45.749771" lon="10.79779">
        <ele>128.0</ele>
      </trkpt>
      <trkpt lat="45.749843" lon="10.797891">
        <ele>128.0</ele>
      </trkpt>
      <trkpt lat="45.749898" lon="10.797997">
        <ele>128.0</ele>
      </trkpt>
      <trkpt lat="45.749977" lon="10.798089">
        <ele>129.0</ele>
      </trkpt>
      <trkpt lat="45.750045" lon="10.798179">
        <ele>130.0</ele>
      </trkpt>
      <trkpt lat="45.750137" lon="10.798224">
        <ele>130.0</ele>
      </trkpt>
      <trkpt lat="45.750218" lon="10.798282">
        <ele>130.0</ele>
      </trkpt>
      <trkpt lat="45.750314" lon="10.798317">
        <ele>131.0</ele>
      </trkpt>
      <trkpt lat="45.750412" lon="10.798331">
        <ele>132.0</ele>
      </trkpt>
      <trkpt lat="45.750502" lon="10.798299">
        <ele>133.0</ele>
      </trkpt>
      <trkpt lat="45.750596" lon="10.798278">
        <ele>134.0</ele>
      </trkpt>
      <trkpt lat="45.750712" lon="10.798095">
        <ele>135.0</ele>
      </trkpt>
      <trkpt lat="45.750754" lon="10.797966">
        <ele>135.0</ele>
      </trkpt>
      <trkpt lat="45.750823" lon="10.797869">
        <ele>136.0</ele>
      </trkpt>
      <trkpt lat="45.750903" lon="10.797754">
        <ele>137.0</ele>
      </trkpt>
      <trkpt lat="45.750963" lon="10.797651">
        <ele>137.0</ele>
      </trkpt>
      <trkpt lat="45.751041" lon="10.797529">
        <ele>137.0</ele>
      </trkpt>
      <trkpt lat="45.751105" lon="10.797409">
        <ele>137.0</ele>
      </trkpt>
      <trkpt lat="45.751171" lon="10.797317">
        <ele>137.0</ele>
      </trkpt>
      <trkpt lat="45.751273" lon="10.797105">
        <ele>137.0</ele>
      </trkpt>
      <trkpt lat="45.751339" lon="10.796986">
        <ele>136.0</ele>
      </trkpt>
      <trkpt lat="45.751403" lon="10.796881">
        <ele>135.0</ele>
      </trkpt>
      <trkpt lat="45.751489" lon="10.796826">
        <ele>134.0</ele>
      </trkpt>
      <trkpt lat="45.75159" lon="10.796861">
        <ele>133.0</ele>
      </trkpt>
      <trkpt lat="45.751687" lon="10.796859">
        <ele>132.0</ele>
      </trkpt>
      <trkpt lat="45.751777" lon="10.796898">
        <ele>131.0</ele>
      </trkpt>
      <trkpt lat="45.751874" lon="10.796911">
        <ele>131.0</ele>
      </trkpt>
      <trkpt lat="45.751972" lon="10.796955">
        <ele>130.0</ele>
      </trkpt>
      <trkpt lat="45.752066" lon="10.796937">
        <ele>129.0</ele>
      </trkpt>
      <trkpt lat="45.752154" lon="10.796973">
        <ele>128.0</ele>
      </trkpt>
      <trkpt lat="45.752255" lon="10.797037">
        <ele>127.0</ele>
      </trkpt>
      <trkpt lat="45.752345" lon="10.797051">
        <ele>127.0</ele>
      </trkpt>
      <trkpt lat="45.752438" lon="10.797038">
        <ele>125.0</ele>
      </trkpt>
      <trkpt lat="45.75254" lon="10.797109">
        <ele>123.0</ele>
      </trkpt>
      <trkpt lat="45.752622" lon="10.797185">
        <ele>123.0</ele>
      </trkpt>
      <trkpt lat="45.752708" lon="10.797262">
        <ele>121.0</ele>
      </trkpt>
      <trkpt lat="45.752855" lon="10.797428">
        <ele>120.0</ele>
      </trkpt>
      <trkpt lat="45.752941" lon="10.797503">
        <ele>119.0</ele>
      </trkpt>
      <trkpt lat="45.753026" lon="10.797561">
        <ele>119.0</ele>
      </trkpt>
      <trkpt lat="45.753104" lon="10.797627">
        <ele>119.0</ele>
      </trkpt>
      <trkpt lat="45.753191" lon="10.79768">
        <ele>119.0</ele>
      </trkpt>
      <trkpt lat="45.753276" lon="10.797727">
        <ele>118.0</ele>
      </trkpt>
      <trkpt lat="45.753369" lon="10.797782">
        <ele>118.0</ele>
      </trkpt>
      <trkpt lat="45.75346" lon="10.797829">
        <ele>117.0</ele>
      </trkpt>
      <trkpt lat="45.753547" lon="10.797888">
        <ele>117.0</ele>
      </trkpt>
      <trkpt lat="45.753603" lon="10.797992">
        <ele>116.0</ele>
      </trkpt>
      <trkpt lat="45.753649" lon="10.798114">
        <ele>116.0</ele>
      </trkpt>
      <trkpt lat="45.753696" lon="10.798239">
        <ele>114.0</ele>
      </trkpt>
      <trkpt lat="45.753827" lon="10.798418">
        <ele>114.0</ele>
      </trkpt>
      <trkpt lat="45.753888" lon="10.798531">
        <ele>114.0</ele>
      </trkpt>
      <trkpt lat="45.753942" lon="10.79865">
        <ele>114.0</ele>
      </trkpt>
      <trkpt lat="45.753997" lon="10.798756">
        <ele>115.0</ele>
      </trkpt>
      <trkpt lat="45.754073" lon="10.798855">
        <ele>115.0</ele>
      </trkpt>
      <trkpt lat="45.75414" lon="10.798955">
        <ele>115.0</ele>
      </trkpt>
      <trkpt lat="45.754191" lon="10.799065">
        <ele>116.0</ele>
      </trkpt>
      <trkpt lat="45.754237" lon="10.799185">
        <ele>116.0</ele>
      </trkpt>
      <trkpt lat="45.754321" lon="10.799279">
        <ele>116.0</ele>
      </trkpt>
      <trkpt lat="45.7544" lon="10.799358">
        <ele>116.0</ele>
      </trkpt>
      <trkpt lat="45.754483" lon="10.799464">
        <ele>116.0</ele>
      </trkpt>
      <trkpt lat="45.754545" lon="10.799566">
        <ele>117.0</ele>
      </trkpt>
      <trkpt lat="45.754595" lon="10.799679">
        <ele>117.0</ele>
      </trkpt>
      <trkpt lat="45.754627" lon="10.799807">
        <ele>118.0</ele>
      </trkpt>
      <trkpt lat="45.75466" lon="10.799934">
        <ele>118.0</ele>
      </trkpt>
      <trkpt lat="45.754697" lon="10.800073">
        <ele>118.0</ele>
      </trkpt>
      <trkpt lat="45.754711" lon="10.800203">
        <ele>117.0</ele>
      </trkpt>
      <trkpt lat="45.754715" lon="10.800341">
        <ele>116.0</ele>
      </trkpt>
      <trkpt lat="45.754742" lon="10.800486">
        <ele>115.0</ele>
      </trkpt>
      <trkpt lat="45.754704" lon="10.800623">
        <ele>115.0</ele>
      </trkpt>
      <trkpt lat="45.754712" lon="10.800764">
        <ele>115.0</ele>
      </trkpt>
      <trkpt lat="45.754721" lon="10.800914">
        <ele>115.0</ele>
      </trkpt>
      <trkpt lat="45.754717" lon="10.801053">
        <ele>115.0</ele>
      </trkpt>
      <trkpt lat="45.754715" lon="10.801199">
        <ele>115.0</ele>
      </trkpt>
      <trkpt lat="45.754709" lon="10.801336">
        <ele>114.0</ele>
      </trkpt>
      <trkpt lat="45.754718" lon="10.801472">
        <ele>115.0</ele>
      </trkpt>
      <trkpt lat="45.75472" lon="10.801601">
        <ele>115.0</ele>
      </trkpt>
      <trkpt lat="45.754724" lon="10.801752">
        <ele>115.0</ele>
      </trkpt>
      <trkpt lat="45.754716" lon="10.801893">
        <ele>115.0</ele>
      </trkpt>
      <trkpt lat="45.754722" lon="10.80204">
        <ele>115.0</ele>
      </trkpt>
      <trkpt lat="45.75473" lon="10.802175">
        <ele>115.0</ele>
      </trkpt>
      <trkpt lat="45.754726" lon="10.802317">
        <ele>115.0</ele>
      </trkpt>
      <trkpt lat="45.754726" lon="10.802447">
        <ele>115.0</ele>
      </trkpt>
      <trkpt lat="45.754731" lon="10.80259">
        <ele>115.0</ele>
      </trkpt>
      <trkpt lat="45.754712" lon="10.802846">
        <ele>114.0</ele>
      </trkpt>
      <trkpt lat="45.754746" lon="10.802982">
        <ele>112.0</ele>
      </trkpt>
      <trkpt lat="45.754757" lon="10.80315">
        <ele>111.0</ele>
      </trkpt>
      <trkpt lat="45.75479" lon="10.803305">
        <ele>112.0</ele>
      </trkpt>
      <trkpt lat="45.754818" lon="10.803445">
        <ele>112.0</ele>
      </trkpt>
      <trkpt lat="45.754847" lon="10.803569">
        <ele>115.0</ele>
      </trkpt>
      <trkpt lat="45.754891" lon="10.803689">
        <ele>116.0</ele>
      </trkpt>
      <trkpt lat="45.754954" lon="10.803787">
        <ele>118.0</ele>
      </trkpt>
      <trkpt lat="45.755042" lon="10.803861">
        <ele>119.0</ele>
      </trkpt>
      <trkpt lat="45.755126" lon="10.803914">
        <ele>120.0</ele>
      </trkpt>
      <trkpt lat="45.755184" lon="10.804016">
        <ele>119.0</ele>
      </trkpt>
      <trkpt lat="45.75526" lon="10.804089">
        <ele>120.0</ele>
      </trkpt>
      <trkpt lat="45.755345" lon="10.804168">
        <ele>120.0</ele>
      </trkpt>
      <trkpt lat="45.755427" lon="10.804258">
        <ele>119.0</ele>
      </trkpt>
      <trkpt lat="45.755515" lon="10.804293">
        <ele>118.0</ele>
      </trkpt>
      <trkpt lat="45.755611" lon="10.804341">
        <ele>117.0</ele>
      </trkpt>
      <trkpt lat="45.755704" lon="10.804378">
        <ele>117.0</ele>
      </trkpt>
      <trkpt lat="45.755794" lon="10.804422">
        <ele>117.0</ele>
      </trkpt>
      <trkpt lat="45.75588" lon="10.804463">
        <ele>117.0</ele>
      </trkpt>
      <trkpt lat="45.755976" lon="10.804521">
        <ele>118.0</ele>
      </trkpt>
      <trkpt lat="45.756053" lon="10.804595">
        <ele>119.0</ele>
      </trkpt>
      <trkpt lat="45.756142" lon="10.804664">
        <ele>119.0</ele>
      </trkpt>
      <trkpt lat="45.756232" lon="10.804707">
        <ele>119.0</ele>
      </trkpt>
      <trkpt lat="45.756308" lon="10.804789">
        <ele>117.0</ele>
      </trkpt>
      <trkpt lat="45.75639" lon="10.804857">
        <ele>118.0</ele>
      </trkpt>
      <trkpt lat="45.756453" lon="10.804962">
        <ele>118.0</ele>
      </trkpt>
      <trkpt lat="45.75651" lon="10.805065">
        <ele>118.0</ele>
      </trkpt>
      <trkpt lat="45.756546" lon="10.805185">
        <ele>118.0</ele>
      </trkpt>
      <trkpt lat="45.756619" lon="10.805268">
        <ele>118.0</ele>
      </trkpt>
      <trkpt lat="45.756668" lon="10.805397">
        <ele>117.0</ele>
      </trkpt>
      <trkpt lat="45.756694" lon="10.805535">
        <ele>117.0</ele>
      </trkpt>
      <trkpt lat="45.756745" lon="10.805667">
        <ele>117.0</ele>
      </trkpt>
      <trkpt lat="45.756808" lon="10.805781">
        <ele>117.0</ele>
      </trkpt>
      <trkpt lat="45.756845" lon="10.805917">
        <ele>118.0</ele>
      </trkpt>
      <trkpt lat="45.756909" lon="10.806031">
        <ele>118.0</ele>
      </trkpt>
      <trkpt lat="45.75697" lon="10.806136">
        <ele>119.0</ele>
      </trkpt>
      <trkpt lat="45.757036" lon="10.806246">
        <ele>119.0</ele>
      </trkpt>
      <trkpt lat="45.757101" lon="10.806343">
        <ele>119.0</ele>
      </trkpt>
      <trkpt lat="45.75717" lon="10.806446">
        <ele>119.0</ele>
      </trkpt>
      <trkpt lat="45.757241" lon="10.80654">
        <ele>120.0</ele>
      </trkpt>
      <trkpt lat="45.757311" lon="10.806631">
        <ele>120.0</ele>
      </trkpt>
      <trkpt lat="45.757391" lon="10.806718">
        <ele>120.0</ele>
      </trkpt>
      <trkpt lat="45.757466" lon="10.806822">
        <ele>120.0</ele>
      </trkpt>
      <trkpt lat="45.757527" lon="10.806925">
        <ele>121.0</ele>
      </trkpt>
      <trkpt lat="45.75762" lon="10.806939">
        <ele>121.0</ele>
      </trkpt>
      <trkpt lat="45.757709" lon="10.806974">
        <ele>121.0</ele>
      </trkpt>
      <trkpt lat="45.757807" lon="10.806997">
        <ele>120.0</ele>
      </trkpt>
      <trkpt lat="45.757905" lon="10.806995">
        <ele>120.0</ele>
      </trkpt>
      <trkpt lat="45.758003" lon="10.807003">
        <ele>119.0</ele>
      </trkpt>
      <trkpt lat="45.758094" lon="10.80704">
        <ele>119.0</ele>
      </trkpt>
      <trkpt lat="45.758172" lon="10.807112">
        <ele>120.0</ele>
      </trkpt>
      <trkpt lat="45.758271" lon="10.807164">
        <ele>119.0</ele>
      </trkpt>
      <trkpt lat="45.758361" lon="10.807213">
        <ele>119.0</ele>
      </trkpt>
      <trkpt lat="45.758466" lon="10.807257">
        <ele>119.0</ele>
      </trkpt>
      <trkpt lat="45.758559" lon="10.807272">
        <ele>119.0</ele>
      </trkpt>
      <trkpt lat="45.758662" lon="10.807291">
        <ele>120.0</ele>
      </trkpt>
      <trkpt lat="45.758751" lon="10.807332">
        <ele>120.0</ele>
      </trkpt>
      <trkpt lat="45.758845" lon="10.807339">
        <ele>120.0</ele>
      </trkpt>
      <trkpt lat="45.758936" lon="10.807335">
        <ele>120.0</ele>
      </trkpt>
      <trkpt lat="45.759036" lon="10.80735">
        <ele>119.0</ele>
      </trkpt>
      <trkpt lat="45.759129" lon="10.807363">
        <ele>119.0</ele>
      </trkpt>
      <trkpt lat="45.759232" lon="10.807362">
        <ele>119.0</ele>
      </trkpt>
      <trkpt lat="45.759327" lon="10.807351">
        <ele>119.0</ele>
      </trkpt>
      <trkpt lat="45.759427" lon="10.807336">
        <ele>119.0</ele>
      </trkpt>
      <trkpt lat="45.759528" lon="10.807338">
        <ele>119.0</ele>
      </trkpt>
      <trkpt lat="45.759627" lon="10.80732">
        <ele>119.0</ele>
      </trkpt>
      <trkpt lat="45.75973" lon="10.807299">
        <ele>119.0</ele>
      </trkpt>
      <trkpt lat="45.75983" lon="10.807266">
        <ele>119.0</ele>
      </trkpt>
      <trkpt lat="45.759922" lon="10.807225">
        <ele>118.0</ele>
      </trkpt>
      <trkpt lat="45.760014" lon="10.807216">
        <ele>117.0</ele>
      </trkpt>
      <trkpt lat="45.760098" lon="10.807168">
        <ele>117.0</ele>
      </trkpt>
      <trkpt lat="45.760195" lon="10.807141">
        <ele>117.0</ele>
      </trkpt>
      <trkpt lat="45.760287" lon="10.807138">
        <ele>118.0</ele>
      </trkpt>
      <trkpt lat="45.760377" lon="10.807119">
        <ele>118.0</ele>
      </trkpt>
      <trkpt lat="45.760472" lon="10.807079">
        <ele>119.0</ele>
      </trkpt>
      <trkpt lat="45.76056" lon="10.807045">
        <ele>119.0</ele>
      </trkpt>
      <trkpt lat="45.760657" lon="10.807006">
        <ele>119.0</ele>
      </trkpt>
      <trkpt lat="45.760748" lon="10.806953">
        <ele>120.0</ele>
      </trkpt>
      <trkpt lat="45.760847" lon="10.806923">
        <ele>120.0</ele>
      </trkpt>
      <trkpt lat="45.760947" lon="10.806881">
        <ele>121.0</ele>
      </trkpt>
      <trkpt lat="45.761051" lon="10.806788">
        <ele>121.0</ele>
      </trkpt>
      <trkpt lat="45.761156" lon="10.806774">
        <ele>121.0</ele>
      </trkpt>
      <trkpt lat="45.761262" lon="10.80682">
        <ele>121.0</ele>
      </trkpt>
      <trkpt lat="45.761366" lon="10.806889">
        <ele>121.0</ele>
      </trkpt>
      <trkpt lat="45.761452" lon="10.806954">
        <ele>121.0</ele>
      </trkpt>
      <trkpt lat="45.761554" lon="10.806978">
        <ele>121.0</ele>
      </trkpt>
      <trkpt lat="45.761653" lon="10.80701">
        <ele>120.0</ele>
      </trkpt>
      <trkpt lat="45.761737" lon="10.807077">
        <ele>121.0</ele>
      </trkpt>
      <trkpt lat="45.761834" lon="10.807132">
        <ele>121.0</ele>
      </trkpt>
      <trkpt lat="45.761929" lon="10.807173">
        <ele>122.0</ele>
      </trkpt>
      <trkpt lat="45.762018" lon="10.807229">
        <ele>123.0</ele>
      </trkpt>
      <trkpt lat="45.762111" lon="10.807267">
        <ele>124.0</ele>
      </trkpt>
      <trkpt lat="45.762194" lon="10.807322">
        <ele>124.0</ele>
      </trkpt>
      <trkpt lat="45.762274" lon="10.807407">
        <ele>125.0</ele>
      </trkpt>
      <trkpt lat="45.762365" lon="10.807434">
        <ele>125.0</ele>
      </trkpt>
      <trkpt lat="45.762458" lon="10.807443">
        <ele>124.0</ele>
      </trkpt>
      <trkpt lat="45.76255" lon="10.807495">
        <ele>124.0</ele>
      </trkpt>
      <trkpt lat="45.762642" lon="10.807529">
        <ele>124.0</ele>
      </trkpt>
      <trkpt lat="45.76273" lon="10.807574">
        <ele>124.0</ele>
      </trkpt>
      <trkpt lat="45.762825" lon="10.807617">
        <ele>124.0</ele>
      </trkpt>
      <trkpt lat="45.76292" lon="10.807687">
        <ele>125.0</ele>
      </trkpt>
      <trkpt lat="45.763019" lon="10.807671">
        <ele>125.0</ele>
      </trkpt>
      <trkpt lat="45.763119" lon="10.807682">
        <ele>126.0</ele>
      </trkpt>
      <trkpt lat="45.763219" lon="10.807652">
        <ele>125.0</ele>
      </trkpt>
      <trkpt lat="45.76331" lon="10.807605">
        <ele>124.0</ele>
      </trkpt>
      <trkpt lat="45.763406" lon="10.807593">
        <ele>123.0</ele>
      </trkpt>
      <trkpt lat="45.763498" lon="10.807551">
        <ele>123.0</ele>
      </trkpt>
      <trkpt lat="45.763567" lon="10.807445">
        <ele>122.0</ele>
      </trkpt>
      <trkpt lat="45.763559" lon="10.807307">
        <ele>121.0</ele>
      </trkpt>
      <trkpt lat="45.763537" lon="10.807176">
        <ele>121.0</ele>
      </trkpt>
      <trkpt lat="45.763521" lon="10.807042">
        <ele>121.0</ele>
      </trkpt>
      <trkpt lat="45.763533" lon="10.806903">
        <ele>121.0</ele>
      </trkpt>
    </trkseg>
  </trk>
</gpx>
