<?xml version="1.0" encoding="UTF-8"?>
<gpx version="1.1" creator="ETC" xmlns="http://www.topografix.com/GPX/1/1" xmlns:xsi="http://www.w3.org/2001/XMLSchema-instance" xsi:schemaLocation="http://www.topografix.com/GPX/1/1 http://www.topografix.com/GPX/1/1/gpx.xsd">
  <metadata>
    <name>Nona tappa</name>
  </metadata>
  <wpt lat="45.763516" lon="10.806889">
    <ele>75.0</ele>
    <name>Malcesine</name>
  </wpt>
  <wpt lat="45.763857" lon="10.809866">
    <ele>94.0</ele>
    <name>Malcesine</name>
  </wpt>
  <wpt lat="45.766512" lon="10.808555">
    <ele>75.0</ele>
    <name>Castello Scaligero</name>
  </wpt>
  <wpt lat="45.765625" lon="10.81086">
    <ele>96.0</ele>
    <name>Sottopasso</name>
  </wpt>
  <wpt lat="45.77524" lon="10.817255">
    <ele>133.0</ele>
    <name>Bivio sx</name>
  </wpt>
  <wpt lat="45.785863" lon="10.822901">
    <ele>94.0</ele>
    <name>Bivio sx</name>
  </wpt>
  <wpt lat="45.787473" lon="10.82411">
    <ele>93.0</ele>
    <name>Bivio sx</name>
  </wpt>
  <wpt lat="45.788046" lon="10.822653">
    <ele>79.0</ele>
    <name>Bivio dx</name>
  </wpt>
  <wpt lat="45.799297" lon="10.837354">
    <ele>71.0</ele>
    <name>Navene</name>
  </wpt>
  <wpt lat="45.799963" lon="10.839207">
    <ele>100.0</ele>
    <name>Bivio sx, poi dx</name>
  </wpt>
  <wpt lat="45.800212" lon="10.84109">
    <ele>134.0</ele>
    <name>bivio</name>
  </wpt>
  <wpt lat="45.800211" lon="10.842918">
    <ele>153.0</ele>
    <name>Incrocio dritti</name>
  </wpt>
  <wpt lat="45.799751" lon="10.844438">
    <ele>181.0</ele>
    <name>Bivio leggermente dx</name>
  </wpt>
  <wpt lat="45.798948" lon="10.85242">
    <ele>314.0</ele>
    <name>Bivio sx</name>
  </wpt>
  <wpt lat="45.803735" lon="10.860478">
    <ele>637.0</ele>
    <name>Punto panoramico</name>
  </wpt>
  <wpt lat="45.80722" lon="10.864129">
    <ele>817.0</ele>
    <name>Punto panoramico</name>
  </wpt>
  <wpt lat="45.807793" lon="10.86602">
    <ele>858.0</ele>
    <name>Bivio dritti</name>
  </wpt>
  <wpt lat="45.808211" lon="10.866127">
    <ele>873.0</ele>
    <name>Ricovero di Dosso Spirano</name>
  </wpt>
  <wpt lat="45.809007" lon="10.865253">
    <ele>875.0</ele>
    <name>Dosso Spirano</name>
  </wpt>
  <wpt lat="45.814678" lon="10.86911">
    <ele>1060.0</ele>
    <name>Bivio leggermente dx</name>
  </wpt>
  <wpt lat="45.814834" lon="10.868822">
    <ele>1065.0</ele>
    <name>Dosso dei Roveri</name>
  </wpt>
  <wpt lat="45.819591" lon="10.872822">
    <ele>1108.0</ele>
    <name>Bivio leggermente dx</name>
  </wpt>
  <wpt lat="45.822983" lon="10.877764">
    <ele>1160.0</ele>
    <name>Bivio leggermente sx</name>
  </wpt>
  <wpt lat="45.830326" lon="10.881458">
    <ele>1118.0</ele>
    <name>Bivio leggermente sx</name>
  </wpt>
  <wpt lat="45.838663" lon="10.880166">
    <ele>983.0</ele>
    <name>Dosso del Mosca</name>
  </wpt>
  <wpt lat="45.854206" lon="10.892814">
    <ele>783.0</ele>
    <name>Bivio sx</name>
  </wpt>
  <wpt lat="45.858091" lon="10.895786">
    <ele>700.0</ele>
    <name>Incrocio dritti</name>
  </wpt>
  <wpt lat="45.860189" lon="10.897214">
    <ele>624.0</ele>
    <name>Attraversamento</name>
  </wpt>
  <wpt lat="45.865555" lon="10.89705">
    <ele>430.0</ele>
    <name>Bivio dritti</name>
  </wpt>
  <wpt lat="45.86853" lon="10.895679">
    <ele>351.0</ele>
    <name>Bivio dritti</name>
  </wpt>
  <wpt lat="45.870807" lon="10.8932">
    <ele>254.0</ele>
    <name>Parcheggio dritti</name>
  </wpt>
  <wpt lat="45.87248" lon="10.891365">
    <ele>231.0</ele>
    <name>Bivio sx</name>
  </wpt>
  <wpt lat="45.869763" lon="10.888227">
    <ele>255.0</ele>
    <name>Bivio dx</name>
  </wpt>
  <wpt lat="45.869965" lon="10.887749">
    <ele>261.0</ele>
    <name>Bivio sx</name>
  </wpt>
  <wpt lat="45.868624" lon="10.885188">
    <ele>248.0</ele>
    <name>Bivio dritti</name>
  </wpt>
  <wpt lat="45.865802" lon="10.881683">
    <ele>166.0</ele>
    <name>Parcheggio</name>
  </wpt>
  <wpt lat="45.86679" lon="10.878926">
    <ele>140.0</ele>
    <name>Bivio dx</name>
  </wpt>
  <wpt lat="45.867289" lon="10.877412">
    <ele>87.0</ele>
    <name>Torbole</name>
  </wpt>
  <wpt lat="45.873291" lon="10.86835">
    <ele>75.0</ele>
    <name>Ponte</name>
  </wpt>
  <wpt lat="45.874671" lon="10.867092">
    <ele>71.0</ele>
    <name>Ponticello</name>
  </wpt>
  <wpt lat="45.877024" lon="10.856968">
    <ele>76.0</ele>
    <name>Forte San Nicolò</name>
  </wpt>
  <wpt lat="45.881677" lon="10.845914">
    <ele>73.0</ele>
    <name>Ponticello</name>
  </wpt>
  <wpt lat="45.884818" lon="10.839644">
    <ele>70.0</ele>
    <name>Riva del Garda</name>
  </wpt>
  <wpt lat="45.887497" lon="10.844028">
    <ele>88.0</ele>
    <name>Riva del Garda</name>
  </wpt>
  <wpt lat="45.888926" lon="10.846203">
    <ele>78.0</ele>
    <name>Riva del Garda</name>
  </wpt>
  <trk>
    <name>Percorso</name>
    <trkseg>
      <trkpt lat="45.763525" lon="10.80692">
        <ele>124.0</ele>
      </trkpt>
      <trkpt lat="45.763547" lon="10.807051">
        <ele>123.0</ele>
      </trkpt>
      <trkpt lat="45.763572" lon="10.807188">
        <ele>122.0</ele>
      </trkpt>
      <trkpt lat="45.763615" lon="10.807311">
        <ele>123.0</ele>
      </trkpt>
      <trkpt lat="45.763674" lon="10.807409">
        <ele>123.0</ele>
      </trkpt>
      <trkpt lat="45.763769" lon="10.807395">
        <ele>122.0</ele>
      </trkpt>
      <trkpt lat="45.763879" lon="10.807347">
        <ele>122.0</ele>
      </trkpt>
      <trkpt lat="45.76397" lon="10.807342">
        <ele>122.0</ele>
      </trkpt>
      <trkpt lat="45.764141" lon="10.807286">
        <ele>122.0</ele>
      </trkpt>
      <trkpt lat="45.764234" lon="10.807238">
        <ele>122.0</ele>
      </trkpt>
      <trkpt lat="45.764357" lon="10.807226">
        <ele>121.0</ele>
      </trkpt>
      <trkpt lat="45.76454" lon="10.807358">
        <ele>120.0</ele>
      </trkpt>
      <trkpt lat="45.764646" lon="10.807389">
        <ele>120.0</ele>
      </trkpt>
      <trkpt lat="45.764724" lon="10.807297">
        <ele>119.0</ele>
      </trkpt>
      <trkpt lat="45.764738" lon="10.807159">
        <ele>118.0</ele>
      </trkpt>
      <trkpt lat="45.76485" lon="10.807194">
        <ele>122.0</ele>
      </trkpt>
      <trkpt lat="45.76495" lon="10.807221">
        <ele>122.0</ele>
      </trkpt>
      <trkpt lat="45.765055" lon="10.807254">
        <ele>122.0</ele>
      </trkpt>
      <trkpt lat="45.765146" lon="10.807294">
        <ele>122.0</ele>
      </trkpt>
      <trkpt lat="45.765235" lon="10.807322">
        <ele>122.0</ele>
      </trkpt>
      <trkpt lat="45.765326" lon="10.80753">
        <ele>123.0</ele>
      </trkpt>
      <trkpt lat="45.765305" lon="10.807714">
        <ele>123.0</ele>
      </trkpt>
      <trkpt lat="45.765289" lon="10.807892">
        <ele>123.0</ele>
      </trkpt>
      <trkpt lat="45.765324" lon="10.808053">
        <ele>124.0</ele>
      </trkpt>
      <trkpt lat="45.76536" lon="10.808237">
        <ele>126.0</ele>
      </trkpt>
      <trkpt lat="45.765443" lon="10.808351">
        <ele>126.0</ele>
      </trkpt>
      <trkpt lat="45.765442" lon="10.808492">
        <ele>128.0</ele>
      </trkpt>
      <trkpt lat="45.76547" lon="10.808629">
        <ele>130.0</ele>
      </trkpt>
      <trkpt lat="45.765521" lon="10.808872">
        <ele>137.0</ele>
      </trkpt>
      <trkpt lat="45.765612" lon="10.808864">
        <ele>136.0</ele>
      </trkpt>
      <trkpt lat="45.765694" lon="10.808798">
        <ele>136.0</ele>
      </trkpt>
      <trkpt lat="45.765755" lon="10.808702">
        <ele>136.0</ele>
      </trkpt>
      <trkpt lat="45.765877" lon="10.808701">
        <ele>144.0</ele>
      </trkpt>
      <trkpt lat="45.76593" lon="10.808819">
        <ele>147.0</ele>
      </trkpt>
      <trkpt lat="45.765978" lon="10.80893">
        <ele>147.0</ele>
      </trkpt>
      <trkpt lat="45.766039" lon="10.809069">
        <ele>146.0</ele>
      </trkpt>
      <trkpt lat="45.766003" lon="10.809221">
        <ele>145.0</ele>
      </trkpt>
      <trkpt lat="45.766043" lon="10.809305">
        <ele>144.0</ele>
      </trkpt>
      <trkpt lat="45.766053" lon="10.809505">
        <ele>144.0</ele>
      </trkpt>
      <trkpt lat="45.766013" lon="10.809636">
        <ele>143.0</ele>
      </trkpt>
      <trkpt lat="45.76596" lon="10.809751">
        <ele>142.0</ele>
      </trkpt>
      <trkpt lat="45.765887" lon="10.809837">
        <ele>142.0</ele>
      </trkpt>
      <trkpt lat="45.765749" lon="10.809878">
        <ele>140.0</ele>
      </trkpt>
      <trkpt lat="45.765755" lon="10.810163">
        <ele>142.0</ele>
      </trkpt>
      <trkpt lat="45.765686" lon="10.810457">
        <ele>146.0</ele>
      </trkpt>
      <trkpt lat="45.765677" lon="10.810764">
        <ele>141.0</ele>
      </trkpt>
      <trkpt lat="45.765677" lon="10.810997">
        <ele>138.0</ele>
      </trkpt>
      <trkpt lat="45.765689" lon="10.81117">
        <ele>138.0</ele>
      </trkpt>
      <trkpt lat="45.765692" lon="10.811317">
        <ele>138.0</ele>
      </trkpt>
      <trkpt lat="45.765723" lon="10.811626">
        <ele>137.0</ele>
      </trkpt>
      <trkpt lat="45.765736" lon="10.811868">
        <ele>137.0</ele>
      </trkpt>
      <trkpt lat="45.765737" lon="10.811999">
        <ele>137.0</ele>
      </trkpt>
      <trkpt lat="45.765775" lon="10.812129">
        <ele>138.0</ele>
      </trkpt>
      <trkpt lat="45.765856" lon="10.812264">
        <ele>139.0</ele>
      </trkpt>
      <trkpt lat="45.765913" lon="10.812366">
        <ele>139.0</ele>
      </trkpt>
      <trkpt lat="45.76597" lon="10.812471">
        <ele>142.0</ele>
      </trkpt>
      <trkpt lat="45.766029" lon="10.81261">
        <ele>148.0</ele>
      </trkpt>
      <trkpt lat="45.766105" lon="10.812681">
        <ele>149.0</ele>
      </trkpt>
      <trkpt lat="45.76618" lon="10.812761">
        <ele>149.0</ele>
      </trkpt>
      <trkpt lat="45.766279" lon="10.81284">
        <ele>150.0</ele>
      </trkpt>
      <trkpt lat="45.766326" lon="10.812959">
        <ele>150.0</ele>
      </trkpt>
      <trkpt lat="45.766396" lon="10.813061">
        <ele>150.0</ele>
      </trkpt>
      <trkpt lat="45.766454" lon="10.813163">
        <ele>149.0</ele>
      </trkpt>
      <trkpt lat="45.766522" lon="10.813292">
        <ele>149.0</ele>
      </trkpt>
      <trkpt lat="45.766605" lon="10.813367">
        <ele>148.0</ele>
      </trkpt>
      <trkpt lat="45.766689" lon="10.813423">
        <ele>148.0</ele>
      </trkpt>
      <trkpt lat="45.766783" lon="10.813418">
        <ele>150.0</ele>
      </trkpt>
      <trkpt lat="45.766875" lon="10.813431">
        <ele>151.0</ele>
      </trkpt>
      <trkpt lat="45.766964" lon="10.813452">
        <ele>151.0</ele>
      </trkpt>
      <trkpt lat="45.767063" lon="10.81344">
        <ele>152.0</ele>
      </trkpt>
      <trkpt lat="45.767152" lon="10.813461">
        <ele>152.0</ele>
      </trkpt>
      <trkpt lat="45.767258" lon="10.813463">
        <ele>152.0</ele>
      </trkpt>
      <trkpt lat="45.767355" lon="10.813446">
        <ele>152.0</ele>
      </trkpt>
      <trkpt lat="45.76745" lon="10.813429">
        <ele>152.0</ele>
      </trkpt>
      <trkpt lat="45.767555" lon="10.813425">
        <ele>152.0</ele>
      </trkpt>
      <trkpt lat="45.767657" lon="10.813432">
        <ele>152.0</ele>
      </trkpt>
      <trkpt lat="45.767747" lon="10.81347">
        <ele>152.0</ele>
      </trkpt>
      <trkpt lat="45.767829" lon="10.813567">
        <ele>152.0</ele>
      </trkpt>
      <trkpt lat="45.76792" lon="10.813625">
        <ele>152.0</ele>
      </trkpt>
      <trkpt lat="45.768002" lon="10.813716">
        <ele>151.0</ele>
      </trkpt>
      <trkpt lat="45.768092" lon="10.813821">
        <ele>152.0</ele>
      </trkpt>
      <trkpt lat="45.768172" lon="10.813899">
        <ele>153.0</ele>
      </trkpt>
      <trkpt lat="45.76825" lon="10.813987">
        <ele>154.0</ele>
      </trkpt>
      <trkpt lat="45.768311" lon="10.814083">
        <ele>154.0</ele>
      </trkpt>
      <trkpt lat="45.768377" lon="10.81418">
        <ele>154.0</ele>
      </trkpt>
      <trkpt lat="45.768431" lon="10.814302">
        <ele>154.0</ele>
      </trkpt>
      <trkpt lat="45.768509" lon="10.814378">
        <ele>154.0</ele>
      </trkpt>
      <trkpt lat="45.7686" lon="10.814462">
        <ele>154.0</ele>
      </trkpt>
      <trkpt lat="45.768667" lon="10.814573">
        <ele>154.0</ele>
      </trkpt>
      <trkpt lat="45.768738" lon="10.814664">
        <ele>155.0</ele>
      </trkpt>
      <trkpt lat="45.768836" lon="10.814761">
        <ele>155.0</ele>
      </trkpt>
      <trkpt lat="45.768927" lon="10.8148">
        <ele>155.0</ele>
      </trkpt>
      <trkpt lat="45.769022" lon="10.814855">
        <ele>155.0</ele>
      </trkpt>
      <trkpt lat="45.769113" lon="10.814899">
        <ele>155.0</ele>
      </trkpt>
      <trkpt lat="45.769209" lon="10.814937">
        <ele>155.0</ele>
      </trkpt>
      <trkpt lat="45.769299" lon="10.814968">
        <ele>156.0</ele>
      </trkpt>
      <trkpt lat="45.769392" lon="10.815032">
        <ele>156.0</ele>
      </trkpt>
      <trkpt lat="45.769483" lon="10.815085">
        <ele>157.0</ele>
      </trkpt>
      <trkpt lat="45.769575" lon="10.81512">
        <ele>157.0</ele>
      </trkpt>
      <trkpt lat="45.769666" lon="10.815103">
        <ele>158.0</ele>
      </trkpt>
      <trkpt lat="45.76976" lon="10.815137">
        <ele>157.0</ele>
      </trkpt>
      <trkpt lat="45.769842" lon="10.815214">
        <ele>157.0</ele>
      </trkpt>
      <trkpt lat="45.769907" lon="10.815304">
        <ele>158.0</ele>
      </trkpt>
      <trkpt lat="45.770024" lon="10.815386">
        <ele>159.0</ele>
      </trkpt>
      <trkpt lat="45.770117" lon="10.815413">
        <ele>159.0</ele>
      </trkpt>
      <trkpt lat="45.770228" lon="10.815508">
        <ele>160.0</ele>
      </trkpt>
      <trkpt lat="45.770311" lon="10.81557">
        <ele>161.0</ele>
      </trkpt>
      <trkpt lat="45.7704" lon="10.815613">
        <ele>161.0</ele>
      </trkpt>
      <trkpt lat="45.770493" lon="10.815648">
        <ele>162.0</ele>
      </trkpt>
      <trkpt lat="45.770595" lon="10.815732">
        <ele>162.0</ele>
      </trkpt>
      <trkpt lat="45.770669" lon="10.815806">
        <ele>162.0</ele>
      </trkpt>
      <trkpt lat="45.770751" lon="10.815893">
        <ele>162.0</ele>
      </trkpt>
      <trkpt lat="45.770846" lon="10.815916">
        <ele>162.0</ele>
      </trkpt>
      <trkpt lat="45.770936" lon="10.815944">
        <ele>163.0</ele>
      </trkpt>
      <trkpt lat="45.771022" lon="10.815995">
        <ele>163.0</ele>
      </trkpt>
      <trkpt lat="45.771133" lon="10.816055">
        <ele>164.0</ele>
      </trkpt>
      <trkpt lat="45.771229" lon="10.816094">
        <ele>164.0</ele>
      </trkpt>
      <trkpt lat="45.771402" lon="10.816215">
        <ele>166.0</ele>
      </trkpt>
      <trkpt lat="45.771499" lon="10.816245">
        <ele>166.0</ele>
      </trkpt>
      <trkpt lat="45.771593" lon="10.816287">
        <ele>167.0</ele>
      </trkpt>
      <trkpt lat="45.771686" lon="10.816322">
        <ele>168.0</ele>
      </trkpt>
      <trkpt lat="45.771807" lon="10.816352">
        <ele>169.0</ele>
      </trkpt>
      <trkpt lat="45.771899" lon="10.816371">
        <ele>169.0</ele>
      </trkpt>
      <trkpt lat="45.771998" lon="10.816404">
        <ele>169.0</ele>
      </trkpt>
      <trkpt lat="45.772088" lon="10.816379">
        <ele>170.0</ele>
      </trkpt>
      <trkpt lat="45.772174" lon="10.816335">
        <ele>171.0</ele>
      </trkpt>
      <trkpt lat="45.77226" lon="10.816375">
        <ele>171.0</ele>
      </trkpt>
      <trkpt lat="45.772346" lon="10.816416">
        <ele>173.0</ele>
      </trkpt>
      <trkpt lat="45.772437" lon="10.816463">
        <ele>175.0</ele>
      </trkpt>
      <trkpt lat="45.772531" lon="10.816474">
        <ele>177.0</ele>
      </trkpt>
      <trkpt lat="45.77262" lon="10.816512">
        <ele>178.0</ele>
      </trkpt>
      <trkpt lat="45.772708" lon="10.816551">
        <ele>179.0</ele>
      </trkpt>
      <trkpt lat="45.772808" lon="10.816602">
        <ele>179.0</ele>
      </trkpt>
      <trkpt lat="45.772901" lon="10.816649">
        <ele>180.0</ele>
      </trkpt>
      <trkpt lat="45.773002" lon="10.816702">
        <ele>180.0</ele>
      </trkpt>
      <trkpt lat="45.773094" lon="10.816746">
        <ele>181.0</ele>
      </trkpt>
      <trkpt lat="45.773183" lon="10.816785">
        <ele>181.0</ele>
      </trkpt>
      <trkpt lat="45.773265" lon="10.816848">
        <ele>182.0</ele>
      </trkpt>
      <trkpt lat="45.773359" lon="10.816884">
        <ele>181.0</ele>
      </trkpt>
      <trkpt lat="45.77345" lon="10.816957">
        <ele>182.0</ele>
      </trkpt>
      <trkpt lat="45.773538" lon="10.817009">
        <ele>183.0</ele>
      </trkpt>
      <trkpt lat="45.773713" lon="10.817022">
        <ele>181.0</ele>
      </trkpt>
      <trkpt lat="45.773809" lon="10.81706">
        <ele>181.0</ele>
      </trkpt>
      <trkpt lat="45.773911" lon="10.817087">
        <ele>181.0</ele>
      </trkpt>
      <trkpt lat="45.774011" lon="10.817082">
        <ele>180.0</ele>
      </trkpt>
      <trkpt lat="45.774103" lon="10.817058">
        <ele>180.0</ele>
      </trkpt>
      <trkpt lat="45.774196" lon="10.817054">
        <ele>179.0</ele>
      </trkpt>
      <trkpt lat="45.774293" lon="10.817055">
        <ele>178.0</ele>
      </trkpt>
      <trkpt lat="45.774387" lon="10.817051">
        <ele>179.0</ele>
      </trkpt>
      <trkpt lat="45.774489" lon="10.817028">
        <ele>179.0</ele>
      </trkpt>
      <trkpt lat="45.77459" lon="10.817034">
        <ele>179.0</ele>
      </trkpt>
      <trkpt lat="45.774692" lon="10.817075">
        <ele>179.0</ele>
      </trkpt>
      <trkpt lat="45.774788" lon="10.817094">
        <ele>179.0</ele>
      </trkpt>
      <trkpt lat="45.774882" lon="10.817127">
        <ele>179.0</ele>
      </trkpt>
      <trkpt lat="45.774999" lon="10.817175">
        <ele>180.0</ele>
      </trkpt>
      <trkpt lat="45.775104" lon="10.817192">
        <ele>180.0</ele>
      </trkpt>
      <trkpt lat="45.775201" lon="10.817227">
        <ele>180.0</ele>
      </trkpt>
      <trkpt lat="45.775376" lon="10.817172">
        <ele>179.0</ele>
      </trkpt>
      <trkpt lat="45.775476" lon="10.817149">
        <ele>180.0</ele>
      </trkpt>
      <trkpt lat="45.775569" lon="10.817132">
        <ele>180.0</ele>
      </trkpt>
      <trkpt lat="45.775675" lon="10.817116">
        <ele>180.0</ele>
      </trkpt>
      <trkpt lat="45.775775" lon="10.817119">
        <ele>180.0</ele>
      </trkpt>
      <trkpt lat="45.775871" lon="10.817142">
        <ele>179.0</ele>
      </trkpt>
      <trkpt lat="45.775962" lon="10.817177">
        <ele>179.0</ele>
      </trkpt>
      <trkpt lat="45.776061" lon="10.817206">
        <ele>178.0</ele>
      </trkpt>
      <trkpt lat="45.776158" lon="10.817226">
        <ele>178.0</ele>
      </trkpt>
      <trkpt lat="45.77626" lon="10.817261">
        <ele>178.0</ele>
      </trkpt>
      <trkpt lat="45.776348" lon="10.817291">
        <ele>177.0</ele>
      </trkpt>
      <trkpt lat="45.77644" lon="10.817312">
        <ele>176.0</ele>
      </trkpt>
      <trkpt lat="45.776532" lon="10.817358">
        <ele>176.0</ele>
      </trkpt>
      <trkpt lat="45.776623" lon="10.817413">
        <ele>176.0</ele>
      </trkpt>
      <trkpt lat="45.776705" lon="10.817469">
        <ele>175.0</ele>
      </trkpt>
      <trkpt lat="45.776796" lon="10.817475">
        <ele>174.0</ele>
      </trkpt>
      <trkpt lat="45.776902" lon="10.81751">
        <ele>175.0</ele>
      </trkpt>
      <trkpt lat="45.776987" lon="10.817578">
        <ele>175.0</ele>
      </trkpt>
      <trkpt lat="45.777061" lon="10.817666">
        <ele>176.0</ele>
      </trkpt>
      <trkpt lat="45.77716" lon="10.817701">
        <ele>176.0</ele>
      </trkpt>
      <trkpt lat="45.777247" lon="10.817749">
        <ele>176.0</ele>
      </trkpt>
      <trkpt lat="45.77734" lon="10.817845">
        <ele>176.0</ele>
      </trkpt>
      <trkpt lat="45.777416" lon="10.817971">
        <ele>175.0</ele>
      </trkpt>
      <trkpt lat="45.77749" lon="10.818073">
        <ele>174.0</ele>
      </trkpt>
      <trkpt lat="45.777567" lon="10.818164">
        <ele>174.0</ele>
      </trkpt>
      <trkpt lat="45.777662" lon="10.818245">
        <ele>174.0</ele>
      </trkpt>
      <trkpt lat="45.77773" lon="10.818331">
        <ele>174.0</ele>
      </trkpt>
      <trkpt lat="45.777817" lon="10.818413">
        <ele>175.0</ele>
      </trkpt>
      <trkpt lat="45.77789" lon="10.818493">
        <ele>175.0</ele>
      </trkpt>
      <trkpt lat="45.777969" lon="10.818573">
        <ele>175.0</ele>
      </trkpt>
      <trkpt lat="45.778087" lon="10.818608">
        <ele>175.0</ele>
      </trkpt>
      <trkpt lat="45.778181" lon="10.818674">
        <ele>176.0</ele>
      </trkpt>
      <trkpt lat="45.778275" lon="10.818708">
        <ele>177.0</ele>
      </trkpt>
      <trkpt lat="45.778376" lon="10.818783">
        <ele>177.0</ele>
      </trkpt>
      <trkpt lat="45.778474" lon="10.818836">
        <ele>178.0</ele>
      </trkpt>
      <trkpt lat="45.778567" lon="10.818897">
        <ele>178.0</ele>
      </trkpt>
      <trkpt lat="45.778661" lon="10.818971">
        <ele>178.0</ele>
      </trkpt>
      <trkpt lat="45.778757" lon="10.819015">
        <ele>178.0</ele>
      </trkpt>
      <trkpt lat="45.778856" lon="10.819041">
        <ele>178.0</ele>
      </trkpt>
      <trkpt lat="45.778947" lon="10.819061">
        <ele>179.0</ele>
      </trkpt>
      <trkpt lat="45.779056" lon="10.819059">
        <ele>179.0</ele>
      </trkpt>
      <trkpt lat="45.779153" lon="10.819095">
        <ele>180.0</ele>
      </trkpt>
      <trkpt lat="45.779238" lon="10.819166">
        <ele>179.0</ele>
      </trkpt>
      <trkpt lat="45.779325" lon="10.819214">
        <ele>179.0</ele>
      </trkpt>
      <trkpt lat="45.779429" lon="10.819232">
        <ele>179.0</ele>
      </trkpt>
      <trkpt lat="45.77952" lon="10.819256">
        <ele>179.0</ele>
      </trkpt>
      <trkpt lat="45.779645" lon="10.819309">
        <ele>180.0</ele>
      </trkpt>
      <trkpt lat="45.779768" lon="10.819345">
        <ele>181.0</ele>
      </trkpt>
      <trkpt lat="45.779861" lon="10.819362">
        <ele>181.0</ele>
      </trkpt>
      <trkpt lat="45.779953" lon="10.819373">
        <ele>181.0</ele>
      </trkpt>
      <trkpt lat="45.780046" lon="10.819403">
        <ele>181.0</ele>
      </trkpt>
      <trkpt lat="45.780228" lon="10.819399">
        <ele>182.0</ele>
      </trkpt>
      <trkpt lat="45.780324" lon="10.819443">
        <ele>182.0</ele>
      </trkpt>
      <trkpt lat="45.780414" lon="10.819492">
        <ele>181.0</ele>
      </trkpt>
      <trkpt lat="45.780511" lon="10.819455">
        <ele>180.0</ele>
      </trkpt>
      <trkpt lat="45.78061" lon="10.81944">
        <ele>179.0</ele>
      </trkpt>
      <trkpt lat="45.780773" lon="10.819442">
        <ele>172.0</ele>
      </trkpt>
      <trkpt lat="45.780897" lon="10.819484">
        <ele>172.0</ele>
      </trkpt>
      <trkpt lat="45.78099" lon="10.819505">
        <ele>171.0</ele>
      </trkpt>
      <trkpt lat="45.781083" lon="10.819493">
        <ele>171.0</ele>
      </trkpt>
      <trkpt lat="45.781176" lon="10.819523">
        <ele>170.0</ele>
      </trkpt>
      <trkpt lat="45.781269" lon="10.819534">
        <ele>170.0</ele>
      </trkpt>
      <trkpt lat="45.78136" lon="10.819582">
        <ele>169.0</ele>
      </trkpt>
      <trkpt lat="45.78145" lon="10.819633">
        <ele>170.0</ele>
      </trkpt>
      <trkpt lat="45.781552" lon="10.819643">
        <ele>170.0</ele>
      </trkpt>
      <trkpt lat="45.781645" lon="10.819689">
        <ele>171.0</ele>
      </trkpt>
      <trkpt lat="45.78174" lon="10.819737">
        <ele>171.0</ele>
      </trkpt>
      <trkpt lat="45.781831" lon="10.819781">
        <ele>172.0</ele>
      </trkpt>
      <trkpt lat="45.781926" lon="10.819874">
        <ele>172.0</ele>
      </trkpt>
      <trkpt lat="45.782014" lon="10.819925">
        <ele>173.0</ele>
      </trkpt>
      <trkpt lat="45.782104" lon="10.819902">
        <ele>173.0</ele>
      </trkpt>
      <trkpt lat="45.782198" lon="10.819947">
        <ele>172.0</ele>
      </trkpt>
      <trkpt lat="45.7823" lon="10.820032">
        <ele>172.0</ele>
      </trkpt>
      <trkpt lat="45.782404" lon="10.820054">
        <ele>172.0</ele>
      </trkpt>
      <trkpt lat="45.782485" lon="10.820138">
        <ele>172.0</ele>
      </trkpt>
      <trkpt lat="45.782576" lon="10.820143">
        <ele>172.0</ele>
      </trkpt>
      <trkpt lat="45.782672" lon="10.820197">
        <ele>173.0</ele>
      </trkpt>
      <trkpt lat="45.782766" lon="10.820216">
        <ele>173.0</ele>
      </trkpt>
      <trkpt lat="45.782882" lon="10.820204">
        <ele>173.0</ele>
      </trkpt>
      <trkpt lat="45.782978" lon="10.820228">
        <ele>173.0</ele>
      </trkpt>
      <trkpt lat="45.783068" lon="10.820275">
        <ele>173.0</ele>
      </trkpt>
      <trkpt lat="45.783163" lon="10.820263">
        <ele>173.0</ele>
      </trkpt>
      <trkpt lat="45.78326" lon="10.820248">
        <ele>170.0</ele>
      </trkpt>
      <trkpt lat="45.783344" lon="10.82032">
        <ele>165.0</ele>
      </trkpt>
      <trkpt lat="45.783437" lon="10.820328">
        <ele>163.0</ele>
      </trkpt>
      <trkpt lat="45.783517" lon="10.820402">
        <ele>162.0</ele>
      </trkpt>
      <trkpt lat="45.783638" lon="10.820415">
        <ele>159.0</ele>
      </trkpt>
      <trkpt lat="45.783759" lon="10.82045">
        <ele>157.0</ele>
      </trkpt>
      <trkpt lat="45.783846" lon="10.820487">
        <ele>156.0</ele>
      </trkpt>
      <trkpt lat="45.783934" lon="10.820542">
        <ele>154.0</ele>
      </trkpt>
      <trkpt lat="45.784025" lon="10.820615">
        <ele>152.0</ele>
      </trkpt>
      <trkpt lat="45.784112" lon="10.820655">
        <ele>152.0</ele>
      </trkpt>
      <trkpt lat="45.784211" lon="10.820683">
        <ele>151.0</ele>
      </trkpt>
      <trkpt lat="45.784309" lon="10.820702">
        <ele>150.0</ele>
      </trkpt>
      <trkpt lat="45.784432" lon="10.82067">
        <ele>149.0</ele>
      </trkpt>
      <trkpt lat="45.78453" lon="10.820657">
        <ele>147.0</ele>
      </trkpt>
      <trkpt lat="45.784625" lon="10.82066">
        <ele>146.0</ele>
      </trkpt>
      <trkpt lat="45.784727" lon="10.820659">
        <ele>144.0</ele>
      </trkpt>
      <trkpt lat="45.78482" lon="10.820652">
        <ele>144.0</ele>
      </trkpt>
      <trkpt lat="45.784918" lon="10.820663">
        <ele>144.0</ele>
      </trkpt>
      <trkpt lat="45.785016" lon="10.820691">
        <ele>144.0</ele>
      </trkpt>
      <trkpt lat="45.785132" lon="10.820732">
        <ele>143.0</ele>
      </trkpt>
      <trkpt lat="45.785224" lon="10.820781">
        <ele>143.0</ele>
      </trkpt>
      <trkpt lat="45.785377" lon="10.820922">
        <ele>142.0</ele>
      </trkpt>
      <trkpt lat="45.785456" lon="10.821021">
        <ele>142.0</ele>
      </trkpt>
      <trkpt lat="45.785512" lon="10.821148">
        <ele>142.0</ele>
      </trkpt>
      <trkpt lat="45.785525" lon="10.821277">
        <ele>141.0</ele>
      </trkpt>
      <trkpt lat="45.78556" lon="10.821411">
        <ele>142.0</ele>
      </trkpt>
      <trkpt lat="45.785613" lon="10.821526">
        <ele>141.0</ele>
      </trkpt>
      <trkpt lat="45.785639" lon="10.821659">
        <ele>141.0</ele>
      </trkpt>
      <trkpt lat="45.785659" lon="10.821916">
        <ele>141.0</ele>
      </trkpt>
      <trkpt lat="45.785667" lon="10.822065">
        <ele>143.0</ele>
      </trkpt>
      <trkpt lat="45.785729" lon="10.822205">
        <ele>144.0</ele>
      </trkpt>
      <trkpt lat="45.785749" lon="10.822343">
        <ele>143.0</ele>
      </trkpt>
      <trkpt lat="45.785811" lon="10.822455">
        <ele>142.0</ele>
      </trkpt>
      <trkpt lat="45.785877" lon="10.822708">
        <ele>141.0</ele>
      </trkpt>
      <trkpt lat="45.785927" lon="10.822937">
        <ele>139.0</ele>
      </trkpt>
      <trkpt lat="45.786013" lon="10.822996">
        <ele>139.0</ele>
      </trkpt>
      <trkpt lat="45.786123" lon="10.823024">
        <ele>139.0</ele>
      </trkpt>
      <trkpt lat="45.786209" lon="10.823094">
        <ele>140.0</ele>
      </trkpt>
      <trkpt lat="45.78628" lon="10.823176">
        <ele>141.0</ele>
      </trkpt>
      <trkpt lat="45.786357" lon="10.823246">
        <ele>142.0</ele>
      </trkpt>
      <trkpt lat="45.786434" lon="10.823334">
        <ele>143.0</ele>
      </trkpt>
      <trkpt lat="45.786534" lon="10.823412">
        <ele>143.0</ele>
      </trkpt>
      <trkpt lat="45.786621" lon="10.823467">
        <ele>144.0</ele>
      </trkpt>
      <trkpt lat="45.786715" lon="10.823537">
        <ele>144.0</ele>
      </trkpt>
      <trkpt lat="45.786792" lon="10.823614">
        <ele>145.0</ele>
      </trkpt>
      <trkpt lat="45.78687" lon="10.823692">
        <ele>145.0</ele>
      </trkpt>
      <trkpt lat="45.786942" lon="10.823777">
        <ele>144.0</ele>
      </trkpt>
      <trkpt lat="45.787032" lon="10.823846">
        <ele>143.0</ele>
      </trkpt>
      <trkpt lat="45.787127" lon="10.82391">
        <ele>142.0</ele>
      </trkpt>
      <trkpt lat="45.787204" lon="10.823994">
        <ele>142.0</ele>
      </trkpt>
      <trkpt lat="45.787281" lon="10.824064">
        <ele>141.0</ele>
      </trkpt>
      <trkpt lat="45.787378" lon="10.824077">
        <ele>140.0</ele>
      </trkpt>
      <trkpt lat="45.787466" lon="10.824109">
        <ele>138.0</ele>
      </trkpt>
      <trkpt lat="45.78755" lon="10.824052">
        <ele>137.0</ele>
      </trkpt>
      <trkpt lat="45.787617" lon="10.823954">
        <ele>136.0</ele>
      </trkpt>
      <trkpt lat="45.787691" lon="10.82388">
        <ele>135.0</ele>
      </trkpt>
      <trkpt lat="45.787753" lon="10.823783">
        <ele>133.0</ele>
      </trkpt>
      <trkpt lat="45.787813" lon="10.823681">
        <ele>132.0</ele>
      </trkpt>
      <trkpt lat="45.787897" lon="10.823625">
        <ele>131.0</ele>
      </trkpt>
      <trkpt lat="45.787978" lon="10.823541">
        <ele>129.0</ele>
      </trkpt>
      <trkpt lat="45.788023" lon="10.823421">
        <ele>129.0</ele>
      </trkpt>
      <trkpt lat="45.788063" lon="10.823302">
        <ele>128.0</ele>
      </trkpt>
      <trkpt lat="45.788088" lon="10.82317">
        <ele>128.0</ele>
      </trkpt>
      <trkpt lat="45.78806" lon="10.823038">
        <ele>127.0</ele>
      </trkpt>
      <trkpt lat="45.788037" lon="10.8229">
        <ele>127.0</ele>
      </trkpt>
      <trkpt lat="45.788044" lon="10.82277">
        <ele>127.0</ele>
      </trkpt>
      <trkpt lat="45.788079" lon="10.822623">
        <ele>119.0</ele>
      </trkpt>
      <trkpt lat="45.788176" lon="10.822636">
        <ele>119.0</ele>
      </trkpt>
      <trkpt lat="45.788247" lon="10.822732">
        <ele>118.0</ele>
      </trkpt>
      <trkpt lat="45.788314" lon="10.822836">
        <ele>118.0</ele>
      </trkpt>
      <trkpt lat="45.788392" lon="10.822937">
        <ele>119.0</ele>
      </trkpt>
      <trkpt lat="45.788461" lon="10.823042">
        <ele>119.0</ele>
      </trkpt>
      <trkpt lat="45.788521" lon="10.823142">
        <ele>119.0</ele>
      </trkpt>
      <trkpt lat="45.788597" lon="10.823328">
        <ele>119.0</ele>
      </trkpt>
      <trkpt lat="45.788649" lon="10.823441">
        <ele>119.0</ele>
      </trkpt>
      <trkpt lat="45.788696" lon="10.823557">
        <ele>120.0</ele>
      </trkpt>
      <trkpt lat="45.788736" lon="10.823685">
        <ele>120.0</ele>
      </trkpt>
      <trkpt lat="45.788772" lon="10.823814">
        <ele>122.0</ele>
      </trkpt>
      <trkpt lat="45.788871" lon="10.824032">
        <ele>124.0</ele>
      </trkpt>
      <trkpt lat="45.788938" lon="10.82413">
        <ele>125.0</ele>
      </trkpt>
      <trkpt lat="45.789016" lon="10.824214">
        <ele>127.0</ele>
      </trkpt>
      <trkpt lat="45.789088" lon="10.824316">
        <ele>128.0</ele>
      </trkpt>
      <trkpt lat="45.789142" lon="10.824432">
        <ele>128.0</ele>
      </trkpt>
      <trkpt lat="45.789207" lon="10.824551">
        <ele>128.0</ele>
      </trkpt>
      <trkpt lat="45.789283" lon="10.824657">
        <ele>127.0</ele>
      </trkpt>
      <trkpt lat="45.789349" lon="10.824749">
        <ele>127.0</ele>
      </trkpt>
      <trkpt lat="45.789382" lon="10.824871">
        <ele>127.0</ele>
      </trkpt>
      <trkpt lat="45.789446" lon="10.824976">
        <ele>127.0</ele>
      </trkpt>
      <trkpt lat="45.789503" lon="10.825083">
        <ele>127.0</ele>
      </trkpt>
      <trkpt lat="45.78957" lon="10.82519">
        <ele>126.0</ele>
      </trkpt>
      <trkpt lat="45.789638" lon="10.825307">
        <ele>126.0</ele>
      </trkpt>
      <trkpt lat="45.789719" lon="10.825409">
        <ele>125.0</ele>
      </trkpt>
      <trkpt lat="45.789789" lon="10.825515">
        <ele>125.0</ele>
      </trkpt>
      <trkpt lat="45.789846" lon="10.825669">
        <ele>125.0</ele>
      </trkpt>
      <trkpt lat="45.789914" lon="10.825758">
        <ele>125.0</ele>
      </trkpt>
      <trkpt lat="45.789984" lon="10.825843">
        <ele>125.0</ele>
      </trkpt>
      <trkpt lat="45.790056" lon="10.825943">
        <ele>125.0</ele>
      </trkpt>
      <trkpt lat="45.790106" lon="10.82607">
        <ele>126.0</ele>
      </trkpt>
      <trkpt lat="45.790175" lon="10.826158">
        <ele>127.0</ele>
      </trkpt>
      <trkpt lat="45.790241" lon="10.826262">
        <ele>126.0</ele>
      </trkpt>
      <trkpt lat="45.790343" lon="10.8264">
        <ele>125.0</ele>
      </trkpt>
      <trkpt lat="45.790416" lon="10.826666">
        <ele>124.0</ele>
      </trkpt>
      <trkpt lat="45.790452" lon="10.826802">
        <ele>123.0</ele>
      </trkpt>
      <trkpt lat="45.790522" lon="10.826886">
        <ele>123.0</ele>
      </trkpt>
      <trkpt lat="45.790581" lon="10.826997">
        <ele>123.0</ele>
      </trkpt>
      <trkpt lat="45.790636" lon="10.82711">
        <ele>122.0</ele>
      </trkpt>
      <trkpt lat="45.790693" lon="10.827223">
        <ele>121.0</ele>
      </trkpt>
      <trkpt lat="45.790808" lon="10.827431">
        <ele>120.0</ele>
      </trkpt>
      <trkpt lat="45.790855" lon="10.827558">
        <ele>120.0</ele>
      </trkpt>
      <trkpt lat="45.79095" lon="10.827798">
        <ele>121.0</ele>
      </trkpt>
      <trkpt lat="45.790996" lon="10.827917">
        <ele>122.0</ele>
      </trkpt>
      <trkpt lat="45.79104" lon="10.828041">
        <ele>123.0</ele>
      </trkpt>
      <trkpt lat="45.791107" lon="10.828154">
        <ele>123.0</ele>
      </trkpt>
      <trkpt lat="45.79118" lon="10.828283">
        <ele>124.0</ele>
      </trkpt>
      <trkpt lat="45.791232" lon="10.828413">
        <ele>124.0</ele>
      </trkpt>
      <trkpt lat="45.791296" lon="10.828514">
        <ele>124.0</ele>
      </trkpt>
      <trkpt lat="45.791348" lon="10.828681">
        <ele>119.0</ele>
      </trkpt>
      <trkpt lat="45.791388" lon="10.828807">
        <ele>118.0</ele>
      </trkpt>
      <trkpt lat="45.791427" lon="10.828927">
        <ele>118.0</ele>
      </trkpt>
      <trkpt lat="45.791465" lon="10.829048">
        <ele>118.0</ele>
      </trkpt>
      <trkpt lat="45.791509" lon="10.829201">
        <ele>118.0</ele>
      </trkpt>
      <trkpt lat="45.791528" lon="10.829346">
        <ele>119.0</ele>
      </trkpt>
      <trkpt lat="45.791528" lon="10.829488">
        <ele>120.0</ele>
      </trkpt>
      <trkpt lat="45.791537" lon="10.829624">
        <ele>121.0</ele>
      </trkpt>
      <trkpt lat="45.791574" lon="10.829752">
        <ele>122.0</ele>
      </trkpt>
      <trkpt lat="45.791624" lon="10.829866">
        <ele>124.0</ele>
      </trkpt>
      <trkpt lat="45.791634" lon="10.830006">
        <ele>125.0</ele>
      </trkpt>
      <trkpt lat="45.791657" lon="10.830143">
        <ele>126.0</ele>
      </trkpt>
      <trkpt lat="45.791713" lon="10.830264">
        <ele>127.0</ele>
      </trkpt>
      <trkpt lat="45.791764" lon="10.830372">
        <ele>126.0</ele>
      </trkpt>
      <trkpt lat="45.791833" lon="10.830488">
        <ele>125.0</ele>
      </trkpt>
      <trkpt lat="45.79189" lon="10.830591">
        <ele>125.0</ele>
      </trkpt>
      <trkpt lat="45.791935" lon="10.830705">
        <ele>125.0</ele>
      </trkpt>
      <trkpt lat="45.791994" lon="10.830809">
        <ele>124.0</ele>
      </trkpt>
      <trkpt lat="45.792087" lon="10.830929">
        <ele>124.0</ele>
      </trkpt>
      <trkpt lat="45.792141" lon="10.831043">
        <ele>125.0</ele>
      </trkpt>
      <trkpt lat="45.792209" lon="10.831161">
        <ele>126.0</ele>
      </trkpt>
      <trkpt lat="45.792276" lon="10.831267">
        <ele>125.0</ele>
      </trkpt>
      <trkpt lat="45.79232" lon="10.831402">
        <ele>125.0</ele>
      </trkpt>
      <trkpt lat="45.792342" lon="10.831528">
        <ele>124.0</ele>
      </trkpt>
      <trkpt lat="45.792382" lon="10.831662">
        <ele>123.0</ele>
      </trkpt>
      <trkpt lat="45.792429" lon="10.831776">
        <ele>122.0</ele>
      </trkpt>
      <trkpt lat="45.792471" lon="10.831897">
        <ele>121.0</ele>
      </trkpt>
      <trkpt lat="45.792547" lon="10.831973">
        <ele>120.0</ele>
      </trkpt>
      <trkpt lat="45.792609" lon="10.832091">
        <ele>119.0</ele>
      </trkpt>
      <trkpt lat="45.792665" lon="10.832196">
        <ele>118.0</ele>
      </trkpt>
      <trkpt lat="45.792728" lon="10.832315">
        <ele>118.0</ele>
      </trkpt>
      <trkpt lat="45.792797" lon="10.832432">
        <ele>119.0</ele>
      </trkpt>
      <trkpt lat="45.792871" lon="10.832532">
        <ele>119.0</ele>
      </trkpt>
      <trkpt lat="45.792936" lon="10.832634">
        <ele>119.0</ele>
      </trkpt>
      <trkpt lat="45.793012" lon="10.832733">
        <ele>119.0</ele>
      </trkpt>
      <trkpt lat="45.793068" lon="10.83284">
        <ele>119.0</ele>
      </trkpt>
      <trkpt lat="45.79313" lon="10.832938">
        <ele>119.0</ele>
      </trkpt>
      <trkpt lat="45.793203" lon="10.833025">
        <ele>119.0</ele>
      </trkpt>
      <trkpt lat="45.793255" lon="10.833132">
        <ele>119.0</ele>
      </trkpt>
      <trkpt lat="45.79332" lon="10.833228">
        <ele>119.0</ele>
      </trkpt>
      <trkpt lat="45.793396" lon="10.833309">
        <ele>119.0</ele>
      </trkpt>
      <trkpt lat="45.793468" lon="10.833387">
        <ele>119.0</ele>
      </trkpt>
      <trkpt lat="45.793539" lon="10.833473">
        <ele>119.0</ele>
      </trkpt>
      <trkpt lat="45.793619" lon="10.833569">
        <ele>119.0</ele>
      </trkpt>
      <trkpt lat="45.793702" lon="10.833648">
        <ele>118.0</ele>
      </trkpt>
      <trkpt lat="45.793794" lon="10.833648">
        <ele>117.0</ele>
      </trkpt>
      <trkpt lat="45.793871" lon="10.833734">
        <ele>118.0</ele>
      </trkpt>
      <trkpt lat="45.793929" lon="10.833834">
        <ele>118.0</ele>
      </trkpt>
      <trkpt lat="45.793999" lon="10.833941">
        <ele>119.0</ele>
      </trkpt>
      <trkpt lat="45.794081" lon="10.834002">
        <ele>120.0</ele>
      </trkpt>
      <trkpt lat="45.794183" lon="10.834002">
        <ele>120.0</ele>
      </trkpt>
      <trkpt lat="45.794248" lon="10.834107">
        <ele>121.0</ele>
      </trkpt>
      <trkpt lat="45.794301" lon="10.834234">
        <ele>122.0</ele>
      </trkpt>
      <trkpt lat="45.794365" lon="10.834326">
        <ele>123.0</ele>
      </trkpt>
      <trkpt lat="45.794454" lon="10.83436">
        <ele>123.0</ele>
      </trkpt>
      <trkpt lat="45.794553" lon="10.834408">
        <ele>123.0</ele>
      </trkpt>
      <trkpt lat="45.794642" lon="10.834475">
        <ele>122.0</ele>
      </trkpt>
      <trkpt lat="45.79471" lon="10.834567">
        <ele>122.0</ele>
      </trkpt>
      <trkpt lat="45.794773" lon="10.834668">
        <ele>122.0</ele>
      </trkpt>
      <trkpt lat="45.794833" lon="10.834765">
        <ele>123.0</ele>
      </trkpt>
      <trkpt lat="45.794894" lon="10.834864">
        <ele>124.0</ele>
      </trkpt>
      <trkpt lat="45.794968" lon="10.834958">
        <ele>125.0</ele>
      </trkpt>
      <trkpt lat="45.795036" lon="10.835047">
        <ele>125.0</ele>
      </trkpt>
      <trkpt lat="45.79511" lon="10.835135">
        <ele>126.0</ele>
      </trkpt>
      <trkpt lat="45.79519" lon="10.835204">
        <ele>126.0</ele>
      </trkpt>
      <trkpt lat="45.795266" lon="10.835278">
        <ele>127.0</ele>
      </trkpt>
      <trkpt lat="45.79536" lon="10.835381">
        <ele>127.0</ele>
      </trkpt>
      <trkpt lat="45.795455" lon="10.83547">
        <ele>126.0</ele>
      </trkpt>
      <trkpt lat="45.79555" lon="10.835529">
        <ele>125.0</ele>
      </trkpt>
      <trkpt lat="45.795633" lon="10.83559">
        <ele>124.0</ele>
      </trkpt>
      <trkpt lat="45.795735" lon="10.835688">
        <ele>124.0</ele>
      </trkpt>
      <trkpt lat="45.795802" lon="10.835794">
        <ele>125.0</ele>
      </trkpt>
      <trkpt lat="45.795876" lon="10.835877">
        <ele>126.0</ele>
      </trkpt>
      <trkpt lat="45.795962" lon="10.835926">
        <ele>126.0</ele>
      </trkpt>
      <trkpt lat="45.796045" lon="10.836">
        <ele>126.0</ele>
      </trkpt>
      <trkpt lat="45.796127" lon="10.836068">
        <ele>126.0</ele>
      </trkpt>
      <trkpt lat="45.796213" lon="10.836117">
        <ele>124.0</ele>
      </trkpt>
      <trkpt lat="45.796288" lon="10.836226">
        <ele>124.0</ele>
      </trkpt>
      <trkpt lat="45.796344" lon="10.836334">
        <ele>124.0</ele>
      </trkpt>
      <trkpt lat="45.796422" lon="10.836436">
        <ele>124.0</ele>
      </trkpt>
      <trkpt lat="45.796502" lon="10.836525">
        <ele>123.0</ele>
      </trkpt>
      <trkpt lat="45.796584" lon="10.836637">
        <ele>123.0</ele>
      </trkpt>
      <trkpt lat="45.796675" lon="10.836723">
        <ele>124.0</ele>
      </trkpt>
      <trkpt lat="45.796746" lon="10.836812">
        <ele>124.0</ele>
      </trkpt>
      <trkpt lat="45.796817" lon="10.836898">
        <ele>125.0</ele>
      </trkpt>
      <trkpt lat="45.796896" lon="10.836992">
        <ele>125.0</ele>
      </trkpt>
      <trkpt lat="45.796977" lon="10.837082">
        <ele>125.0</ele>
      </trkpt>
      <trkpt lat="45.797065" lon="10.837156">
        <ele>125.0</ele>
      </trkpt>
      <trkpt lat="45.79714" lon="10.837235">
        <ele>125.0</ele>
      </trkpt>
      <trkpt lat="45.797209" lon="10.837341">
        <ele>126.0</ele>
      </trkpt>
      <trkpt lat="45.797309" lon="10.837405">
        <ele>125.0</ele>
      </trkpt>
      <trkpt lat="45.797396" lon="10.837454">
        <ele>123.0</ele>
      </trkpt>
      <trkpt lat="45.79749" lon="10.83751">
        <ele>121.0</ele>
      </trkpt>
      <trkpt lat="45.797576" lon="10.837567">
        <ele>120.0</ele>
      </trkpt>
      <trkpt lat="45.797686" lon="10.837599">
        <ele>119.0</ele>
      </trkpt>
      <trkpt lat="45.797775" lon="10.837638">
        <ele>118.0</ele>
      </trkpt>
      <trkpt lat="45.79787" lon="10.83766">
        <ele>117.0</ele>
      </trkpt>
      <trkpt lat="45.797966" lon="10.837653">
        <ele>116.0</ele>
      </trkpt>
      <trkpt lat="45.798056" lon="10.837649">
        <ele>116.0</ele>
      </trkpt>
      <trkpt lat="45.798158" lon="10.837648">
        <ele>115.0</ele>
      </trkpt>
      <trkpt lat="45.798247" lon="10.837623">
        <ele>115.0</ele>
      </trkpt>
      <trkpt lat="45.79834" lon="10.837584">
        <ele>115.0</ele>
      </trkpt>
      <trkpt lat="45.798433" lon="10.837567">
        <ele>115.0</ele>
      </trkpt>
      <trkpt lat="45.798527" lon="10.837551">
        <ele>115.0</ele>
      </trkpt>
      <trkpt lat="45.79863" lon="10.837556">
        <ele>116.0</ele>
      </trkpt>
      <trkpt lat="45.798726" lon="10.83753">
        <ele>116.0</ele>
      </trkpt>
      <trkpt lat="45.798817" lon="10.837514">
        <ele>116.0</ele>
      </trkpt>
      <trkpt lat="45.79891" lon="10.837499">
        <ele>117.0</ele>
      </trkpt>
      <trkpt lat="45.799019" lon="10.837459">
        <ele>117.0</ele>
      </trkpt>
      <trkpt lat="45.799107" lon="10.83743">
        <ele>118.0</ele>
      </trkpt>
      <trkpt lat="45.799207" lon="10.837414">
        <ele>119.0</ele>
      </trkpt>
      <trkpt lat="45.799306" lon="10.837386">
        <ele>119.0</ele>
      </trkpt>
      <trkpt lat="45.799407" lon="10.837505">
        <ele>116.0</ele>
      </trkpt>
      <trkpt lat="45.799468" lon="10.837633">
        <ele>116.0</ele>
      </trkpt>
      <trkpt lat="45.799522" lon="10.837768">
        <ele>116.0</ele>
      </trkpt>
      <trkpt lat="45.799573" lon="10.83788">
        <ele>117.0</ele>
      </trkpt>
      <trkpt lat="45.79966" lon="10.837979">
        <ele>118.0</ele>
      </trkpt>
      <trkpt lat="45.799706" lon="10.838092">
        <ele>119.0</ele>
      </trkpt>
      <trkpt lat="45.799767" lon="10.838196">
        <ele>121.0</ele>
      </trkpt>
      <trkpt lat="45.799791" lon="10.838325">
        <ele>122.0</ele>
      </trkpt>
      <trkpt lat="45.799812" lon="10.838468">
        <ele>124.0</ele>
      </trkpt>
      <trkpt lat="45.799813" lon="10.838608">
        <ele>126.0</ele>
      </trkpt>
      <trkpt lat="45.799852" lon="10.838725">
        <ele>130.0</ele>
      </trkpt>
      <trkpt lat="45.799879" lon="10.838861">
        <ele>134.0</ele>
      </trkpt>
      <trkpt lat="45.799946" lon="10.83895">
        <ele>135.0</ele>
      </trkpt>
      <trkpt lat="45.800006" lon="10.839066">
        <ele>136.0</ele>
      </trkpt>
      <trkpt lat="45.799974" lon="10.839194">
        <ele>141.0</ele>
      </trkpt>
      <trkpt lat="45.800021" lon="10.839307">
        <ele>147.0</ele>
      </trkpt>
      <trkpt lat="45.8001" lon="10.839391">
        <ele>148.0</ele>
      </trkpt>
      <trkpt lat="45.800173" lon="10.839493">
        <ele>148.0</ele>
      </trkpt>
      <trkpt lat="45.800225" lon="10.839608">
        <ele>148.0</ele>
      </trkpt>
      <trkpt lat="45.800209" lon="10.839738">
        <ele>149.0</ele>
      </trkpt>
      <trkpt lat="45.80018" lon="10.839864">
        <ele>150.0</ele>
      </trkpt>
      <trkpt lat="45.800172" lon="10.839995">
        <ele>151.0</ele>
      </trkpt>
      <trkpt lat="45.800154" lon="10.840133">
        <ele>152.0</ele>
      </trkpt>
      <trkpt lat="45.800144" lon="10.840265">
        <ele>154.0</ele>
      </trkpt>
      <trkpt lat="45.800146" lon="10.840401">
        <ele>155.0</ele>
      </trkpt>
      <trkpt lat="45.80015" lon="10.840531">
        <ele>156.0</ele>
      </trkpt>
      <trkpt lat="45.800152" lon="10.840663">
        <ele>159.0</ele>
      </trkpt>
      <trkpt lat="45.800181" lon="10.840786">
        <ele>161.0</ele>
      </trkpt>
      <trkpt lat="45.800182" lon="10.840922">
        <ele>163.0</ele>
      </trkpt>
      <trkpt lat="45.800184" lon="10.841063">
        <ele>166.0</ele>
      </trkpt>
      <trkpt lat="45.80018" lon="10.841224">
        <ele>167.0</ele>
      </trkpt>
      <trkpt lat="45.80019" lon="10.841356">
        <ele>172.0</ele>
      </trkpt>
      <trkpt lat="45.800221" lon="10.841489">
        <ele>174.0</ele>
      </trkpt>
      <trkpt lat="45.800253" lon="10.84162">
        <ele>176.0</ele>
      </trkpt>
      <trkpt lat="45.800243" lon="10.841754">
        <ele>177.0</ele>
      </trkpt>
      <trkpt lat="45.800272" lon="10.841877">
        <ele>179.0</ele>
      </trkpt>
      <trkpt lat="45.80027" lon="10.842027">
        <ele>182.0</ele>
      </trkpt>
      <trkpt lat="45.800201" lon="10.842113">
        <ele>182.0</ele>
      </trkpt>
      <trkpt lat="45.800169" lon="10.842234">
        <ele>184.0</ele>
      </trkpt>
      <trkpt lat="45.80022" lon="10.842396">
        <ele>187.0</ele>
      </trkpt>
      <trkpt lat="45.800255" lon="10.842519">
        <ele>191.0</ele>
      </trkpt>
      <trkpt lat="45.800261" lon="10.842655">
        <ele>192.0</ele>
      </trkpt>
      <trkpt lat="45.800236" lon="10.842783">
        <ele>195.0</ele>
      </trkpt>
      <trkpt lat="45.800156" lon="10.843004">
        <ele>200.0</ele>
      </trkpt>
      <trkpt lat="45.800101" lon="10.84311">
        <ele>204.0</ele>
      </trkpt>
      <trkpt lat="45.800054" lon="10.843234">
        <ele>205.0</ele>
      </trkpt>
      <trkpt lat="45.800028" lon="10.843403">
        <ele>208.0</ele>
      </trkpt>
      <trkpt lat="45.800041" lon="10.84354">
        <ele>210.0</ele>
      </trkpt>
      <trkpt lat="45.799986" lon="10.84367">
        <ele>213.0</ele>
      </trkpt>
      <trkpt lat="45.799895" lon="10.843794">
        <ele>214.0</ele>
      </trkpt>
      <trkpt lat="45.799816" lon="10.843906">
        <ele>217.0</ele>
      </trkpt>
      <trkpt lat="45.799759" lon="10.844017">
        <ele>217.0</ele>
      </trkpt>
      <trkpt lat="45.79973" lon="10.844192">
        <ele>220.0</ele>
      </trkpt>
      <trkpt lat="45.799702" lon="10.844319">
        <ele>222.0</ele>
      </trkpt>
      <trkpt lat="45.799751" lon="10.844438">
        <ele>225.0</ele>
      </trkpt>
      <trkpt lat="45.799732" lon="10.844571">
        <ele>227.0</ele>
      </trkpt>
      <trkpt lat="45.79971" lon="10.844733">
        <ele>229.0</ele>
      </trkpt>
      <trkpt lat="45.799624" lon="10.844988">
        <ele>242.0</ele>
      </trkpt>
      <trkpt lat="45.799652" lon="10.845127">
        <ele>244.0</ele>
      </trkpt>
      <trkpt lat="45.799678" lon="10.845272">
        <ele>244.0</ele>
      </trkpt>
      <trkpt lat="45.79966" lon="10.845402">
        <ele>244.0</ele>
      </trkpt>
      <trkpt lat="45.799643" lon="10.845571">
        <ele>246.0</ele>
      </trkpt>
      <trkpt lat="45.799603" lon="10.845731">
        <ele>247.0</ele>
      </trkpt>
      <trkpt lat="45.79955" lon="10.845855">
        <ele>251.0</ele>
      </trkpt>
      <trkpt lat="45.799503" lon="10.845978">
        <ele>253.0</ele>
      </trkpt>
      <trkpt lat="45.799443" lon="10.846091">
        <ele>257.0</ele>
      </trkpt>
      <trkpt lat="45.799383" lon="10.846196">
        <ele>258.0</ele>
      </trkpt>
      <trkpt lat="45.799334" lon="10.846343">
        <ele>263.0</ele>
      </trkpt>
      <trkpt lat="45.799275" lon="10.846446">
        <ele>265.0</ele>
      </trkpt>
      <trkpt lat="45.799243" lon="10.846573">
        <ele>267.0</ele>
      </trkpt>
      <trkpt lat="45.799211" lon="10.846701">
        <ele>270.0</ele>
      </trkpt>
      <trkpt lat="45.799224" lon="10.846892">
        <ele>274.0</ele>
      </trkpt>
      <trkpt lat="45.799217" lon="10.847023">
        <ele>277.0</ele>
      </trkpt>
      <trkpt lat="45.799234" lon="10.847171">
        <ele>278.0</ele>
      </trkpt>
      <trkpt lat="45.799254" lon="10.847312">
        <ele>281.0</ele>
      </trkpt>
      <trkpt lat="45.799272" lon="10.847457">
        <ele>287.0</ele>
      </trkpt>
      <trkpt lat="45.799264" lon="10.847611">
        <ele>290.0</ele>
      </trkpt>
      <trkpt lat="45.799251" lon="10.847791">
        <ele>291.0</ele>
      </trkpt>
      <trkpt lat="45.799215" lon="10.847914">
        <ele>292.0</ele>
      </trkpt>
      <trkpt lat="45.799257" lon="10.84804">
        <ele>292.0</ele>
      </trkpt>
      <trkpt lat="45.799274" lon="10.848167">
        <ele>293.0</ele>
      </trkpt>
      <trkpt lat="45.799304" lon="10.848306">
        <ele>295.0</ele>
      </trkpt>
      <trkpt lat="45.799309" lon="10.848487">
        <ele>298.0</ele>
      </trkpt>
      <trkpt lat="45.799323" lon="10.848621">
        <ele>301.0</ele>
      </trkpt>
      <trkpt lat="45.799314" lon="10.84875">
        <ele>302.0</ele>
      </trkpt>
      <trkpt lat="45.799342" lon="10.848875">
        <ele>311.0</ele>
      </trkpt>
      <trkpt lat="45.799348" lon="10.849009">
        <ele>313.0</ele>
      </trkpt>
      <trkpt lat="45.799363" lon="10.84914">
        <ele>314.0</ele>
      </trkpt>
      <trkpt lat="45.799383" lon="10.849269">
        <ele>315.0</ele>
      </trkpt>
      <trkpt lat="45.799382" lon="10.849414">
        <ele>319.0</ele>
      </trkpt>
      <trkpt lat="45.799439" lon="10.849568">
        <ele>320.0</ele>
      </trkpt>
      <trkpt lat="45.799453" lon="10.849703">
        <ele>320.0</ele>
      </trkpt>
      <trkpt lat="45.799454" lon="10.849835">
        <ele>322.0</ele>
      </trkpt>
      <trkpt lat="45.799412" lon="10.849993">
        <ele>324.0</ele>
      </trkpt>
      <trkpt lat="45.799389" lon="10.850124">
        <ele>325.0</ele>
      </trkpt>
      <trkpt lat="45.799354" lon="10.850284">
        <ele>327.0</ele>
      </trkpt>
      <trkpt lat="45.799316" lon="10.850408">
        <ele>328.0</ele>
      </trkpt>
      <trkpt lat="45.799244" lon="10.850508">
        <ele>329.0</ele>
      </trkpt>
      <trkpt lat="45.799171" lon="10.850602">
        <ele>330.0</ele>
      </trkpt>
      <trkpt lat="45.799122" lon="10.850737">
        <ele>331.0</ele>
      </trkpt>
      <trkpt lat="45.799041" lon="10.850827">
        <ele>333.0</ele>
      </trkpt>
      <trkpt lat="45.799084" lon="10.850944">
        <ele>336.0</ele>
      </trkpt>
      <trkpt lat="45.799096" lon="10.851078">
        <ele>339.0</ele>
      </trkpt>
      <trkpt lat="45.79906" lon="10.851206">
        <ele>340.0</ele>
      </trkpt>
      <trkpt lat="45.799049" lon="10.851347">
        <ele>345.0</ele>
      </trkpt>
      <trkpt lat="45.799086" lon="10.851499">
        <ele>347.0</ele>
      </trkpt>
      <trkpt lat="45.799119" lon="10.851625">
        <ele>348.0</ele>
      </trkpt>
      <trkpt lat="45.799081" lon="10.851765">
        <ele>350.0</ele>
      </trkpt>
      <trkpt lat="45.799072" lon="10.851895">
        <ele>354.0</ele>
      </trkpt>
      <trkpt lat="45.799031" lon="10.852026">
        <ele>359.0</ele>
      </trkpt>
      <trkpt lat="45.798972" lon="10.852128">
        <ele>360.0</ele>
      </trkpt>
      <trkpt lat="45.798964" lon="10.852258">
        <ele>363.0</ele>
      </trkpt>
      <trkpt lat="45.79896" lon="10.852398">
        <ele>366.0</ele>
      </trkpt>
      <trkpt lat="45.798976" lon="10.852541">
        <ele>368.0</ele>
      </trkpt>
      <trkpt lat="45.79907" lon="10.85255">
        <ele>373.0</ele>
      </trkpt>
      <trkpt lat="45.799139" lon="10.852463">
        <ele>376.0</ele>
      </trkpt>
      <trkpt lat="45.799221" lon="10.852387">
        <ele>377.0</ele>
      </trkpt>
      <trkpt lat="45.799306" lon="10.852309">
        <ele>380.0</ele>
      </trkpt>
      <trkpt lat="45.799394" lon="10.852239">
        <ele>383.0</ele>
      </trkpt>
      <trkpt lat="45.799502" lon="10.852172">
        <ele>385.0</ele>
      </trkpt>
      <trkpt lat="45.799593" lon="10.852145">
        <ele>386.0</ele>
      </trkpt>
      <trkpt lat="45.799697" lon="10.852202">
        <ele>387.0</ele>
      </trkpt>
      <trkpt lat="45.799787" lon="10.852254">
        <ele>387.0</ele>
      </trkpt>
      <trkpt lat="45.799861" lon="10.852333">
        <ele>387.0</ele>
      </trkpt>
      <trkpt lat="45.799932" lon="10.852428">
        <ele>388.0</ele>
      </trkpt>
      <trkpt lat="45.799981" lon="10.852547">
        <ele>389.0</ele>
      </trkpt>
      <trkpt lat="45.800041" lon="10.852655">
        <ele>390.0</ele>
      </trkpt>
      <trkpt lat="45.799986" lon="10.852771">
        <ele>393.0</ele>
      </trkpt>
      <trkpt lat="45.799916" lon="10.852867">
        <ele>394.0</ele>
      </trkpt>
      <trkpt lat="45.799851" lon="10.852965">
        <ele>395.0</ele>
      </trkpt>
      <trkpt lat="45.79983" lon="10.853093">
        <ele>398.0</ele>
      </trkpt>
      <trkpt lat="45.799914" lon="10.853143">
        <ele>400.0</ele>
      </trkpt>
      <trkpt lat="45.800004" lon="10.853214">
        <ele>403.0</ele>
      </trkpt>
      <trkpt lat="45.800089" lon="10.853265">
        <ele>405.0</ele>
      </trkpt>
      <trkpt lat="45.800182" lon="10.853277">
        <ele>407.0</ele>
      </trkpt>
      <trkpt lat="45.800292" lon="10.853263">
        <ele>410.0</ele>
      </trkpt>
      <trkpt lat="45.800383" lon="10.853258">
        <ele>411.0</ele>
      </trkpt>
      <trkpt lat="45.80049" lon="10.853271">
        <ele>412.0</ele>
      </trkpt>
      <trkpt lat="45.800604" lon="10.853373">
        <ele>412.0</ele>
      </trkpt>
      <trkpt lat="45.800669" lon="10.853468">
        <ele>411.0</ele>
      </trkpt>
      <trkpt lat="45.800704" lon="10.853602">
        <ele>413.0</ele>
      </trkpt>
      <trkpt lat="45.800762" lon="10.853773">
        <ele>414.0</ele>
      </trkpt>
      <trkpt lat="45.800824" lon="10.853889">
        <ele>416.0</ele>
      </trkpt>
      <trkpt lat="45.800908" lon="10.85401">
        <ele>418.0</ele>
      </trkpt>
      <trkpt lat="45.800984" lon="10.854145">
        <ele>421.0</ele>
      </trkpt>
      <trkpt lat="45.801076" lon="10.854205">
        <ele>423.0</ele>
      </trkpt>
      <trkpt lat="45.801188" lon="10.854245">
        <ele>426.0</ele>
      </trkpt>
      <trkpt lat="45.80128" lon="10.854263">
        <ele>429.0</ele>
      </trkpt>
      <trkpt lat="45.801383" lon="10.854248">
        <ele>430.0</ele>
      </trkpt>
      <trkpt lat="45.801482" lon="10.854254">
        <ele>432.0</ele>
      </trkpt>
      <trkpt lat="45.801571" lon="10.854274">
        <ele>433.0</ele>
      </trkpt>
      <trkpt lat="45.801649" lon="10.854414">
        <ele>433.0</ele>
      </trkpt>
      <trkpt lat="45.80173" lon="10.854472">
        <ele>434.0</ele>
      </trkpt>
      <trkpt lat="45.801788" lon="10.854576">
        <ele>434.0</ele>
      </trkpt>
      <trkpt lat="45.801845" lon="10.854693">
        <ele>436.0</ele>
      </trkpt>
      <trkpt lat="45.801876" lon="10.854846">
        <ele>438.0</ele>
      </trkpt>
      <trkpt lat="45.801883" lon="10.854989">
        <ele>439.0</ele>
      </trkpt>
      <trkpt lat="45.80188" lon="10.855129">
        <ele>441.0</ele>
      </trkpt>
      <trkpt lat="45.801935" lon="10.855247">
        <ele>444.0</ele>
      </trkpt>
      <trkpt lat="45.80198" lon="10.855363">
        <ele>445.0</ele>
      </trkpt>
      <trkpt lat="45.802025" lon="10.855482">
        <ele>447.0</ele>
      </trkpt>
      <trkpt lat="45.802075" lon="10.8556">
        <ele>451.0</ele>
      </trkpt>
      <trkpt lat="45.8021" lon="10.85575">
        <ele>455.0</ele>
      </trkpt>
      <trkpt lat="45.802141" lon="10.855882">
        <ele>457.0</ele>
      </trkpt>
      <trkpt lat="45.802212" lon="10.855983">
        <ele>460.0</ele>
      </trkpt>
      <trkpt lat="45.802236" lon="10.856127">
        <ele>460.0</ele>
      </trkpt>
      <trkpt lat="45.802244" lon="10.856257">
        <ele>461.0</ele>
      </trkpt>
      <trkpt lat="45.802221" lon="10.856389">
        <ele>464.0</ele>
      </trkpt>
      <trkpt lat="45.802234" lon="10.856549">
        <ele>467.0</ele>
      </trkpt>
      <trkpt lat="45.802287" lon="10.856655">
        <ele>470.0</ele>
      </trkpt>
      <trkpt lat="45.802298" lon="10.856784">
        <ele>471.0</ele>
      </trkpt>
      <trkpt lat="45.802227" lon="10.856938">
        <ele>472.0</ele>
      </trkpt>
      <trkpt lat="45.802232" lon="10.857076">
        <ele>473.0</ele>
      </trkpt>
      <trkpt lat="45.802189" lon="10.857193">
        <ele>475.0</ele>
      </trkpt>
      <trkpt lat="45.802224" lon="10.857325">
        <ele>479.0</ele>
      </trkpt>
      <trkpt lat="45.802179" lon="10.857443">
        <ele>481.0</ele>
      </trkpt>
      <trkpt lat="45.802231" lon="10.857557">
        <ele>481.0</ele>
      </trkpt>
      <trkpt lat="45.802241" lon="10.857686">
        <ele>483.0</ele>
      </trkpt>
      <trkpt lat="45.802191" lon="10.857801">
        <ele>487.0</ele>
      </trkpt>
      <trkpt lat="45.80211" lon="10.857917">
        <ele>491.0</ele>
      </trkpt>
      <trkpt lat="45.802034" lon="10.857992">
        <ele>494.0</ele>
      </trkpt>
      <trkpt lat="45.802074" lon="10.858157">
        <ele>497.0</ele>
      </trkpt>
      <trkpt lat="45.802049" lon="10.858288">
        <ele>503.0</ele>
      </trkpt>
      <trkpt lat="45.80201" lon="10.858415">
        <ele>508.0</ele>
      </trkpt>
      <trkpt lat="45.802003" lon="10.858561">
        <ele>513.0</ele>
      </trkpt>
      <trkpt lat="45.801983" lon="10.858688">
        <ele>517.0</ele>
      </trkpt>
      <trkpt lat="45.801972" lon="10.858824">
        <ele>520.0</ele>
      </trkpt>
      <trkpt lat="45.802054" lon="10.858762">
        <ele>523.0</ele>
      </trkpt>
      <trkpt lat="45.802101" lon="10.858646">
        <ele>523.0</ele>
      </trkpt>
      <trkpt lat="45.802179" lon="10.858565">
        <ele>522.0</ele>
      </trkpt>
      <trkpt lat="45.802289" lon="10.858548">
        <ele>521.0</ele>
      </trkpt>
      <trkpt lat="45.802378" lon="10.858497">
        <ele>522.0</ele>
      </trkpt>
      <trkpt lat="45.802472" lon="10.858455">
        <ele>521.0</ele>
      </trkpt>
      <trkpt lat="45.802557" lon="10.858499">
        <ele>527.0</ele>
      </trkpt>
      <trkpt lat="45.802703" lon="10.858524">
        <ele>526.0</ele>
      </trkpt>
      <trkpt lat="45.802778" lon="10.858619">
        <ele>526.0</ele>
      </trkpt>
      <trkpt lat="45.802865" lon="10.858666">
        <ele>526.0</ele>
      </trkpt>
      <trkpt lat="45.802949" lon="10.858603">
        <ele>527.0</ele>
      </trkpt>
      <trkpt lat="45.80307" lon="10.858548">
        <ele>527.0</ele>
      </trkpt>
      <trkpt lat="45.803179" lon="10.858492">
        <ele>527.0</ele>
      </trkpt>
      <trkpt lat="45.803228" lon="10.858383">
        <ele>528.0</ele>
      </trkpt>
      <trkpt lat="45.803226" lon="10.858252">
        <ele>528.0</ele>
      </trkpt>
      <trkpt lat="45.803276" lon="10.858141">
        <ele>527.0</ele>
      </trkpt>
      <trkpt lat="45.803293" lon="10.858278">
        <ele>527.0</ele>
      </trkpt>
      <trkpt lat="45.803386" lon="10.858288">
        <ele>532.0</ele>
      </trkpt>
      <trkpt lat="45.80342" lon="10.858117">
        <ele>534.0</ele>
      </trkpt>
      <trkpt lat="45.803482" lon="10.858011">
        <ele>536.0</ele>
      </trkpt>
      <trkpt lat="45.803547" lon="10.857919">
        <ele>537.0</ele>
      </trkpt>
      <trkpt lat="45.803601" lon="10.857813">
        <ele>539.0</ele>
      </trkpt>
      <trkpt lat="45.803653" lon="10.85769">
        <ele>540.0</ele>
      </trkpt>
      <trkpt lat="45.803666" lon="10.857847">
        <ele>544.0</ele>
      </trkpt>
      <trkpt lat="45.803621" lon="10.857983">
        <ele>546.0</ele>
      </trkpt>
      <trkpt lat="45.803683" lon="10.858077">
        <ele>554.0</ele>
      </trkpt>
      <trkpt lat="45.803711" lon="10.857948">
        <ele>553.0</ele>
      </trkpt>
      <trkpt lat="45.803789" lon="10.857881">
        <ele>557.0</ele>
      </trkpt>
      <trkpt lat="45.803839" lon="10.857762">
        <ele>559.0</ele>
      </trkpt>
      <trkpt lat="45.803926" lon="10.857725">
        <ele>560.0</ele>
      </trkpt>
      <trkpt lat="45.804017" lon="10.857761">
        <ele>563.0</ele>
      </trkpt>
      <trkpt lat="45.80421" lon="10.857817">
        <ele>564.0</ele>
      </trkpt>
      <trkpt lat="45.804308" lon="10.857838">
        <ele>564.0</ele>
      </trkpt>
      <trkpt lat="45.804385" lon="10.857916">
        <ele>565.0</ele>
      </trkpt>
      <trkpt lat="45.804475" lon="10.857927">
        <ele>565.0</ele>
      </trkpt>
      <trkpt lat="45.804582" lon="10.857941">
        <ele>566.0</ele>
      </trkpt>
      <trkpt lat="45.804691" lon="10.857981">
        <ele>566.0</ele>
      </trkpt>
      <trkpt lat="45.804775" lon="10.858031">
        <ele>568.0</ele>
      </trkpt>
      <trkpt lat="45.804888" lon="10.858112">
        <ele>570.0</ele>
      </trkpt>
      <trkpt lat="45.804975" lon="10.858183">
        <ele>571.0</ele>
      </trkpt>
      <trkpt lat="45.805054" lon="10.858256">
        <ele>571.0</ele>
      </trkpt>
      <trkpt lat="45.80497" lon="10.858313">
        <ele>580.0</ele>
      </trkpt>
      <trkpt lat="45.804872" lon="10.858261">
        <ele>585.0</ele>
      </trkpt>
      <trkpt lat="45.804765" lon="10.858309">
        <ele>589.0</ele>
      </trkpt>
      <trkpt lat="45.804745" lon="10.85844">
        <ele>597.0</ele>
      </trkpt>
      <trkpt lat="45.804795" lon="10.858553">
        <ele>597.0</ele>
      </trkpt>
      <trkpt lat="45.80486" lon="10.858669">
        <ele>597.0</ele>
      </trkpt>
      <trkpt lat="45.804974" lon="10.858717">
        <ele>598.0</ele>
      </trkpt>
      <trkpt lat="45.805081" lon="10.858769">
        <ele>599.0</ele>
      </trkpt>
      <trkpt lat="45.805168" lon="10.858817">
        <ele>600.0</ele>
      </trkpt>
      <trkpt lat="45.805268" lon="10.85889">
        <ele>600.0</ele>
      </trkpt>
      <trkpt lat="45.805365" lon="10.858929">
        <ele>601.0</ele>
      </trkpt>
      <trkpt lat="45.805264" lon="10.858982">
        <ele>610.0</ele>
      </trkpt>
      <trkpt lat="45.80517" lon="10.85897">
        <ele>611.0</ele>
      </trkpt>
      <trkpt lat="45.805072" lon="10.858951">
        <ele>615.0</ele>
      </trkpt>
      <trkpt lat="45.80495" lon="10.85887">
        <ele>617.0</ele>
      </trkpt>
      <trkpt lat="45.804856" lon="10.858903">
        <ele>618.0</ele>
      </trkpt>
      <trkpt lat="45.804759" lon="10.858893">
        <ele>620.0</ele>
      </trkpt>
      <trkpt lat="45.804662" lon="10.858905">
        <ele>621.0</ele>
      </trkpt>
      <trkpt lat="45.804574" lon="10.858968">
        <ele>624.0</ele>
      </trkpt>
      <trkpt lat="45.804483" lon="10.858888">
        <ele>626.0</ele>
      </trkpt>
      <trkpt lat="45.804392" lon="10.858846">
        <ele>626.0</ele>
      </trkpt>
      <trkpt lat="45.80442" lon="10.858984">
        <ele>627.0</ele>
      </trkpt>
      <trkpt lat="45.804505" lon="10.859037">
        <ele>626.0</ele>
      </trkpt>
      <trkpt lat="45.804599" lon="10.85903">
        <ele>625.0</ele>
      </trkpt>
      <trkpt lat="45.804633" lon="10.859151">
        <ele>626.0</ele>
      </trkpt>
      <trkpt lat="45.804515" lon="10.859191">
        <ele>630.0</ele>
      </trkpt>
      <trkpt lat="45.804425" lon="10.859222">
        <ele>634.0</ele>
      </trkpt>
      <trkpt lat="45.804357" lon="10.859319">
        <ele>637.0</ele>
      </trkpt>
      <trkpt lat="45.80442" lon="10.859436">
        <ele>640.0</ele>
      </trkpt>
      <trkpt lat="45.804517" lon="10.859449">
        <ele>638.0</ele>
      </trkpt>
      <trkpt lat="45.804622" lon="10.859453">
        <ele>638.0</ele>
      </trkpt>
      <trkpt lat="45.804699" lon="10.859383">
        <ele>639.0</ele>
      </trkpt>
      <trkpt lat="45.80481" lon="10.859372">
        <ele>639.0</ele>
      </trkpt>
      <trkpt lat="45.804758" lon="10.85949">
        <ele>647.0</ele>
      </trkpt>
      <trkpt lat="45.804665" lon="10.859597">
        <ele>653.0</ele>
      </trkpt>
      <trkpt lat="45.804568" lon="10.859644">
        <ele>655.0</ele>
      </trkpt>
      <trkpt lat="45.804475" lon="10.859684">
        <ele>657.0</ele>
      </trkpt>
      <trkpt lat="45.804441" lon="10.85984">
        <ele>662.0</ele>
      </trkpt>
      <trkpt lat="45.804497" lon="10.859963">
        <ele>666.0</ele>
      </trkpt>
      <trkpt lat="45.804503" lon="10.860105">
        <ele>666.0</ele>
      </trkpt>
      <trkpt lat="45.804505" lon="10.860243">
        <ele>667.0</ele>
      </trkpt>
      <trkpt lat="45.804428" lon="10.860358">
        <ele>669.0</ele>
      </trkpt>
      <trkpt lat="45.804344" lon="10.860479">
        <ele>670.0</ele>
      </trkpt>
      <trkpt lat="45.804249" lon="10.860549">
        <ele>671.0</ele>
      </trkpt>
      <trkpt lat="45.804151" lon="10.860534">
        <ele>675.0</ele>
      </trkpt>
      <trkpt lat="45.804059" lon="10.86052">
        <ele>676.0</ele>
      </trkpt>
      <trkpt lat="45.803963" lon="10.860547">
        <ele>679.0</ele>
      </trkpt>
      <trkpt lat="45.80388" lon="10.860608">
        <ele>680.0</ele>
      </trkpt>
      <trkpt lat="45.803796" lon="10.860491">
        <ele>682.0</ele>
      </trkpt>
      <trkpt lat="45.803709" lon="10.86042">
        <ele>683.0</ele>
      </trkpt>
      <trkpt lat="45.803752" lon="10.860567">
        <ele>681.0</ele>
      </trkpt>
      <trkpt lat="45.803822" lon="10.860651">
        <ele>683.0</ele>
      </trkpt>
      <trkpt lat="45.803885" lon="10.860749">
        <ele>683.0</ele>
      </trkpt>
      <trkpt lat="45.803971" lon="10.860793">
        <ele>684.0</ele>
      </trkpt>
      <trkpt lat="45.804064" lon="10.860804">
        <ele>684.0</ele>
      </trkpt>
      <trkpt lat="45.804154" lon="10.860825">
        <ele>686.0</ele>
      </trkpt>
      <trkpt lat="45.80426" lon="10.860918">
        <ele>686.0</ele>
      </trkpt>
      <trkpt lat="45.804352" lon="10.860973">
        <ele>693.0</ele>
      </trkpt>
      <trkpt lat="45.804448" lon="10.860973">
        <ele>695.0</ele>
      </trkpt>
      <trkpt lat="45.80454" lon="10.860934">
        <ele>697.0</ele>
      </trkpt>
      <trkpt lat="45.80458" lon="10.860815">
        <ele>698.0</ele>
      </trkpt>
      <trkpt lat="45.804627" lon="10.860689">
        <ele>700.0</ele>
      </trkpt>
      <trkpt lat="45.804714" lon="10.860579">
        <ele>702.0</ele>
      </trkpt>
      <trkpt lat="45.804759" lon="10.860438">
        <ele>702.0</ele>
      </trkpt>
      <trkpt lat="45.804782" lon="10.860306">
        <ele>703.0</ele>
      </trkpt>
      <trkpt lat="45.8049" lon="10.860312">
        <ele>705.0</ele>
      </trkpt>
      <trkpt lat="45.805015" lon="10.860293">
        <ele>707.0</ele>
      </trkpt>
      <trkpt lat="45.805102" lon="10.860356">
        <ele>708.0</ele>
      </trkpt>
      <trkpt lat="45.805207" lon="10.860391">
        <ele>710.0</ele>
      </trkpt>
      <trkpt lat="45.805299" lon="10.860424">
        <ele>713.0</ele>
      </trkpt>
      <trkpt lat="45.805337" lon="10.860566">
        <ele>719.0</ele>
      </trkpt>
      <trkpt lat="45.805382" lon="10.860712">
        <ele>723.0</ele>
      </trkpt>
      <trkpt lat="45.805496" lon="10.860808">
        <ele>726.0</ele>
      </trkpt>
      <trkpt lat="45.805577" lon="10.860943">
        <ele>730.0</ele>
      </trkpt>
      <trkpt lat="45.805636" lon="10.861093">
        <ele>734.0</ele>
      </trkpt>
      <trkpt lat="45.805664" lon="10.861241">
        <ele>736.0</ele>
      </trkpt>
      <trkpt lat="45.805701" lon="10.861362">
        <ele>741.0</ele>
      </trkpt>
      <trkpt lat="45.805748" lon="10.861495">
        <ele>745.0</ele>
      </trkpt>
      <trkpt lat="45.805828" lon="10.861587">
        <ele>747.0</ele>
      </trkpt>
      <trkpt lat="45.805915" lon="10.861679">
        <ele>750.0</ele>
      </trkpt>
      <trkpt lat="45.805832" lon="10.861741">
        <ele>766.0</ele>
      </trkpt>
      <trkpt lat="45.805882" lon="10.861859">
        <ele>772.0</ele>
      </trkpt>
      <trkpt lat="45.805886" lon="10.861992">
        <ele>774.0</ele>
      </trkpt>
      <trkpt lat="45.805976" lon="10.862071">
        <ele>774.0</ele>
      </trkpt>
      <trkpt lat="45.805983" lon="10.862205">
        <ele>776.0</ele>
      </trkpt>
      <trkpt lat="45.805835" lon="10.862236">
        <ele>782.0</ele>
      </trkpt>
      <trkpt lat="45.805901" lon="10.862342">
        <ele>791.0</ele>
      </trkpt>
      <trkpt lat="45.805971" lon="10.862439">
        <ele>797.0</ele>
      </trkpt>
      <trkpt lat="45.80606" lon="10.862521">
        <ele>798.0</ele>
      </trkpt>
      <trkpt lat="45.806148" lon="10.862574">
        <ele>800.0</ele>
      </trkpt>
      <trkpt lat="45.80614" lon="10.862717">
        <ele>803.0</ele>
      </trkpt>
      <trkpt lat="45.806063" lon="10.862791">
        <ele>806.0</ele>
      </trkpt>
      <trkpt lat="45.805966" lon="10.862796">
        <ele>810.0</ele>
      </trkpt>
      <trkpt lat="45.805876" lon="10.862793">
        <ele>815.0</ele>
      </trkpt>
      <trkpt lat="45.805788" lon="10.862731">
        <ele>816.0</ele>
      </trkpt>
      <trkpt lat="45.805686" lon="10.862673">
        <ele>818.0</ele>
      </trkpt>
      <trkpt lat="45.805606" lon="10.862594">
        <ele>821.0</ele>
      </trkpt>
      <trkpt lat="45.805562" lon="10.862463">
        <ele>821.0</ele>
      </trkpt>
      <trkpt lat="45.805592" lon="10.862738">
        <ele>824.0</ele>
      </trkpt>
      <trkpt lat="45.805643" lon="10.862861">
        <ele>825.0</ele>
      </trkpt>
      <trkpt lat="45.805718" lon="10.862944">
        <ele>825.0</ele>
      </trkpt>
      <trkpt lat="45.805817" lon="10.863027">
        <ele>826.0</ele>
      </trkpt>
      <trkpt lat="45.805907" lon="10.863073">
        <ele>828.0</ele>
      </trkpt>
      <trkpt lat="45.805989" lon="10.863148">
        <ele>830.0</ele>
      </trkpt>
      <trkpt lat="45.806098" lon="10.863147">
        <ele>831.0</ele>
      </trkpt>
      <trkpt lat="45.806204" lon="10.863197">
        <ele>832.0</ele>
      </trkpt>
      <trkpt lat="45.806298" lon="10.863218">
        <ele>834.0</ele>
      </trkpt>
      <trkpt lat="45.806343" lon="10.863346">
        <ele>835.0</ele>
      </trkpt>
      <trkpt lat="45.806414" lon="10.863457">
        <ele>836.0</ele>
      </trkpt>
      <trkpt lat="45.806481" lon="10.863596">
        <ele>838.0</ele>
      </trkpt>
      <trkpt lat="45.806578" lon="10.863713">
        <ele>841.0</ele>
      </trkpt>
      <trkpt lat="45.806659" lon="10.863816">
        <ele>842.0</ele>
      </trkpt>
      <trkpt lat="45.806748" lon="10.863943">
        <ele>851.0</ele>
      </trkpt>
      <trkpt lat="45.806815" lon="10.86405">
        <ele>853.0</ele>
      </trkpt>
      <trkpt lat="45.806875" lon="10.864154">
        <ele>855.0</ele>
      </trkpt>
      <trkpt lat="45.806971" lon="10.864215">
        <ele>857.0</ele>
      </trkpt>
      <trkpt lat="45.807062" lon="10.864166">
        <ele>860.0</ele>
      </trkpt>
      <trkpt lat="45.807236" lon="10.864192">
        <ele>864.0</ele>
      </trkpt>
      <trkpt lat="45.807265" lon="10.864323">
        <ele>867.0</ele>
      </trkpt>
      <trkpt lat="45.807307" lon="10.864448">
        <ele>873.0</ele>
      </trkpt>
      <trkpt lat="45.807311" lon="10.864634">
        <ele>878.0</ele>
      </trkpt>
      <trkpt lat="45.807341" lon="10.864763">
        <ele>881.0</ele>
      </trkpt>
      <trkpt lat="45.807299" lon="10.864886">
        <ele>883.0</ele>
      </trkpt>
      <trkpt lat="45.807308" lon="10.865022">
        <ele>885.0</ele>
      </trkpt>
      <trkpt lat="45.807411" lon="10.865234">
        <ele>887.0</ele>
      </trkpt>
      <trkpt lat="45.807496" lon="10.865366">
        <ele>887.0</ele>
      </trkpt>
      <trkpt lat="45.80755" lon="10.865521">
        <ele>891.0</ele>
      </trkpt>
      <trkpt lat="45.80761" lon="10.865637">
        <ele>893.0</ele>
      </trkpt>
      <trkpt lat="45.807723" lon="10.865841">
        <ele>901.0</ele>
      </trkpt>
      <trkpt lat="45.807767" lon="10.865984">
        <ele>902.0</ele>
      </trkpt>
      <trkpt lat="45.807827" lon="10.866118">
        <ele>903.0</ele>
      </trkpt>
      <trkpt lat="45.807885" lon="10.866272">
        <ele>906.0</ele>
      </trkpt>
      <trkpt lat="45.808029" lon="10.866271">
        <ele>908.0</ele>
      </trkpt>
      <trkpt lat="45.808125" lon="10.866171">
        <ele>908.0</ele>
      </trkpt>
      <trkpt lat="45.808211" lon="10.866127">
        <ele>908.0</ele>
      </trkpt>
      <trkpt lat="45.808297" lon="10.866077">
        <ele>908.0</ele>
      </trkpt>
      <trkpt lat="45.808469" lon="10.865907">
        <ele>908.0</ele>
      </trkpt>
      <trkpt lat="45.808539" lon="10.865766">
        <ele>909.0</ele>
      </trkpt>
      <trkpt lat="45.808586" lon="10.86563">
        <ele>911.0</ele>
      </trkpt>
      <trkpt lat="45.808679" lon="10.865571">
        <ele>911.0</ele>
      </trkpt>
      <trkpt lat="45.808763" lon="10.865481">
        <ele>911.0</ele>
      </trkpt>
      <trkpt lat="45.808858" lon="10.865403">
        <ele>912.0</ele>
      </trkpt>
      <trkpt lat="45.808908" lon="10.865276">
        <ele>914.0</ele>
      </trkpt>
      <trkpt lat="45.809007" lon="10.865253">
        <ele>915.0</ele>
      </trkpt>
      <trkpt lat="45.809068" lon="10.865408">
        <ele>916.0</ele>
      </trkpt>
      <trkpt lat="45.80911" lon="10.86556">
        <ele>917.0</ele>
      </trkpt>
      <trkpt lat="45.809206" lon="10.86565">
        <ele>917.0</ele>
      </trkpt>
      <trkpt lat="45.809274" lon="10.865737">
        <ele>917.0</ele>
      </trkpt>
      <trkpt lat="45.809346" lon="10.865828">
        <ele>917.0</ele>
      </trkpt>
      <trkpt lat="45.809435" lon="10.865925">
        <ele>917.0</ele>
      </trkpt>
      <trkpt lat="45.809545" lon="10.866009">
        <ele>917.0</ele>
      </trkpt>
      <trkpt lat="45.809625" lon="10.866074">
        <ele>915.0</ele>
      </trkpt>
      <trkpt lat="45.809715" lon="10.866103">
        <ele>911.0</ele>
      </trkpt>
      <trkpt lat="45.809842" lon="10.866116">
        <ele>910.0</ele>
      </trkpt>
      <trkpt lat="45.809935" lon="10.866138">
        <ele>907.0</ele>
      </trkpt>
      <trkpt lat="45.810031" lon="10.86616">
        <ele>904.0</ele>
      </trkpt>
      <trkpt lat="45.810131" lon="10.866256">
        <ele>903.0</ele>
      </trkpt>
      <trkpt lat="45.810208" lon="10.866402">
        <ele>903.0</ele>
      </trkpt>
      <trkpt lat="45.810254" lon="10.866524">
        <ele>904.0</ele>
      </trkpt>
      <trkpt lat="45.81034" lon="10.866569">
        <ele>905.0</ele>
      </trkpt>
      <trkpt lat="45.810448" lon="10.866516">
        <ele>905.0</ele>
      </trkpt>
      <trkpt lat="45.810544" lon="10.866461">
        <ele>905.0</ele>
      </trkpt>
      <trkpt lat="45.810646" lon="10.866445">
        <ele>906.0</ele>
      </trkpt>
      <trkpt lat="45.810738" lon="10.866529">
        <ele>906.0</ele>
      </trkpt>
      <trkpt lat="45.81083" lon="10.866583">
        <ele>906.0</ele>
      </trkpt>
      <trkpt lat="45.810912" lon="10.866641">
        <ele>907.0</ele>
      </trkpt>
      <trkpt lat="45.811" lon="10.866773">
        <ele>906.0</ele>
      </trkpt>
      <trkpt lat="45.81108" lon="10.866916">
        <ele>907.0</ele>
      </trkpt>
      <trkpt lat="45.811149" lon="10.867018">
        <ele>907.0</ele>
      </trkpt>
      <trkpt lat="45.811169" lon="10.86716">
        <ele>907.0</ele>
      </trkpt>
      <trkpt lat="45.811244" lon="10.86726">
        <ele>907.0</ele>
      </trkpt>
      <trkpt lat="45.811287" lon="10.867386">
        <ele>907.0</ele>
      </trkpt>
      <trkpt lat="45.811368" lon="10.867491">
        <ele>908.0</ele>
      </trkpt>
      <trkpt lat="45.811468" lon="10.867592">
        <ele>908.0</ele>
      </trkpt>
      <trkpt lat="45.811553" lon="10.867668">
        <ele>907.0</ele>
      </trkpt>
      <trkpt lat="45.811604" lon="10.867807">
        <ele>907.0</ele>
      </trkpt>
      <trkpt lat="45.811632" lon="10.867938">
        <ele>906.0</ele>
      </trkpt>
      <trkpt lat="45.81171" lon="10.868013">
        <ele>909.0</ele>
      </trkpt>
      <trkpt lat="45.811799" lon="10.868057">
        <ele>913.0</ele>
      </trkpt>
      <trkpt lat="45.811885" lon="10.868125">
        <ele>913.0</ele>
      </trkpt>
      <trkpt lat="45.811998" lon="10.868167">
        <ele>916.0</ele>
      </trkpt>
      <trkpt lat="45.812099" lon="10.868166">
        <ele>921.0</ele>
      </trkpt>
      <trkpt lat="45.812191" lon="10.86815">
        <ele>922.0</ele>
      </trkpt>
      <trkpt lat="45.812283" lon="10.868094">
        <ele>925.0</ele>
      </trkpt>
      <trkpt lat="45.81236" lon="10.868016">
        <ele>927.0</ele>
      </trkpt>
      <trkpt lat="45.812439" lon="10.867944">
        <ele>928.0</ele>
      </trkpt>
      <trkpt lat="45.812529" lon="10.867911">
        <ele>928.0</ele>
      </trkpt>
      <trkpt lat="45.812619" lon="10.867857">
        <ele>929.0</ele>
      </trkpt>
      <trkpt lat="45.812704" lon="10.867788">
        <ele>930.0</ele>
      </trkpt>
      <trkpt lat="45.812811" lon="10.867703">
        <ele>930.0</ele>
      </trkpt>
      <trkpt lat="45.812896" lon="10.867644">
        <ele>931.0</ele>
      </trkpt>
      <trkpt lat="45.812984" lon="10.867592">
        <ele>933.0</ele>
      </trkpt>
      <trkpt lat="45.813073" lon="10.867571">
        <ele>935.0</ele>
      </trkpt>
      <trkpt lat="45.813157" lon="10.867625">
        <ele>940.0</ele>
      </trkpt>
      <trkpt lat="45.813227" lon="10.867535">
        <ele>943.0</ele>
      </trkpt>
      <trkpt lat="45.81327" lon="10.867398">
        <ele>945.0</ele>
      </trkpt>
      <trkpt lat="45.813326" lon="10.867295">
        <ele>946.0</ele>
      </trkpt>
      <trkpt lat="45.813402" lon="10.867205">
        <ele>947.0</ele>
      </trkpt>
      <trkpt lat="45.813452" lon="10.867031">
        <ele>950.0</ele>
      </trkpt>
      <trkpt lat="45.813508" lon="10.866896">
        <ele>953.0</ele>
      </trkpt>
      <trkpt lat="45.813556" lon="10.866764">
        <ele>955.0</ele>
      </trkpt>
      <trkpt lat="45.813622" lon="10.866671">
        <ele>955.0</ele>
      </trkpt>
      <trkpt lat="45.813707" lon="10.866599">
        <ele>958.0</ele>
      </trkpt>
      <trkpt lat="45.813709" lon="10.866756">
        <ele>962.0</ele>
      </trkpt>
      <trkpt lat="45.813718" lon="10.866897">
        <ele>965.0</ele>
      </trkpt>
      <trkpt lat="45.813733" lon="10.867025">
        <ele>967.0</ele>
      </trkpt>
      <trkpt lat="45.813697" lon="10.867177">
        <ele>970.0</ele>
      </trkpt>
      <trkpt lat="45.813678" lon="10.867308">
        <ele>974.0</ele>
      </trkpt>
      <trkpt lat="45.813681" lon="10.867444">
        <ele>980.0</ele>
      </trkpt>
      <trkpt lat="45.813711" lon="10.867572">
        <ele>981.0</ele>
      </trkpt>
      <trkpt lat="45.813714" lon="10.86772">
        <ele>984.0</ele>
      </trkpt>
      <trkpt lat="45.813647" lon="10.86784">
        <ele>986.0</ele>
      </trkpt>
      <trkpt lat="45.813661" lon="10.867979">
        <ele>988.0</ele>
      </trkpt>
      <trkpt lat="45.813589" lon="10.868094">
        <ele>988.0</ele>
      </trkpt>
      <trkpt lat="45.813509" lon="10.868164">
        <ele>988.0</ele>
      </trkpt>
      <trkpt lat="45.813465" lon="10.868312">
        <ele>989.0</ele>
      </trkpt>
      <trkpt lat="45.813446" lon="10.868448">
        <ele>990.0</ele>
      </trkpt>
      <trkpt lat="45.813403" lon="10.868569">
        <ele>992.0</ele>
      </trkpt>
      <trkpt lat="45.813302" lon="10.868681">
        <ele>995.0</ele>
      </trkpt>
      <trkpt lat="45.813425" lon="10.868712">
        <ele>1008.0</ele>
      </trkpt>
      <trkpt lat="45.813522" lon="10.868567">
        <ele>1010.0</ele>
      </trkpt>
      <trkpt lat="45.813586" lon="10.868447">
        <ele>1012.0</ele>
      </trkpt>
      <trkpt lat="45.813611" lon="10.868625">
        <ele>1019.0</ele>
      </trkpt>
      <trkpt lat="45.813598" lon="10.868769">
        <ele>1025.0</ele>
      </trkpt>
      <trkpt lat="45.813554" lon="10.868947">
        <ele>1027.0</ele>
      </trkpt>
      <trkpt lat="45.813524" lon="10.86907">
        <ele>1029.0</ele>
      </trkpt>
      <trkpt lat="45.813492" lon="10.869198">
        <ele>1032.0</ele>
      </trkpt>
      <trkpt lat="45.813455" lon="10.869325">
        <ele>1034.0</ele>
      </trkpt>
      <trkpt lat="45.813547" lon="10.869276">
        <ele>1042.0</ele>
      </trkpt>
      <trkpt lat="45.813544" lon="10.869432">
        <ele>1050.0</ele>
      </trkpt>
      <trkpt lat="45.813537" lon="10.869708">
        <ele>1055.0</ele>
      </trkpt>
      <trkpt lat="45.813651" lon="10.869638">
        <ele>1062.0</ele>
      </trkpt>
      <trkpt lat="45.813694" lon="10.869757">
        <ele>1067.0</ele>
      </trkpt>
      <trkpt lat="45.813775" lon="10.869697">
        <ele>1080.0</ele>
      </trkpt>
      <trkpt lat="45.813877" lon="10.869589">
        <ele>1081.0</ele>
      </trkpt>
      <trkpt lat="45.813945" lon="10.869495">
        <ele>1084.0</ele>
      </trkpt>
      <trkpt lat="45.814025" lon="10.869432">
        <ele>1084.0</ele>
      </trkpt>
      <trkpt lat="45.814131" lon="10.86938">
        <ele>1086.0</ele>
      </trkpt>
      <trkpt lat="45.814207" lon="10.869309">
        <ele>1086.0</ele>
      </trkpt>
      <trkpt lat="45.814288" lon="10.869246">
        <ele>1088.0</ele>
      </trkpt>
      <trkpt lat="45.814382" lon="10.869208">
        <ele>1091.0</ele>
      </trkpt>
      <trkpt lat="45.814438" lon="10.86909">
        <ele>1092.0</ele>
      </trkpt>
      <trkpt lat="45.814508" lon="10.869002">
        <ele>1097.0</ele>
      </trkpt>
      <trkpt lat="45.814593" lon="10.869053">
        <ele>1101.0</ele>
      </trkpt>
      <trkpt lat="45.81468" lon="10.869107">
        <ele>1102.0</ele>
      </trkpt>
      <trkpt lat="45.814753" lon="10.869028">
        <ele>1103.0</ele>
      </trkpt>
      <trkpt lat="45.814834" lon="10.868822">
        <ele>1106.0</ele>
      </trkpt>
      <trkpt lat="45.814753" lon="10.86903">
        <ele>1111.0</ele>
      </trkpt>
      <trkpt lat="45.814678" lon="10.86911">
        <ele>1111.0</ele>
      </trkpt>
      <trkpt lat="45.814763" lon="10.869263">
        <ele>1113.0</ele>
      </trkpt>
      <trkpt lat="45.814812" lon="10.869382">
        <ele>1113.0</ele>
      </trkpt>
      <trkpt lat="45.8149" lon="10.869437">
        <ele>1114.0</ele>
      </trkpt>
      <trkpt lat="45.814978" lon="10.869509">
        <ele>1114.0</ele>
      </trkpt>
      <trkpt lat="45.815061" lon="10.86961">
        <ele>1115.0</ele>
      </trkpt>
      <trkpt lat="45.815157" lon="10.869702">
        <ele>1115.0</ele>
      </trkpt>
      <trkpt lat="45.815211" lon="10.869815">
        <ele>1116.0</ele>
      </trkpt>
      <trkpt lat="45.815252" lon="10.869937">
        <ele>1116.0</ele>
      </trkpt>
      <trkpt lat="45.815301" lon="10.870051">
        <ele>1117.0</ele>
      </trkpt>
      <trkpt lat="45.815286" lon="10.870182">
        <ele>1118.0</ele>
      </trkpt>
      <trkpt lat="45.81534" lon="10.870289">
        <ele>1119.0</ele>
      </trkpt>
      <trkpt lat="45.815464" lon="10.870325">
        <ele>1123.0</ele>
      </trkpt>
      <trkpt lat="45.815566" lon="10.870378">
        <ele>1125.0</ele>
      </trkpt>
      <trkpt lat="45.815657" lon="10.870419">
        <ele>1129.0</ele>
      </trkpt>
      <trkpt lat="45.815759" lon="10.870442">
        <ele>1130.0</ele>
      </trkpt>
      <trkpt lat="45.815849" lon="10.870447">
        <ele>1130.0</ele>
      </trkpt>
      <trkpt lat="45.815971" lon="10.870473">
        <ele>1132.0</ele>
      </trkpt>
      <trkpt lat="45.816061" lon="10.870439">
        <ele>1133.0</ele>
      </trkpt>
      <trkpt lat="45.816135" lon="10.870337">
        <ele>1135.0</ele>
      </trkpt>
      <trkpt lat="45.816197" lon="10.870229">
        <ele>1135.0</ele>
      </trkpt>
      <trkpt lat="45.816278" lon="10.870164">
        <ele>1137.0</ele>
      </trkpt>
      <trkpt lat="45.816375" lon="10.870105">
        <ele>1137.0</ele>
      </trkpt>
      <trkpt lat="45.816481" lon="10.870105">
        <ele>1137.0</ele>
      </trkpt>
      <trkpt lat="45.816565" lon="10.870196">
        <ele>1136.0</ele>
      </trkpt>
      <trkpt lat="45.816649" lon="10.87025">
        <ele>1136.0</ele>
      </trkpt>
      <trkpt lat="45.816728" lon="10.870339">
        <ele>1137.0</ele>
      </trkpt>
      <trkpt lat="45.816823" lon="10.870454">
        <ele>1138.0</ele>
      </trkpt>
      <trkpt lat="45.81688" lon="10.870567">
        <ele>1139.0</ele>
      </trkpt>
      <trkpt lat="45.816967" lon="10.870623">
        <ele>1142.0</ele>
      </trkpt>
      <trkpt lat="45.817039" lon="10.870762">
        <ele>1143.0</ele>
      </trkpt>
      <trkpt lat="45.817135" lon="10.870747">
        <ele>1145.0</ele>
      </trkpt>
      <trkpt lat="45.817255" lon="10.870818">
        <ele>1145.0</ele>
      </trkpt>
      <trkpt lat="45.817413" lon="10.870844">
        <ele>1145.0</ele>
      </trkpt>
      <trkpt lat="45.817535" lon="10.870863">
        <ele>1146.0</ele>
      </trkpt>
      <trkpt lat="45.817643" lon="10.870897">
        <ele>1146.0</ele>
      </trkpt>
      <trkpt lat="45.817742" lon="10.870982">
        <ele>1146.0</ele>
      </trkpt>
      <trkpt lat="45.817827" lon="10.871033">
        <ele>1146.0</ele>
      </trkpt>
      <trkpt lat="45.817895" lon="10.871128">
        <ele>1147.0</ele>
      </trkpt>
      <trkpt lat="45.817975" lon="10.871215">
        <ele>1146.0</ele>
      </trkpt>
      <trkpt lat="45.818051" lon="10.8713">
        <ele>1145.0</ele>
      </trkpt>
      <trkpt lat="45.818137" lon="10.87135">
        <ele>1145.0</ele>
      </trkpt>
      <trkpt lat="45.818216" lon="10.871414">
        <ele>1145.0</ele>
      </trkpt>
      <trkpt lat="45.818296" lon="10.871474">
        <ele>1144.0</ele>
      </trkpt>
      <trkpt lat="45.818366" lon="10.871575">
        <ele>1144.0</ele>
      </trkpt>
      <trkpt lat="45.818422" lon="10.871678">
        <ele>1144.0</ele>
      </trkpt>
      <trkpt lat="45.818479" lon="10.871784">
        <ele>1147.0</ele>
      </trkpt>
      <trkpt lat="45.818567" lon="10.871827">
        <ele>1148.0</ele>
      </trkpt>
      <trkpt lat="45.818648" lon="10.871887">
        <ele>1149.0</ele>
      </trkpt>
      <trkpt lat="45.818712" lon="10.871985">
        <ele>1151.0</ele>
      </trkpt>
      <trkpt lat="45.818775" lon="10.872129">
        <ele>1152.0</ele>
      </trkpt>
      <trkpt lat="45.818858" lon="10.87218">
        <ele>1153.0</ele>
      </trkpt>
      <trkpt lat="45.818934" lon="10.872258">
        <ele>1155.0</ele>
      </trkpt>
      <trkpt lat="45.819067" lon="10.87231">
        <ele>1156.0</ele>
      </trkpt>
      <trkpt lat="45.819159" lon="10.872365">
        <ele>1155.0</ele>
      </trkpt>
      <trkpt lat="45.819285" lon="10.872371">
        <ele>1155.0</ele>
      </trkpt>
      <trkpt lat="45.819369" lon="10.872442">
        <ele>1154.0</ele>
      </trkpt>
      <trkpt lat="45.819458" lon="10.87251">
        <ele>1154.0</ele>
      </trkpt>
      <trkpt lat="45.819547" lon="10.872588">
        <ele>1153.0</ele>
      </trkpt>
      <trkpt lat="45.819572" lon="10.872718">
        <ele>1153.0</ele>
      </trkpt>
      <trkpt lat="45.81959" lon="10.872846">
        <ele>1153.0</ele>
      </trkpt>
      <trkpt lat="45.819624" lon="10.872981">
        <ele>1153.0</ele>
      </trkpt>
      <trkpt lat="45.819721" lon="10.873102">
        <ele>1153.0</ele>
      </trkpt>
      <trkpt lat="45.819797" lon="10.873208">
        <ele>1154.0</ele>
      </trkpt>
      <trkpt lat="45.819843" lon="10.873367">
        <ele>1154.0</ele>
      </trkpt>
      <trkpt lat="45.81988" lon="10.873486">
        <ele>1156.0</ele>
      </trkpt>
      <trkpt lat="45.819945" lon="10.873639">
        <ele>1160.0</ele>
      </trkpt>
      <trkpt lat="45.819982" lon="10.873763">
        <ele>1161.0</ele>
      </trkpt>
      <trkpt lat="45.819998" lon="10.873894">
        <ele>1163.0</ele>
      </trkpt>
      <trkpt lat="45.819977" lon="10.874028">
        <ele>1164.0</ele>
      </trkpt>
      <trkpt lat="45.81997" lon="10.874203">
        <ele>1165.0</ele>
      </trkpt>
      <trkpt lat="45.819989" lon="10.87434">
        <ele>1165.0</ele>
      </trkpt>
      <trkpt lat="45.820026" lon="10.874485">
        <ele>1169.0</ele>
      </trkpt>
      <trkpt lat="45.820061" lon="10.874605">
        <ele>1172.0</ele>
      </trkpt>
      <trkpt lat="45.820134" lon="10.874741">
        <ele>1173.0</ele>
      </trkpt>
      <trkpt lat="45.820186" lon="10.87491">
        <ele>1173.0</ele>
      </trkpt>
      <trkpt lat="45.820262" lon="10.875053">
        <ele>1173.0</ele>
      </trkpt>
      <trkpt lat="45.82034" lon="10.875287">
        <ele>1175.0</ele>
      </trkpt>
      <trkpt lat="45.82047" lon="10.875458">
        <ele>1180.0</ele>
      </trkpt>
      <trkpt lat="45.82057" lon="10.875515">
        <ele>1180.0</ele>
      </trkpt>
      <trkpt lat="45.820669" lon="10.875593">
        <ele>1180.0</ele>
      </trkpt>
      <trkpt lat="45.820778" lon="10.875692">
        <ele>1180.0</ele>
      </trkpt>
      <trkpt lat="45.820835" lon="10.875814">
        <ele>1182.0</ele>
      </trkpt>
      <trkpt lat="45.820935" lon="10.875854">
        <ele>1185.0</ele>
      </trkpt>
      <trkpt lat="45.821048" lon="10.875927">
        <ele>1187.0</ele>
      </trkpt>
      <trkpt lat="45.821142" lon="10.876016">
        <ele>1189.0</ele>
      </trkpt>
      <trkpt lat="45.821202" lon="10.876134">
        <ele>1192.0</ele>
      </trkpt>
      <trkpt lat="45.821242" lon="10.876252">
        <ele>1194.0</ele>
      </trkpt>
      <trkpt lat="45.821264" lon="10.876396">
        <ele>1196.0</ele>
      </trkpt>
      <trkpt lat="45.821339" lon="10.876485">
        <ele>1199.0</ele>
      </trkpt>
      <trkpt lat="45.821431" lon="10.87655">
        <ele>1204.0</ele>
      </trkpt>
      <trkpt lat="45.821524" lon="10.876603">
        <ele>1209.0</ele>
      </trkpt>
      <trkpt lat="45.821603" lon="10.876699">
        <ele>1210.0</ele>
      </trkpt>
      <trkpt lat="45.821733" lon="10.876677">
        <ele>1211.0</ele>
      </trkpt>
      <trkpt lat="45.821812" lon="10.876781">
        <ele>1215.0</ele>
      </trkpt>
      <trkpt lat="45.821904" lon="10.87685">
        <ele>1218.0</ele>
      </trkpt>
      <trkpt lat="45.822033" lon="10.876914">
        <ele>1218.0</ele>
      </trkpt>
      <trkpt lat="45.822147" lon="10.876965">
        <ele>1218.0</ele>
      </trkpt>
      <trkpt lat="45.822239" lon="10.876999">
        <ele>1218.0</ele>
      </trkpt>
      <trkpt lat="45.822322" lon="10.877122">
        <ele>1218.0</ele>
      </trkpt>
      <trkpt lat="45.822419" lon="10.877233">
        <ele>1218.0</ele>
      </trkpt>
      <trkpt lat="45.822514" lon="10.877292">
        <ele>1218.0</ele>
      </trkpt>
      <trkpt lat="45.822596" lon="10.877349">
        <ele>1217.0</ele>
      </trkpt>
      <trkpt lat="45.822688" lon="10.877416">
        <ele>1216.0</ele>
      </trkpt>
      <trkpt lat="45.822775" lon="10.877454">
        <ele>1216.0</ele>
      </trkpt>
      <trkpt lat="45.822867" lon="10.8775">
        <ele>1216.0</ele>
      </trkpt>
      <trkpt lat="45.822946" lon="10.877584">
        <ele>1215.0</ele>
      </trkpt>
      <trkpt lat="45.822987" lon="10.877713">
        <ele>1215.0</ele>
      </trkpt>
      <trkpt lat="45.82306" lon="10.877797">
        <ele>1216.0</ele>
      </trkpt>
      <trkpt lat="45.823103" lon="10.877921">
        <ele>1217.0</ele>
      </trkpt>
      <trkpt lat="45.823173" lon="10.878042">
        <ele>1218.0</ele>
      </trkpt>
      <trkpt lat="45.823262" lon="10.878095">
        <ele>1219.0</ele>
      </trkpt>
      <trkpt lat="45.823349" lon="10.878158">
        <ele>1219.0</ele>
      </trkpt>
      <trkpt lat="45.823435" lon="10.878211">
        <ele>1219.0</ele>
      </trkpt>
      <trkpt lat="45.823524" lon="10.878236">
        <ele>1218.0</ele>
      </trkpt>
      <trkpt lat="45.823661" lon="10.87822">
        <ele>1214.0</ele>
      </trkpt>
      <trkpt lat="45.823782" lon="10.878172">
        <ele>1213.0</ele>
      </trkpt>
      <trkpt lat="45.823876" lon="10.878213">
        <ele>1210.0</ele>
      </trkpt>
      <trkpt lat="45.823973" lon="10.878243">
        <ele>1210.0</ele>
      </trkpt>
      <trkpt lat="45.824063" lon="10.878198">
        <ele>1209.0</ele>
      </trkpt>
      <trkpt lat="45.824179" lon="10.878165">
        <ele>1208.0</ele>
      </trkpt>
      <trkpt lat="45.82428" lon="10.878192">
        <ele>1207.0</ele>
      </trkpt>
      <trkpt lat="45.824364" lon="10.878245">
        <ele>1206.0</ele>
      </trkpt>
      <trkpt lat="45.824409" lon="10.87836">
        <ele>1206.0</ele>
      </trkpt>
      <trkpt lat="45.82447" lon="10.878459">
        <ele>1204.0</ele>
      </trkpt>
      <trkpt lat="45.824555" lon="10.878509">
        <ele>1204.0</ele>
      </trkpt>
      <trkpt lat="45.824647" lon="10.87858">
        <ele>1203.0</ele>
      </trkpt>
      <trkpt lat="45.824773" lon="10.878598">
        <ele>1202.0</ele>
      </trkpt>
      <trkpt lat="45.824848" lon="10.878748">
        <ele>1198.0</ele>
      </trkpt>
      <trkpt lat="45.824931" lon="10.878798">
        <ele>1197.0</ele>
      </trkpt>
      <trkpt lat="45.82503" lon="10.87874">
        <ele>1197.0</ele>
      </trkpt>
      <trkpt lat="45.825136" lon="10.878696">
        <ele>1197.0</ele>
      </trkpt>
      <trkpt lat="45.825258" lon="10.878731">
        <ele>1198.0</ele>
      </trkpt>
      <trkpt lat="45.825361" lon="10.878751">
        <ele>1197.0</ele>
      </trkpt>
      <trkpt lat="45.825464" lon="10.878814">
        <ele>1197.0</ele>
      </trkpt>
      <trkpt lat="45.825556" lon="10.878874">
        <ele>1198.0</ele>
      </trkpt>
      <trkpt lat="45.825645" lon="10.8789">
        <ele>1198.0</ele>
      </trkpt>
      <trkpt lat="45.825737" lon="10.878896">
        <ele>1198.0</ele>
      </trkpt>
      <trkpt lat="45.825819" lon="10.878827">
        <ele>1199.0</ele>
      </trkpt>
      <trkpt lat="45.825934" lon="10.878788">
        <ele>1199.0</ele>
      </trkpt>
      <trkpt lat="45.826023" lon="10.878748">
        <ele>1200.0</ele>
      </trkpt>
      <trkpt lat="45.826112" lon="10.878776">
        <ele>1200.0</ele>
      </trkpt>
      <trkpt lat="45.826218" lon="10.878807">
        <ele>1199.0</ele>
      </trkpt>
      <trkpt lat="45.826327" lon="10.87882">
        <ele>1199.0</ele>
      </trkpt>
      <trkpt lat="45.826428" lon="10.878874">
        <ele>1197.0</ele>
      </trkpt>
      <trkpt lat="45.826526" lon="10.878904">
        <ele>1196.0</ele>
      </trkpt>
      <trkpt lat="45.826623" lon="10.878902">
        <ele>1194.0</ele>
      </trkpt>
      <trkpt lat="45.826749" lon="10.878936">
        <ele>1193.0</ele>
      </trkpt>
      <trkpt lat="45.826879" lon="10.878948">
        <ele>1193.0</ele>
      </trkpt>
      <trkpt lat="45.826989" lon="10.878976">
        <ele>1193.0</ele>
      </trkpt>
      <trkpt lat="45.827091" lon="10.879057">
        <ele>1193.0</ele>
      </trkpt>
      <trkpt lat="45.8272" lon="10.879138">
        <ele>1194.0</ele>
      </trkpt>
      <trkpt lat="45.827298" lon="10.879183">
        <ele>1194.0</ele>
      </trkpt>
      <trkpt lat="45.827387" lon="10.879212">
        <ele>1195.0</ele>
      </trkpt>
      <trkpt lat="45.827458" lon="10.879329">
        <ele>1193.0</ele>
      </trkpt>
      <trkpt lat="45.827558" lon="10.879406">
        <ele>1194.0</ele>
      </trkpt>
      <trkpt lat="45.827645" lon="10.879491">
        <ele>1194.0</ele>
      </trkpt>
      <trkpt lat="45.827764" lon="10.879545">
        <ele>1194.0</ele>
      </trkpt>
      <trkpt lat="45.827871" lon="10.879607">
        <ele>1193.0</ele>
      </trkpt>
      <trkpt lat="45.827922" lon="10.879717">
        <ele>1191.0</ele>
      </trkpt>
      <trkpt lat="45.827993" lon="10.879834">
        <ele>1190.0</ele>
      </trkpt>
      <trkpt lat="45.828089" lon="10.879861">
        <ele>1189.0</ele>
      </trkpt>
      <trkpt lat="45.828159" lon="10.879949">
        <ele>1188.0</ele>
      </trkpt>
      <trkpt lat="45.828225" lon="10.880049">
        <ele>1187.0</ele>
      </trkpt>
      <trkpt lat="45.828289" lon="10.88015">
        <ele>1185.0</ele>
      </trkpt>
      <trkpt lat="45.828387" lon="10.880184">
        <ele>1184.0</ele>
      </trkpt>
      <trkpt lat="45.82851" lon="10.880228">
        <ele>1183.0</ele>
      </trkpt>
      <trkpt lat="45.828602" lon="10.88028">
        <ele>1182.0</ele>
      </trkpt>
      <trkpt lat="45.828695" lon="10.880369">
        <ele>1182.0</ele>
      </trkpt>
      <trkpt lat="45.828768" lon="10.880446">
        <ele>1181.0</ele>
      </trkpt>
      <trkpt lat="45.828849" lon="10.880515">
        <ele>1181.0</ele>
      </trkpt>
      <trkpt lat="45.82892" lon="10.880604">
        <ele>1181.0</ele>
      </trkpt>
      <trkpt lat="45.829026" lon="10.880686">
        <ele>1180.0</ele>
      </trkpt>
      <trkpt lat="45.829138" lon="10.880782">
        <ele>1175.0</ele>
      </trkpt>
      <trkpt lat="45.829207" lon="10.880868">
        <ele>1174.0</ele>
      </trkpt>
      <trkpt lat="45.82929" lon="10.880944">
        <ele>1172.0</ele>
      </trkpt>
      <trkpt lat="45.829389" lon="10.880991">
        <ele>1166.0</ele>
      </trkpt>
      <trkpt lat="45.829481" lon="10.881081">
        <ele>1165.0</ele>
      </trkpt>
      <trkpt lat="45.829575" lon="10.881168">
        <ele>1165.0</ele>
      </trkpt>
      <trkpt lat="45.829634" lon="10.881274">
        <ele>1165.0</ele>
      </trkpt>
      <trkpt lat="45.829714" lon="10.881349">
        <ele>1165.0</ele>
      </trkpt>
      <trkpt lat="45.82981" lon="10.881384">
        <ele>1164.0</ele>
      </trkpt>
      <trkpt lat="45.829907" lon="10.881426">
        <ele>1164.0</ele>
      </trkpt>
      <trkpt lat="45.83001" lon="10.881483">
        <ele>1164.0</ele>
      </trkpt>
      <trkpt lat="45.830117" lon="10.88151">
        <ele>1163.0</ele>
      </trkpt>
      <trkpt lat="45.830215" lon="10.881488">
        <ele>1163.0</ele>
      </trkpt>
      <trkpt lat="45.830318" lon="10.88146">
        <ele>1163.0</ele>
      </trkpt>
      <trkpt lat="45.830413" lon="10.881442">
        <ele>1163.0</ele>
      </trkpt>
      <trkpt lat="45.830497" lon="10.881506">
        <ele>1161.0</ele>
      </trkpt>
      <trkpt lat="45.830584" lon="10.881555">
        <ele>1153.0</ele>
      </trkpt>
      <trkpt lat="45.830693" lon="10.881623">
        <ele>1152.0</ele>
      </trkpt>
      <trkpt lat="45.830742" lon="10.88174">
        <ele>1150.0</ele>
      </trkpt>
      <trkpt lat="45.830777" lon="10.881866">
        <ele>1148.0</ele>
      </trkpt>
      <trkpt lat="45.830866" lon="10.881929">
        <ele>1145.0</ele>
      </trkpt>
      <trkpt lat="45.830967" lon="10.881974">
        <ele>1144.0</ele>
      </trkpt>
      <trkpt lat="45.831059" lon="10.882029">
        <ele>1141.0</ele>
      </trkpt>
      <trkpt lat="45.831158" lon="10.882028">
        <ele>1140.0</ele>
      </trkpt>
      <trkpt lat="45.831282" lon="10.882111">
        <ele>1139.0</ele>
      </trkpt>
      <trkpt lat="45.831371" lon="10.882154">
        <ele>1138.0</ele>
      </trkpt>
      <trkpt lat="45.831481" lon="10.882253">
        <ele>1137.0</ele>
      </trkpt>
      <trkpt lat="45.831589" lon="10.882344">
        <ele>1137.0</ele>
      </trkpt>
      <trkpt lat="45.831679" lon="10.882396">
        <ele>1135.0</ele>
      </trkpt>
      <trkpt lat="45.831768" lon="10.882427">
        <ele>1134.0</ele>
      </trkpt>
      <trkpt lat="45.831898" lon="10.882457">
        <ele>1133.0</ele>
      </trkpt>
      <trkpt lat="45.832028" lon="10.88255">
        <ele>1132.0</ele>
      </trkpt>
      <trkpt lat="45.832119" lon="10.882642">
        <ele>1131.0</ele>
      </trkpt>
      <trkpt lat="45.832199" lon="10.882726">
        <ele>1129.0</ele>
      </trkpt>
      <trkpt lat="45.832285" lon="10.882784">
        <ele>1129.0</ele>
      </trkpt>
      <trkpt lat="45.832383" lon="10.882859">
        <ele>1128.0</ele>
      </trkpt>
      <trkpt lat="45.832499" lon="10.882939">
        <ele>1128.0</ele>
      </trkpt>
      <trkpt lat="45.832602" lon="10.882964">
        <ele>1126.0</ele>
      </trkpt>
      <trkpt lat="45.832731" lon="10.882939">
        <ele>1124.0</ele>
      </trkpt>
      <trkpt lat="45.832827" lon="10.882946">
        <ele>1123.0</ele>
      </trkpt>
      <trkpt lat="45.832989" lon="10.883138">
        <ele>1120.0</ele>
      </trkpt>
      <trkpt lat="45.833064" lon="10.883211">
        <ele>1119.0</ele>
      </trkpt>
      <trkpt lat="45.833148" lon="10.8833">
        <ele>1118.0</ele>
      </trkpt>
      <trkpt lat="45.833237" lon="10.883335">
        <ele>1117.0</ele>
      </trkpt>
      <trkpt lat="45.833324" lon="10.883375">
        <ele>1115.0</ele>
      </trkpt>
      <trkpt lat="45.833463" lon="10.883369">
        <ele>1112.0</ele>
      </trkpt>
      <trkpt lat="45.833561" lon="10.883364">
        <ele>1112.0</ele>
      </trkpt>
      <trkpt lat="45.833658" lon="10.883343">
        <ele>1111.0</ele>
      </trkpt>
      <trkpt lat="45.83375" lon="10.883271">
        <ele>1110.0</ele>
      </trkpt>
      <trkpt lat="45.833839" lon="10.883239">
        <ele>1110.0</ele>
      </trkpt>
      <trkpt lat="45.833925" lon="10.883199">
        <ele>1109.0</ele>
      </trkpt>
      <trkpt lat="45.834041" lon="10.883128">
        <ele>1107.0</ele>
      </trkpt>
      <trkpt lat="45.834134" lon="10.883092">
        <ele>1104.0</ele>
      </trkpt>
      <trkpt lat="45.834324" lon="10.883017">
        <ele>1100.0</ele>
      </trkpt>
      <trkpt lat="45.834415" lon="10.882987">
        <ele>1099.0</ele>
      </trkpt>
      <trkpt lat="45.834515" lon="10.882922">
        <ele>1095.0</ele>
      </trkpt>
      <trkpt lat="45.834619" lon="10.882899">
        <ele>1092.0</ele>
      </trkpt>
      <trkpt lat="45.834711" lon="10.882851">
        <ele>1092.0</ele>
      </trkpt>
      <trkpt lat="45.83483" lon="10.882792">
        <ele>1091.0</ele>
      </trkpt>
      <trkpt lat="45.834925" lon="10.882776">
        <ele>1090.0</ele>
      </trkpt>
      <trkpt lat="45.83505" lon="10.882781">
        <ele>1088.0</ele>
      </trkpt>
      <trkpt lat="45.835148" lon="10.882689">
        <ele>1087.0</ele>
      </trkpt>
      <trkpt lat="45.835267" lon="10.88266">
        <ele>1086.0</ele>
      </trkpt>
      <trkpt lat="45.835351" lon="10.882585">
        <ele>1083.0</ele>
      </trkpt>
      <trkpt lat="45.83546" lon="10.882477">
        <ele>1082.0</ele>
      </trkpt>
      <trkpt lat="45.835539" lon="10.88241">
        <ele>1079.0</ele>
      </trkpt>
      <trkpt lat="45.835648" lon="10.882346">
        <ele>1078.0</ele>
      </trkpt>
      <trkpt lat="45.835737" lon="10.8823">
        <ele>1076.0</ele>
      </trkpt>
      <trkpt lat="45.83585" lon="10.882222">
        <ele>1074.0</ele>
      </trkpt>
      <trkpt lat="45.835938" lon="10.882173">
        <ele>1073.0</ele>
      </trkpt>
      <trkpt lat="45.836044" lon="10.882097">
        <ele>1068.0</ele>
      </trkpt>
      <trkpt lat="45.836155" lon="10.882036">
        <ele>1067.0</ele>
      </trkpt>
      <trkpt lat="45.836255" lon="10.88198">
        <ele>1066.0</ele>
      </trkpt>
      <trkpt lat="45.836357" lon="10.881969">
        <ele>1063.0</ele>
      </trkpt>
      <trkpt lat="45.836475" lon="10.88193">
        <ele>1062.0</ele>
      </trkpt>
      <trkpt lat="45.836547" lon="10.881805">
        <ele>1060.0</ele>
      </trkpt>
      <trkpt lat="45.836607" lon="10.881704">
        <ele>1056.0</ele>
      </trkpt>
      <trkpt lat="45.836701" lon="10.881647">
        <ele>1055.0</ele>
      </trkpt>
      <trkpt lat="45.836779" lon="10.881565">
        <ele>1054.0</ele>
      </trkpt>
      <trkpt lat="45.836861" lon="10.881492">
        <ele>1051.0</ele>
      </trkpt>
      <trkpt lat="45.836976" lon="10.881473">
        <ele>1050.0</ele>
      </trkpt>
      <trkpt lat="45.837067" lon="10.881469">
        <ele>1050.0</ele>
      </trkpt>
      <trkpt lat="45.837135" lon="10.881377">
        <ele>1049.0</ele>
      </trkpt>
      <trkpt lat="45.837209" lon="10.881274">
        <ele>1045.0</ele>
      </trkpt>
      <trkpt lat="45.837302" lon="10.881231">
        <ele>1044.0</ele>
      </trkpt>
      <trkpt lat="45.837389" lon="10.881153">
        <ele>1044.0</ele>
      </trkpt>
      <trkpt lat="45.837485" lon="10.881109">
        <ele>1043.0</ele>
      </trkpt>
      <trkpt lat="45.8376" lon="10.881037">
        <ele>1041.0</ele>
      </trkpt>
      <trkpt lat="45.837695" lon="10.880965">
        <ele>1041.0</ele>
      </trkpt>
      <trkpt lat="45.83777" lon="10.88089">
        <ele>1041.0</ele>
      </trkpt>
      <trkpt lat="45.837864" lon="10.880842">
        <ele>1040.0</ele>
      </trkpt>
      <trkpt lat="45.837953" lon="10.880803">
        <ele>1039.0</ele>
      </trkpt>
      <trkpt lat="45.838075" lon="10.880748">
        <ele>1037.0</ele>
      </trkpt>
      <trkpt lat="45.838173" lon="10.880727">
        <ele>1036.0</ele>
      </trkpt>
      <trkpt lat="45.838248" lon="10.880639">
        <ele>1034.0</ele>
      </trkpt>
      <trkpt lat="45.838343" lon="10.880573">
        <ele>1032.0</ele>
      </trkpt>
      <trkpt lat="45.838444" lon="10.880514">
        <ele>1032.0</ele>
      </trkpt>
      <trkpt lat="45.838545" lon="10.880434">
        <ele>1031.0</ele>
      </trkpt>
      <trkpt lat="45.838614" lon="10.88035">
        <ele>1029.0</ele>
      </trkpt>
      <trkpt lat="45.838682" lon="10.880252">
        <ele>1028.0</ele>
      </trkpt>
      <trkpt lat="45.838653" lon="10.880085">
        <ele>1028.0</ele>
      </trkpt>
      <trkpt lat="45.838748" lon="10.880025">
        <ele>1027.0</ele>
      </trkpt>
      <trkpt lat="45.83884" lon="10.880091">
        <ele>1027.0</ele>
      </trkpt>
      <trkpt lat="45.838943" lon="10.880157">
        <ele>1026.0</ele>
      </trkpt>
      <trkpt lat="45.839063" lon="10.880197">
        <ele>1025.0</ele>
      </trkpt>
      <trkpt lat="45.839154" lon="10.88021">
        <ele>1023.0</ele>
      </trkpt>
      <trkpt lat="45.839234" lon="10.880299">
        <ele>1021.0</ele>
      </trkpt>
      <trkpt lat="45.839316" lon="10.880357">
        <ele>1018.0</ele>
      </trkpt>
      <trkpt lat="45.839419" lon="10.880412">
        <ele>1017.0</ele>
      </trkpt>
      <trkpt lat="45.839592" lon="10.880523">
        <ele>1015.0</ele>
      </trkpt>
      <trkpt lat="45.839708" lon="10.880548">
        <ele>1014.0</ele>
      </trkpt>
      <trkpt lat="45.83979" lon="10.880605">
        <ele>1014.0</ele>
      </trkpt>
      <trkpt lat="45.839879" lon="10.880652">
        <ele>1013.0</ele>
      </trkpt>
      <trkpt lat="45.839974" lon="10.880692">
        <ele>1012.0</ele>
      </trkpt>
      <trkpt lat="45.840088" lon="10.880749">
        <ele>1010.0</ele>
      </trkpt>
      <trkpt lat="45.840188" lon="10.880787">
        <ele>1009.0</ele>
      </trkpt>
      <trkpt lat="45.840269" lon="10.880871">
        <ele>1007.0</ele>
      </trkpt>
      <trkpt lat="45.840357" lon="10.880905">
        <ele>1006.0</ele>
      </trkpt>
      <trkpt lat="45.840431" lon="10.880982">
        <ele>1005.0</ele>
      </trkpt>
      <trkpt lat="45.840507" lon="10.88106">
        <ele>1003.0</ele>
      </trkpt>
      <trkpt lat="45.840579" lon="10.881147">
        <ele>1002.0</ele>
      </trkpt>
      <trkpt lat="45.840648" lon="10.881241">
        <ele>1000.0</ele>
      </trkpt>
      <trkpt lat="45.840742" lon="10.881295">
        <ele>997.0</ele>
      </trkpt>
      <trkpt lat="45.840838" lon="10.881325">
        <ele>997.0</ele>
      </trkpt>
      <trkpt lat="45.840942" lon="10.881408">
        <ele>994.0</ele>
      </trkpt>
      <trkpt lat="45.840999" lon="10.881531">
        <ele>993.0</ele>
      </trkpt>
      <trkpt lat="45.841033" lon="10.881652">
        <ele>991.0</ele>
      </trkpt>
      <trkpt lat="45.84109" lon="10.881768">
        <ele>990.0</ele>
      </trkpt>
      <trkpt lat="45.841132" lon="10.881894">
        <ele>987.0</ele>
      </trkpt>
      <trkpt lat="45.841199" lon="10.881986">
        <ele>984.0</ele>
      </trkpt>
      <trkpt lat="45.841275" lon="10.882082">
        <ele>981.0</ele>
      </trkpt>
      <trkpt lat="45.841332" lon="10.882192">
        <ele>978.0</ele>
      </trkpt>
      <trkpt lat="45.841355" lon="10.882326">
        <ele>976.0</ele>
      </trkpt>
      <trkpt lat="45.841401" lon="10.882461">
        <ele>975.0</ele>
      </trkpt>
      <trkpt lat="45.84146" lon="10.882574">
        <ele>973.0</ele>
      </trkpt>
      <trkpt lat="45.841494" lon="10.882695">
        <ele>971.0</ele>
      </trkpt>
      <trkpt lat="45.841566" lon="10.882783">
        <ele>969.0</ele>
      </trkpt>
      <trkpt lat="45.841646" lon="10.882853">
        <ele>968.0</ele>
      </trkpt>
      <trkpt lat="45.841721" lon="10.882941">
        <ele>968.0</ele>
      </trkpt>
      <trkpt lat="45.841783" lon="10.883039">
        <ele>967.0</ele>
      </trkpt>
      <trkpt lat="45.841861" lon="10.883126">
        <ele>967.0</ele>
      </trkpt>
      <trkpt lat="45.841945" lon="10.883175">
        <ele>965.0</ele>
      </trkpt>
      <trkpt lat="45.842037" lon="10.883229">
        <ele>963.0</ele>
      </trkpt>
      <trkpt lat="45.842115" lon="10.883294">
        <ele>961.0</ele>
      </trkpt>
      <trkpt lat="45.842189" lon="10.883371">
        <ele>958.0</ele>
      </trkpt>
      <trkpt lat="45.842271" lon="10.883455">
        <ele>954.0</ele>
      </trkpt>
      <trkpt lat="45.842339" lon="10.883559">
        <ele>952.0</ele>
      </trkpt>
      <trkpt lat="45.842427" lon="10.883628">
        <ele>951.0</ele>
      </trkpt>
      <trkpt lat="45.842529" lon="10.883663">
        <ele>950.0</ele>
      </trkpt>
      <trkpt lat="45.842591" lon="10.883767">
        <ele>948.0</ele>
      </trkpt>
      <trkpt lat="45.842591" lon="10.883911">
        <ele>947.0</ele>
      </trkpt>
      <trkpt lat="45.842607" lon="10.884049">
        <ele>945.0</ele>
      </trkpt>
      <trkpt lat="45.842625" lon="10.884182">
        <ele>944.0</ele>
      </trkpt>
      <trkpt lat="45.842671" lon="10.884298">
        <ele>942.0</ele>
      </trkpt>
      <trkpt lat="45.842768" lon="10.884347">
        <ele>941.0</ele>
      </trkpt>
      <trkpt lat="45.842861" lon="10.8844">
        <ele>940.0</ele>
      </trkpt>
      <trkpt lat="45.842942" lon="10.884465">
        <ele>940.0</ele>
      </trkpt>
      <trkpt lat="45.843007" lon="10.884583">
        <ele>940.0</ele>
      </trkpt>
      <trkpt lat="45.843077" lon="10.884679">
        <ele>939.0</ele>
      </trkpt>
      <trkpt lat="45.843119" lon="10.884799">
        <ele>938.0</ele>
      </trkpt>
      <trkpt lat="45.843132" lon="10.884934">
        <ele>937.0</ele>
      </trkpt>
      <trkpt lat="45.8432" lon="10.885029">
        <ele>936.0</ele>
      </trkpt>
      <trkpt lat="45.843288" lon="10.885108">
        <ele>936.0</ele>
      </trkpt>
      <trkpt lat="45.843419" lon="10.885292">
        <ele>936.0</ele>
      </trkpt>
      <trkpt lat="45.843486" lon="10.885386">
        <ele>934.0</ele>
      </trkpt>
      <trkpt lat="45.843587" lon="10.885446">
        <ele>932.0</ele>
      </trkpt>
      <trkpt lat="45.843665" lon="10.885537">
        <ele>932.0</ele>
      </trkpt>
      <trkpt lat="45.843727" lon="10.885641">
        <ele>932.0</ele>
      </trkpt>
      <trkpt lat="45.843793" lon="10.88574">
        <ele>932.0</ele>
      </trkpt>
      <trkpt lat="45.843819" lon="10.885866">
        <ele>932.0</ele>
      </trkpt>
      <trkpt lat="45.843873" lon="10.885976">
        <ele>932.0</ele>
      </trkpt>
      <trkpt lat="45.843969" lon="10.886055">
        <ele>934.0</ele>
      </trkpt>
      <trkpt lat="45.844063" lon="10.886129">
        <ele>935.0</ele>
      </trkpt>
      <trkpt lat="45.844138" lon="10.886269">
        <ele>937.0</ele>
      </trkpt>
      <trkpt lat="45.844218" lon="10.886335">
        <ele>940.0</ele>
      </trkpt>
      <trkpt lat="45.844312" lon="10.886298">
        <ele>940.0</ele>
      </trkpt>
      <trkpt lat="45.844397" lon="10.886254">
        <ele>941.0</ele>
      </trkpt>
      <trkpt lat="45.844491" lon="10.886238">
        <ele>939.0</ele>
      </trkpt>
      <trkpt lat="45.844579" lon="10.886205">
        <ele>938.0</ele>
      </trkpt>
      <trkpt lat="45.844667" lon="10.886167">
        <ele>935.0</ele>
      </trkpt>
      <trkpt lat="45.844749" lon="10.886107">
        <ele>932.0</ele>
      </trkpt>
      <trkpt lat="45.844843" lon="10.886024">
        <ele>930.0</ele>
      </trkpt>
      <trkpt lat="45.844926" lon="10.885921">
        <ele>929.0</ele>
      </trkpt>
      <trkpt lat="45.845004" lon="10.885837">
        <ele>929.0</ele>
      </trkpt>
      <trkpt lat="45.845068" lon="10.885742">
        <ele>929.0</ele>
      </trkpt>
      <trkpt lat="45.84517" lon="10.885672">
        <ele>928.0</ele>
      </trkpt>
      <trkpt lat="45.845262" lon="10.885663">
        <ele>927.0</ele>
      </trkpt>
      <trkpt lat="45.845359" lon="10.885676">
        <ele>927.0</ele>
      </trkpt>
      <trkpt lat="45.845399" lon="10.885543">
        <ele>926.0</ele>
      </trkpt>
      <trkpt lat="45.845421" lon="10.885414">
        <ele>926.0</ele>
      </trkpt>
      <trkpt lat="45.845496" lon="10.885292">
        <ele>926.0</ele>
      </trkpt>
      <trkpt lat="45.845581" lon="10.885247">
        <ele>925.0</ele>
      </trkpt>
      <trkpt lat="45.845671" lon="10.885237">
        <ele>924.0</ele>
      </trkpt>
      <trkpt lat="45.845763" lon="10.885245">
        <ele>922.0</ele>
      </trkpt>
      <trkpt lat="45.845867" lon="10.885233">
        <ele>922.0</ele>
      </trkpt>
      <trkpt lat="45.845966" lon="10.885242">
        <ele>921.0</ele>
      </trkpt>
      <trkpt lat="45.846061" lon="10.885242">
        <ele>920.0</ele>
      </trkpt>
      <trkpt lat="45.846161" lon="10.885308">
        <ele>919.0</ele>
      </trkpt>
      <trkpt lat="45.846259" lon="10.885287">
        <ele>919.0</ele>
      </trkpt>
      <trkpt lat="45.846347" lon="10.885244">
        <ele>920.0</ele>
      </trkpt>
      <trkpt lat="45.846457" lon="10.885193">
        <ele>920.0</ele>
      </trkpt>
      <trkpt lat="45.846629" lon="10.885141">
        <ele>920.0</ele>
      </trkpt>
      <trkpt lat="45.846729" lon="10.885155">
        <ele>919.0</ele>
      </trkpt>
      <trkpt lat="45.846898" lon="10.885054">
        <ele>918.0</ele>
      </trkpt>
      <trkpt lat="45.846984" lon="10.885001">
        <ele>915.0</ele>
      </trkpt>
      <trkpt lat="45.847065" lon="10.884918">
        <ele>913.0</ele>
      </trkpt>
      <trkpt lat="45.847143" lon="10.884848">
        <ele>912.0</ele>
      </trkpt>
      <trkpt lat="45.847229" lon="10.884765">
        <ele>911.0</ele>
      </trkpt>
      <trkpt lat="45.847293" lon="10.884654">
        <ele>910.0</ele>
      </trkpt>
      <trkpt lat="45.847361" lon="10.884562">
        <ele>909.0</ele>
      </trkpt>
      <trkpt lat="45.847443" lon="10.88448">
        <ele>908.0</ele>
      </trkpt>
      <trkpt lat="45.847492" lon="10.88437">
        <ele>907.0</ele>
      </trkpt>
      <trkpt lat="45.847588" lon="10.884328">
        <ele>905.0</ele>
      </trkpt>
      <trkpt lat="45.847669" lon="10.884259">
        <ele>904.0</ele>
      </trkpt>
      <trkpt lat="45.84776" lon="10.884204">
        <ele>903.0</ele>
      </trkpt>
      <trkpt lat="45.847845" lon="10.884151">
        <ele>902.0</ele>
      </trkpt>
      <trkpt lat="45.847944" lon="10.884115">
        <ele>901.0</ele>
      </trkpt>
      <trkpt lat="45.848038" lon="10.884012">
        <ele>899.0</ele>
      </trkpt>
      <trkpt lat="45.848132" lon="10.883943">
        <ele>898.0</ele>
      </trkpt>
      <trkpt lat="45.8482" lon="10.883846">
        <ele>897.0</ele>
      </trkpt>
      <trkpt lat="45.848273" lon="10.883768">
        <ele>897.0</ele>
      </trkpt>
      <trkpt lat="45.848369" lon="10.883735">
        <ele>897.0</ele>
      </trkpt>
      <trkpt lat="45.848462" lon="10.88373">
        <ele>896.0</ele>
      </trkpt>
      <trkpt lat="45.848553" lon="10.883689">
        <ele>896.0</ele>
      </trkpt>
      <trkpt lat="45.84865" lon="10.883626">
        <ele>896.0</ele>
      </trkpt>
      <trkpt lat="45.848748" lon="10.883564">
        <ele>896.0</ele>
      </trkpt>
      <trkpt lat="45.848848" lon="10.883512">
        <ele>896.0</ele>
      </trkpt>
      <trkpt lat="45.848953" lon="10.883519">
        <ele>896.0</ele>
      </trkpt>
      <trkpt lat="45.849045" lon="10.883508">
        <ele>896.0</ele>
      </trkpt>
      <trkpt lat="45.849152" lon="10.883508">
        <ele>897.0</ele>
      </trkpt>
      <trkpt lat="45.849247" lon="10.883519">
        <ele>897.0</ele>
      </trkpt>
      <trkpt lat="45.849342" lon="10.883553">
        <ele>897.0</ele>
      </trkpt>
      <trkpt lat="45.849427" lon="10.883612">
        <ele>897.0</ele>
      </trkpt>
      <trkpt lat="45.849515" lon="10.883684">
        <ele>897.0</ele>
      </trkpt>
      <trkpt lat="45.849611" lon="10.883747">
        <ele>897.0</ele>
      </trkpt>
      <trkpt lat="45.849686" lon="10.883822">
        <ele>897.0</ele>
      </trkpt>
      <trkpt lat="45.84974" lon="10.883938">
        <ele>897.0</ele>
      </trkpt>
      <trkpt lat="45.849814" lon="10.884013">
        <ele>896.0</ele>
      </trkpt>
      <trkpt lat="45.849898" lon="10.884123">
        <ele>896.0</ele>
      </trkpt>
      <trkpt lat="45.849944" lon="10.884247">
        <ele>896.0</ele>
      </trkpt>
      <trkpt lat="45.849992" lon="10.884375">
        <ele>896.0</ele>
      </trkpt>
      <trkpt lat="45.850025" lon="10.884506">
        <ele>897.0</ele>
      </trkpt>
      <trkpt lat="45.850145" lon="10.884684">
        <ele>902.0</ele>
      </trkpt>
      <trkpt lat="45.850202" lon="10.884816">
        <ele>902.0</ele>
      </trkpt>
      <trkpt lat="45.850266" lon="10.884928">
        <ele>902.0</ele>
      </trkpt>
      <trkpt lat="45.850352" lon="10.885033">
        <ele>902.0</ele>
      </trkpt>
      <trkpt lat="45.850478" lon="10.885237">
        <ele>903.0</ele>
      </trkpt>
      <trkpt lat="45.85056" lon="10.885338">
        <ele>903.0</ele>
      </trkpt>
      <trkpt lat="45.85065" lon="10.885412">
        <ele>903.0</ele>
      </trkpt>
      <trkpt lat="45.850743" lon="10.88547">
        <ele>902.0</ele>
      </trkpt>
      <trkpt lat="45.850816" lon="10.885553">
        <ele>902.0</ele>
      </trkpt>
      <trkpt lat="45.850882" lon="10.885642">
        <ele>901.0</ele>
      </trkpt>
      <trkpt lat="45.850957" lon="10.885743">
        <ele>900.0</ele>
      </trkpt>
      <trkpt lat="45.851035" lon="10.885821">
        <ele>899.0</ele>
      </trkpt>
      <trkpt lat="45.851121" lon="10.885906">
        <ele>898.0</ele>
      </trkpt>
      <trkpt lat="45.851214" lon="10.886007">
        <ele>898.0</ele>
      </trkpt>
      <trkpt lat="45.851279" lon="10.886117">
        <ele>898.0</ele>
      </trkpt>
      <trkpt lat="45.85134" lon="10.886222">
        <ele>898.0</ele>
      </trkpt>
      <trkpt lat="45.851381" lon="10.886343">
        <ele>896.0</ele>
      </trkpt>
      <trkpt lat="45.851446" lon="10.886449">
        <ele>895.0</ele>
      </trkpt>
      <trkpt lat="45.851566" lon="10.886666">
        <ele>892.0</ele>
      </trkpt>
      <trkpt lat="45.851622" lon="10.886774">
        <ele>890.0</ele>
      </trkpt>
      <trkpt lat="45.851697" lon="10.886879">
        <ele>889.0</ele>
      </trkpt>
      <trkpt lat="45.851792" lon="10.886943">
        <ele>888.0</ele>
      </trkpt>
      <trkpt lat="45.851851" lon="10.887045">
        <ele>887.0</ele>
      </trkpt>
      <trkpt lat="45.851908" lon="10.887159">
        <ele>886.0</ele>
      </trkpt>
      <trkpt lat="45.851908" lon="10.887291">
        <ele>885.0</ele>
      </trkpt>
      <trkpt lat="45.851957" lon="10.887411">
        <ele>883.0</ele>
      </trkpt>
      <trkpt lat="45.851998" lon="10.88753">
        <ele>881.0</ele>
      </trkpt>
      <trkpt lat="45.852061" lon="10.887648">
        <ele>880.0</ele>
      </trkpt>
      <trkpt lat="45.85211" lon="10.887767">
        <ele>879.0</ele>
      </trkpt>
      <trkpt lat="45.852183" lon="10.887857">
        <ele>879.0</ele>
      </trkpt>
      <trkpt lat="45.852261" lon="10.887923">
        <ele>879.0</ele>
      </trkpt>
      <trkpt lat="45.852361" lon="10.887968">
        <ele>880.0</ele>
      </trkpt>
      <trkpt lat="45.852441" lon="10.888047">
        <ele>880.0</ele>
      </trkpt>
      <trkpt lat="45.852502" lon="10.888145">
        <ele>878.0</ele>
      </trkpt>
      <trkpt lat="45.852597" lon="10.888228">
        <ele>876.0</ele>
      </trkpt>
      <trkpt lat="45.85269" lon="10.88829">
        <ele>874.0</ele>
      </trkpt>
      <trkpt lat="45.852776" lon="10.888338">
        <ele>871.0</ele>
      </trkpt>
      <trkpt lat="45.852868" lon="10.888389">
        <ele>870.0</ele>
      </trkpt>
      <trkpt lat="45.852959" lon="10.888469">
        <ele>869.0</ele>
      </trkpt>
      <trkpt lat="45.853042" lon="10.888542">
        <ele>868.0</ele>
      </trkpt>
      <trkpt lat="45.853131" lon="10.888591">
        <ele>867.0</ele>
      </trkpt>
      <trkpt lat="45.853212" lon="10.888649">
        <ele>866.0</ele>
      </trkpt>
      <trkpt lat="45.853288" lon="10.888719">
        <ele>864.0</ele>
      </trkpt>
      <trkpt lat="45.85337" lon="10.888774">
        <ele>863.0</ele>
      </trkpt>
      <trkpt lat="45.853431" lon="10.888882">
        <ele>862.0</ele>
      </trkpt>
      <trkpt lat="45.853509" lon="10.888968">
        <ele>862.0</ele>
      </trkpt>
      <trkpt lat="45.85358" lon="10.889063">
        <ele>862.0</ele>
      </trkpt>
      <trkpt lat="45.853639" lon="10.889171">
        <ele>862.0</ele>
      </trkpt>
      <trkpt lat="45.853721" lon="10.889249">
        <ele>862.0</ele>
      </trkpt>
      <trkpt lat="45.853799" lon="10.889319">
        <ele>861.0</ele>
      </trkpt>
      <trkpt lat="45.853883" lon="10.889397">
        <ele>860.0</ele>
      </trkpt>
      <trkpt lat="45.853922" lon="10.889514">
        <ele>858.0</ele>
      </trkpt>
      <trkpt lat="45.85397" lon="10.889626">
        <ele>856.0</ele>
      </trkpt>
      <trkpt lat="45.854016" lon="10.889779">
        <ele>853.0</ele>
      </trkpt>
      <trkpt lat="45.854036" lon="10.889909">
        <ele>851.0</ele>
      </trkpt>
      <trkpt lat="45.854078" lon="10.890036">
        <ele>848.0</ele>
      </trkpt>
      <trkpt lat="45.854032" lon="10.890153">
        <ele>848.0</ele>
      </trkpt>
      <trkpt lat="45.853999" lon="10.890283">
        <ele>847.0</ele>
      </trkpt>
      <trkpt lat="45.853966" lon="10.890423">
        <ele>846.0</ele>
      </trkpt>
      <trkpt lat="45.853906" lon="10.890567">
        <ele>845.0</ele>
      </trkpt>
      <trkpt lat="45.853866" lon="10.890687">
        <ele>843.0</ele>
      </trkpt>
      <trkpt lat="45.853825" lon="10.890815">
        <ele>842.0</ele>
      </trkpt>
      <trkpt lat="45.853743" lon="10.890929">
        <ele>840.0</ele>
      </trkpt>
      <trkpt lat="45.853675" lon="10.891064">
        <ele>839.0</ele>
      </trkpt>
      <trkpt lat="45.853609" lon="10.89117">
        <ele>839.0</ele>
      </trkpt>
      <trkpt lat="45.853538" lon="10.891282">
        <ele>839.0</ele>
      </trkpt>
      <trkpt lat="45.853563" lon="10.891408">
        <ele>839.0</ele>
      </trkpt>
      <trkpt lat="45.853636" lon="10.891503">
        <ele>838.0</ele>
      </trkpt>
      <trkpt lat="45.853751" lon="10.891591">
        <ele>838.0</ele>
      </trkpt>
      <trkpt lat="45.853838" lon="10.891626">
        <ele>837.0</ele>
      </trkpt>
      <trkpt lat="45.853957" lon="10.89167">
        <ele>836.0</ele>
      </trkpt>
      <trkpt lat="45.854039" lon="10.891775">
        <ele>834.0</ele>
      </trkpt>
      <trkpt lat="45.854046" lon="10.891907">
        <ele>833.0</ele>
      </trkpt>
      <trkpt lat="45.854008" lon="10.892027">
        <ele>832.0</ele>
      </trkpt>
      <trkpt lat="45.853958" lon="10.892139">
        <ele>831.0</ele>
      </trkpt>
      <trkpt lat="45.853936" lon="10.892273">
        <ele>831.0</ele>
      </trkpt>
      <trkpt lat="45.853956" lon="10.892402">
        <ele>830.0</ele>
      </trkpt>
      <trkpt lat="45.854026" lon="10.892499">
        <ele>829.0</ele>
      </trkpt>
      <trkpt lat="45.85411" lon="10.892569">
        <ele>829.0</ele>
      </trkpt>
      <trkpt lat="45.854171" lon="10.892682">
        <ele>829.0</ele>
      </trkpt>
      <trkpt lat="45.854201" lon="10.892805">
        <ele>829.0</ele>
      </trkpt>
      <trkpt lat="45.854285" lon="10.892853">
        <ele>827.0</ele>
      </trkpt>
      <trkpt lat="45.854374" lon="10.892892">
        <ele>826.0</ele>
      </trkpt>
      <trkpt lat="45.854462" lon="10.892953">
        <ele>824.0</ele>
      </trkpt>
      <trkpt lat="45.854557" lon="10.893046">
        <ele>822.0</ele>
      </trkpt>
      <trkpt lat="45.854644" lon="10.893125">
        <ele>821.0</ele>
      </trkpt>
      <trkpt lat="45.854743" lon="10.893124">
        <ele>820.0</ele>
      </trkpt>
      <trkpt lat="45.85482" lon="10.893194">
        <ele>819.0</ele>
      </trkpt>
      <trkpt lat="45.854896" lon="10.893269">
        <ele>818.0</ele>
      </trkpt>
      <trkpt lat="45.854951" lon="10.893372">
        <ele>818.0</ele>
      </trkpt>
      <trkpt lat="45.855096" lon="10.893495">
        <ele>803.0</ele>
      </trkpt>
      <trkpt lat="45.855168" lon="10.893599">
        <ele>802.0</ele>
      </trkpt>
      <trkpt lat="45.855264" lon="10.893644">
        <ele>802.0</ele>
      </trkpt>
      <trkpt lat="45.85537" lon="10.893668">
        <ele>801.0</ele>
      </trkpt>
      <trkpt lat="45.85548" lon="10.893649">
        <ele>798.0</ele>
      </trkpt>
      <trkpt lat="45.855565" lon="10.8937">
        <ele>797.0</ele>
      </trkpt>
      <trkpt lat="45.855669" lon="10.893726">
        <ele>795.0</ele>
      </trkpt>
      <trkpt lat="45.855774" lon="10.89376">
        <ele>794.0</ele>
      </trkpt>
      <trkpt lat="45.85587" lon="10.893811">
        <ele>793.0</ele>
      </trkpt>
      <trkpt lat="45.855974" lon="10.893878">
        <ele>792.0</ele>
      </trkpt>
      <trkpt lat="45.856052" lon="10.893946">
        <ele>792.0</ele>
      </trkpt>
      <trkpt lat="45.856201" lon="10.894095">
        <ele>789.0</ele>
      </trkpt>
      <trkpt lat="45.856282" lon="10.894154">
        <ele>788.0</ele>
      </trkpt>
      <trkpt lat="45.856364" lon="10.894222">
        <ele>787.0</ele>
      </trkpt>
      <trkpt lat="45.856456" lon="10.894254">
        <ele>786.0</ele>
      </trkpt>
      <trkpt lat="45.856547" lon="10.894292">
        <ele>785.0</ele>
      </trkpt>
      <trkpt lat="45.85664" lon="10.894332">
        <ele>784.0</ele>
      </trkpt>
      <trkpt lat="45.856726" lon="10.894378">
        <ele>781.0</ele>
      </trkpt>
      <trkpt lat="45.856811" lon="10.894443">
        <ele>779.0</ele>
      </trkpt>
      <trkpt lat="45.856877" lon="10.894537">
        <ele>776.0</ele>
      </trkpt>
      <trkpt lat="45.856961" lon="10.894614">
        <ele>774.0</ele>
      </trkpt>
      <trkpt lat="45.857047" lon="10.894691">
        <ele>771.0</ele>
      </trkpt>
      <trkpt lat="45.85713" lon="10.894753">
        <ele>770.0</ele>
      </trkpt>
      <trkpt lat="45.857251" lon="10.894759">
        <ele>763.0</ele>
      </trkpt>
      <trkpt lat="45.857323" lon="10.894838">
        <ele>762.0</ele>
      </trkpt>
      <trkpt lat="45.857406" lon="10.894973">
        <ele>761.0</ele>
      </trkpt>
      <trkpt lat="45.857474" lon="10.895066">
        <ele>760.0</ele>
      </trkpt>
      <trkpt lat="45.857541" lon="10.89518">
        <ele>758.0</ele>
      </trkpt>
      <trkpt lat="45.857628" lon="10.895235">
        <ele>757.0</ele>
      </trkpt>
      <trkpt lat="45.85771" lon="10.895299">
        <ele>756.0</ele>
      </trkpt>
      <trkpt lat="45.857797" lon="10.895387">
        <ele>755.0</ele>
      </trkpt>
      <trkpt lat="45.857887" lon="10.895461">
        <ele>754.0</ele>
      </trkpt>
      <trkpt lat="45.857963" lon="10.895552">
        <ele>752.0</ele>
      </trkpt>
      <trkpt lat="45.85803" lon="10.895646">
        <ele>750.0</ele>
      </trkpt>
      <trkpt lat="45.858102" lon="10.895743">
        <ele>748.0</ele>
      </trkpt>
      <trkpt lat="45.858087" lon="10.895876">
        <ele>743.0</ele>
      </trkpt>
      <trkpt lat="45.858173" lon="10.895953">
        <ele>740.0</ele>
      </trkpt>
      <trkpt lat="45.858241" lon="10.896049">
        <ele>738.0</ele>
      </trkpt>
      <trkpt lat="45.85832" lon="10.896128">
        <ele>737.0</ele>
      </trkpt>
      <trkpt lat="45.858414" lon="10.896107">
        <ele>737.0</ele>
      </trkpt>
      <trkpt lat="45.85849" lon="10.896182">
        <ele>735.0</ele>
      </trkpt>
      <trkpt lat="45.858478" lon="10.89632">
        <ele>733.0</ele>
      </trkpt>
      <trkpt lat="45.858607" lon="10.896507">
        <ele>726.0</ele>
      </trkpt>
      <trkpt lat="45.858685" lon="10.896584">
        <ele>723.0</ele>
      </trkpt>
      <trkpt lat="45.858777" lon="10.896609">
        <ele>720.0</ele>
      </trkpt>
      <trkpt lat="45.858875" lon="10.896619">
        <ele>717.0</ele>
      </trkpt>
      <trkpt lat="45.858988" lon="10.896668">
        <ele>717.0</ele>
      </trkpt>
      <trkpt lat="45.859062" lon="10.896764">
        <ele>715.0</ele>
      </trkpt>
      <trkpt lat="45.859121" lon="10.896867">
        <ele>714.0</ele>
      </trkpt>
      <trkpt lat="45.859205" lon="10.896935">
        <ele>711.0</ele>
      </trkpt>
      <trkpt lat="45.859286" lon="10.897018">
        <ele>708.0</ele>
      </trkpt>
      <trkpt lat="45.859378" lon="10.897061">
        <ele>706.0</ele>
      </trkpt>
      <trkpt lat="45.859486" lon="10.897133">
        <ele>703.0</ele>
      </trkpt>
      <trkpt lat="45.859567" lon="10.897201">
        <ele>700.0</ele>
      </trkpt>
      <trkpt lat="45.859649" lon="10.897283">
        <ele>695.0</ele>
      </trkpt>
      <trkpt lat="45.859718" lon="10.897382">
        <ele>691.0</ele>
      </trkpt>
      <trkpt lat="45.859817" lon="10.897391">
        <ele>690.0</ele>
      </trkpt>
      <trkpt lat="45.859907" lon="10.897425">
        <ele>689.0</ele>
      </trkpt>
      <trkpt lat="45.860002" lon="10.897478">
        <ele>686.0</ele>
      </trkpt>
      <trkpt lat="45.860094" lon="10.897515">
        <ele>685.0</ele>
      </trkpt>
      <trkpt lat="45.860183" lon="10.897542">
        <ele>684.0</ele>
      </trkpt>
      <trkpt lat="45.860268" lon="10.897473">
        <ele>677.0</ele>
      </trkpt>
      <trkpt lat="45.860264" lon="10.897335">
        <ele>673.0</ele>
      </trkpt>
      <trkpt lat="45.860194" lon="10.897244">
        <ele>670.0</ele>
      </trkpt>
      <trkpt lat="45.860291" lon="10.897183">
        <ele>661.0</ele>
      </trkpt>
      <trkpt lat="45.860281" lon="10.897035">
        <ele>659.0</ele>
      </trkpt>
      <trkpt lat="45.86023" lon="10.89692">
        <ele>658.0</ele>
      </trkpt>
      <trkpt lat="45.86018" lon="10.896804">
        <ele>655.0</ele>
      </trkpt>
      <trkpt lat="45.860158" lon="10.896668">
        <ele>653.0</ele>
      </trkpt>
      <trkpt lat="45.860162" lon="10.896528">
        <ele>649.0</ele>
      </trkpt>
      <trkpt lat="45.860166" lon="10.896394">
        <ele>646.0</ele>
      </trkpt>
      <trkpt lat="45.860165" lon="10.896263">
        <ele>642.0</ele>
      </trkpt>
      <trkpt lat="45.860193" lon="10.896138">
        <ele>640.0</ele>
      </trkpt>
      <trkpt lat="45.860218" lon="10.896008">
        <ele>638.0</ele>
      </trkpt>
      <trkpt lat="45.860235" lon="10.895881">
        <ele>634.0</ele>
      </trkpt>
      <trkpt lat="45.860234" lon="10.895742">
        <ele>632.0</ele>
      </trkpt>
      <trkpt lat="45.860231" lon="10.895589">
        <ele>630.0</ele>
      </trkpt>
      <trkpt lat="45.860274" lon="10.895464">
        <ele>627.0</ele>
      </trkpt>
      <trkpt lat="45.860294" lon="10.895328">
        <ele>625.0</ele>
      </trkpt>
      <trkpt lat="45.860394" lon="10.895389">
        <ele>622.0</ele>
      </trkpt>
      <trkpt lat="45.860486" lon="10.895476">
        <ele>620.0</ele>
      </trkpt>
      <trkpt lat="45.860557" lon="10.895559">
        <ele>618.0</ele>
      </trkpt>
      <trkpt lat="45.860648" lon="10.895628">
        <ele>617.0</ele>
      </trkpt>
      <trkpt lat="45.860743" lon="10.895668">
        <ele>615.0</ele>
      </trkpt>
      <trkpt lat="45.860835" lon="10.895716">
        <ele>613.0</ele>
      </trkpt>
      <trkpt lat="45.860912" lon="10.895786">
        <ele>611.0</ele>
      </trkpt>
      <trkpt lat="45.860997" lon="10.895886">
        <ele>608.0</ele>
      </trkpt>
      <trkpt lat="45.86108" lon="10.895972">
        <ele>605.0</ele>
      </trkpt>
      <trkpt lat="45.86118" lon="10.895991">
        <ele>603.0</ele>
      </trkpt>
      <trkpt lat="45.861273" lon="10.896013">
        <ele>602.0</ele>
      </trkpt>
      <trkpt lat="45.86137" lon="10.896077">
        <ele>600.0</ele>
      </trkpt>
      <trkpt lat="45.861458" lon="10.89615">
        <ele>599.0</ele>
      </trkpt>
      <trkpt lat="45.861625" lon="10.896247">
        <ele>595.0</ele>
      </trkpt>
      <trkpt lat="45.861698" lon="10.896323">
        <ele>593.0</ele>
      </trkpt>
      <trkpt lat="45.861762" lon="10.896432">
        <ele>590.0</ele>
      </trkpt>
      <trkpt lat="45.861846" lon="10.896526">
        <ele>587.0</ele>
      </trkpt>
      <trkpt lat="45.861919" lon="10.896613">
        <ele>585.0</ele>
      </trkpt>
      <trkpt lat="45.862006" lon="10.896677">
        <ele>583.0</ele>
      </trkpt>
      <trkpt lat="45.862087" lon="10.896743">
        <ele>581.0</ele>
      </trkpt>
      <trkpt lat="45.86218" lon="10.896808">
        <ele>579.0</ele>
      </trkpt>
      <trkpt lat="45.862264" lon="10.896886">
        <ele>577.0</ele>
      </trkpt>
      <trkpt lat="45.862351" lon="10.896953">
        <ele>575.0</ele>
      </trkpt>
      <trkpt lat="45.862436" lon="10.897023">
        <ele>572.0</ele>
      </trkpt>
      <trkpt lat="45.862519" lon="10.897079">
        <ele>567.0</ele>
      </trkpt>
      <trkpt lat="45.862643" lon="10.897128">
        <ele>562.0</ele>
      </trkpt>
      <trkpt lat="45.862735" lon="10.897172">
        <ele>557.0</ele>
      </trkpt>
      <trkpt lat="45.862825" lon="10.897214">
        <ele>556.0</ele>
      </trkpt>
      <trkpt lat="45.862911" lon="10.897264">
        <ele>556.0</ele>
      </trkpt>
      <trkpt lat="45.863005" lon="10.897329">
        <ele>555.0</ele>
      </trkpt>
      <trkpt lat="45.863101" lon="10.89737">
        <ele>555.0</ele>
      </trkpt>
      <trkpt lat="45.863189" lon="10.897416">
        <ele>554.0</ele>
      </trkpt>
      <trkpt lat="45.863273" lon="10.897466">
        <ele>554.0</ele>
      </trkpt>
      <trkpt lat="45.863352" lon="10.897562">
        <ele>554.0</ele>
      </trkpt>
      <trkpt lat="45.863424" lon="10.897643">
        <ele>554.0</ele>
      </trkpt>
      <trkpt lat="45.863516" lon="10.89767">
        <ele>553.0</ele>
      </trkpt>
      <trkpt lat="45.863602" lon="10.897721">
        <ele>553.0</ele>
      </trkpt>
      <trkpt lat="45.863694" lon="10.89778">
        <ele>551.0</ele>
      </trkpt>
      <trkpt lat="45.8639" lon="10.89774">
        <ele>547.0</ele>
      </trkpt>
      <trkpt lat="45.863947" lon="10.897627">
        <ele>545.0</ele>
      </trkpt>
      <trkpt lat="45.863985" lon="10.897495">
        <ele>544.0</ele>
      </trkpt>
      <trkpt lat="45.863984" lon="10.897355">
        <ele>542.0</ele>
      </trkpt>
      <trkpt lat="45.864004" lon="10.897219">
        <ele>541.0</ele>
      </trkpt>
      <trkpt lat="45.863933" lon="10.897014">
        <ele>537.0</ele>
      </trkpt>
      <trkpt lat="45.863904" lon="10.896873">
        <ele>535.0</ele>
      </trkpt>
      <trkpt lat="45.863899" lon="10.896737">
        <ele>531.0</ele>
      </trkpt>
      <trkpt lat="45.863906" lon="10.896571">
        <ele>530.0</ele>
      </trkpt>
      <trkpt lat="45.864031" lon="10.896614">
        <ele>525.0</ele>
      </trkpt>
      <trkpt lat="45.864105" lon="10.896709">
        <ele>519.0</ele>
      </trkpt>
      <trkpt lat="45.864198" lon="10.896784">
        <ele>517.0</ele>
      </trkpt>
      <trkpt lat="45.864291" lon="10.896841">
        <ele>515.0</ele>
      </trkpt>
      <trkpt lat="45.864378" lon="10.896911">
        <ele>512.0</ele>
      </trkpt>
      <trkpt lat="45.864495" lon="10.896982">
        <ele>509.0</ele>
      </trkpt>
      <trkpt lat="45.864569" lon="10.897061">
        <ele>505.0</ele>
      </trkpt>
      <trkpt lat="45.864667" lon="10.897142">
        <ele>500.0</ele>
      </trkpt>
      <trkpt lat="45.864754" lon="10.897185">
        <ele>499.0</ele>
      </trkpt>
      <trkpt lat="45.864839" lon="10.897242">
        <ele>497.0</ele>
      </trkpt>
      <trkpt lat="45.864933" lon="10.897225">
        <ele>495.0</ele>
      </trkpt>
      <trkpt lat="45.865055" lon="10.897216">
        <ele>494.0</ele>
      </trkpt>
      <trkpt lat="45.865139" lon="10.897291">
        <ele>492.0</ele>
      </trkpt>
      <trkpt lat="45.865233" lon="10.897291">
        <ele>489.0</ele>
      </trkpt>
      <trkpt lat="45.865304" lon="10.897211">
        <ele>488.0</ele>
      </trkpt>
      <trkpt lat="45.865413" lon="10.89713">
        <ele>486.0</ele>
      </trkpt>
      <trkpt lat="45.865498" lon="10.897074">
        <ele>484.0</ele>
      </trkpt>
      <trkpt lat="45.865508" lon="10.896934">
        <ele>473.0</ele>
      </trkpt>
      <trkpt lat="45.865585" lon="10.896787">
        <ele>470.0</ele>
      </trkpt>
      <trkpt lat="45.865674" lon="10.896736">
        <ele>470.0</ele>
      </trkpt>
      <trkpt lat="45.865738" lon="10.896624">
        <ele>469.0</ele>
      </trkpt>
      <trkpt lat="45.865804" lon="10.896535">
        <ele>467.0</ele>
      </trkpt>
      <trkpt lat="45.865881" lon="10.896459">
        <ele>463.0</ele>
      </trkpt>
      <trkpt lat="45.865969" lon="10.896396">
        <ele>460.0</ele>
      </trkpt>
      <trkpt lat="45.86608" lon="10.896416">
        <ele>458.0</ele>
      </trkpt>
      <trkpt lat="45.866202" lon="10.896488">
        <ele>455.0</ele>
      </trkpt>
      <trkpt lat="45.866302" lon="10.896582">
        <ele>452.0</ele>
      </trkpt>
      <trkpt lat="45.866394" lon="10.896613">
        <ele>447.0</ele>
      </trkpt>
      <trkpt lat="45.866511" lon="10.896561">
        <ele>442.0</ele>
      </trkpt>
      <trkpt lat="45.866602" lon="10.896538">
        <ele>441.0</ele>
      </trkpt>
      <trkpt lat="45.866699" lon="10.896505">
        <ele>439.0</ele>
      </trkpt>
      <trkpt lat="45.866779" lon="10.896446">
        <ele>438.0</ele>
      </trkpt>
      <trkpt lat="45.866845" lon="10.896344">
        <ele>438.0</ele>
      </trkpt>
      <trkpt lat="45.866944" lon="10.89628">
        <ele>436.0</ele>
      </trkpt>
      <trkpt lat="45.867039" lon="10.896243">
        <ele>434.0</ele>
      </trkpt>
      <trkpt lat="45.867133" lon="10.896235">
        <ele>433.0</ele>
      </trkpt>
      <trkpt lat="45.867222" lon="10.896193">
        <ele>431.0</ele>
      </trkpt>
      <trkpt lat="45.867313" lon="10.896197">
        <ele>428.0</ele>
      </trkpt>
      <trkpt lat="45.867398" lon="10.89624">
        <ele>426.0</ele>
      </trkpt>
      <trkpt lat="45.867474" lon="10.896156">
        <ele>422.0</ele>
      </trkpt>
      <trkpt lat="45.867574" lon="10.896162">
        <ele>418.0</ele>
      </trkpt>
      <trkpt lat="45.867672" lon="10.896103">
        <ele>414.0</ele>
      </trkpt>
      <trkpt lat="45.867776" lon="10.896095">
        <ele>413.0</ele>
      </trkpt>
      <trkpt lat="45.867871" lon="10.896082">
        <ele>413.0</ele>
      </trkpt>
      <trkpt lat="45.867972" lon="10.896067">
        <ele>411.0</ele>
      </trkpt>
      <trkpt lat="45.868082" lon="10.896088">
        <ele>409.0</ele>
      </trkpt>
      <trkpt lat="45.868172" lon="10.895976">
        <ele>409.0</ele>
      </trkpt>
      <trkpt lat="45.868255" lon="10.895887">
        <ele>408.0</ele>
      </trkpt>
      <trkpt lat="45.868373" lon="10.895885">
        <ele>407.0</ele>
      </trkpt>
      <trkpt lat="45.868487" lon="10.895832">
        <ele>405.0</ele>
      </trkpt>
      <trkpt lat="45.868591" lon="10.895779">
        <ele>402.0</ele>
      </trkpt>
      <trkpt lat="45.868632" lon="10.895655">
        <ele>400.0</ele>
      </trkpt>
      <trkpt lat="45.868656" lon="10.895509">
        <ele>395.0</ele>
      </trkpt>
      <trkpt lat="45.868724" lon="10.895359">
        <ele>391.0</ele>
      </trkpt>
      <trkpt lat="45.868803" lon="10.895277">
        <ele>389.0</ele>
      </trkpt>
      <trkpt lat="45.868875" lon="10.895178">
        <ele>388.0</ele>
      </trkpt>
      <trkpt lat="45.868932" lon="10.895073">
        <ele>387.0</ele>
      </trkpt>
      <trkpt lat="45.868976" lon="10.894954">
        <ele>387.0</ele>
      </trkpt>
      <trkpt lat="45.868987" lon="10.894815">
        <ele>387.0</ele>
      </trkpt>
      <trkpt lat="45.869015" lon="10.894685">
        <ele>387.0</ele>
      </trkpt>
      <trkpt lat="45.869041" lon="10.894547">
        <ele>386.0</ele>
      </trkpt>
      <trkpt lat="45.869078" lon="10.894404">
        <ele>384.0</ele>
      </trkpt>
      <trkpt lat="45.869135" lon="10.894268">
        <ele>382.0</ele>
      </trkpt>
      <trkpt lat="45.869202" lon="10.894168">
        <ele>376.0</ele>
      </trkpt>
      <trkpt lat="45.869197" lon="10.894025">
        <ele>375.0</ele>
      </trkpt>
      <trkpt lat="45.8692" lon="10.893878">
        <ele>373.0</ele>
      </trkpt>
      <trkpt lat="45.869188" lon="10.893713">
        <ele>371.0</ele>
      </trkpt>
      <trkpt lat="45.869214" lon="10.893582">
        <ele>369.0</ele>
      </trkpt>
      <trkpt lat="45.869218" lon="10.89345">
        <ele>367.0</ele>
      </trkpt>
      <trkpt lat="45.869255" lon="10.893332">
        <ele>366.0</ele>
      </trkpt>
      <trkpt lat="45.86933" lon="10.893197">
        <ele>363.0</ele>
      </trkpt>
      <trkpt lat="45.869395" lon="10.893102">
        <ele>362.0</ele>
      </trkpt>
      <trkpt lat="45.869439" lon="10.892972">
        <ele>358.0</ele>
      </trkpt>
      <trkpt lat="45.869494" lon="10.892865">
        <ele>356.0</ele>
      </trkpt>
      <trkpt lat="45.869588" lon="10.892872">
        <ele>347.0</ele>
      </trkpt>
      <trkpt lat="45.869672" lon="10.892925">
        <ele>342.0</ele>
      </trkpt>
      <trkpt lat="45.86974" lon="10.893018">
        <ele>337.0</ele>
      </trkpt>
      <trkpt lat="45.869807" lon="10.89311">
        <ele>332.0</ele>
      </trkpt>
      <trkpt lat="45.869873" lon="10.893204">
        <ele>328.0</ele>
      </trkpt>
      <trkpt lat="45.869944" lon="10.893292">
        <ele>323.0</ele>
      </trkpt>
      <trkpt lat="45.870028" lon="10.89334">
        <ele>320.0</ele>
      </trkpt>
      <trkpt lat="45.870118" lon="10.893389">
        <ele>316.0</ele>
      </trkpt>
      <trkpt lat="45.870208" lon="10.893389">
        <ele>315.0</ele>
      </trkpt>
      <trkpt lat="45.8703" lon="10.893413">
        <ele>313.0</ele>
      </trkpt>
      <trkpt lat="45.870401" lon="10.893436">
        <ele>310.0</ele>
      </trkpt>
      <trkpt lat="45.870499" lon="10.89344">
        <ele>308.0</ele>
      </trkpt>
      <trkpt lat="45.870585" lon="10.893374">
        <ele>306.0</ele>
      </trkpt>
      <trkpt lat="45.870674" lon="10.893328">
        <ele>304.0</ele>
      </trkpt>
      <trkpt lat="45.870744" lon="10.893241">
        <ele>301.0</ele>
      </trkpt>
      <trkpt lat="45.870809" lon="10.893201">
        <ele>300.0</ele>
      </trkpt>
      <trkpt lat="45.870883" lon="10.893121">
        <ele>297.0</ele>
      </trkpt>
      <trkpt lat="45.870967" lon="10.893075">
        <ele>297.0</ele>
      </trkpt>
      <trkpt lat="45.871057" lon="10.893039">
        <ele>296.0</ele>
      </trkpt>
      <trkpt lat="45.871146" lon="10.892976">
        <ele>295.0</ele>
      </trkpt>
      <trkpt lat="45.871232" lon="10.892918">
        <ele>294.0</ele>
      </trkpt>
      <trkpt lat="45.871323" lon="10.892925">
        <ele>293.0</ele>
      </trkpt>
      <trkpt lat="45.871419" lon="10.892898">
        <ele>291.0</ele>
      </trkpt>
      <trkpt lat="45.871514" lon="10.892835">
        <ele>289.0</ele>
      </trkpt>
      <trkpt lat="45.871604" lon="10.892782">
        <ele>287.0</ele>
      </trkpt>
      <trkpt lat="45.871689" lon="10.892713">
        <ele>286.0</ele>
      </trkpt>
      <trkpt lat="45.871754" lon="10.892595">
        <ele>284.0</ele>
      </trkpt>
      <trkpt lat="45.87182" lon="10.892489">
        <ele>283.0</ele>
      </trkpt>
      <trkpt lat="45.871864" lon="10.892374">
        <ele>280.0</ele>
      </trkpt>
      <trkpt lat="45.87192" lon="10.892253">
        <ele>279.0</ele>
      </trkpt>
      <trkpt lat="45.871979" lon="10.892146">
        <ele>277.0</ele>
      </trkpt>
      <trkpt lat="45.872053" lon="10.892007">
        <ele>276.0</ele>
      </trkpt>
      <trkpt lat="45.872108" lon="10.891902">
        <ele>276.0</ele>
      </trkpt>
      <trkpt lat="45.872156" lon="10.891786">
        <ele>276.0</ele>
      </trkpt>
      <trkpt lat="45.872198" lon="10.891665">
        <ele>276.0</ele>
      </trkpt>
      <trkpt lat="45.872253" lon="10.891545">
        <ele>276.0</ele>
      </trkpt>
      <trkpt lat="45.872333" lon="10.89146">
        <ele>276.0</ele>
      </trkpt>
      <trkpt lat="45.872422" lon="10.891396">
        <ele>276.0</ele>
      </trkpt>
      <trkpt lat="45.872383" lon="10.891281">
        <ele>276.0</ele>
      </trkpt>
      <trkpt lat="45.872288" lon="10.891258">
        <ele>276.0</ele>
      </trkpt>
      <trkpt lat="45.872202" lon="10.89121">
        <ele>276.0</ele>
      </trkpt>
      <trkpt lat="45.872124" lon="10.891143">
        <ele>275.0</ele>
      </trkpt>
      <trkpt lat="45.872041" lon="10.891053">
        <ele>276.0</ele>
      </trkpt>
      <trkpt lat="45.871946" lon="10.890976">
        <ele>276.0</ele>
      </trkpt>
      <trkpt lat="45.87186" lon="10.890923">
        <ele>276.0</ele>
      </trkpt>
      <trkpt lat="45.871776" lon="10.890854">
        <ele>277.0</ele>
      </trkpt>
      <trkpt lat="45.87169" lon="10.89081">
        <ele>277.0</ele>
      </trkpt>
      <trkpt lat="45.87161" lon="10.890751">
        <ele>277.0</ele>
      </trkpt>
      <trkpt lat="45.871526" lon="10.890689">
        <ele>278.0</ele>
      </trkpt>
      <trkpt lat="45.87145" lon="10.890613">
        <ele>278.0</ele>
      </trkpt>
      <trkpt lat="45.871369" lon="10.890546">
        <ele>279.0</ele>
      </trkpt>
      <trkpt lat="45.871296" lon="10.890449">
        <ele>279.0</ele>
      </trkpt>
      <trkpt lat="45.871206" lon="10.890363">
        <ele>278.0</ele>
      </trkpt>
      <trkpt lat="45.871134" lon="10.890254">
        <ele>279.0</ele>
      </trkpt>
      <trkpt lat="45.871053" lon="10.890165">
        <ele>279.0</ele>
      </trkpt>
      <trkpt lat="45.87098" lon="10.890066">
        <ele>279.0</ele>
      </trkpt>
      <trkpt lat="45.870919" lon="10.88996">
        <ele>280.0</ele>
      </trkpt>
      <trkpt lat="45.87086" lon="10.889853">
        <ele>280.0</ele>
      </trkpt>
      <trkpt lat="45.870794" lon="10.889758">
        <ele>281.0</ele>
      </trkpt>
      <trkpt lat="45.870726" lon="10.889648">
        <ele>281.0</ele>
      </trkpt>
      <trkpt lat="45.870631" lon="10.889556">
        <ele>281.0</ele>
      </trkpt>
      <trkpt lat="45.870537" lon="10.889496">
        <ele>282.0</ele>
      </trkpt>
      <trkpt lat="45.870462" lon="10.889403">
        <ele>283.0</ele>
      </trkpt>
      <trkpt lat="45.870383" lon="10.889304">
        <ele>285.0</ele>
      </trkpt>
      <trkpt lat="45.870311" lon="10.889185">
        <ele>286.0</ele>
      </trkpt>
      <trkpt lat="45.870258" lon="10.889079">
        <ele>288.0</ele>
      </trkpt>
      <trkpt lat="45.870191" lon="10.888977">
        <ele>289.0</ele>
      </trkpt>
      <trkpt lat="45.870157" lon="10.88885">
        <ele>292.0</ele>
      </trkpt>
      <trkpt lat="45.87014" lon="10.888722">
        <ele>293.0</ele>
      </trkpt>
      <trkpt lat="45.870097" lon="10.888597">
        <ele>294.0</ele>
      </trkpt>
      <trkpt lat="45.870018" lon="10.888507">
        <ele>295.0</ele>
      </trkpt>
      <trkpt lat="45.869941" lon="10.888435">
        <ele>297.0</ele>
      </trkpt>
      <trkpt lat="45.869845" lon="10.888356">
        <ele>298.0</ele>
      </trkpt>
      <trkpt lat="45.86977" lon="10.88825">
        <ele>300.0</ele>
      </trkpt>
      <trkpt lat="45.869795" lon="10.88811">
        <ele>302.0</ele>
      </trkpt>
      <trkpt lat="45.869847" lon="10.887994">
        <ele>304.0</ele>
      </trkpt>
      <trkpt lat="45.86991" lon="10.88788">
        <ele>305.0</ele>
      </trkpt>
      <trkpt lat="45.869969" lon="10.887779">
        <ele>306.0</ele>
      </trkpt>
      <trkpt lat="45.869934" lon="10.887654">
        <ele>306.0</ele>
      </trkpt>
      <trkpt lat="45.869873" lon="10.887543">
        <ele>305.0</ele>
      </trkpt>
      <trkpt lat="45.869813" lon="10.887436">
        <ele>306.0</ele>
      </trkpt>
      <trkpt lat="45.869747" lon="10.887341">
        <ele>305.0</ele>
      </trkpt>
      <trkpt lat="45.869656" lon="10.887258">
        <ele>304.0</ele>
      </trkpt>
      <trkpt lat="45.869574" lon="10.887204">
        <ele>304.0</ele>
      </trkpt>
      <trkpt lat="45.869498" lon="10.887114">
        <ele>304.0</ele>
      </trkpt>
      <trkpt lat="45.869424" lon="10.887023">
        <ele>304.0</ele>
      </trkpt>
      <trkpt lat="45.869347" lon="10.886939">
        <ele>303.0</ele>
      </trkpt>
      <trkpt lat="45.869274" lon="10.886844">
        <ele>302.0</ele>
      </trkpt>
      <trkpt lat="45.869216" lon="10.886728">
        <ele>302.0</ele>
      </trkpt>
      <trkpt lat="45.869149" lon="10.886639">
        <ele>301.0</ele>
      </trkpt>
      <trkpt lat="45.869085" lon="10.886523">
        <ele>300.0</ele>
      </trkpt>
      <trkpt lat="45.869028" lon="10.886418">
        <ele>300.0</ele>
      </trkpt>
      <trkpt lat="45.868952" lon="10.886345">
        <ele>299.0</ele>
      </trkpt>
      <trkpt lat="45.868907" lon="10.886225">
        <ele>299.0</ele>
      </trkpt>
      <trkpt lat="45.868876" lon="10.886096">
        <ele>299.0</ele>
      </trkpt>
      <trkpt lat="45.868857" lon="10.885956">
        <ele>298.0</ele>
      </trkpt>
      <trkpt lat="45.868831" lon="10.885818">
        <ele>298.0</ele>
      </trkpt>
      <trkpt lat="45.868792" lon="10.885681">
        <ele>298.0</ele>
      </trkpt>
      <trkpt lat="45.868752" lon="10.885557">
        <ele>297.0</ele>
      </trkpt>
      <trkpt lat="45.868702" lon="10.885438">
        <ele>296.0</ele>
      </trkpt>
      <trkpt lat="45.868641" lon="10.885333">
        <ele>296.0</ele>
      </trkpt>
      <trkpt lat="45.868588" lon="10.885211">
        <ele>295.0</ele>
      </trkpt>
      <trkpt lat="45.868533" lon="10.885101">
        <ele>292.0</ele>
      </trkpt>
      <trkpt lat="45.868449" lon="10.885021">
        <ele>291.0</ele>
      </trkpt>
      <trkpt lat="45.868402" lon="10.884908">
        <ele>290.0</ele>
      </trkpt>
      <trkpt lat="45.868339" lon="10.884798">
        <ele>289.0</ele>
      </trkpt>
      <trkpt lat="45.868279" lon="10.88469">
        <ele>288.0</ele>
      </trkpt>
      <trkpt lat="45.868223" lon="10.884566">
        <ele>287.0</ele>
      </trkpt>
      <trkpt lat="45.868181" lon="10.884441">
        <ele>287.0</ele>
      </trkpt>
      <trkpt lat="45.868173" lon="10.884298">
        <ele>286.0</ele>
      </trkpt>
      <trkpt lat="45.86817" lon="10.884156">
        <ele>285.0</ele>
      </trkpt>
      <trkpt lat="45.868142" lon="10.884029">
        <ele>284.0</ele>
      </trkpt>
      <trkpt lat="45.868129" lon="10.883891">
        <ele>283.0</ele>
      </trkpt>
      <trkpt lat="45.86811" lon="10.883742">
        <ele>281.0</ele>
      </trkpt>
      <trkpt lat="45.868113" lon="10.883594">
        <ele>279.0</ele>
      </trkpt>
      <trkpt lat="45.868098" lon="10.883447">
        <ele>278.0</ele>
      </trkpt>
      <trkpt lat="45.868095" lon="10.883317">
        <ele>277.0</ele>
      </trkpt>
      <trkpt lat="45.86806" lon="10.883182">
        <ele>276.0</ele>
      </trkpt>
      <trkpt lat="45.868036" lon="10.88305">
        <ele>275.0</ele>
      </trkpt>
      <trkpt lat="45.867996" lon="10.882933">
        <ele>274.0</ele>
      </trkpt>
      <trkpt lat="45.867918" lon="10.882828">
        <ele>272.0</ele>
      </trkpt>
      <trkpt lat="45.867855" lon="10.882729">
        <ele>271.0</ele>
      </trkpt>
      <trkpt lat="45.867884" lon="10.882531">
        <ele>266.0</ele>
      </trkpt>
      <trkpt lat="45.86788" lon="10.882394">
        <ele>265.0</ele>
      </trkpt>
      <trkpt lat="45.867859" lon="10.882266">
        <ele>265.0</ele>
      </trkpt>
      <trkpt lat="45.867786" lon="10.88218">
        <ele>265.0</ele>
      </trkpt>
      <trkpt lat="45.867691" lon="10.882164">
        <ele>264.0</ele>
      </trkpt>
      <trkpt lat="45.867597" lon="10.882151">
        <ele>263.0</ele>
      </trkpt>
      <trkpt lat="45.867522" lon="10.882248">
        <ele>262.0</ele>
      </trkpt>
      <trkpt lat="45.867488" lon="10.882389">
        <ele>261.0</ele>
      </trkpt>
      <trkpt lat="45.867492" lon="10.882531">
        <ele>259.0</ele>
      </trkpt>
      <trkpt lat="45.867535" lon="10.882673">
        <ele>257.0</ele>
      </trkpt>
      <trkpt lat="45.867577" lon="10.882788">
        <ele>256.0</ele>
      </trkpt>
      <trkpt lat="45.867627" lon="10.882921">
        <ele>255.0</ele>
      </trkpt>
      <trkpt lat="45.867656" lon="10.88305">
        <ele>254.0</ele>
      </trkpt>
      <trkpt lat="45.867591" lon="10.883172">
        <ele>253.0</ele>
      </trkpt>
      <trkpt lat="45.86748" lon="10.883201">
        <ele>252.0</ele>
      </trkpt>
      <trkpt lat="45.867388" lon="10.883189">
        <ele>251.0</ele>
      </trkpt>
      <trkpt lat="45.867297" lon="10.883218">
        <ele>250.0</ele>
      </trkpt>
      <trkpt lat="45.86722" lon="10.883285">
        <ele>249.0</ele>
      </trkpt>
      <trkpt lat="45.867117" lon="10.883302">
        <ele>248.0</ele>
      </trkpt>
      <trkpt lat="45.867019" lon="10.883315">
        <ele>247.0</ele>
      </trkpt>
      <trkpt lat="45.866915" lon="10.883312">
        <ele>246.0</ele>
      </trkpt>
      <trkpt lat="45.866817" lon="10.883302">
        <ele>245.0</ele>
      </trkpt>
      <trkpt lat="45.866714" lon="10.883294">
        <ele>244.0</ele>
      </trkpt>
      <trkpt lat="45.866623" lon="10.88329">
        <ele>241.0</ele>
      </trkpt>
      <trkpt lat="45.866516" lon="10.883339">
        <ele>235.0</ele>
      </trkpt>
      <trkpt lat="45.866406" lon="10.88343">
        <ele>235.0</ele>
      </trkpt>
      <trkpt lat="45.86629" lon="10.883467">
        <ele>234.0</ele>
      </trkpt>
      <trkpt lat="45.866194" lon="10.883514">
        <ele>234.0</ele>
      </trkpt>
      <trkpt lat="45.866074" lon="10.883524">
        <ele>233.0</ele>
      </trkpt>
      <trkpt lat="45.865924" lon="10.883493">
        <ele>232.0</ele>
      </trkpt>
      <trkpt lat="45.865833" lon="10.883415">
        <ele>231.0</ele>
      </trkpt>
      <trkpt lat="45.865754" lon="10.883282">
        <ele>230.0</ele>
      </trkpt>
      <trkpt lat="45.865701" lon="10.883103">
        <ele>228.0</ele>
      </trkpt>
      <trkpt lat="45.865609" lon="10.882978">
        <ele>227.0</ele>
      </trkpt>
      <trkpt lat="45.865525" lon="10.882926">
        <ele>224.0</ele>
      </trkpt>
      <trkpt lat="45.865437" lon="10.882871">
        <ele>224.0</ele>
      </trkpt>
      <trkpt lat="45.865373" lon="10.882777">
        <ele>224.0</ele>
      </trkpt>
      <trkpt lat="45.86531" lon="10.882655">
        <ele>223.0</ele>
      </trkpt>
      <trkpt lat="45.865368" lon="10.882582">
        <ele>223.0</ele>
      </trkpt>
      <trkpt lat="45.865493" lon="10.882559">
        <ele>223.0</ele>
      </trkpt>
      <trkpt lat="45.86562" lon="10.882497">
        <ele>223.0</ele>
      </trkpt>
      <trkpt lat="45.865739" lon="10.882418">
        <ele>222.0</ele>
      </trkpt>
      <trkpt lat="45.86585" lon="10.882291">
        <ele>222.0</ele>
      </trkpt>
      <trkpt lat="45.865934" lon="10.882068">
        <ele>210.0</ele>
      </trkpt>
      <trkpt lat="45.865996" lon="10.881866">
        <ele>209.0</ele>
      </trkpt>
      <trkpt lat="45.86609" lon="10.881763">
        <ele>208.0</ele>
      </trkpt>
      <trkpt lat="45.866134" lon="10.881644">
        <ele>208.0</ele>
      </trkpt>
      <trkpt lat="45.866257" lon="10.881524">
        <ele>207.0</ele>
      </trkpt>
      <trkpt lat="45.866337" lon="10.881427">
        <ele>206.0</ele>
      </trkpt>
      <trkpt lat="45.866432" lon="10.881334">
        <ele>204.0</ele>
      </trkpt>
      <trkpt lat="45.866478" lon="10.881207">
        <ele>203.0</ele>
      </trkpt>
      <trkpt lat="45.866547" lon="10.881115">
        <ele>203.0</ele>
      </trkpt>
      <trkpt lat="45.866609" lon="10.88102">
        <ele>201.0</ele>
      </trkpt>
      <trkpt lat="45.866653" lon="10.880902">
        <ele>199.0</ele>
      </trkpt>
      <trkpt lat="45.866699" lon="10.880786">
        <ele>196.0</ele>
      </trkpt>
      <trkpt lat="45.866739" lon="10.880661">
        <ele>194.0</ele>
      </trkpt>
      <trkpt lat="45.86677" lon="10.880536">
        <ele>193.0</ele>
      </trkpt>
      <trkpt lat="45.866844" lon="10.880417">
        <ele>193.0</ele>
      </trkpt>
      <trkpt lat="45.866903" lon="10.880312">
        <ele>193.0</ele>
      </trkpt>
      <trkpt lat="45.866962" lon="10.880211">
        <ele>193.0</ele>
      </trkpt>
      <trkpt lat="45.866903" lon="10.880095">
        <ele>194.0</ele>
      </trkpt>
      <trkpt lat="45.866832" lon="10.879985">
        <ele>193.0</ele>
      </trkpt>
      <trkpt lat="45.866781" lon="10.87986">
        <ele>191.0</ele>
      </trkpt>
      <trkpt lat="45.866769" lon="10.879714">
        <ele>191.0</ele>
      </trkpt>
      <trkpt lat="45.866803" lon="10.879575">
        <ele>190.0</ele>
      </trkpt>
      <trkpt lat="45.866844" lon="10.879442">
        <ele>190.0</ele>
      </trkpt>
      <trkpt lat="45.866869" lon="10.879317">
        <ele>190.0</ele>
      </trkpt>
      <trkpt lat="45.866852" lon="10.879177">
        <ele>189.0</ele>
      </trkpt>
      <trkpt lat="45.866821" lon="10.879047">
        <ele>187.0</ele>
      </trkpt>
      <trkpt lat="45.866772" lon="10.87879">
        <ele>183.0</ele>
      </trkpt>
      <trkpt lat="45.866777" lon="10.878646">
        <ele>182.0</ele>
      </trkpt>
      <trkpt lat="45.866768" lon="10.878514">
        <ele>180.0</ele>
      </trkpt>
      <trkpt lat="45.866795" lon="10.87839">
        <ele>178.0</ele>
      </trkpt>
      <trkpt lat="45.866762" lon="10.878255">
        <ele>173.0</ele>
      </trkpt>
      <trkpt lat="45.866708" lon="10.87815">
        <ele>172.0</ele>
      </trkpt>
      <trkpt lat="45.866789" lon="10.878077">
        <ele>167.0</ele>
      </trkpt>
      <trkpt lat="45.86688" lon="10.878102">
        <ele>166.0</ele>
      </trkpt>
      <trkpt lat="45.866981" lon="10.878103">
        <ele>163.0</ele>
      </trkpt>
      <trkpt lat="45.867036" lon="10.877983">
        <ele>160.0</ele>
      </trkpt>
      <trkpt lat="45.866986" lon="10.877864">
        <ele>160.0</ele>
      </trkpt>
      <trkpt lat="45.867077" lon="10.877888">
        <ele>154.0</ele>
      </trkpt>
      <trkpt lat="45.867169" lon="10.877921">
        <ele>152.0</ele>
      </trkpt>
      <trkpt lat="45.867209" lon="10.877793">
        <ele>149.0</ele>
      </trkpt>
      <trkpt lat="45.867173" lon="10.877673">
        <ele>147.0</ele>
      </trkpt>
      <trkpt lat="45.86718" lon="10.87754">
        <ele>144.0</ele>
      </trkpt>
      <trkpt lat="45.867195" lon="10.87741">
        <ele>142.0</ele>
      </trkpt>
      <trkpt lat="45.867285" lon="10.877398">
        <ele>137.0</ele>
      </trkpt>
      <trkpt lat="45.867383" lon="10.877447">
        <ele>130.0</ele>
      </trkpt>
      <trkpt lat="45.867479" lon="10.877493">
        <ele>129.0</ele>
      </trkpt>
      <trkpt lat="45.867569" lon="10.877537">
        <ele>127.0</ele>
      </trkpt>
      <trkpt lat="45.867657" lon="10.877505">
        <ele>126.0</ele>
      </trkpt>
      <trkpt lat="45.867693" lon="10.877377">
        <ele>125.0</ele>
      </trkpt>
      <trkpt lat="45.867703" lon="10.877242">
        <ele>123.0</ele>
      </trkpt>
      <trkpt lat="45.867684" lon="10.87698">
        <ele>121.0</ele>
      </trkpt>
      <trkpt lat="45.867771" lon="10.876901">
        <ele>119.0</ele>
      </trkpt>
      <trkpt lat="45.867874" lon="10.876935">
        <ele>119.0</ele>
      </trkpt>
      <trkpt lat="45.86797" lon="10.876897">
        <ele>118.0</ele>
      </trkpt>
      <trkpt lat="45.868061" lon="10.87687">
        <ele>118.0</ele>
      </trkpt>
      <trkpt lat="45.868144" lon="10.876788">
        <ele>118.0</ele>
      </trkpt>
      <trkpt lat="45.868232" lon="10.876724">
        <ele>119.0</ele>
      </trkpt>
      <trkpt lat="45.868324" lon="10.876691">
        <ele>119.0</ele>
      </trkpt>
      <trkpt lat="45.868504" lon="10.876589">
        <ele>117.0</ele>
      </trkpt>
      <trkpt lat="45.868586" lon="10.876519">
        <ele>117.0</ele>
      </trkpt>
      <trkpt lat="45.868679" lon="10.876514">
        <ele>117.0</ele>
      </trkpt>
      <trkpt lat="45.86885" lon="10.876394">
        <ele>117.0</ele>
      </trkpt>
      <trkpt lat="45.868942" lon="10.876336">
        <ele>116.0</ele>
      </trkpt>
      <trkpt lat="45.869069" lon="10.876127">
        <ele>118.0</ele>
      </trkpt>
      <trkpt lat="45.869012" lon="10.876021">
        <ele>123.0</ele>
      </trkpt>
      <trkpt lat="45.868923" lon="10.875946">
        <ele>123.0</ele>
      </trkpt>
      <trkpt lat="45.868872" lon="10.875828">
        <ele>122.0</ele>
      </trkpt>
      <trkpt lat="45.868825" lon="10.875714">
        <ele>122.0</ele>
      </trkpt>
      <trkpt lat="45.868758" lon="10.87561">
        <ele>120.0</ele>
      </trkpt>
      <trkpt lat="45.868686" lon="10.875529">
        <ele>119.0</ele>
      </trkpt>
      <trkpt lat="45.868677" lon="10.875394">
        <ele>119.0</ele>
      </trkpt>
      <trkpt lat="45.86867" lon="10.875255">
        <ele>120.0</ele>
      </trkpt>
      <trkpt lat="45.868705" lon="10.87513">
        <ele>120.0</ele>
      </trkpt>
      <trkpt lat="45.86877" lon="10.875015">
        <ele>120.0</ele>
      </trkpt>
      <trkpt lat="45.868836" lon="10.874909">
        <ele>121.0</ele>
      </trkpt>
      <trkpt lat="45.86891" lon="10.874829">
        <ele>120.0</ele>
      </trkpt>
      <trkpt lat="45.868983" lon="10.87474">
        <ele>120.0</ele>
      </trkpt>
      <trkpt lat="45.869052" lon="10.874635">
        <ele>120.0</ele>
      </trkpt>
      <trkpt lat="45.869114" lon="10.874524">
        <ele>121.0</ele>
      </trkpt>
      <trkpt lat="45.869147" lon="10.87439">
        <ele>120.0</ele>
      </trkpt>
      <trkpt lat="45.869224" lon="10.874297">
        <ele>119.0</ele>
      </trkpt>
      <trkpt lat="45.869315" lon="10.874247">
        <ele>119.0</ele>
      </trkpt>
      <trkpt lat="45.869365" lon="10.874131">
        <ele>118.0</ele>
      </trkpt>
      <trkpt lat="45.869407" lon="10.874007">
        <ele>118.0</ele>
      </trkpt>
      <trkpt lat="45.869491" lon="10.873933">
        <ele>118.0</ele>
      </trkpt>
      <trkpt lat="45.869566" lon="10.873836">
        <ele>117.0</ele>
      </trkpt>
      <trkpt lat="45.869629" lon="10.873736">
        <ele>117.0</ele>
      </trkpt>
      <trkpt lat="45.869681" lon="10.873618">
        <ele>116.0</ele>
      </trkpt>
      <trkpt lat="45.869692" lon="10.873489">
        <ele>116.0</ele>
      </trkpt>
      <trkpt lat="45.869725" lon="10.873353">
        <ele>115.0</ele>
      </trkpt>
      <trkpt lat="45.86977" lon="10.87324">
        <ele>116.0</ele>
      </trkpt>
      <trkpt lat="45.869829" lon="10.873134">
        <ele>116.0</ele>
      </trkpt>
      <trkpt lat="45.869859" lon="10.873005">
        <ele>117.0</ele>
      </trkpt>
      <trkpt lat="45.86991" lon="10.872889">
        <ele>117.0</ele>
      </trkpt>
      <trkpt lat="45.869982" lon="10.872811">
        <ele>118.0</ele>
      </trkpt>
      <trkpt lat="45.870035" lon="10.872702">
        <ele>118.0</ele>
      </trkpt>
      <trkpt lat="45.870102" lon="10.872601">
        <ele>118.0</ele>
      </trkpt>
      <trkpt lat="45.870168" lon="10.872489">
        <ele>118.0</ele>
      </trkpt>
      <trkpt lat="45.870221" lon="10.872377">
        <ele>118.0</ele>
      </trkpt>
      <trkpt lat="45.870283" lon="10.872263">
        <ele>118.0</ele>
      </trkpt>
      <trkpt lat="45.870357" lon="10.872161">
        <ele>117.0</ele>
      </trkpt>
      <trkpt lat="45.870425" lon="10.872054">
        <ele>117.0</ele>
      </trkpt>
      <trkpt lat="45.870497" lon="10.871948">
        <ele>117.0</ele>
      </trkpt>
      <trkpt lat="45.870552" lon="10.871845">
        <ele>116.0</ele>
      </trkpt>
      <trkpt lat="45.870613" lon="10.871739">
        <ele>116.0</ele>
      </trkpt>
      <trkpt lat="45.870713" lon="10.871717">
        <ele>116.0</ele>
      </trkpt>
      <trkpt lat="45.870806" lon="10.871756">
        <ele>116.0</ele>
      </trkpt>
      <trkpt lat="45.8709" lon="10.87174">
        <ele>116.0</ele>
      </trkpt>
      <trkpt lat="45.870975" lon="10.871664">
        <ele>116.0</ele>
      </trkpt>
      <trkpt lat="45.871032" lon="10.871558">
        <ele>116.0</ele>
      </trkpt>
      <trkpt lat="45.871008" lon="10.871418">
        <ele>117.0</ele>
      </trkpt>
      <trkpt lat="45.870917" lon="10.871348">
        <ele>116.0</ele>
      </trkpt>
      <trkpt lat="45.870829" lon="10.871266">
        <ele>116.0</ele>
      </trkpt>
      <trkpt lat="45.87084" lon="10.871111">
        <ele>116.0</ele>
      </trkpt>
      <trkpt lat="45.870895" lon="10.87099">
        <ele>117.0</ele>
      </trkpt>
      <trkpt lat="45.870967" lon="10.870886">
        <ele>117.0</ele>
      </trkpt>
      <trkpt lat="45.871054" lon="10.87081">
        <ele>117.0</ele>
      </trkpt>
      <trkpt lat="45.871146" lon="10.870753">
        <ele>117.0</ele>
      </trkpt>
      <trkpt lat="45.871229" lon="10.870695">
        <ele>117.0</ele>
      </trkpt>
      <trkpt lat="45.871315" lon="10.870627">
        <ele>117.0</ele>
      </trkpt>
      <trkpt lat="45.871402" lon="10.870538">
        <ele>117.0</ele>
      </trkpt>
      <trkpt lat="45.871472" lon="10.87045">
        <ele>117.0</ele>
      </trkpt>
      <trkpt lat="45.871547" lon="10.870349">
        <ele>117.0</ele>
      </trkpt>
      <trkpt lat="45.871594" lon="10.870236">
        <ele>118.0</ele>
      </trkpt>
      <trkpt lat="45.871672" lon="10.87017">
        <ele>117.0</ele>
      </trkpt>
      <trkpt lat="45.871775" lon="10.870147">
        <ele>117.0</ele>
      </trkpt>
      <trkpt lat="45.871853" lon="10.870079">
        <ele>117.0</ele>
      </trkpt>
      <trkpt lat="45.871928" lon="10.869976">
        <ele>117.0</ele>
      </trkpt>
      <trkpt lat="45.872031" lon="10.869941">
        <ele>116.0</ele>
      </trkpt>
      <trkpt lat="45.872107" lon="10.869855">
        <ele>116.0</ele>
      </trkpt>
      <trkpt lat="45.87218" lon="10.869773">
        <ele>116.0</ele>
      </trkpt>
      <trkpt lat="45.872229" lon="10.869662">
        <ele>116.0</ele>
      </trkpt>
      <trkpt lat="45.872248" lon="10.869526">
        <ele>116.0</ele>
      </trkpt>
      <trkpt lat="45.87229" lon="10.86941">
        <ele>116.0</ele>
      </trkpt>
      <trkpt lat="45.872312" lon="10.869263">
        <ele>115.0</ele>
      </trkpt>
      <trkpt lat="45.872344" lon="10.869123">
        <ele>115.0</ele>
      </trkpt>
      <trkpt lat="45.872381" lon="10.869002">
        <ele>115.0</ele>
      </trkpt>
      <trkpt lat="45.872403" lon="10.868868">
        <ele>115.0</ele>
      </trkpt>
      <trkpt lat="45.872465" lon="10.868773">
        <ele>116.0</ele>
      </trkpt>
      <trkpt lat="45.872505" lon="10.868644">
        <ele>116.0</ele>
      </trkpt>
      <trkpt lat="45.872498" lon="10.868503">
        <ele>116.0</ele>
      </trkpt>
      <trkpt lat="45.872509" lon="10.868347">
        <ele>117.0</ele>
      </trkpt>
      <trkpt lat="45.87254" lon="10.868214">
        <ele>117.0</ele>
      </trkpt>
      <trkpt lat="45.872548" lon="10.868083">
        <ele>118.0</ele>
      </trkpt>
      <trkpt lat="45.872559" lon="10.867954">
        <ele>118.0</ele>
      </trkpt>
      <trkpt lat="45.872511" lon="10.86769">
        <ele>118.0</ele>
      </trkpt>
      <trkpt lat="45.872496" lon="10.867554">
        <ele>118.0</ele>
      </trkpt>
      <trkpt lat="45.872569" lon="10.86746">
        <ele>119.0</ele>
      </trkpt>
      <trkpt lat="45.872668" lon="10.86752">
        <ele>119.0</ele>
      </trkpt>
      <trkpt lat="45.872742" lon="10.867628">
        <ele>119.0</ele>
      </trkpt>
      <trkpt lat="45.872794" lon="10.867747">
        <ele>120.0</ele>
      </trkpt>
      <trkpt lat="45.872837" lon="10.867873">
        <ele>120.0</ele>
      </trkpt>
      <trkpt lat="45.872876" lon="10.867994">
        <ele>120.0</ele>
      </trkpt>
      <trkpt lat="45.872939" lon="10.868099">
        <ele>120.0</ele>
      </trkpt>
      <trkpt lat="45.872979" lon="10.868217">
        <ele>120.0</ele>
      </trkpt>
      <trkpt lat="45.873014" lon="10.868337">
        <ele>119.0</ele>
      </trkpt>
      <trkpt lat="45.873045" lon="10.868487">
        <ele>119.0</ele>
      </trkpt>
      <trkpt lat="45.873138" lon="10.868451">
        <ele>119.0</ele>
      </trkpt>
      <trkpt lat="45.873214" lon="10.868378">
        <ele>119.0</ele>
      </trkpt>
      <trkpt lat="45.873307" lon="10.868343">
        <ele>120.0</ele>
      </trkpt>
      <trkpt lat="45.873408" lon="10.868308">
        <ele>120.0</ele>
      </trkpt>
      <trkpt lat="45.873501" lon="10.868257">
        <ele>120.0</ele>
      </trkpt>
      <trkpt lat="45.873587" lon="10.868202">
        <ele>120.0</ele>
      </trkpt>
      <trkpt lat="45.873687" lon="10.868127">
        <ele>120.0</ele>
      </trkpt>
      <trkpt lat="45.87371" lon="10.867997">
        <ele>121.0</ele>
      </trkpt>
      <trkpt lat="45.873686" lon="10.867871">
        <ele>122.0</ele>
      </trkpt>
      <trkpt lat="45.873658" lon="10.867729">
        <ele>122.0</ele>
      </trkpt>
      <trkpt lat="45.87365" lon="10.867574">
        <ele>121.0</ele>
      </trkpt>
      <trkpt lat="45.873628" lon="10.867444">
        <ele>121.0</ele>
      </trkpt>
      <trkpt lat="45.873672" lon="10.867326">
        <ele>121.0</ele>
      </trkpt>
      <trkpt lat="45.87377" lon="10.867299">
        <ele>121.0</ele>
      </trkpt>
      <trkpt lat="45.873842" lon="10.867218">
        <ele>120.0</ele>
      </trkpt>
      <trkpt lat="45.873894" lon="10.867105">
        <ele>120.0</ele>
      </trkpt>
      <trkpt lat="45.873973" lon="10.866993">
        <ele>119.0</ele>
      </trkpt>
      <trkpt lat="45.874065" lon="10.866965">
        <ele>119.0</ele>
      </trkpt>
      <trkpt lat="45.87417" lon="10.86694">
        <ele>119.0</ele>
      </trkpt>
      <trkpt lat="45.874266" lon="10.866937">
        <ele>119.0</ele>
      </trkpt>
      <trkpt lat="45.87436" lon="10.866951">
        <ele>118.0</ele>
      </trkpt>
      <trkpt lat="45.87445" lon="10.867002">
        <ele>118.0</ele>
      </trkpt>
      <trkpt lat="45.874549" lon="10.867081">
        <ele>116.0</ele>
      </trkpt>
      <trkpt lat="45.87464" lon="10.867099">
        <ele>116.0</ele>
      </trkpt>
      <trkpt lat="45.874739" lon="10.867077">
        <ele>116.0</ele>
      </trkpt>
      <trkpt lat="45.874834" lon="10.867031">
        <ele>117.0</ele>
      </trkpt>
      <trkpt lat="45.874924" lon="10.867035">
        <ele>117.0</ele>
      </trkpt>
      <trkpt lat="45.875022" lon="10.867083">
        <ele>116.0</ele>
      </trkpt>
      <trkpt lat="45.875116" lon="10.867102">
        <ele>116.0</ele>
      </trkpt>
      <trkpt lat="45.875213" lon="10.867108">
        <ele>116.0</ele>
      </trkpt>
      <trkpt lat="45.875306" lon="10.867095">
        <ele>116.0</ele>
      </trkpt>
      <trkpt lat="45.875403" lon="10.867083">
        <ele>117.0</ele>
      </trkpt>
      <trkpt lat="45.875504" lon="10.867051">
        <ele>117.0</ele>
      </trkpt>
      <trkpt lat="45.875576" lon="10.866972">
        <ele>117.0</ele>
      </trkpt>
      <trkpt lat="45.87564" lon="10.866866">
        <ele>117.0</ele>
      </trkpt>
      <trkpt lat="45.87573" lon="10.866796">
        <ele>117.0</ele>
      </trkpt>
      <trkpt lat="45.875809" lon="10.866726">
        <ele>117.0</ele>
      </trkpt>
      <trkpt lat="45.875886" lon="10.866652">
        <ele>117.0</ele>
      </trkpt>
      <trkpt lat="45.875968" lon="10.866559">
        <ele>116.0</ele>
      </trkpt>
      <trkpt lat="45.876114" lon="10.866412">
        <ele>115.0</ele>
      </trkpt>
      <trkpt lat="45.876182" lon="10.866319">
        <ele>115.0</ele>
      </trkpt>
      <trkpt lat="45.876267" lon="10.866213">
        <ele>115.0</ele>
      </trkpt>
      <trkpt lat="45.876351" lon="10.866137">
        <ele>114.0</ele>
      </trkpt>
      <trkpt lat="45.87641" lon="10.866028">
        <ele>113.0</ele>
      </trkpt>
      <trkpt lat="45.876477" lon="10.865928">
        <ele>112.0</ele>
      </trkpt>
      <trkpt lat="45.876551" lon="10.865834">
        <ele>112.0</ele>
      </trkpt>
      <trkpt lat="45.876631" lon="10.865749">
        <ele>111.0</ele>
      </trkpt>
      <trkpt lat="45.876702" lon="10.865661">
        <ele>112.0</ele>
      </trkpt>
      <trkpt lat="45.876772" lon="10.865575">
        <ele>112.0</ele>
      </trkpt>
      <trkpt lat="45.876835" lon="10.865465">
        <ele>111.0</ele>
      </trkpt>
      <trkpt lat="45.876911" lon="10.865357">
        <ele>111.0</ele>
      </trkpt>
      <trkpt lat="45.87697" lon="10.86524">
        <ele>110.0</ele>
      </trkpt>
      <trkpt lat="45.877005" lon="10.865118">
        <ele>110.0</ele>
      </trkpt>
      <trkpt lat="45.877062" lon="10.865004">
        <ele>111.0</ele>
      </trkpt>
      <trkpt lat="45.877123" lon="10.864884">
        <ele>111.0</ele>
      </trkpt>
      <trkpt lat="45.877162" lon="10.864759">
        <ele>112.0</ele>
      </trkpt>
      <trkpt lat="45.87716" lon="10.864625">
        <ele>112.0</ele>
      </trkpt>
      <trkpt lat="45.877204" lon="10.864498">
        <ele>113.0</ele>
      </trkpt>
      <trkpt lat="45.877193" lon="10.864368">
        <ele>114.0</ele>
      </trkpt>
      <trkpt lat="45.877127" lon="10.864214">
        <ele>116.0</ele>
      </trkpt>
      <trkpt lat="45.87712" lon="10.864074">
        <ele>116.0</ele>
      </trkpt>
      <trkpt lat="45.877102" lon="10.863937">
        <ele>116.0</ele>
      </trkpt>
      <trkpt lat="45.877075" lon="10.8638">
        <ele>116.0</ele>
      </trkpt>
      <trkpt lat="45.877029" lon="10.863643">
        <ele>118.0</ele>
      </trkpt>
      <trkpt lat="45.876988" lon="10.863522">
        <ele>119.0</ele>
      </trkpt>
      <trkpt lat="45.876959" lon="10.863396">
        <ele>120.0</ele>
      </trkpt>
      <trkpt lat="45.876945" lon="10.863265">
        <ele>120.0</ele>
      </trkpt>
      <trkpt lat="45.876915" lon="10.863125">
        <ele>120.0</ele>
      </trkpt>
      <trkpt lat="45.876901" lon="10.862991">
        <ele>120.0</ele>
      </trkpt>
      <trkpt lat="45.876887" lon="10.86285">
        <ele>120.0</ele>
      </trkpt>
      <trkpt lat="45.876903" lon="10.862703">
        <ele>119.0</ele>
      </trkpt>
      <trkpt lat="45.876887" lon="10.862575">
        <ele>119.0</ele>
      </trkpt>
      <trkpt lat="45.876872" lon="10.862432">
        <ele>119.0</ele>
      </trkpt>
      <trkpt lat="45.876831" lon="10.862175">
        <ele>118.0</ele>
      </trkpt>
      <trkpt lat="45.876806" lon="10.862045">
        <ele>118.0</ele>
      </trkpt>
      <trkpt lat="45.87682" lon="10.861903">
        <ele>119.0</ele>
      </trkpt>
      <trkpt lat="45.876806" lon="10.861743">
        <ele>119.0</ele>
      </trkpt>
      <trkpt lat="45.876792" lon="10.861605">
        <ele>118.0</ele>
      </trkpt>
      <trkpt lat="45.876782" lon="10.86147">
        <ele>118.0</ele>
      </trkpt>
      <trkpt lat="45.876804" lon="10.861179">
        <ele>117.0</ele>
      </trkpt>
      <trkpt lat="45.876807" lon="10.861049">
        <ele>116.0</ele>
      </trkpt>
      <trkpt lat="45.87678" lon="10.860903">
        <ele>117.0</ele>
      </trkpt>
      <trkpt lat="45.876748" lon="10.860768">
        <ele>116.0</ele>
      </trkpt>
      <trkpt lat="45.876728" lon="10.860625">
        <ele>116.0</ele>
      </trkpt>
      <trkpt lat="45.876693" lon="10.860495">
        <ele>116.0</ele>
      </trkpt>
      <trkpt lat="45.876634" lon="10.860392">
        <ele>116.0</ele>
      </trkpt>
      <trkpt lat="45.876616" lon="10.860265">
        <ele>117.0</ele>
      </trkpt>
      <trkpt lat="45.876604" lon="10.860121">
        <ele>117.0</ele>
      </trkpt>
      <trkpt lat="45.87653" lon="10.860017">
        <ele>118.0</ele>
      </trkpt>
      <trkpt lat="45.87655" lon="10.859863">
        <ele>117.0</ele>
      </trkpt>
      <trkpt lat="45.876527" lon="10.859717">
        <ele>117.0</ele>
      </trkpt>
      <trkpt lat="45.876497" lon="10.859588">
        <ele>117.0</ele>
      </trkpt>
      <trkpt lat="45.876465" lon="10.859456">
        <ele>117.0</ele>
      </trkpt>
      <trkpt lat="45.876439" lon="10.859307">
        <ele>117.0</ele>
      </trkpt>
      <trkpt lat="45.876399" lon="10.859178">
        <ele>118.0</ele>
      </trkpt>
      <trkpt lat="45.876367" lon="10.859038">
        <ele>119.0</ele>
      </trkpt>
      <trkpt lat="45.876385" lon="10.858905">
        <ele>119.0</ele>
      </trkpt>
      <trkpt lat="45.876448" lon="10.85866">
        <ele>120.0</ele>
      </trkpt>
      <trkpt lat="45.876502" lon="10.858554">
        <ele>120.0</ele>
      </trkpt>
      <trkpt lat="45.876558" lon="10.858431">
        <ele>121.0</ele>
      </trkpt>
      <trkpt lat="45.876609" lon="10.858319">
        <ele>121.0</ele>
      </trkpt>
      <trkpt lat="45.876652" lon="10.858088">
        <ele>122.0</ele>
      </trkpt>
      <trkpt lat="45.876687" lon="10.857959">
        <ele>122.0</ele>
      </trkpt>
      <trkpt lat="45.876727" lon="10.85783">
        <ele>121.0</ele>
      </trkpt>
      <trkpt lat="45.876774" lon="10.857701">
        <ele>121.0</ele>
      </trkpt>
      <trkpt lat="45.876846" lon="10.857621">
        <ele>121.0</ele>
      </trkpt>
      <trkpt lat="45.876896" lon="10.857511">
        <ele>121.0</ele>
      </trkpt>
      <trkpt lat="45.876948" lon="10.857393">
        <ele>120.0</ele>
      </trkpt>
      <trkpt lat="45.877012" lon="10.857298">
        <ele>120.0</ele>
      </trkpt>
      <trkpt lat="45.877101" lon="10.857225">
        <ele>121.0</ele>
      </trkpt>
      <trkpt lat="45.877036" lon="10.857115">
        <ele>121.0</ele>
      </trkpt>
      <trkpt lat="45.876992" lon="10.856995">
        <ele>121.0</ele>
      </trkpt>
      <trkpt lat="45.87706" lon="10.856904">
        <ele>120.0</ele>
      </trkpt>
      <trkpt lat="45.877135" lon="10.856826">
        <ele>120.0</ele>
      </trkpt>
      <trkpt lat="45.877231" lon="10.856795">
        <ele>120.0</ele>
      </trkpt>
      <trkpt lat="45.877337" lon="10.856843">
        <ele>119.0</ele>
      </trkpt>
      <trkpt lat="45.877423" lon="10.856903">
        <ele>120.0</ele>
      </trkpt>
      <trkpt lat="45.8775" lon="10.856989">
        <ele>119.0</ele>
      </trkpt>
      <trkpt lat="45.877596" lon="10.857066">
        <ele>119.0</ele>
      </trkpt>
      <trkpt lat="45.877685" lon="10.857096">
        <ele>119.0</ele>
      </trkpt>
      <trkpt lat="45.877758" lon="10.857178">
        <ele>118.0</ele>
      </trkpt>
      <trkpt lat="45.877838" lon="10.857241">
        <ele>118.0</ele>
      </trkpt>
      <trkpt lat="45.877937" lon="10.857204">
        <ele>118.0</ele>
      </trkpt>
      <trkpt lat="45.878084" lon="10.857068">
        <ele>119.0</ele>
      </trkpt>
      <trkpt lat="45.878166" lon="10.856982">
        <ele>119.0</ele>
      </trkpt>
      <trkpt lat="45.878253" lon="10.856943">
        <ele>118.0</ele>
      </trkpt>
      <trkpt lat="45.878352" lon="10.856857">
        <ele>118.0</ele>
      </trkpt>
      <trkpt lat="45.878443" lon="10.856784">
        <ele>118.0</ele>
      </trkpt>
      <trkpt lat="45.87853" lon="10.856711">
        <ele>119.0</ele>
      </trkpt>
      <trkpt lat="45.878606" lon="10.856619">
        <ele>119.0</ele>
      </trkpt>
      <trkpt lat="45.878684" lon="10.856546">
        <ele>119.0</ele>
      </trkpt>
      <trkpt lat="45.878774" lon="10.856472">
        <ele>119.0</ele>
      </trkpt>
      <trkpt lat="45.87881" lon="10.856244">
        <ele>119.0</ele>
      </trkpt>
      <trkpt lat="45.878768" lon="10.856126">
        <ele>119.0</ele>
      </trkpt>
      <trkpt lat="45.87872" lon="10.855999">
        <ele>119.0</ele>
      </trkpt>
      <trkpt lat="45.878706" lon="10.855858">
        <ele>119.0</ele>
      </trkpt>
      <trkpt lat="45.878692" lon="10.855728">
        <ele>120.0</ele>
      </trkpt>
      <trkpt lat="45.878637" lon="10.855623">
        <ele>120.0</ele>
      </trkpt>
      <trkpt lat="45.878657" lon="10.855484">
        <ele>120.0</ele>
      </trkpt>
      <trkpt lat="45.878714" lon="10.855364">
        <ele>120.0</ele>
      </trkpt>
      <trkpt lat="45.878803" lon="10.855119">
        <ele>119.0</ele>
      </trkpt>
      <trkpt lat="45.878856" lon="10.855003">
        <ele>120.0</ele>
      </trkpt>
      <trkpt lat="45.878922" lon="10.854886">
        <ele>119.0</ele>
      </trkpt>
      <trkpt lat="45.878966" lon="10.854761">
        <ele>119.0</ele>
      </trkpt>
      <trkpt lat="45.878992" lon="10.854622">
        <ele>118.0</ele>
      </trkpt>
      <trkpt lat="45.879035" lon="10.854475">
        <ele>117.0</ele>
      </trkpt>
      <trkpt lat="45.87907" lon="10.854349">
        <ele>117.0</ele>
      </trkpt>
      <trkpt lat="45.879064" lon="10.854197">
        <ele>118.0</ele>
      </trkpt>
      <trkpt lat="45.8791" lon="10.854059">
        <ele>117.0</ele>
      </trkpt>
      <trkpt lat="45.879158" lon="10.853935">
        <ele>117.0</ele>
      </trkpt>
      <trkpt lat="45.879213" lon="10.853823">
        <ele>116.0</ele>
      </trkpt>
      <trkpt lat="45.879277" lon="10.853713">
        <ele>116.0</ele>
      </trkpt>
      <trkpt lat="45.87932" lon="10.853588">
        <ele>116.0</ele>
      </trkpt>
      <trkpt lat="45.879356" lon="10.853452">
        <ele>116.0</ele>
      </trkpt>
      <trkpt lat="45.879368" lon="10.853323">
        <ele>116.0</ele>
      </trkpt>
      <trkpt lat="45.879364" lon="10.853192">
        <ele>116.0</ele>
      </trkpt>
      <trkpt lat="45.879383" lon="10.852931">
        <ele>116.0</ele>
      </trkpt>
      <trkpt lat="45.879414" lon="10.852785">
        <ele>117.0</ele>
      </trkpt>
      <trkpt lat="45.879479" lon="10.852689">
        <ele>118.0</ele>
      </trkpt>
      <trkpt lat="45.879549" lon="10.852582">
        <ele>118.0</ele>
      </trkpt>
      <trkpt lat="45.87961" lon="10.852484">
        <ele>118.0</ele>
      </trkpt>
      <trkpt lat="45.879674" lon="10.852387">
        <ele>118.0</ele>
      </trkpt>
      <trkpt lat="45.879719" lon="10.852247">
        <ele>118.0</ele>
      </trkpt>
      <trkpt lat="45.879767" lon="10.852109">
        <ele>118.0</ele>
      </trkpt>
      <trkpt lat="45.879831" lon="10.852012">
        <ele>118.0</ele>
      </trkpt>
      <trkpt lat="45.879861" lon="10.851886">
        <ele>117.0</ele>
      </trkpt>
      <trkpt lat="45.879919" lon="10.851772">
        <ele>117.0</ele>
      </trkpt>
      <trkpt lat="45.87997" lon="10.851651">
        <ele>117.0</ele>
      </trkpt>
      <trkpt lat="45.88002" lon="10.851543">
        <ele>117.0</ele>
      </trkpt>
      <trkpt lat="45.880067" lon="10.85142">
        <ele>117.0</ele>
      </trkpt>
      <trkpt lat="45.880044" lon="10.851287">
        <ele>117.0</ele>
      </trkpt>
      <trkpt lat="45.880027" lon="10.851156">
        <ele>117.0</ele>
      </trkpt>
      <trkpt lat="45.880071" lon="10.851029">
        <ele>117.0</ele>
      </trkpt>
      <trkpt lat="45.880104" lon="10.850895">
        <ele>116.0</ele>
      </trkpt>
      <trkpt lat="45.880136" lon="10.850768">
        <ele>116.0</ele>
      </trkpt>
      <trkpt lat="45.880198" lon="10.850515">
        <ele>116.0</ele>
      </trkpt>
      <trkpt lat="45.880243" lon="10.8504">
        <ele>116.0</ele>
      </trkpt>
      <trkpt lat="45.880298" lon="10.850295">
        <ele>116.0</ele>
      </trkpt>
      <trkpt lat="45.880347" lon="10.850182">
        <ele>116.0</ele>
      </trkpt>
      <trkpt lat="45.880421" lon="10.850063">
        <ele>116.0</ele>
      </trkpt>
      <trkpt lat="45.880537" lon="10.849969">
        <ele>114.0</ele>
      </trkpt>
      <trkpt lat="45.880605" lon="10.849816">
        <ele>115.0</ele>
      </trkpt>
      <trkpt lat="45.880682" lon="10.849741">
        <ele>115.0</ele>
      </trkpt>
      <trkpt lat="45.880779" lon="10.849724">
        <ele>115.0</ele>
      </trkpt>
      <trkpt lat="45.880873" lon="10.849737">
        <ele>115.0</ele>
      </trkpt>
      <trkpt lat="45.880953" lon="10.849804">
        <ele>115.0</ele>
      </trkpt>
      <trkpt lat="45.881044" lon="10.849844">
        <ele>115.0</ele>
      </trkpt>
      <trkpt lat="45.881138" lon="10.849761">
        <ele>115.0</ele>
      </trkpt>
      <trkpt lat="45.881215" lon="10.849683">
        <ele>114.0</ele>
      </trkpt>
      <trkpt lat="45.881263" lon="10.849559">
        <ele>114.0</ele>
      </trkpt>
      <trkpt lat="45.881317" lon="10.849434">
        <ele>114.0</ele>
      </trkpt>
      <trkpt lat="45.881386" lon="10.849349">
        <ele>115.0</ele>
      </trkpt>
      <trkpt lat="45.881445" lon="10.849228">
        <ele>115.0</ele>
      </trkpt>
      <trkpt lat="45.881492" lon="10.849113">
        <ele>115.0</ele>
      </trkpt>
      <trkpt lat="45.881563" lon="10.849024">
        <ele>116.0</ele>
      </trkpt>
      <trkpt lat="45.881565" lon="10.848891">
        <ele>115.0</ele>
      </trkpt>
      <trkpt lat="45.881531" lon="10.848765">
        <ele>115.0</ele>
      </trkpt>
      <trkpt lat="45.881526" lon="10.84862">
        <ele>116.0</ele>
      </trkpt>
      <trkpt lat="45.881533" lon="10.848481">
        <ele>116.0</ele>
      </trkpt>
      <trkpt lat="45.881546" lon="10.848352">
        <ele>116.0</ele>
      </trkpt>
      <trkpt lat="45.881573" lon="10.848222">
        <ele>116.0</ele>
      </trkpt>
      <trkpt lat="45.881606" lon="10.848099">
        <ele>116.0</ele>
      </trkpt>
      <trkpt lat="45.881621" lon="10.84797">
        <ele>115.0</ele>
      </trkpt>
      <trkpt lat="45.881646" lon="10.847828">
        <ele>115.0</ele>
      </trkpt>
      <trkpt lat="45.881667" lon="10.847684">
        <ele>114.0</ele>
      </trkpt>
      <trkpt lat="45.881698" lon="10.847524">
        <ele>114.0</ele>
      </trkpt>
      <trkpt lat="45.881703" lon="10.847391">
        <ele>114.0</ele>
      </trkpt>
      <trkpt lat="45.881675" lon="10.847252">
        <ele>114.0</ele>
      </trkpt>
      <trkpt lat="45.881687" lon="10.847107">
        <ele>114.0</ele>
      </trkpt>
      <trkpt lat="45.881718" lon="10.846967">
        <ele>115.0</ele>
      </trkpt>
      <trkpt lat="45.881715" lon="10.846825">
        <ele>116.0</ele>
      </trkpt>
      <trkpt lat="45.881707" lon="10.846673">
        <ele>116.0</ele>
      </trkpt>
      <trkpt lat="45.881705" lon="10.846537">
        <ele>116.0</ele>
      </trkpt>
      <trkpt lat="45.881695" lon="10.8464">
        <ele>117.0</ele>
      </trkpt>
      <trkpt lat="45.881685" lon="10.846263">
        <ele>116.0</ele>
      </trkpt>
      <trkpt lat="45.88168" lon="10.846128">
        <ele>117.0</ele>
      </trkpt>
      <trkpt lat="45.881667" lon="10.845985">
        <ele>117.0</ele>
      </trkpt>
      <trkpt lat="45.881679" lon="10.845854">
        <ele>119.0</ele>
      </trkpt>
      <trkpt lat="45.881678" lon="10.845709">
        <ele>119.0</ele>
      </trkpt>
      <trkpt lat="45.881725" lon="10.84559">
        <ele>118.0</ele>
      </trkpt>
      <trkpt lat="45.881815" lon="10.845612">
        <ele>119.0</ele>
      </trkpt>
      <trkpt lat="45.881919" lon="10.845655">
        <ele>119.0</ele>
      </trkpt>
      <trkpt lat="45.882019" lon="10.845694">
        <ele>118.0</ele>
      </trkpt>
      <trkpt lat="45.882116" lon="10.845735">
        <ele>118.0</ele>
      </trkpt>
      <trkpt lat="45.882215" lon="10.84577">
        <ele>119.0</ele>
      </trkpt>
      <trkpt lat="45.882308" lon="10.845825">
        <ele>119.0</ele>
      </trkpt>
      <trkpt lat="45.882397" lon="10.845869">
        <ele>119.0</ele>
      </trkpt>
      <trkpt lat="45.8825" lon="10.845904">
        <ele>118.0</ele>
      </trkpt>
      <trkpt lat="45.882601" lon="10.84592">
        <ele>118.0</ele>
      </trkpt>
      <trkpt lat="45.882701" lon="10.845941">
        <ele>117.0</ele>
      </trkpt>
      <trkpt lat="45.882791" lon="10.845882">
        <ele>117.0</ele>
      </trkpt>
      <trkpt lat="45.882881" lon="10.845805">
        <ele>116.0</ele>
      </trkpt>
      <trkpt lat="45.882943" lon="10.845695">
        <ele>116.0</ele>
      </trkpt>
      <trkpt lat="45.883009" lon="10.845593">
        <ele>116.0</ele>
      </trkpt>
      <trkpt lat="45.88307" lon="10.845491">
        <ele>116.0</ele>
      </trkpt>
      <trkpt lat="45.883127" lon="10.84538">
        <ele>117.0</ele>
      </trkpt>
      <trkpt lat="45.883155" lon="10.84525">
        <ele>117.0</ele>
      </trkpt>
      <trkpt lat="45.883181" lon="10.84512">
        <ele>117.0</ele>
      </trkpt>
      <trkpt lat="45.883218" lon="10.845001">
        <ele>118.0</ele>
      </trkpt>
      <trkpt lat="45.88323" lon="10.844868">
        <ele>118.0</ele>
      </trkpt>
      <trkpt lat="45.883276" lon="10.844749">
        <ele>119.0</ele>
      </trkpt>
      <trkpt lat="45.883309" lon="10.844618">
        <ele>119.0</ele>
      </trkpt>
      <trkpt lat="45.883373" lon="10.84443">
        <ele>120.0</ele>
      </trkpt>
      <trkpt lat="45.88345" lon="10.844362">
        <ele>122.0</ele>
      </trkpt>
      <trkpt lat="45.883554" lon="10.844381">
        <ele>122.0</ele>
      </trkpt>
      <trkpt lat="45.883677" lon="10.844442">
        <ele>123.0</ele>
      </trkpt>
      <trkpt lat="45.883769" lon="10.844476">
        <ele>123.0</ele>
      </trkpt>
      <trkpt lat="45.883858" lon="10.8445">
        <ele>124.0</ele>
      </trkpt>
      <trkpt lat="45.883952" lon="10.844556">
        <ele>125.0</ele>
      </trkpt>
      <trkpt lat="45.88405" lon="10.844455">
        <ele>125.0</ele>
      </trkpt>
      <trkpt lat="45.884086" lon="10.844325">
        <ele>126.0</ele>
      </trkpt>
      <trkpt lat="45.884112" lon="10.84415">
        <ele>126.0</ele>
      </trkpt>
      <trkpt lat="45.884096" lon="10.844018">
        <ele>126.0</ele>
      </trkpt>
      <trkpt lat="45.884079" lon="10.843886">
        <ele>126.0</ele>
      </trkpt>
      <trkpt lat="45.884117" lon="10.843753">
        <ele>126.0</ele>
      </trkpt>
      <trkpt lat="45.884186" lon="10.84366">
        <ele>127.0</ele>
      </trkpt>
      <trkpt lat="45.884215" lon="10.843517">
        <ele>126.0</ele>
      </trkpt>
      <trkpt lat="45.884261" lon="10.843389">
        <ele>127.0</ele>
      </trkpt>
      <trkpt lat="45.884334" lon="10.843307">
        <ele>127.0</ele>
      </trkpt>
      <trkpt lat="45.8844" lon="10.843203">
        <ele>127.0</ele>
      </trkpt>
      <trkpt lat="45.884476" lon="10.843123">
        <ele>126.0</ele>
      </trkpt>
      <trkpt lat="45.884575" lon="10.843075">
        <ele>126.0</ele>
      </trkpt>
      <trkpt lat="45.884673" lon="10.843072">
        <ele>126.0</ele>
      </trkpt>
      <trkpt lat="45.884771" lon="10.843049">
        <ele>125.0</ele>
      </trkpt>
      <trkpt lat="45.884912" lon="10.842873">
        <ele>125.0</ele>
      </trkpt>
      <trkpt lat="45.88491" lon="10.842735">
        <ele>126.0</ele>
      </trkpt>
      <trkpt lat="45.884905" lon="10.84259">
        <ele>126.0</ele>
      </trkpt>
      <trkpt lat="45.884885" lon="10.842461">
        <ele>125.0</ele>
      </trkpt>
      <trkpt lat="45.884881" lon="10.842328">
        <ele>124.0</ele>
      </trkpt>
      <trkpt lat="45.884917" lon="10.842073">
        <ele>124.0</ele>
      </trkpt>
      <trkpt lat="45.884895" lon="10.84193">
        <ele>124.0</ele>
      </trkpt>
      <trkpt lat="45.884889" lon="10.841776">
        <ele>125.0</ele>
      </trkpt>
      <trkpt lat="45.884816" lon="10.841677">
        <ele>129.0</ele>
      </trkpt>
      <trkpt lat="45.884682" lon="10.841598">
        <ele>131.0</ele>
      </trkpt>
      <trkpt lat="45.884591" lon="10.841618">
        <ele>132.0</ele>
      </trkpt>
      <trkpt lat="45.884494" lon="10.841584">
        <ele>135.0</ele>
      </trkpt>
      <trkpt lat="45.884433" lon="10.84146">
        <ele>137.0</ele>
      </trkpt>
      <trkpt lat="45.884397" lon="10.841305">
        <ele>137.0</ele>
      </trkpt>
      <trkpt lat="45.884321" lon="10.841219">
        <ele>139.0</ele>
      </trkpt>
      <trkpt lat="45.884259" lon="10.841109">
        <ele>140.0</ele>
      </trkpt>
      <trkpt lat="45.884183" lon="10.841007">
        <ele>138.0</ele>
      </trkpt>
      <trkpt lat="45.884104" lon="10.840922">
        <ele>136.0</ele>
      </trkpt>
      <trkpt lat="45.884077" lon="10.840759">
        <ele>132.0</ele>
      </trkpt>
      <trkpt lat="45.884107" lon="10.840622">
        <ele>131.0</ele>
      </trkpt>
      <trkpt lat="45.88417" lon="10.8405">
        <ele>130.0</ele>
      </trkpt>
      <trkpt lat="45.884217" lon="10.840388">
        <ele>130.0</ele>
      </trkpt>
      <trkpt lat="45.884225" lon="10.84025">
        <ele>127.0</ele>
      </trkpt>
      <trkpt lat="45.884273" lon="10.840079">
        <ele>127.0</ele>
      </trkpt>
      <trkpt lat="45.884346" lon="10.839978">
        <ele>128.0</ele>
      </trkpt>
      <trkpt lat="45.884391" lon="10.839858">
        <ele>129.0</ele>
      </trkpt>
      <trkpt lat="45.884393" lon="10.839727">
        <ele>130.0</ele>
      </trkpt>
      <trkpt lat="45.884472" lon="10.839605">
        <ele>131.0</ele>
      </trkpt>
      <trkpt lat="45.884562" lon="10.839641">
        <ele>133.0</ele>
      </trkpt>
      <trkpt lat="45.884654" lon="10.839632">
        <ele>137.0</ele>
      </trkpt>
      <trkpt lat="45.884755" lon="10.839681">
        <ele>133.0</ele>
      </trkpt>
    </trkseg>
  </trk>
  <trk>
    <name>Variante facile </name>
    <trkseg>
      <trkpt lat="45.800182" lon="10.841101">
        <ele>162.0</ele>
      </trkpt>
      <trkpt lat="45.800049" lon="10.841102">
        <ele>177.0</ele>
      </trkpt>
      <trkpt lat="45.799947" lon="10.841042">
        <ele>180.0</ele>
      </trkpt>
      <trkpt lat="45.799843" lon="10.840983">
        <ele>182.0</ele>
      </trkpt>
      <trkpt lat="45.799749" lon="10.840921">
        <ele>184.0</ele>
      </trkpt>
      <trkpt lat="45.799643" lon="10.840909">
        <ele>187.0</ele>
      </trkpt>
      <trkpt lat="45.799546" lon="10.840902">
        <ele>190.0</ele>
      </trkpt>
      <trkpt lat="45.799443" lon="10.840894">
        <ele>192.0</ele>
      </trkpt>
      <trkpt lat="45.799341" lon="10.840901">
        <ele>194.0</ele>
      </trkpt>
      <trkpt lat="45.799247" lon="10.840905">
        <ele>195.0</ele>
      </trkpt>
      <trkpt lat="45.799248" lon="10.84106">
        <ele>195.0</ele>
      </trkpt>
      <trkpt lat="45.799333" lon="10.841107">
        <ele>195.0</ele>
      </trkpt>
      <trkpt lat="45.799418" lon="10.841196">
        <ele>195.0</ele>
      </trkpt>
      <trkpt lat="45.799497" lon="10.841264">
        <ele>197.0</ele>
      </trkpt>
      <trkpt lat="45.799581" lon="10.841329">
        <ele>197.0</ele>
      </trkpt>
      <trkpt lat="45.799662" lon="10.841405">
        <ele>198.0</ele>
      </trkpt>
      <trkpt lat="45.799731" lon="10.8415">
        <ele>198.0</ele>
      </trkpt>
      <trkpt lat="45.79976" lon="10.841624">
        <ele>198.0</ele>
      </trkpt>
      <trkpt lat="45.799812" lon="10.841738">
        <ele>198.0</ele>
      </trkpt>
      <trkpt lat="45.799843" lon="10.841874">
        <ele>198.0</ele>
      </trkpt>
      <trkpt lat="45.799887" lon="10.841989">
        <ele>200.0</ele>
      </trkpt>
      <trkpt lat="45.799925" lon="10.842109">
        <ele>201.0</ele>
      </trkpt>
      <trkpt lat="45.799927" lon="10.842248">
        <ele>201.0</ele>
      </trkpt>
      <trkpt lat="45.799947" lon="10.842375">
        <ele>201.0</ele>
      </trkpt>
      <trkpt lat="45.800004" lon="10.842483">
        <ele>202.0</ele>
      </trkpt>
      <trkpt lat="45.800069" lon="10.84258">
        <ele>202.0</ele>
      </trkpt>
      <trkpt lat="45.800119" lon="10.842709">
        <ele>202.0</ele>
      </trkpt>
      <trkpt lat="45.800175" lon="10.842812">
        <ele>202.0</ele>
      </trkpt>
      <trkpt lat="45.80019" lon="10.842946">
        <ele>203.0</ele>
      </trkpt>
      <trkpt lat="45.800169" lon="10.84309">
        <ele>204.0</ele>
      </trkpt>
      <trkpt lat="45.800174" lon="10.843232">
        <ele>205.0</ele>
      </trkpt>
      <trkpt lat="45.800191" lon="10.843373">
        <ele>207.0</ele>
      </trkpt>
      <trkpt lat="45.800217" lon="10.843504">
        <ele>208.0</ele>
      </trkpt>
      <trkpt lat="45.800254" lon="10.843639">
        <ele>208.0</ele>
      </trkpt>
      <trkpt lat="45.800279" lon="10.84377">
        <ele>209.0</ele>
      </trkpt>
      <trkpt lat="45.800264" lon="10.843934">
        <ele>210.0</ele>
      </trkpt>
      <trkpt lat="45.800233" lon="10.844094">
        <ele>211.0</ele>
      </trkpt>
      <trkpt lat="45.800218" lon="10.844248">
        <ele>212.0</ele>
      </trkpt>
      <trkpt lat="45.80024" lon="10.844382">
        <ele>214.0</ele>
      </trkpt>
      <trkpt lat="45.80031" lon="10.844493">
        <ele>216.0</ele>
      </trkpt>
      <trkpt lat="45.800327" lon="10.844663">
        <ele>217.0</ele>
      </trkpt>
      <trkpt lat="45.800241" lon="10.844702">
        <ele>220.0</ele>
      </trkpt>
      <trkpt lat="45.800128" lon="10.844641">
        <ele>220.0</ele>
      </trkpt>
      <trkpt lat="45.800138" lon="10.844505">
        <ele>220.0</ele>
      </trkpt>
      <trkpt lat="45.80009" lon="10.84439">
        <ele>220.0</ele>
      </trkpt>
      <trkpt lat="45.800024" lon="10.844283">
        <ele>220.0</ele>
      </trkpt>
      <trkpt lat="45.799962" lon="10.844165">
        <ele>221.0</ele>
      </trkpt>
      <trkpt lat="45.799916" lon="10.84404">
        <ele>221.0</ele>
      </trkpt>
      <trkpt lat="45.79984" lon="10.843946">
        <ele>221.0</ele>
      </trkpt>
      <trkpt lat="45.799783" lon="10.843838">
        <ele>224.0</ele>
      </trkpt>
      <trkpt lat="45.799731" lon="10.843729">
        <ele>225.0</ele>
      </trkpt>
      <trkpt lat="45.799692" lon="10.843612">
        <ele>225.0</ele>
      </trkpt>
      <trkpt lat="45.799644" lon="10.843498">
        <ele>226.0</ele>
      </trkpt>
      <trkpt lat="45.799611" lon="10.843375">
        <ele>227.0</ele>
      </trkpt>
      <trkpt lat="45.799556" lon="10.843266">
        <ele>228.0</ele>
      </trkpt>
      <trkpt lat="45.799477" lon="10.843169">
        <ele>228.0</ele>
      </trkpt>
      <trkpt lat="45.799416" lon="10.843057">
        <ele>228.0</ele>
      </trkpt>
      <trkpt lat="45.799361" lon="10.842955">
        <ele>228.0</ele>
      </trkpt>
      <trkpt lat="45.799295" lon="10.84284">
        <ele>229.0</ele>
      </trkpt>
      <trkpt lat="45.799271" lon="10.84297">
        <ele>230.0</ele>
      </trkpt>
      <trkpt lat="45.799342" lon="10.843049">
        <ele>230.0</ele>
      </trkpt>
      <trkpt lat="45.799378" lon="10.84318">
        <ele>231.0</ele>
      </trkpt>
      <trkpt lat="45.799399" lon="10.843317">
        <ele>232.0</ele>
      </trkpt>
      <trkpt lat="45.799438" lon="10.843437">
        <ele>233.0</ele>
      </trkpt>
      <trkpt lat="45.79945" lon="10.843614">
        <ele>234.0</ele>
      </trkpt>
      <trkpt lat="45.799396" lon="10.843719">
        <ele>236.0</ele>
      </trkpt>
      <trkpt lat="45.799343" lon="10.84383">
        <ele>237.0</ele>
      </trkpt>
      <trkpt lat="45.799338" lon="10.843975">
        <ele>238.0</ele>
      </trkpt>
      <trkpt lat="45.79932" lon="10.844117">
        <ele>238.0</ele>
      </trkpt>
      <trkpt lat="45.799325" lon="10.84425">
        <ele>238.0</ele>
      </trkpt>
      <trkpt lat="45.799355" lon="10.844381">
        <ele>238.0</ele>
      </trkpt>
      <trkpt lat="45.799381" lon="10.844533">
        <ele>238.0</ele>
      </trkpt>
      <trkpt lat="45.799409" lon="10.844656">
        <ele>238.0</ele>
      </trkpt>
      <trkpt lat="45.799431" lon="10.844793">
        <ele>238.0</ele>
      </trkpt>
      <trkpt lat="45.79945" lon="10.844918">
        <ele>238.0</ele>
      </trkpt>
      <trkpt lat="45.799487" lon="10.845069">
        <ele>239.0</ele>
      </trkpt>
      <trkpt lat="45.799443" lon="10.845182">
        <ele>242.0</ele>
      </trkpt>
      <trkpt lat="45.799374" lon="10.845069">
        <ele>243.0</ele>
      </trkpt>
      <trkpt lat="45.799324" lon="10.844955">
        <ele>244.0</ele>
      </trkpt>
      <trkpt lat="45.799253" lon="10.844823">
        <ele>246.0</ele>
      </trkpt>
      <trkpt lat="45.799158" lon="10.844726">
        <ele>247.0</ele>
      </trkpt>
      <trkpt lat="45.799106" lon="10.844601">
        <ele>248.0</ele>
      </trkpt>
      <trkpt lat="45.799062" lon="10.844468">
        <ele>251.0</ele>
      </trkpt>
      <trkpt lat="45.798999" lon="10.844344">
        <ele>252.0</ele>
      </trkpt>
      <trkpt lat="45.798977" lon="10.844195">
        <ele>253.0</ele>
      </trkpt>
      <trkpt lat="45.798952" lon="10.844057">
        <ele>255.0</ele>
      </trkpt>
      <trkpt lat="45.79892" lon="10.843926">
        <ele>256.0</ele>
      </trkpt>
      <trkpt lat="45.798855" lon="10.843785">
        <ele>257.0</ele>
      </trkpt>
      <trkpt lat="45.798783" lon="10.843703">
        <ele>258.0</ele>
      </trkpt>
      <trkpt lat="45.798694" lon="10.843725">
        <ele>259.0</ele>
      </trkpt>
      <trkpt lat="45.798751" lon="10.843827">
        <ele>259.0</ele>
      </trkpt>
      <trkpt lat="45.79879" lon="10.843945">
        <ele>259.0</ele>
      </trkpt>
      <trkpt lat="45.798808" lon="10.8441">
        <ele>259.0</ele>
      </trkpt>
      <trkpt lat="45.79881" lon="10.844249">
        <ele>260.0</ele>
      </trkpt>
      <trkpt lat="45.7988" lon="10.844414">
        <ele>261.0</ele>
      </trkpt>
      <trkpt lat="45.798783" lon="10.84458">
        <ele>263.0</ele>
      </trkpt>
      <trkpt lat="45.798773" lon="10.844711">
        <ele>264.0</ele>
      </trkpt>
      <trkpt lat="45.798725" lon="10.84482">
        <ele>265.0</ele>
      </trkpt>
      <trkpt lat="45.798715" lon="10.844954">
        <ele>266.0</ele>
      </trkpt>
      <trkpt lat="45.798758" lon="10.845079">
        <ele>266.0</ele>
      </trkpt>
      <trkpt lat="45.798821" lon="10.845183">
        <ele>267.0</ele>
      </trkpt>
      <trkpt lat="45.798862" lon="10.845312">
        <ele>269.0</ele>
      </trkpt>
      <trkpt lat="45.79892" lon="10.845424">
        <ele>269.0</ele>
      </trkpt>
      <trkpt lat="45.799012" lon="10.845499">
        <ele>269.0</ele>
      </trkpt>
      <trkpt lat="45.79909" lon="10.845592">
        <ele>269.0</ele>
      </trkpt>
      <trkpt lat="45.799171" lon="10.845682">
        <ele>269.0</ele>
      </trkpt>
      <trkpt lat="45.799206" lon="10.845819">
        <ele>269.0</ele>
      </trkpt>
      <trkpt lat="45.799186" lon="10.845955">
        <ele>270.0</ele>
      </trkpt>
      <trkpt lat="45.799114" lon="10.846033">
        <ele>272.0</ele>
      </trkpt>
      <trkpt lat="45.799047" lon="10.846153">
        <ele>273.0</ele>
      </trkpt>
      <trkpt lat="45.798989" lon="10.846255">
        <ele>275.0</ele>
      </trkpt>
      <trkpt lat="45.798955" lon="10.84639">
        <ele>276.0</ele>
      </trkpt>
      <trkpt lat="45.798948" lon="10.84652">
        <ele>277.0</ele>
      </trkpt>
      <trkpt lat="45.798958" lon="10.846651">
        <ele>278.0</ele>
      </trkpt>
      <trkpt lat="45.799027" lon="10.846735">
        <ele>279.0</ele>
      </trkpt>
      <trkpt lat="45.799029" lon="10.846874">
        <ele>280.0</ele>
      </trkpt>
      <trkpt lat="45.798998" lon="10.847009">
        <ele>282.0</ele>
      </trkpt>
      <trkpt lat="45.798923" lon="10.847092">
        <ele>283.0</ele>
      </trkpt>
      <trkpt lat="45.798909" lon="10.847232">
        <ele>283.0</ele>
      </trkpt>
      <trkpt lat="45.798923" lon="10.847363">
        <ele>284.0</ele>
      </trkpt>
      <trkpt lat="45.798897" lon="10.847496">
        <ele>286.0</ele>
      </trkpt>
      <trkpt lat="45.798788" lon="10.847472">
        <ele>287.0</ele>
      </trkpt>
      <trkpt lat="45.798738" lon="10.847362">
        <ele>288.0</ele>
      </trkpt>
      <trkpt lat="45.798758" lon="10.847218">
        <ele>289.0</ele>
      </trkpt>
      <trkpt lat="45.798824" lon="10.847118">
        <ele>289.0</ele>
      </trkpt>
      <trkpt lat="45.798858" lon="10.847005">
        <ele>290.0</ele>
      </trkpt>
      <trkpt lat="45.798878" lon="10.846827">
        <ele>291.0</ele>
      </trkpt>
      <trkpt lat="45.798801" lon="10.846745">
        <ele>292.0</ele>
      </trkpt>
      <trkpt lat="45.798705" lon="10.846701">
        <ele>293.0</ele>
      </trkpt>
      <trkpt lat="45.798635" lon="10.84659">
        <ele>294.0</ele>
      </trkpt>
      <trkpt lat="45.79867" lon="10.846456">
        <ele>295.0</ele>
      </trkpt>
      <trkpt lat="45.798723" lon="10.84634">
        <ele>295.0</ele>
      </trkpt>
      <trkpt lat="45.798734" lon="10.846211">
        <ele>295.0</ele>
      </trkpt>
      <trkpt lat="45.798776" lon="10.846074">
        <ele>296.0</ele>
      </trkpt>
      <trkpt lat="45.798785" lon="10.845941">
        <ele>296.0</ele>
      </trkpt>
      <trkpt lat="45.798698" lon="10.845809">
        <ele>297.0</ele>
      </trkpt>
      <trkpt lat="45.798598" lon="10.845739">
        <ele>298.0</ele>
      </trkpt>
      <trkpt lat="45.79849" lon="10.845697">
        <ele>298.0</ele>
      </trkpt>
      <trkpt lat="45.798387" lon="10.845723">
        <ele>299.0</ele>
      </trkpt>
      <trkpt lat="45.798298" lon="10.845783">
        <ele>300.0</ele>
      </trkpt>
      <trkpt lat="45.798217" lon="10.845858">
        <ele>301.0</ele>
      </trkpt>
      <trkpt lat="45.798104" lon="10.845873">
        <ele>302.0</ele>
      </trkpt>
      <trkpt lat="45.798005" lon="10.845889">
        <ele>302.0</ele>
      </trkpt>
      <trkpt lat="45.797922" lon="10.845833">
        <ele>303.0</ele>
      </trkpt>
      <trkpt lat="45.797858" lon="10.845728">
        <ele>303.0</ele>
      </trkpt>
      <trkpt lat="45.797804" lon="10.845589">
        <ele>304.0</ele>
      </trkpt>
      <trkpt lat="45.797767" lon="10.845439">
        <ele>305.0</ele>
      </trkpt>
      <trkpt lat="45.797725" lon="10.845304">
        <ele>305.0</ele>
      </trkpt>
      <trkpt lat="45.797735" lon="10.845162">
        <ele>305.0</ele>
      </trkpt>
      <trkpt lat="45.797678" lon="10.845031">
        <ele>305.0</ele>
      </trkpt>
      <trkpt lat="45.797614" lon="10.845131">
        <ele>306.0</ele>
      </trkpt>
      <trkpt lat="45.797628" lon="10.845275">
        <ele>307.0</ele>
      </trkpt>
      <trkpt lat="45.797655" lon="10.845401">
        <ele>307.0</ele>
      </trkpt>
      <trkpt lat="45.797691" lon="10.845527">
        <ele>308.0</ele>
      </trkpt>
      <trkpt lat="45.797747" lon="10.845647">
        <ele>308.0</ele>
      </trkpt>
      <trkpt lat="45.797775" lon="10.84574">
        <ele>308.0</ele>
      </trkpt>
      <trkpt lat="45.797814" lon="10.845859">
        <ele>308.0</ele>
      </trkpt>
      <trkpt lat="45.797848" lon="10.845986">
        <ele>308.0</ele>
      </trkpt>
      <trkpt lat="45.797901" lon="10.846102">
        <ele>308.0</ele>
      </trkpt>
      <trkpt lat="45.797977" lon="10.846183">
        <ele>309.0</ele>
      </trkpt>
      <trkpt lat="45.798072" lon="10.846216">
        <ele>309.0</ele>
      </trkpt>
      <trkpt lat="45.798168" lon="10.846221">
        <ele>310.0</ele>
      </trkpt>
      <trkpt lat="45.798266" lon="10.846232">
        <ele>311.0</ele>
      </trkpt>
      <trkpt lat="45.798217" lon="10.846352">
        <ele>313.0</ele>
      </trkpt>
      <trkpt lat="45.798149" lon="10.846466">
        <ele>314.0</ele>
      </trkpt>
      <trkpt lat="45.798106" lon="10.846581">
        <ele>315.0</ele>
      </trkpt>
      <trkpt lat="45.798057" lon="10.84672">
        <ele>316.0</ele>
      </trkpt>
      <trkpt lat="45.798033" lon="10.846856">
        <ele>316.0</ele>
      </trkpt>
      <trkpt lat="45.798071" lon="10.846992">
        <ele>318.0</ele>
      </trkpt>
      <trkpt lat="45.798128" lon="10.847124">
        <ele>320.0</ele>
      </trkpt>
      <trkpt lat="45.79815" lon="10.847262">
        <ele>321.0</ele>
      </trkpt>
      <trkpt lat="45.798091" lon="10.847383">
        <ele>322.0</ele>
      </trkpt>
      <trkpt lat="45.79802" lon="10.847484">
        <ele>323.0</ele>
      </trkpt>
      <trkpt lat="45.797947" lon="10.847586">
        <ele>324.0</ele>
      </trkpt>
      <trkpt lat="45.797913" lon="10.847708">
        <ele>325.0</ele>
      </trkpt>
      <trkpt lat="45.797839" lon="10.847794">
        <ele>326.0</ele>
      </trkpt>
      <trkpt lat="45.797822" lon="10.847923">
        <ele>329.0</ele>
      </trkpt>
      <trkpt lat="45.797836" lon="10.848054">
        <ele>329.0</ele>
      </trkpt>
      <trkpt lat="45.797846" lon="10.84819">
        <ele>330.0</ele>
      </trkpt>
      <trkpt lat="45.797891" lon="10.848305">
        <ele>330.0</ele>
      </trkpt>
      <trkpt lat="45.79797" lon="10.848369">
        <ele>340.0</ele>
      </trkpt>
      <trkpt lat="45.798062" lon="10.848441">
        <ele>341.0</ele>
      </trkpt>
      <trkpt lat="45.798152" lon="10.848508">
        <ele>343.0</ele>
      </trkpt>
      <trkpt lat="45.798181" lon="10.84864">
        <ele>342.0</ele>
      </trkpt>
      <trkpt lat="45.798168" lon="10.848771">
        <ele>342.0</ele>
      </trkpt>
      <trkpt lat="45.798168" lon="10.848909">
        <ele>342.0</ele>
      </trkpt>
      <trkpt lat="45.798192" lon="10.84904">
        <ele>342.0</ele>
      </trkpt>
      <trkpt lat="45.798245" lon="10.849158">
        <ele>343.0</ele>
      </trkpt>
      <trkpt lat="45.798321" lon="10.849252">
        <ele>343.0</ele>
      </trkpt>
      <trkpt lat="45.798357" lon="10.849377">
        <ele>343.0</ele>
      </trkpt>
      <trkpt lat="45.798433" lon="10.849461">
        <ele>344.0</ele>
      </trkpt>
      <trkpt lat="45.798525" lon="10.849496">
        <ele>345.0</ele>
      </trkpt>
      <trkpt lat="45.798604" lon="10.849572">
        <ele>345.0</ele>
      </trkpt>
      <trkpt lat="45.79867" lon="10.849674">
        <ele>345.0</ele>
      </trkpt>
      <trkpt lat="45.798733" lon="10.849817">
        <ele>345.0</ele>
      </trkpt>
      <trkpt lat="45.798755" lon="10.84995">
        <ele>346.0</ele>
      </trkpt>
      <trkpt lat="45.798777" lon="10.85008">
        <ele>345.0</ele>
      </trkpt>
      <trkpt lat="45.798807" lon="10.850203">
        <ele>346.0</ele>
      </trkpt>
      <trkpt lat="45.79884" lon="10.850366">
        <ele>346.0</ele>
      </trkpt>
      <trkpt lat="45.798889" lon="10.850479">
        <ele>347.0</ele>
      </trkpt>
      <trkpt lat="45.798965" lon="10.850557">
        <ele>348.0</ele>
      </trkpt>
      <trkpt lat="45.798967" lon="10.850704">
        <ele>349.0</ele>
      </trkpt>
      <trkpt lat="45.798953" lon="10.850849">
        <ele>351.0</ele>
      </trkpt>
      <trkpt lat="45.798932" lon="10.850981">
        <ele>353.0</ele>
      </trkpt>
      <trkpt lat="45.7989" lon="10.851154">
        <ele>355.0</ele>
      </trkpt>
      <trkpt lat="45.798905" lon="10.851291">
        <ele>356.0</ele>
      </trkpt>
      <trkpt lat="45.798878" lon="10.851442">
        <ele>357.0</ele>
      </trkpt>
      <trkpt lat="45.798876" lon="10.851557">
        <ele>358.0</ele>
      </trkpt>
      <trkpt lat="45.798905" lon="10.851686">
        <ele>359.0</ele>
      </trkpt>
      <trkpt lat="45.798932" lon="10.851802">
        <ele>361.0</ele>
      </trkpt>
      <trkpt lat="45.798924" lon="10.851923">
        <ele>361.0</ele>
      </trkpt>
      <trkpt lat="45.798892" lon="10.852066">
        <ele>364.0</ele>
      </trkpt>
      <trkpt lat="45.798908" lon="10.852217">
        <ele>370.0</ele>
      </trkpt>
      <trkpt lat="45.798958" lon="10.852397">
        <ele>374.0</ele>
      </trkpt>
    </trkseg>
  </trk>
</gpx>
