<?xml version="1.0" encoding="UTF-8"?>
<gpx version="1.1" creator="ETC" xmlns="http://www.topografix.com/GPX/1/1" xmlns:xsi="http://www.w3.org/2001/XMLSchema-instance" xsi:schemaLocation="http://www.topografix.com/GPX/1/1 http://www.topografix.com/GPX/1/1/gpx.xsd">
  <metadata>
    <name>Prima tappa</name>
  </metadata>
  <wpt lat="45.884818" lon="10.839644">
    <ele>70.0</ele>
    <name>Riva del Garda</name>
  </wpt>
  <wpt lat="45.889377" lon="10.84643">
    <ele>76.0</ele>
    <name>Riva del Garda</name>
  </wpt>
  <wpt lat="45.888551" lon="10.840643">
    <ele>82.0</ele>
    <name>Riva del Garda</name>
  </wpt>
  <wpt lat="45.883526" lon="10.838668">
    <ele>87.0</ele>
    <name>Bivio sx</name>
  </wpt>
  <wpt lat="45.880167" lon="10.837867">
    <ele>83.0</ele>
    <name>Bivio dx</name>
  </wpt>
  <wpt lat="45.879099" lon="10.837607">
    <ele>96.0</ele>
    <name>Bivio sx</name>
  </wpt>
  <wpt lat="45.862353" lon="10.829915">
    <ele>246.0</ele>
    <name>Bivio sx</name>
  </wpt>
  <wpt lat="45.861872" lon="10.828106">
    <ele>253.0</ele>
    <name>Ponte</name>
  </wpt>
  <wpt lat="45.860418" lon="10.8301">
    <ele>271.0</ele>
    <name>Bivio dx</name>
  </wpt>
  <wpt lat="45.859256" lon="10.830636">
    <ele>305.0</ele>
    <name>Bivio dx</name>
  </wpt>
  <wpt lat="45.857639" lon="10.829772">
    <ele>346.0</ele>
    <name>Bivio sx</name>
  </wpt>
  <wpt lat="45.856983" lon="10.830155">
    <ele>390.0</ele>
    <name>Bivio sx</name>
  </wpt>
  <wpt lat="45.856639" lon="10.830541">
    <ele>402.0</ele>
    <name>Punto panoramico</name>
  </wpt>
  <wpt lat="45.856217" lon="10.829934">
    <ele>412.0</ele>
    <name>Bivio dx sx</name>
  </wpt>
  <wpt lat="45.852512" lon="10.826565">
    <ele>486.0</ele>
    <name>Bivio dx</name>
  </wpt>
  <wpt lat="45.851266" lon="10.824344">
    <ele>525.0</ele>
    <name>Bivio sx</name>
  </wpt>
  <wpt lat="45.850645" lon="10.824133">
    <ele>523.0</ele>
    <name>Pregasina</name>
  </wpt>
  <wpt lat="45.8509" lon="10.823702">
    <ele>530.0</ele>
    <name>Bivio sx</name>
  </wpt>
  <wpt lat="45.848347" lon="10.822338">
    <ele>552.0</ele>
    <name>Bivio sx</name>
  </wpt>
  <wpt lat="45.844599" lon="10.820482">
    <ele>612.0</ele>
    <name>Bivio sx o dritti</name>
  </wpt>
  <wpt lat="45.836726" lon="10.815002">
    <ele>884.0</ele>
    <name>Bivio dx</name>
  </wpt>
  <wpt lat="45.836379" lon="10.814252">
    <ele>882.0</ele>
    <name>Bivio dritti</name>
  </wpt>
  <wpt lat="45.83853" lon="10.807915">
    <ele>954.0</ele>
    <name>Malga Palaer</name>
  </wpt>
  <wpt lat="45.834938" lon="10.801695">
    <ele>1159.0</ele>
    <name>Passo della Rocchetta</name>
  </wpt>
  <wpt lat="45.834549" lon="10.801267">
    <ele>1173.0</ele>
    <name>Bivio dritti</name>
  </wpt>
  <wpt lat="45.829633" lon="10.792266">
    <ele>1154.0</ele>
    <name>Bivio sx</name>
  </wpt>
  <wpt lat="45.828569" lon="10.792394">
    <ele>1161.0</ele>
    <name>Cima di Mughera</name>
  </wpt>
  <wpt lat="45.829162" lon="10.792181">
    <ele>1149.0</ele>
    <name>Bivio</name>
  </wpt>
  <wpt lat="45.8268" lon="10.779936">
    <ele>726.0</ele>
    <name>Bivio sx</name>
  </wpt>
  <wpt lat="45.814085" lon="10.78484">
    <ele>206.0</ele>
    <name>Bivio dx</name>
  </wpt>
  <wpt lat="45.810094" lon="10.790976">
    <ele>102.0</ele>
    <name>Bivio sx</name>
  </wpt>
  <wpt lat="45.811378" lon="10.793905">
    <ele>78.0</ele>
    <name>Limone traghetto</name>
  </wpt>
  <wpt lat="45.812657" lon="10.794163">
    <ele>69.0</ele>
    <name>Limone sul Garda</name>
  </wpt>
  <wpt lat="45.814001" lon="10.7918">
    <ele>98.0</ele>
    <name>Limone sul Garda</name>
  </wpt>
  <trk>
    <name>Grande Giro del Garda - Prima tappa</name>
    <trkseg>
      <trkpt lat="45.884764" lon="10.83968">
        <ele>123.0</ele>
      </trkpt>
      <trkpt lat="45.884737" lon="10.839512">
        <ele>124.0</ele>
      </trkpt>
      <trkpt lat="45.884697" lon="10.839373">
        <ele>124.0</ele>
      </trkpt>
      <trkpt lat="45.884688" lon="10.839227">
        <ele>124.0</ele>
      </trkpt>
      <trkpt lat="45.884712" lon="10.839094">
        <ele>123.0</ele>
      </trkpt>
      <trkpt lat="45.884706" lon="10.838954">
        <ele>123.0</ele>
      </trkpt>
      <trkpt lat="45.884649" lon="10.838823">
        <ele>123.0</ele>
      </trkpt>
      <trkpt lat="45.884548" lon="10.838819">
        <ele>123.0</ele>
      </trkpt>
      <trkpt lat="45.884442" lon="10.83881">
        <ele>124.0</ele>
      </trkpt>
      <trkpt lat="45.884329" lon="10.83885">
        <ele>125.0</ele>
      </trkpt>
      <trkpt lat="45.884266" lon="10.838948">
        <ele>125.0</ele>
      </trkpt>
      <trkpt lat="45.884147" lon="10.838975">
        <ele>127.0</ele>
      </trkpt>
      <trkpt lat="45.884054" lon="10.838948">
        <ele>128.0</ele>
      </trkpt>
      <trkpt lat="45.883956" lon="10.838947">
        <ele>129.0</ele>
      </trkpt>
      <trkpt lat="45.883868" lon="10.838917">
        <ele>129.0</ele>
      </trkpt>
      <trkpt lat="45.883746" lon="10.83885">
        <ele>130.0</ele>
      </trkpt>
      <trkpt lat="45.88364" lon="10.838769">
        <ele>131.0</ele>
      </trkpt>
      <trkpt lat="45.883549" lon="10.838742">
        <ele>134.0</ele>
      </trkpt>
      <trkpt lat="45.883464" lon="10.838677">
        <ele>133.0</ele>
      </trkpt>
      <trkpt lat="45.883381" lon="10.838615">
        <ele>130.0</ele>
      </trkpt>
      <trkpt lat="45.883288" lon="10.838573">
        <ele>129.0</ele>
      </trkpt>
      <trkpt lat="45.88321" lon="10.838498">
        <ele>129.0</ele>
      </trkpt>
      <trkpt lat="45.883111" lon="10.838464">
        <ele>128.0</ele>
      </trkpt>
      <trkpt lat="45.883016" lon="10.838467">
        <ele>128.0</ele>
      </trkpt>
      <trkpt lat="45.882925" lon="10.838421">
        <ele>129.0</ele>
      </trkpt>
      <trkpt lat="45.882839" lon="10.838378">
        <ele>130.0</ele>
      </trkpt>
      <trkpt lat="45.882749" lon="10.838344">
        <ele>130.0</ele>
      </trkpt>
      <trkpt lat="45.882653" lon="10.838311">
        <ele>131.0</ele>
      </trkpt>
      <trkpt lat="45.882563" lon="10.838254">
        <ele>131.0</ele>
      </trkpt>
      <trkpt lat="45.882473" lon="10.838252">
        <ele>131.0</ele>
      </trkpt>
      <trkpt lat="45.882369" lon="10.838231">
        <ele>131.0</ele>
      </trkpt>
      <trkpt lat="45.882273" lon="10.838183">
        <ele>130.0</ele>
      </trkpt>
      <trkpt lat="45.88217" lon="10.838153">
        <ele>131.0</ele>
      </trkpt>
      <trkpt lat="45.882067" lon="10.838147">
        <ele>133.0</ele>
      </trkpt>
      <trkpt lat="45.881964" lon="10.838133">
        <ele>134.0</ele>
      </trkpt>
      <trkpt lat="45.881873" lon="10.838148">
        <ele>134.0</ele>
      </trkpt>
      <trkpt lat="45.881777" lon="10.83817">
        <ele>133.0</ele>
      </trkpt>
      <trkpt lat="45.881678" lon="10.838121">
        <ele>134.0</ele>
      </trkpt>
      <trkpt lat="45.88159" lon="10.838075">
        <ele>134.0</ele>
      </trkpt>
      <trkpt lat="45.881485" lon="10.838041">
        <ele>134.0</ele>
      </trkpt>
      <trkpt lat="45.881386" lon="10.838033">
        <ele>134.0</ele>
      </trkpt>
      <trkpt lat="45.881288" lon="10.83802">
        <ele>135.0</ele>
      </trkpt>
      <trkpt lat="45.881184" lon="10.838008">
        <ele>135.0</ele>
      </trkpt>
      <trkpt lat="45.88109" lon="10.838007">
        <ele>136.0</ele>
      </trkpt>
      <trkpt lat="45.881" lon="10.837987">
        <ele>136.0</ele>
      </trkpt>
      <trkpt lat="45.880905" lon="10.83797">
        <ele>136.0</ele>
      </trkpt>
      <trkpt lat="45.880811" lon="10.837966">
        <ele>136.0</ele>
      </trkpt>
      <trkpt lat="45.880728" lon="10.837915">
        <ele>135.0</ele>
      </trkpt>
      <trkpt lat="45.88064" lon="10.83795">
        <ele>134.0</ele>
      </trkpt>
      <trkpt lat="45.880544" lon="10.837953">
        <ele>133.0</ele>
      </trkpt>
      <trkpt lat="45.880449" lon="10.837935">
        <ele>132.0</ele>
      </trkpt>
      <trkpt lat="45.88036" lon="10.837907">
        <ele>130.0</ele>
      </trkpt>
      <trkpt lat="45.880269" lon="10.837879">
        <ele>129.0</ele>
      </trkpt>
      <trkpt lat="45.880176" lon="10.837868">
        <ele>128.0</ele>
      </trkpt>
      <trkpt lat="45.880101" lon="10.83775">
        <ele>126.0</ele>
      </trkpt>
      <trkpt lat="45.880017" lon="10.837679">
        <ele>126.0</ele>
      </trkpt>
      <trkpt lat="45.879929" lon="10.837629">
        <ele>127.0</ele>
      </trkpt>
      <trkpt lat="45.879829" lon="10.837582">
        <ele>127.0</ele>
      </trkpt>
      <trkpt lat="45.879742" lon="10.837549">
        <ele>128.0</ele>
      </trkpt>
      <trkpt lat="45.879641" lon="10.837524">
        <ele>129.0</ele>
      </trkpt>
      <trkpt lat="45.879547" lon="10.837537">
        <ele>130.0</ele>
      </trkpt>
      <trkpt lat="45.879449" lon="10.837547">
        <ele>132.0</ele>
      </trkpt>
      <trkpt lat="45.879356" lon="10.837588">
        <ele>133.0</ele>
      </trkpt>
      <trkpt lat="45.879264" lon="10.837597">
        <ele>137.0</ele>
      </trkpt>
      <trkpt lat="45.879151" lon="10.837576">
        <ele>139.0</ele>
      </trkpt>
      <trkpt lat="45.879073" lon="10.837645">
        <ele>141.0</ele>
      </trkpt>
      <trkpt lat="45.878997" lon="10.837721">
        <ele>138.0</ele>
      </trkpt>
      <trkpt lat="45.878866" lon="10.837701">
        <ele>138.0</ele>
      </trkpt>
      <trkpt lat="45.87875" lon="10.837672">
        <ele>139.0</ele>
      </trkpt>
      <trkpt lat="45.878668" lon="10.837727">
        <ele>143.0</ele>
      </trkpt>
      <trkpt lat="45.878608" lon="10.837827">
        <ele>143.0</ele>
      </trkpt>
      <trkpt lat="45.878534" lon="10.837911">
        <ele>144.0</ele>
      </trkpt>
      <trkpt lat="45.878465" lon="10.837994">
        <ele>144.0</ele>
      </trkpt>
      <trkpt lat="45.878382" lon="10.83805">
        <ele>145.0</ele>
      </trkpt>
      <trkpt lat="45.87829" lon="10.838101">
        <ele>146.0</ele>
      </trkpt>
      <trkpt lat="45.878202" lon="10.838152">
        <ele>148.0</ele>
      </trkpt>
      <trkpt lat="45.878136" lon="10.83824">
        <ele>150.0</ele>
      </trkpt>
      <trkpt lat="45.878038" lon="10.838344">
        <ele>152.0</ele>
      </trkpt>
      <trkpt lat="45.877936" lon="10.838435">
        <ele>155.0</ele>
      </trkpt>
      <trkpt lat="45.877872" lon="10.838538">
        <ele>156.0</ele>
      </trkpt>
      <trkpt lat="45.877817" lon="10.838671">
        <ele>158.0</ele>
      </trkpt>
      <trkpt lat="45.877738" lon="10.838743">
        <ele>158.0</ele>
      </trkpt>
      <trkpt lat="45.877676" lon="10.83886">
        <ele>158.0</ele>
      </trkpt>
      <trkpt lat="45.877633" lon="10.838978">
        <ele>157.0</ele>
      </trkpt>
      <trkpt lat="45.877547" lon="10.839039">
        <ele>156.0</ele>
      </trkpt>
      <trkpt lat="45.877452" lon="10.839048">
        <ele>155.0</ele>
      </trkpt>
      <trkpt lat="45.877373" lon="10.838982">
        <ele>153.0</ele>
      </trkpt>
      <trkpt lat="45.877323" lon="10.838867">
        <ele>152.0</ele>
      </trkpt>
      <trkpt lat="45.877216" lon="10.838853">
        <ele>151.0</ele>
      </trkpt>
      <trkpt lat="45.877141" lon="10.838769">
        <ele>150.0</ele>
      </trkpt>
      <trkpt lat="45.877042" lon="10.838749">
        <ele>149.0</ele>
      </trkpt>
      <trkpt lat="45.876947" lon="10.838796">
        <ele>149.0</ele>
      </trkpt>
      <trkpt lat="45.876853" lon="10.838785">
        <ele>149.0</ele>
      </trkpt>
      <trkpt lat="45.87675" lon="10.838846">
        <ele>149.0</ele>
      </trkpt>
      <trkpt lat="45.876656" lon="10.838853">
        <ele>149.0</ele>
      </trkpt>
      <trkpt lat="45.876561" lon="10.838824">
        <ele>149.0</ele>
      </trkpt>
      <trkpt lat="45.876501" lon="10.838669">
        <ele>148.0</ele>
      </trkpt>
      <trkpt lat="45.876413" lon="10.83855">
        <ele>148.0</ele>
      </trkpt>
      <trkpt lat="45.876363" lon="10.83844">
        <ele>148.0</ele>
      </trkpt>
      <trkpt lat="45.876298" lon="10.838319">
        <ele>148.0</ele>
      </trkpt>
      <trkpt lat="45.876175" lon="10.838274">
        <ele>151.0</ele>
      </trkpt>
      <trkpt lat="45.876061" lon="10.83823">
        <ele>152.0</ele>
      </trkpt>
      <trkpt lat="45.875992" lon="10.838134">
        <ele>152.0</ele>
      </trkpt>
      <trkpt lat="45.8759" lon="10.8381">
        <ele>153.0</ele>
      </trkpt>
      <trkpt lat="45.87578" lon="10.838118">
        <ele>154.0</ele>
      </trkpt>
      <trkpt lat="45.875688" lon="10.838096">
        <ele>155.0</ele>
      </trkpt>
      <trkpt lat="45.875598" lon="10.838055">
        <ele>156.0</ele>
      </trkpt>
      <trkpt lat="45.875538" lon="10.837948">
        <ele>156.0</ele>
      </trkpt>
      <trkpt lat="45.87545" lon="10.837903">
        <ele>156.0</ele>
      </trkpt>
      <trkpt lat="45.875368" lon="10.837841">
        <ele>156.0</ele>
      </trkpt>
      <trkpt lat="45.875276" lon="10.837784">
        <ele>156.0</ele>
      </trkpt>
      <trkpt lat="45.875182" lon="10.837732">
        <ele>157.0</ele>
      </trkpt>
      <trkpt lat="45.875092" lon="10.837679">
        <ele>159.0</ele>
      </trkpt>
      <trkpt lat="45.875003" lon="10.837618">
        <ele>159.0</ele>
      </trkpt>
      <trkpt lat="45.874931" lon="10.837529">
        <ele>158.0</ele>
      </trkpt>
      <trkpt lat="45.874844" lon="10.837451">
        <ele>159.0</ele>
      </trkpt>
      <trkpt lat="45.874746" lon="10.837435">
        <ele>160.0</ele>
      </trkpt>
      <trkpt lat="45.874651" lon="10.837453">
        <ele>161.0</ele>
      </trkpt>
      <trkpt lat="45.874568" lon="10.837518">
        <ele>169.0</ele>
      </trkpt>
      <trkpt lat="45.874482" lon="10.837568">
        <ele>171.0</ele>
      </trkpt>
      <trkpt lat="45.874381" lon="10.837595">
        <ele>172.0</ele>
      </trkpt>
      <trkpt lat="45.87428" lon="10.837598">
        <ele>172.0</ele>
      </trkpt>
      <trkpt lat="45.874118" lon="10.837603">
        <ele>171.0</ele>
      </trkpt>
      <trkpt lat="45.874016" lon="10.837595">
        <ele>170.0</ele>
      </trkpt>
      <trkpt lat="45.87393" lon="10.837526">
        <ele>169.0</ele>
      </trkpt>
      <trkpt lat="45.873837" lon="10.83745">
        <ele>170.0</ele>
      </trkpt>
      <trkpt lat="45.873754" lon="10.83739">
        <ele>170.0</ele>
      </trkpt>
      <trkpt lat="45.873654" lon="10.837349">
        <ele>170.0</ele>
      </trkpt>
      <trkpt lat="45.873565" lon="10.837305">
        <ele>170.0</ele>
      </trkpt>
      <trkpt lat="45.873474" lon="10.837256">
        <ele>171.0</ele>
      </trkpt>
      <trkpt lat="45.873381" lon="10.837219">
        <ele>173.0</ele>
      </trkpt>
      <trkpt lat="45.873292" lon="10.837152">
        <ele>174.0</ele>
      </trkpt>
      <trkpt lat="45.873209" lon="10.837063">
        <ele>174.0</ele>
      </trkpt>
      <trkpt lat="45.873105" lon="10.837037">
        <ele>175.0</ele>
      </trkpt>
      <trkpt lat="45.873015" lon="10.837007">
        <ele>176.0</ele>
      </trkpt>
      <trkpt lat="45.872919" lon="10.836994">
        <ele>178.0</ele>
      </trkpt>
      <trkpt lat="45.872818" lon="10.837046">
        <ele>180.0</ele>
      </trkpt>
      <trkpt lat="45.872714" lon="10.837092">
        <ele>183.0</ele>
      </trkpt>
      <trkpt lat="45.872614" lon="10.837105">
        <ele>184.0</ele>
      </trkpt>
      <trkpt lat="45.871847" lon="10.836573">
        <ele>192.0</ele>
      </trkpt>
      <trkpt lat="45.871694" lon="10.836581">
        <ele>195.0</ele>
      </trkpt>
      <trkpt lat="45.871592" lon="10.836681">
        <ele>203.0</ele>
      </trkpt>
      <trkpt lat="45.87149" lon="10.836767">
        <ele>195.0</ele>
      </trkpt>
      <trkpt lat="45.871368" lon="10.836781">
        <ele>194.0</ele>
      </trkpt>
      <trkpt lat="45.871278" lon="10.836728">
        <ele>194.0</ele>
      </trkpt>
      <trkpt lat="45.871219" lon="10.836597">
        <ele>188.0</ele>
      </trkpt>
      <trkpt lat="45.871188" lon="10.836461">
        <ele>188.0</ele>
      </trkpt>
      <trkpt lat="45.871185" lon="10.836293">
        <ele>188.0</ele>
      </trkpt>
      <trkpt lat="45.871135" lon="10.836131">
        <ele>187.0</ele>
      </trkpt>
      <trkpt lat="45.87103" lon="10.834913">
        <ele>236.0</ele>
      </trkpt>
      <trkpt lat="45.871058" lon="10.834717">
        <ele>235.0</ele>
      </trkpt>
      <trkpt lat="45.871014" lon="10.834506">
        <ele>226.0</ele>
      </trkpt>
      <trkpt lat="45.870859" lon="10.834383">
        <ele>221.0</ele>
      </trkpt>
      <trkpt lat="45.870731" lon="10.834364">
        <ele>217.0</ele>
      </trkpt>
      <trkpt lat="45.870629" lon="10.834291">
        <ele>214.0</ele>
      </trkpt>
      <trkpt lat="45.870597" lon="10.83417">
        <ele>211.0</ele>
      </trkpt>
      <trkpt lat="45.870591" lon="10.834028">
        <ele>209.0</ele>
      </trkpt>
      <trkpt lat="45.870568" lon="10.833863">
        <ele>207.0</ele>
      </trkpt>
      <trkpt lat="45.870557" lon="10.83369">
        <ele>206.0</ele>
      </trkpt>
      <trkpt lat="45.870579" lon="10.833561">
        <ele>204.0</ele>
      </trkpt>
      <trkpt lat="45.870604" lon="10.833428">
        <ele>201.0</ele>
      </trkpt>
      <trkpt lat="45.87064" lon="10.833302">
        <ele>200.0</ele>
      </trkpt>
      <trkpt lat="45.870681" lon="10.833162">
        <ele>201.0</ele>
      </trkpt>
      <trkpt lat="45.870673" lon="10.833028">
        <ele>200.0</ele>
      </trkpt>
      <trkpt lat="45.870661" lon="10.832867">
        <ele>200.0</ele>
      </trkpt>
      <trkpt lat="45.870606" lon="10.832765">
        <ele>200.0</ele>
      </trkpt>
      <trkpt lat="45.870508" lon="10.832773">
        <ele>198.0</ele>
      </trkpt>
      <trkpt lat="45.870393" lon="10.832796">
        <ele>197.0</ele>
      </trkpt>
      <trkpt lat="45.870294" lon="10.832845">
        <ele>197.0</ele>
      </trkpt>
      <trkpt lat="45.870201" lon="10.832927">
        <ele>197.0</ele>
      </trkpt>
      <trkpt lat="45.870146" lon="10.833053">
        <ele>204.0</ele>
      </trkpt>
      <trkpt lat="45.870073" lon="10.83314">
        <ele>205.0</ele>
      </trkpt>
      <trkpt lat="45.86999" lon="10.833203">
        <ele>206.0</ele>
      </trkpt>
      <trkpt lat="45.869913" lon="10.833294">
        <ele>206.0</ele>
      </trkpt>
      <trkpt lat="45.86982" lon="10.833351">
        <ele>206.0</ele>
      </trkpt>
      <trkpt lat="45.869732" lon="10.833402">
        <ele>206.0</ele>
      </trkpt>
      <trkpt lat="45.869636" lon="10.833511">
        <ele>206.0</ele>
      </trkpt>
      <trkpt lat="45.869554" lon="10.833598">
        <ele>207.0</ele>
      </trkpt>
      <trkpt lat="45.86945" lon="10.833706">
        <ele>208.0</ele>
      </trkpt>
      <trkpt lat="45.869372" lon="10.833783">
        <ele>210.0</ele>
      </trkpt>
      <trkpt lat="45.869299" lon="10.833862">
        <ele>212.0</ele>
      </trkpt>
      <trkpt lat="45.869221" lon="10.833936">
        <ele>212.0</ele>
      </trkpt>
      <trkpt lat="45.869144" lon="10.834023">
        <ele>214.0</ele>
      </trkpt>
      <trkpt lat="45.869069" lon="10.834103">
        <ele>215.0</ele>
      </trkpt>
      <trkpt lat="45.868979" lon="10.834177">
        <ele>217.0</ele>
      </trkpt>
      <trkpt lat="45.868889" lon="10.834232">
        <ele>219.0</ele>
      </trkpt>
      <trkpt lat="45.868818" lon="10.83432">
        <ele>220.0</ele>
      </trkpt>
      <trkpt lat="45.868723" lon="10.834373">
        <ele>224.0</ele>
      </trkpt>
      <trkpt lat="45.868638" lon="10.834428">
        <ele>227.0</ele>
      </trkpt>
      <trkpt lat="45.868505" lon="10.834457">
        <ele>225.0</ele>
      </trkpt>
      <trkpt lat="45.868396" lon="10.834394">
        <ele>225.0</ele>
      </trkpt>
      <trkpt lat="45.868325" lon="10.834293">
        <ele>224.0</ele>
      </trkpt>
      <trkpt lat="45.868213" lon="10.834251">
        <ele>227.0</ele>
      </trkpt>
      <trkpt lat="45.86811" lon="10.834286">
        <ele>230.0</ele>
      </trkpt>
      <trkpt lat="45.868033" lon="10.834372">
        <ele>232.0</ele>
      </trkpt>
      <trkpt lat="45.867943" lon="10.834437">
        <ele>234.0</ele>
      </trkpt>
      <trkpt lat="45.867825" lon="10.834498">
        <ele>231.0</ele>
      </trkpt>
      <trkpt lat="45.867713" lon="10.834493">
        <ele>231.0</ele>
      </trkpt>
      <trkpt lat="45.867623" lon="10.834457">
        <ele>231.0</ele>
      </trkpt>
      <trkpt lat="45.867542" lon="10.834384">
        <ele>232.0</ele>
      </trkpt>
      <trkpt lat="45.867448" lon="10.834327">
        <ele>232.0</ele>
      </trkpt>
      <trkpt lat="45.867353" lon="10.834348">
        <ele>233.0</ele>
      </trkpt>
      <trkpt lat="45.867243" lon="10.834364">
        <ele>234.0</ele>
      </trkpt>
      <trkpt lat="45.867149" lon="10.834376">
        <ele>235.0</ele>
      </trkpt>
      <trkpt lat="45.867026" lon="10.834395">
        <ele>237.0</ele>
      </trkpt>
      <trkpt lat="45.866922" lon="10.834394">
        <ele>238.0</ele>
      </trkpt>
      <trkpt lat="45.866811" lon="10.834362">
        <ele>238.0</ele>
      </trkpt>
      <trkpt lat="45.866711" lon="10.834272">
        <ele>238.0</ele>
      </trkpt>
      <trkpt lat="45.866618" lon="10.834214">
        <ele>238.0</ele>
      </trkpt>
      <trkpt lat="45.866512" lon="10.834157">
        <ele>239.0</ele>
      </trkpt>
      <trkpt lat="45.866182" lon="10.834011">
        <ele>242.0</ele>
      </trkpt>
      <trkpt lat="45.865955" lon="10.833898">
        <ele>242.0</ele>
      </trkpt>
      <trkpt lat="45.865772" lon="10.833857">
        <ele>242.0</ele>
      </trkpt>
      <trkpt lat="45.865653" lon="10.83382">
        <ele>245.0</ele>
      </trkpt>
      <trkpt lat="45.865483" lon="10.833782">
        <ele>246.0</ele>
      </trkpt>
      <trkpt lat="45.865364" lon="10.833843">
        <ele>248.0</ele>
      </trkpt>
      <trkpt lat="45.865267" lon="10.83396">
        <ele>250.0</ele>
      </trkpt>
      <trkpt lat="45.865159" lon="10.834087">
        <ele>254.0</ele>
      </trkpt>
      <trkpt lat="45.865064" lon="10.834171">
        <ele>255.0</ele>
      </trkpt>
      <trkpt lat="45.864967" lon="10.834186">
        <ele>255.0</ele>
      </trkpt>
      <trkpt lat="45.864871" lon="10.83417">
        <ele>255.0</ele>
      </trkpt>
      <trkpt lat="45.864797" lon="10.834083">
        <ele>255.0</ele>
      </trkpt>
      <trkpt lat="45.864738" lon="10.833941">
        <ele>255.0</ele>
      </trkpt>
      <trkpt lat="45.864655" lon="10.833857">
        <ele>255.0</ele>
      </trkpt>
      <trkpt lat="45.864551" lon="10.833834">
        <ele>256.0</ele>
      </trkpt>
      <trkpt lat="45.864472" lon="10.833758">
        <ele>257.0</ele>
      </trkpt>
      <trkpt lat="45.864378" lon="10.833748">
        <ele>259.0</ele>
      </trkpt>
      <trkpt lat="45.864276" lon="10.833731">
        <ele>260.0</ele>
      </trkpt>
      <trkpt lat="45.864194" lon="10.833655">
        <ele>259.0</ele>
      </trkpt>
      <trkpt lat="45.864112" lon="10.833599">
        <ele>258.0</ele>
      </trkpt>
      <trkpt lat="45.864016" lon="10.833571">
        <ele>257.0</ele>
      </trkpt>
      <trkpt lat="45.863974" lon="10.833447">
        <ele>258.0</ele>
      </trkpt>
      <trkpt lat="45.863891" lon="10.833385">
        <ele>258.0</ele>
      </trkpt>
      <trkpt lat="45.863796" lon="10.833348">
        <ele>257.0</ele>
      </trkpt>
      <trkpt lat="45.863699" lon="10.833284">
        <ele>256.0</ele>
      </trkpt>
      <trkpt lat="45.863607" lon="10.833257">
        <ele>253.0</ele>
      </trkpt>
      <trkpt lat="45.863518" lon="10.833196">
        <ele>252.0</ele>
      </trkpt>
      <trkpt lat="45.863438" lon="10.833126">
        <ele>251.0</ele>
      </trkpt>
      <trkpt lat="45.863347" lon="10.833132">
        <ele>254.0</ele>
      </trkpt>
      <trkpt lat="45.863259" lon="10.833041">
        <ele>256.0</ele>
      </trkpt>
      <trkpt lat="45.863132" lon="10.83299">
        <ele>261.0</ele>
      </trkpt>
      <trkpt lat="45.863002" lon="10.832911">
        <ele>265.0</ele>
      </trkpt>
      <trkpt lat="45.8629" lon="10.832925">
        <ele>266.0</ele>
      </trkpt>
      <trkpt lat="45.862805" lon="10.83292">
        <ele>267.0</ele>
      </trkpt>
      <trkpt lat="45.862705" lon="10.832914">
        <ele>268.0</ele>
      </trkpt>
      <trkpt lat="45.862605" lon="10.832902">
        <ele>270.0</ele>
      </trkpt>
      <trkpt lat="45.862506" lon="10.832867">
        <ele>272.0</ele>
      </trkpt>
      <trkpt lat="45.862427" lon="10.832769">
        <ele>273.0</ele>
      </trkpt>
      <trkpt lat="45.862337" lon="10.832707">
        <ele>274.0</ele>
      </trkpt>
      <trkpt lat="45.862285" lon="10.832599">
        <ele>274.0</ele>
      </trkpt>
      <trkpt lat="45.862209" lon="10.83252">
        <ele>275.0</ele>
      </trkpt>
      <trkpt lat="45.862149" lon="10.832409">
        <ele>275.0</ele>
      </trkpt>
      <trkpt lat="45.862107" lon="10.832291">
        <ele>275.0</ele>
      </trkpt>
      <trkpt lat="45.862054" lon="10.832168">
        <ele>276.0</ele>
      </trkpt>
      <trkpt lat="45.862033" lon="10.832035">
        <ele>276.0</ele>
      </trkpt>
      <trkpt lat="45.862008" lon="10.831902">
        <ele>276.0</ele>
      </trkpt>
      <trkpt lat="45.861987" lon="10.831773">
        <ele>277.0</ele>
      </trkpt>
      <trkpt lat="45.861954" lon="10.831646">
        <ele>278.0</ele>
      </trkpt>
      <trkpt lat="45.861953" lon="10.831515">
        <ele>278.0</ele>
      </trkpt>
      <trkpt lat="45.861936" lon="10.831379">
        <ele>282.0</ele>
      </trkpt>
      <trkpt lat="45.861941" lon="10.831248">
        <ele>283.0</ele>
      </trkpt>
      <trkpt lat="45.861994" lon="10.831113">
        <ele>284.0</ele>
      </trkpt>
      <trkpt lat="45.862036" lon="10.830988">
        <ele>285.0</ele>
      </trkpt>
      <trkpt lat="45.86208" lon="10.830838">
        <ele>286.0</ele>
      </trkpt>
      <trkpt lat="45.862106" lon="10.830728">
        <ele>284.0</ele>
      </trkpt>
      <trkpt lat="45.862133" lon="10.830591">
        <ele>286.0</ele>
      </trkpt>
      <trkpt lat="45.862178" lon="10.830417">
        <ele>287.0</ele>
      </trkpt>
      <trkpt lat="45.862256" lon="10.830336">
        <ele>289.0</ele>
      </trkpt>
      <trkpt lat="45.862285" lon="10.830133">
        <ele>290.0</ele>
      </trkpt>
      <trkpt lat="45.862316" lon="10.829989">
        <ele>291.0</ele>
      </trkpt>
      <trkpt lat="45.862377" lon="10.82988">
        <ele>290.0</ele>
      </trkpt>
      <trkpt lat="45.862359" lon="10.829747">
        <ele>289.0</ele>
      </trkpt>
      <trkpt lat="45.862287" lon="10.829641">
        <ele>291.0</ele>
      </trkpt>
      <trkpt lat="45.862208" lon="10.829552">
        <ele>292.0</ele>
      </trkpt>
      <trkpt lat="45.862108" lon="10.829501">
        <ele>293.0</ele>
      </trkpt>
      <trkpt lat="45.862004" lon="10.829524">
        <ele>297.0</ele>
      </trkpt>
      <trkpt lat="45.861906" lon="10.829532">
        <ele>299.0</ele>
      </trkpt>
      <trkpt lat="45.861807" lon="10.829464">
        <ele>300.0</ele>
      </trkpt>
      <trkpt lat="45.861759" lon="10.829337">
        <ele>300.0</ele>
      </trkpt>
      <trkpt lat="45.861739" lon="10.829144">
        <ele>300.0</ele>
      </trkpt>
      <trkpt lat="45.861761" lon="10.828986">
        <ele>301.0</ele>
      </trkpt>
      <trkpt lat="45.861793" lon="10.828855">
        <ele>302.0</ele>
      </trkpt>
      <trkpt lat="45.861802" lon="10.828671">
        <ele>303.0</ele>
      </trkpt>
      <trkpt lat="45.861865" lon="10.828533">
        <ele>302.0</ele>
      </trkpt>
      <trkpt lat="45.861895" lon="10.828405">
        <ele>302.0</ele>
      </trkpt>
      <trkpt lat="45.861914" lon="10.828274">
        <ele>301.0</ele>
      </trkpt>
      <trkpt lat="45.861871" lon="10.828158">
        <ele>299.0</ele>
      </trkpt>
      <trkpt lat="45.861813" lon="10.828056">
        <ele>297.0</ele>
      </trkpt>
      <trkpt lat="45.861722" lon="10.828159">
        <ele>296.0</ele>
      </trkpt>
      <trkpt lat="45.861657" lon="10.828274">
        <ele>297.0</ele>
      </trkpt>
      <trkpt lat="45.86161" lon="10.828409">
        <ele>298.0</ele>
      </trkpt>
      <trkpt lat="45.861574" lon="10.828546">
        <ele>301.0</ele>
      </trkpt>
      <trkpt lat="45.861533" lon="10.828662">
        <ele>301.0</ele>
      </trkpt>
      <trkpt lat="45.86146" lon="10.82876">
        <ele>302.0</ele>
      </trkpt>
      <trkpt lat="45.86137" lon="10.82879">
        <ele>302.0</ele>
      </trkpt>
      <trkpt lat="45.861276" lon="10.828827">
        <ele>302.0</ele>
      </trkpt>
      <trkpt lat="45.861221" lon="10.828983">
        <ele>303.0</ele>
      </trkpt>
      <trkpt lat="45.861199" lon="10.82911">
        <ele>303.0</ele>
      </trkpt>
      <trkpt lat="45.861157" lon="10.829226">
        <ele>304.0</ele>
      </trkpt>
      <trkpt lat="45.861077" lon="10.829302">
        <ele>302.0</ele>
      </trkpt>
      <trkpt lat="45.860979" lon="10.829359">
        <ele>301.0</ele>
      </trkpt>
      <trkpt lat="45.860903" lon="10.829439">
        <ele>301.0</ele>
      </trkpt>
      <trkpt lat="45.860824" lon="10.829503">
        <ele>302.0</ele>
      </trkpt>
      <trkpt lat="45.860789" lon="10.829622">
        <ele>304.0</ele>
      </trkpt>
      <trkpt lat="45.860769" lon="10.82975">
        <ele>307.0</ele>
      </trkpt>
      <trkpt lat="45.860708" lon="10.82996">
        <ele>308.0</ele>
      </trkpt>
      <trkpt lat="45.8606" lon="10.830094">
        <ele>312.0</ele>
      </trkpt>
      <trkpt lat="45.860512" lon="10.830137">
        <ele>313.0</ele>
      </trkpt>
      <trkpt lat="45.860417" lon="10.830085">
        <ele>314.0</ele>
      </trkpt>
      <trkpt lat="45.860316" lon="10.83007">
        <ele>320.0</ele>
      </trkpt>
      <trkpt lat="45.860235" lon="10.830135">
        <ele>321.0</ele>
      </trkpt>
      <trkpt lat="45.860136" lon="10.830194">
        <ele>325.0</ele>
      </trkpt>
      <trkpt lat="45.860052" lon="10.830266">
        <ele>326.0</ele>
      </trkpt>
      <trkpt lat="45.859982" lon="10.830365">
        <ele>328.0</ele>
      </trkpt>
      <trkpt lat="45.859874" lon="10.830467">
        <ele>328.0</ele>
      </trkpt>
      <trkpt lat="45.859783" lon="10.830485">
        <ele>330.0</ele>
      </trkpt>
      <trkpt lat="45.859692" lon="10.830542">
        <ele>332.0</ele>
      </trkpt>
      <trkpt lat="45.859613" lon="10.830662">
        <ele>334.0</ele>
      </trkpt>
      <trkpt lat="45.859543" lon="10.830759">
        <ele>335.0</ele>
      </trkpt>
      <trkpt lat="45.859452" lon="10.830819">
        <ele>339.0</ele>
      </trkpt>
      <trkpt lat="45.859367" lon="10.830861">
        <ele>340.0</ele>
      </trkpt>
      <trkpt lat="45.859274" lon="10.830824">
        <ele>342.0</ele>
      </trkpt>
      <trkpt lat="45.85923" lon="10.830691">
        <ele>345.0</ele>
      </trkpt>
      <trkpt lat="45.859319" lon="10.830655">
        <ele>352.0</ele>
      </trkpt>
      <trkpt lat="45.859422" lon="10.830598">
        <ele>353.0</ele>
      </trkpt>
      <trkpt lat="45.859485" lon="10.830467">
        <ele>354.0</ele>
      </trkpt>
      <trkpt lat="45.859542" lon="10.830337">
        <ele>356.0</ele>
      </trkpt>
      <trkpt lat="45.859611" lon="10.830236">
        <ele>357.0</ele>
      </trkpt>
      <trkpt lat="45.85952" lon="10.830276">
        <ele>359.0</ele>
      </trkpt>
      <trkpt lat="45.859436" lon="10.830357">
        <ele>360.0</ele>
      </trkpt>
      <trkpt lat="45.859346" lon="10.830334">
        <ele>361.0</ele>
      </trkpt>
      <trkpt lat="45.85928" lon="10.830243">
        <ele>363.0</ele>
      </trkpt>
      <trkpt lat="45.859207" lon="10.830159">
        <ele>362.0</ele>
      </trkpt>
      <trkpt lat="45.859112" lon="10.83015">
        <ele>363.0</ele>
      </trkpt>
      <trkpt lat="45.858988" lon="10.830152">
        <ele>363.0</ele>
      </trkpt>
      <trkpt lat="45.858888" lon="10.830137">
        <ele>364.0</ele>
      </trkpt>
      <trkpt lat="45.858836" lon="10.830027">
        <ele>365.0</ele>
      </trkpt>
      <trkpt lat="45.858778" lon="10.829907">
        <ele>367.0</ele>
      </trkpt>
      <trkpt lat="45.858688" lon="10.829933">
        <ele>368.0</ele>
      </trkpt>
      <trkpt lat="45.858586" lon="10.829957">
        <ele>369.0</ele>
      </trkpt>
      <trkpt lat="45.858514" lon="10.829878">
        <ele>370.0</ele>
      </trkpt>
      <trkpt lat="45.858421" lon="10.829841">
        <ele>372.0</ele>
      </trkpt>
      <trkpt lat="45.858323" lon="10.829867">
        <ele>376.0</ele>
      </trkpt>
      <trkpt lat="45.85823" lon="10.829924">
        <ele>377.0</ele>
      </trkpt>
      <trkpt lat="45.858125" lon="10.829894">
        <ele>379.0</ele>
      </trkpt>
      <trkpt lat="45.858023" lon="10.829906">
        <ele>379.0</ele>
      </trkpt>
      <trkpt lat="45.857931" lon="10.829881">
        <ele>380.0</ele>
      </trkpt>
      <trkpt lat="45.85784" lon="10.829857">
        <ele>381.0</ele>
      </trkpt>
      <trkpt lat="45.857745" lon="10.829902">
        <ele>382.0</ele>
      </trkpt>
      <trkpt lat="45.857677" lon="10.829999">
        <ele>381.0</ele>
      </trkpt>
      <trkpt lat="45.857642" lon="10.830127">
        <ele>381.0</ele>
      </trkpt>
      <trkpt lat="45.857641" lon="10.830286">
        <ele>381.0</ele>
      </trkpt>
      <trkpt lat="45.857639" lon="10.830459">
        <ele>381.0</ele>
      </trkpt>
      <trkpt lat="45.857652" lon="10.830615">
        <ele>387.0</ele>
      </trkpt>
      <trkpt lat="45.857579" lon="10.83052">
        <ele>389.0</ele>
      </trkpt>
      <trkpt lat="45.857583" lon="10.830386">
        <ele>388.0</ele>
      </trkpt>
      <trkpt lat="45.857613" lon="10.830237">
        <ele>388.0</ele>
      </trkpt>
      <trkpt lat="45.857585" lon="10.830113">
        <ele>387.0</ele>
      </trkpt>
      <trkpt lat="45.85761" lon="10.829979">
        <ele>387.0</ele>
      </trkpt>
      <trkpt lat="45.857641" lon="10.829848">
        <ele>387.0</ele>
      </trkpt>
      <trkpt lat="45.857548" lon="10.829863">
        <ele>391.0</ele>
      </trkpt>
      <trkpt lat="45.857537" lon="10.83001">
        <ele>392.0</ele>
      </trkpt>
      <trkpt lat="45.857475" lon="10.830135">
        <ele>393.0</ele>
      </trkpt>
      <trkpt lat="45.857399" lon="10.830052">
        <ele>399.0</ele>
      </trkpt>
      <trkpt lat="45.857361" lon="10.82992">
        <ele>404.0</ele>
      </trkpt>
      <trkpt lat="45.857341" lon="10.829754">
        <ele>406.0</ele>
      </trkpt>
      <trkpt lat="45.85725" lon="10.829684">
        <ele>416.0</ele>
      </trkpt>
      <trkpt lat="45.857182" lon="10.829595">
        <ele>419.0</ele>
      </trkpt>
      <trkpt lat="45.857084" lon="10.829597">
        <ele>424.0</ele>
      </trkpt>
      <trkpt lat="45.85703" lon="10.829708">
        <ele>424.0</ele>
      </trkpt>
      <trkpt lat="45.857013" lon="10.829847">
        <ele>424.0</ele>
      </trkpt>
      <trkpt lat="45.857045" lon="10.82998">
        <ele>425.0</ele>
      </trkpt>
      <trkpt lat="45.85705" lon="10.830118">
        <ele>426.0</ele>
      </trkpt>
      <trkpt lat="45.857067" lon="10.830267">
        <ele>427.0</ele>
      </trkpt>
      <trkpt lat="45.857008" lon="10.830366">
        <ele>429.0</ele>
      </trkpt>
      <trkpt lat="45.857" lon="10.830233">
        <ele>432.0</ele>
      </trkpt>
      <trkpt lat="45.856953" lon="10.830098">
        <ele>436.0</ele>
      </trkpt>
      <trkpt lat="45.856896" lon="10.830232">
        <ele>437.0</ele>
      </trkpt>
      <trkpt lat="45.856815" lon="10.83017">
        <ele>441.0</ele>
      </trkpt>
      <trkpt lat="45.856749" lon="10.830261">
        <ele>442.0</ele>
      </trkpt>
      <trkpt lat="45.856696" lon="10.830384">
        <ele>444.0</ele>
      </trkpt>
      <trkpt lat="45.856675" lon="10.830518">
        <ele>446.0</ele>
      </trkpt>
      <trkpt lat="45.856578" lon="10.830489">
        <ele>450.0</ele>
      </trkpt>
      <trkpt lat="45.85655" lon="10.830326">
        <ele>450.0</ele>
      </trkpt>
      <trkpt lat="45.856467" lon="10.83026">
        <ele>451.0</ele>
      </trkpt>
      <trkpt lat="45.856463" lon="10.830109">
        <ele>452.0</ele>
      </trkpt>
      <trkpt lat="45.856444" lon="10.829977">
        <ele>455.0</ele>
      </trkpt>
      <trkpt lat="45.856342" lon="10.829918">
        <ele>456.0</ele>
      </trkpt>
      <trkpt lat="45.85624" lon="10.829938">
        <ele>457.0</ele>
      </trkpt>
      <trkpt lat="45.856173" lon="10.829836">
        <ele>459.0</ele>
      </trkpt>
      <trkpt lat="45.856155" lon="10.82969">
        <ele>460.0</ele>
      </trkpt>
      <trkpt lat="45.856102" lon="10.829571">
        <ele>460.0</ele>
      </trkpt>
      <trkpt lat="45.856007" lon="10.829518">
        <ele>461.0</ele>
      </trkpt>
      <trkpt lat="45.85591" lon="10.829499">
        <ele>463.0</ele>
      </trkpt>
      <trkpt lat="45.855827" lon="10.829443">
        <ele>464.0</ele>
      </trkpt>
      <trkpt lat="45.855751" lon="10.829374">
        <ele>465.0</ele>
      </trkpt>
      <trkpt lat="45.85566" lon="10.829349">
        <ele>466.0</ele>
      </trkpt>
      <trkpt lat="45.855572" lon="10.829291">
        <ele>469.0</ele>
      </trkpt>
      <trkpt lat="45.855485" lon="10.829238">
        <ele>472.0</ele>
      </trkpt>
      <trkpt lat="45.855407" lon="10.829171">
        <ele>474.0</ele>
      </trkpt>
      <trkpt lat="45.855332" lon="10.829071">
        <ele>477.0</ele>
      </trkpt>
      <trkpt lat="45.855247" lon="10.828979">
        <ele>479.0</ele>
      </trkpt>
      <trkpt lat="45.855184" lon="10.828862">
        <ele>482.0</ele>
      </trkpt>
      <trkpt lat="45.855109" lon="10.828781">
        <ele>484.0</ele>
      </trkpt>
      <trkpt lat="45.855034" lon="10.828693">
        <ele>485.0</ele>
      </trkpt>
      <trkpt lat="45.85494" lon="10.828662">
        <ele>485.0</ele>
      </trkpt>
      <trkpt lat="45.854864" lon="10.828578">
        <ele>483.0</ele>
      </trkpt>
      <trkpt lat="45.854777" lon="10.828525">
        <ele>483.0</ele>
      </trkpt>
      <trkpt lat="45.854686" lon="10.828498">
        <ele>484.0</ele>
      </trkpt>
      <trkpt lat="45.854594" lon="10.828523">
        <ele>484.0</ele>
      </trkpt>
      <trkpt lat="45.854505" lon="10.828551">
        <ele>486.0</ele>
      </trkpt>
      <trkpt lat="45.854431" lon="10.828475">
        <ele>489.0</ele>
      </trkpt>
      <trkpt lat="45.854344" lon="10.828422">
        <ele>492.0</ele>
      </trkpt>
      <trkpt lat="45.854251" lon="10.828386">
        <ele>496.0</ele>
      </trkpt>
      <trkpt lat="45.854184" lon="10.828297">
        <ele>497.0</ele>
      </trkpt>
      <trkpt lat="45.854154" lon="10.828173">
        <ele>498.0</ele>
      </trkpt>
      <trkpt lat="45.854117" lon="10.828052">
        <ele>500.0</ele>
      </trkpt>
      <trkpt lat="45.854122" lon="10.827911">
        <ele>502.0</ele>
      </trkpt>
      <trkpt lat="45.854058" lon="10.82782">
        <ele>505.0</ele>
      </trkpt>
      <trkpt lat="45.853971" lon="10.82778">
        <ele>507.0</ele>
      </trkpt>
      <trkpt lat="45.853881" lon="10.827771">
        <ele>510.0</ele>
      </trkpt>
      <trkpt lat="45.853854" lon="10.827626">
        <ele>516.0</ele>
      </trkpt>
      <trkpt lat="45.853835" lon="10.827495">
        <ele>517.0</ele>
      </trkpt>
      <trkpt lat="45.853776" lon="10.827388">
        <ele>519.0</ele>
      </trkpt>
      <trkpt lat="45.853694" lon="10.827333">
        <ele>519.0</ele>
      </trkpt>
      <trkpt lat="45.853643" lon="10.827223">
        <ele>520.0</ele>
      </trkpt>
      <trkpt lat="45.853577" lon="10.827126">
        <ele>521.0</ele>
      </trkpt>
      <trkpt lat="45.853497" lon="10.827052">
        <ele>522.0</ele>
      </trkpt>
      <trkpt lat="45.853395" lon="10.827066">
        <ele>523.0</ele>
      </trkpt>
      <trkpt lat="45.853306" lon="10.827012">
        <ele>524.0</ele>
      </trkpt>
      <trkpt lat="45.853215" lon="10.827007">
        <ele>525.0</ele>
      </trkpt>
      <trkpt lat="45.85312" lon="10.827006">
        <ele>525.0</ele>
      </trkpt>
      <trkpt lat="45.853017" lon="10.826972">
        <ele>526.0</ele>
      </trkpt>
      <trkpt lat="45.852933" lon="10.826906">
        <ele>527.0</ele>
      </trkpt>
      <trkpt lat="45.852856" lon="10.826834">
        <ele>527.0</ele>
      </trkpt>
      <trkpt lat="45.85278" lon="10.826744">
        <ele>525.0</ele>
      </trkpt>
      <trkpt lat="45.852685" lon="10.826679">
        <ele>525.0</ele>
      </trkpt>
      <trkpt lat="45.852601" lon="10.826604">
        <ele>527.0</ele>
      </trkpt>
      <trkpt lat="45.852517" lon="10.826548">
        <ele>529.0</ele>
      </trkpt>
      <trkpt lat="45.852443" lon="10.826456">
        <ele>532.0</ele>
      </trkpt>
      <trkpt lat="45.852367" lon="10.826357">
        <ele>533.0</ele>
      </trkpt>
      <trkpt lat="45.852284" lon="10.826307">
        <ele>534.0</ele>
      </trkpt>
      <trkpt lat="45.852252" lon="10.826179">
        <ele>534.0</ele>
      </trkpt>
      <trkpt lat="45.852233" lon="10.826052">
        <ele>534.0</ele>
      </trkpt>
      <trkpt lat="45.852196" lon="10.825932">
        <ele>535.0</ele>
      </trkpt>
      <trkpt lat="45.852142" lon="10.825822">
        <ele>536.0</ele>
      </trkpt>
      <trkpt lat="45.852096" lon="10.825703">
        <ele>537.0</ele>
      </trkpt>
      <trkpt lat="45.852065" lon="10.825581">
        <ele>538.0</ele>
      </trkpt>
      <trkpt lat="45.852023" lon="10.825467">
        <ele>539.0</ele>
      </trkpt>
      <trkpt lat="45.851967" lon="10.825366">
        <ele>539.0</ele>
      </trkpt>
      <trkpt lat="45.851891" lon="10.825274">
        <ele>541.0</ele>
      </trkpt>
      <trkpt lat="45.851795" lon="10.825216">
        <ele>542.0</ele>
      </trkpt>
      <trkpt lat="45.851702" lon="10.825166">
        <ele>545.0</ele>
      </trkpt>
      <trkpt lat="45.85161" lon="10.825142">
        <ele>546.0</ele>
      </trkpt>
      <trkpt lat="45.851532" lon="10.825049">
        <ele>547.0</ele>
      </trkpt>
      <trkpt lat="45.851444" lon="10.824985">
        <ele>549.0</ele>
      </trkpt>
      <trkpt lat="45.851352" lon="10.824995">
        <ele>551.0</ele>
      </trkpt>
      <trkpt lat="45.85127" lon="10.824937">
        <ele>552.0</ele>
      </trkpt>
      <trkpt lat="45.85119" lon="10.824851">
        <ele>553.0</ele>
      </trkpt>
      <trkpt lat="45.851137" lon="10.824748">
        <ele>553.0</ele>
      </trkpt>
      <trkpt lat="45.85107" lon="10.824629">
        <ele>555.0</ele>
      </trkpt>
      <trkpt lat="45.850995" lon="10.824542">
        <ele>555.0</ele>
      </trkpt>
      <trkpt lat="45.850917" lon="10.824436">
        <ele>557.0</ele>
      </trkpt>
      <trkpt lat="45.850982" lon="10.824372">
        <ele>558.0</ele>
      </trkpt>
      <trkpt lat="45.851064" lon="10.824408">
        <ele>561.0</ele>
      </trkpt>
      <trkpt lat="45.851132" lon="10.824496">
        <ele>563.0</ele>
      </trkpt>
      <trkpt lat="45.851232" lon="10.824571">
        <ele>559.0</ele>
      </trkpt>
      <trkpt lat="45.851303" lon="10.824475">
        <ele>567.0</ele>
      </trkpt>
      <trkpt lat="45.851278" lon="10.824355">
        <ele>568.0</ele>
      </trkpt>
      <trkpt lat="45.851202" lon="10.824283">
        <ele>571.0</ele>
      </trkpt>
      <trkpt lat="45.85111" lon="10.824208">
        <ele>570.0</ele>
      </trkpt>
      <trkpt lat="45.851009" lon="10.824157">
        <ele>570.0</ele>
      </trkpt>
      <trkpt lat="45.850913" lon="10.824119">
        <ele>569.0</ele>
      </trkpt>
      <trkpt lat="45.850824" lon="10.824104">
        <ele>568.0</ele>
      </trkpt>
      <trkpt lat="45.850722" lon="10.824114">
        <ele>568.0</ele>
      </trkpt>
      <trkpt lat="45.850632" lon="10.824119">
        <ele>568.0</ele>
      </trkpt>
      <trkpt lat="45.850639" lon="10.823988">
        <ele>570.0</ele>
      </trkpt>
      <trkpt lat="45.850678" lon="10.823864">
        <ele>572.0</ele>
      </trkpt>
      <trkpt lat="45.850756" lon="10.823799">
        <ele>573.0</ele>
      </trkpt>
      <trkpt lat="45.850867" lon="10.823787">
        <ele>574.0</ele>
      </trkpt>
      <trkpt lat="45.850821" lon="10.823659">
        <ele>577.0</ele>
      </trkpt>
      <trkpt lat="45.850725" lon="10.823674">
        <ele>577.0</ele>
      </trkpt>
      <trkpt lat="45.850629" lon="10.823687">
        <ele>579.0</ele>
      </trkpt>
      <trkpt lat="45.850551" lon="10.823766">
        <ele>580.0</ele>
      </trkpt>
      <trkpt lat="45.850466" lon="10.823711">
        <ele>580.0</ele>
      </trkpt>
      <trkpt lat="45.850378" lon="10.823663">
        <ele>581.0</ele>
      </trkpt>
      <trkpt lat="45.850292" lon="10.823617">
        <ele>581.0</ele>
      </trkpt>
      <trkpt lat="45.850219" lon="10.823531">
        <ele>581.0</ele>
      </trkpt>
      <trkpt lat="45.850156" lon="10.823429">
        <ele>581.0</ele>
      </trkpt>
      <trkpt lat="45.85013" lon="10.823295">
        <ele>580.0</ele>
      </trkpt>
      <trkpt lat="45.850082" lon="10.823182">
        <ele>581.0</ele>
      </trkpt>
      <trkpt lat="45.850013" lon="10.823098">
        <ele>582.0</ele>
      </trkpt>
      <trkpt lat="45.849918" lon="10.823074">
        <ele>582.0</ele>
      </trkpt>
      <trkpt lat="45.849831" lon="10.823035">
        <ele>583.0</ele>
      </trkpt>
      <trkpt lat="45.849742" lon="10.823011">
        <ele>584.0</ele>
      </trkpt>
      <trkpt lat="45.84965" lon="10.822972">
        <ele>584.0</ele>
      </trkpt>
      <trkpt lat="45.849562" lon="10.822915">
        <ele>585.0</ele>
      </trkpt>
      <trkpt lat="45.849469" lon="10.822907">
        <ele>586.0</ele>
      </trkpt>
      <trkpt lat="45.849374" lon="10.822889">
        <ele>586.0</ele>
      </trkpt>
      <trkpt lat="45.849275" lon="10.822847">
        <ele>587.0</ele>
      </trkpt>
      <trkpt lat="45.849185" lon="10.822815">
        <ele>588.0</ele>
      </trkpt>
      <trkpt lat="45.849086" lon="10.82282">
        <ele>589.0</ele>
      </trkpt>
      <trkpt lat="45.848995" lon="10.822816">
        <ele>590.0</ele>
      </trkpt>
      <trkpt lat="45.848901" lon="10.822827">
        <ele>590.0</ele>
      </trkpt>
      <trkpt lat="45.848807" lon="10.822825">
        <ele>591.0</ele>
      </trkpt>
      <trkpt lat="45.848697" lon="10.822815">
        <ele>592.0</ele>
      </trkpt>
      <trkpt lat="45.8486" lon="10.822805">
        <ele>593.0</ele>
      </trkpt>
      <trkpt lat="45.848482" lon="10.82277">
        <ele>594.0</ele>
      </trkpt>
      <trkpt lat="45.848403" lon="10.822694">
        <ele>595.0</ele>
      </trkpt>
      <trkpt lat="45.84835" lon="10.82258">
        <ele>596.0</ele>
      </trkpt>
      <trkpt lat="45.848359" lon="10.822469">
        <ele>596.0</ele>
      </trkpt>
      <trkpt lat="45.848391" lon="10.822367">
        <ele>597.0</ele>
      </trkpt>
      <trkpt lat="45.848383" lon="10.822163">
        <ele>598.0</ele>
      </trkpt>
      <trkpt lat="45.848384" lon="10.822027">
        <ele>600.0</ele>
      </trkpt>
      <trkpt lat="45.848337" lon="10.821888">
        <ele>600.0</ele>
      </trkpt>
      <trkpt lat="45.84826" lon="10.821815">
        <ele>600.0</ele>
      </trkpt>
      <trkpt lat="45.848147" lon="10.821788">
        <ele>601.0</ele>
      </trkpt>
      <trkpt lat="45.84807" lon="10.821714">
        <ele>600.0</ele>
      </trkpt>
      <trkpt lat="45.84809" lon="10.821565">
        <ele>600.0</ele>
      </trkpt>
      <trkpt lat="45.848129" lon="10.82144">
        <ele>601.0</ele>
      </trkpt>
      <trkpt lat="45.848135" lon="10.821307">
        <ele>600.0</ele>
      </trkpt>
      <trkpt lat="45.848043" lon="10.821235">
        <ele>600.0</ele>
      </trkpt>
      <trkpt lat="45.847946" lon="10.821208">
        <ele>601.0</ele>
      </trkpt>
      <trkpt lat="45.847851" lon="10.821192">
        <ele>602.0</ele>
      </trkpt>
      <trkpt lat="45.847768" lon="10.82127">
        <ele>602.0</ele>
      </trkpt>
      <trkpt lat="45.847685" lon="10.821341">
        <ele>602.0</ele>
      </trkpt>
      <trkpt lat="45.847591" lon="10.82134">
        <ele>603.0</ele>
      </trkpt>
      <trkpt lat="45.84751" lon="10.821398">
        <ele>603.0</ele>
      </trkpt>
      <trkpt lat="45.847404" lon="10.821393">
        <ele>604.0</ele>
      </trkpt>
      <trkpt lat="45.847306" lon="10.821416">
        <ele>605.0</ele>
      </trkpt>
      <trkpt lat="45.847221" lon="10.821479">
        <ele>606.0</ele>
      </trkpt>
      <trkpt lat="45.847134" lon="10.821544">
        <ele>607.0</ele>
      </trkpt>
      <trkpt lat="45.847039" lon="10.821589">
        <ele>607.0</ele>
      </trkpt>
      <trkpt lat="45.846943" lon="10.821573">
        <ele>609.0</ele>
      </trkpt>
      <trkpt lat="45.846846" lon="10.821565">
        <ele>611.0</ele>
      </trkpt>
      <trkpt lat="45.846758" lon="10.82163">
        <ele>612.0</ele>
      </trkpt>
      <trkpt lat="45.846668" lon="10.821651">
        <ele>613.0</ele>
      </trkpt>
      <trkpt lat="45.846576" lon="10.821622">
        <ele>615.0</ele>
      </trkpt>
      <trkpt lat="45.846484" lon="10.821593">
        <ele>616.0</ele>
      </trkpt>
      <trkpt lat="45.846392" lon="10.821586">
        <ele>618.0</ele>
      </trkpt>
      <trkpt lat="45.846304" lon="10.82165">
        <ele>620.0</ele>
      </trkpt>
      <trkpt lat="45.846228" lon="10.821721">
        <ele>621.0</ele>
      </trkpt>
      <trkpt lat="45.846149" lon="10.821785">
        <ele>623.0</ele>
      </trkpt>
      <trkpt lat="45.846055" lon="10.821804">
        <ele>625.0</ele>
      </trkpt>
      <trkpt lat="45.846024" lon="10.821679">
        <ele>626.0</ele>
      </trkpt>
      <trkpt lat="45.846121" lon="10.821642">
        <ele>628.0</ele>
      </trkpt>
      <trkpt lat="45.846102" lon="10.821515">
        <ele>630.0</ele>
      </trkpt>
      <trkpt lat="45.846006" lon="10.821511">
        <ele>631.0</ele>
      </trkpt>
      <trkpt lat="45.84593" lon="10.821428">
        <ele>632.0</ele>
      </trkpt>
      <trkpt lat="45.845828" lon="10.821475">
        <ele>633.0</ele>
      </trkpt>
      <trkpt lat="45.845739" lon="10.821516">
        <ele>634.0</ele>
      </trkpt>
      <trkpt lat="45.845656" lon="10.821465">
        <ele>636.0</ele>
      </trkpt>
      <trkpt lat="45.845554" lon="10.821393">
        <ele>636.0</ele>
      </trkpt>
      <trkpt lat="45.845459" lon="10.821397">
        <ele>637.0</ele>
      </trkpt>
      <trkpt lat="45.845362" lon="10.821433">
        <ele>637.0</ele>
      </trkpt>
      <trkpt lat="45.84528" lon="10.821376">
        <ele>638.0</ele>
      </trkpt>
      <trkpt lat="45.845209" lon="10.821293">
        <ele>640.0</ele>
      </trkpt>
      <trkpt lat="45.845166" lon="10.821175">
        <ele>641.0</ele>
      </trkpt>
      <trkpt lat="45.845131" lon="10.821048">
        <ele>642.0</ele>
      </trkpt>
      <trkpt lat="45.845098" lon="10.82092">
        <ele>644.0</ele>
      </trkpt>
      <trkpt lat="45.84505" lon="10.820799">
        <ele>645.0</ele>
      </trkpt>
      <trkpt lat="45.844985" lon="10.820709">
        <ele>646.0</ele>
      </trkpt>
      <trkpt lat="45.844914" lon="10.820606">
        <ele>647.0</ele>
      </trkpt>
      <trkpt lat="45.844841" lon="10.820513">
        <ele>648.0</ele>
      </trkpt>
      <trkpt lat="45.844752" lon="10.820465">
        <ele>651.0</ele>
      </trkpt>
      <trkpt lat="45.844666" lon="10.820403">
        <ele>653.0</ele>
      </trkpt>
      <trkpt lat="45.844571" lon="10.820398">
        <ele>655.0</ele>
      </trkpt>
      <trkpt lat="45.844562" lon="10.820536">
        <ele>657.0</ele>
      </trkpt>
      <trkpt lat="45.844626" lon="10.820592">
        <ele>657.0</ele>
      </trkpt>
      <trkpt lat="45.844665" lon="10.820714">
        <ele>658.0</ele>
      </trkpt>
      <trkpt lat="45.844694" lon="10.820844">
        <ele>658.0</ele>
      </trkpt>
      <trkpt lat="45.844697" lon="10.820975">
        <ele>659.0</ele>
      </trkpt>
      <trkpt lat="45.844613" lon="10.82091">
        <ele>661.0</ele>
      </trkpt>
      <trkpt lat="45.844592" lon="10.82077">
        <ele>661.0</ele>
      </trkpt>
      <trkpt lat="45.844533" lon="10.820642">
        <ele>662.0</ele>
      </trkpt>
      <trkpt lat="45.844447" lon="10.820598">
        <ele>663.0</ele>
      </trkpt>
      <trkpt lat="45.844353" lon="10.820545">
        <ele>664.0</ele>
      </trkpt>
      <trkpt lat="45.844246" lon="10.820547">
        <ele>665.0</ele>
      </trkpt>
      <trkpt lat="45.844143" lon="10.820526">
        <ele>667.0</ele>
      </trkpt>
      <trkpt lat="45.844047" lon="10.820533">
        <ele>668.0</ele>
      </trkpt>
      <trkpt lat="45.843944" lon="10.820541">
        <ele>670.0</ele>
      </trkpt>
      <trkpt lat="45.843851" lon="10.820493">
        <ele>672.0</ele>
      </trkpt>
      <trkpt lat="45.843755" lon="10.820474">
        <ele>674.0</ele>
      </trkpt>
      <trkpt lat="45.843668" lon="10.82041">
        <ele>676.0</ele>
      </trkpt>
      <trkpt lat="45.843614" lon="10.820303">
        <ele>677.0</ele>
      </trkpt>
      <trkpt lat="45.84352" lon="10.820272">
        <ele>678.0</ele>
      </trkpt>
      <trkpt lat="45.843432" lon="10.820243">
        <ele>679.0</ele>
      </trkpt>
      <trkpt lat="45.843346" lon="10.820172">
        <ele>681.0</ele>
      </trkpt>
      <trkpt lat="45.843262" lon="10.820123">
        <ele>683.0</ele>
      </trkpt>
      <trkpt lat="45.843199" lon="10.820025">
        <ele>684.0</ele>
      </trkpt>
      <trkpt lat="45.84309" lon="10.819968">
        <ele>685.0</ele>
      </trkpt>
      <trkpt lat="45.843001" lon="10.819898">
        <ele>686.0</ele>
      </trkpt>
      <trkpt lat="45.842892" lon="10.819871">
        <ele>689.0</ele>
      </trkpt>
      <trkpt lat="45.842792" lon="10.819852">
        <ele>698.0</ele>
      </trkpt>
      <trkpt lat="45.842689" lon="10.819774">
        <ele>699.0</ele>
      </trkpt>
      <trkpt lat="45.842598" lon="10.819687">
        <ele>702.0</ele>
      </trkpt>
      <trkpt lat="45.84251" lon="10.819618">
        <ele>707.0</ele>
      </trkpt>
      <trkpt lat="45.842431" lon="10.819512">
        <ele>709.0</ele>
      </trkpt>
      <trkpt lat="45.842339" lon="10.819404">
        <ele>711.0</ele>
      </trkpt>
      <trkpt lat="45.842286" lon="10.8193">
        <ele>715.0</ele>
      </trkpt>
      <trkpt lat="45.842243" lon="10.819181">
        <ele>718.0</ele>
      </trkpt>
      <trkpt lat="45.84218" lon="10.818996">
        <ele>721.0</ele>
      </trkpt>
      <trkpt lat="45.842085" lon="10.818907">
        <ele>722.0</ele>
      </trkpt>
      <trkpt lat="45.841987" lon="10.818845">
        <ele>722.0</ele>
      </trkpt>
      <trkpt lat="45.841896" lon="10.818766">
        <ele>726.0</ele>
      </trkpt>
      <trkpt lat="45.841811" lon="10.818716">
        <ele>727.0</ele>
      </trkpt>
      <trkpt lat="45.84174" lon="10.818636">
        <ele>727.0</ele>
      </trkpt>
      <trkpt lat="45.841681" lon="10.818534">
        <ele>728.0</ele>
      </trkpt>
      <trkpt lat="45.841578" lon="10.818465">
        <ele>730.0</ele>
      </trkpt>
      <trkpt lat="45.841472" lon="10.818375">
        <ele>732.0</ele>
      </trkpt>
      <trkpt lat="45.841383" lon="10.818327">
        <ele>737.0</ele>
      </trkpt>
      <trkpt lat="45.841474" lon="10.818233">
        <ele>748.0</ele>
      </trkpt>
      <trkpt lat="45.841591" lon="10.818173">
        <ele>749.0</ele>
      </trkpt>
      <trkpt lat="45.841683" lon="10.818122">
        <ele>750.0</ele>
      </trkpt>
      <trkpt lat="45.841776" lon="10.818069">
        <ele>760.0</ele>
      </trkpt>
      <trkpt lat="45.841891" lon="10.817982">
        <ele>761.0</ele>
      </trkpt>
      <trkpt lat="45.841959" lon="10.817878">
        <ele>762.0</ele>
      </trkpt>
      <trkpt lat="45.841984" lon="10.817727">
        <ele>762.0</ele>
      </trkpt>
      <trkpt lat="45.841829" lon="10.817668">
        <ele>765.0</ele>
      </trkpt>
      <trkpt lat="45.841754" lon="10.817576">
        <ele>765.0</ele>
      </trkpt>
      <trkpt lat="45.841653" lon="10.817543">
        <ele>763.0</ele>
      </trkpt>
      <trkpt lat="45.841555" lon="10.817576">
        <ele>763.0</ele>
      </trkpt>
      <trkpt lat="45.841469" lon="10.817501">
        <ele>763.0</ele>
      </trkpt>
      <trkpt lat="45.841451" lon="10.817373">
        <ele>763.0</ele>
      </trkpt>
      <trkpt lat="45.841419" lon="10.817249">
        <ele>765.0</ele>
      </trkpt>
      <trkpt lat="45.841391" lon="10.817123">
        <ele>765.0</ele>
      </trkpt>
      <trkpt lat="45.841403" lon="10.816987">
        <ele>767.0</ele>
      </trkpt>
      <trkpt lat="45.841355" lon="10.816876">
        <ele>767.0</ele>
      </trkpt>
      <trkpt lat="45.841287" lon="10.816772">
        <ele>768.0</ele>
      </trkpt>
      <trkpt lat="45.841233" lon="10.816666">
        <ele>769.0</ele>
      </trkpt>
      <trkpt lat="45.841185" lon="10.816548">
        <ele>770.0</ele>
      </trkpt>
      <trkpt lat="45.841112" lon="10.816457">
        <ele>772.0</ele>
      </trkpt>
      <trkpt lat="45.841037" lon="10.816369">
        <ele>774.0</ele>
      </trkpt>
      <trkpt lat="45.840914" lon="10.816362">
        <ele>775.0</ele>
      </trkpt>
      <trkpt lat="45.840818" lon="10.816332">
        <ele>776.0</ele>
      </trkpt>
      <trkpt lat="45.84071" lon="10.81632">
        <ele>778.0</ele>
      </trkpt>
      <trkpt lat="45.840647" lon="10.816412">
        <ele>780.0</ele>
      </trkpt>
      <trkpt lat="45.840608" lon="10.816567">
        <ele>781.0</ele>
      </trkpt>
      <trkpt lat="45.840574" lon="10.816693">
        <ele>782.0</ele>
      </trkpt>
      <trkpt lat="45.840522" lon="10.816812">
        <ele>783.0</ele>
      </trkpt>
      <trkpt lat="45.84043" lon="10.816793">
        <ele>785.0</ele>
      </trkpt>
      <trkpt lat="45.840396" lon="10.816673">
        <ele>786.0</ele>
      </trkpt>
      <trkpt lat="45.840334" lon="10.816561">
        <ele>787.0</ele>
      </trkpt>
      <trkpt lat="45.840291" lon="10.816419">
        <ele>789.0</ele>
      </trkpt>
      <trkpt lat="45.840236" lon="10.816304">
        <ele>791.0</ele>
      </trkpt>
      <trkpt lat="45.840181" lon="10.816197">
        <ele>792.0</ele>
      </trkpt>
      <trkpt lat="45.840177" lon="10.81605">
        <ele>795.0</ele>
      </trkpt>
      <trkpt lat="45.84012" lon="10.81589">
        <ele>796.0</ele>
      </trkpt>
      <trkpt lat="45.84011" lon="10.815742">
        <ele>797.0</ele>
      </trkpt>
      <trkpt lat="45.840147" lon="10.815616">
        <ele>800.0</ele>
      </trkpt>
      <trkpt lat="45.840143" lon="10.815476">
        <ele>802.0</ele>
      </trkpt>
      <trkpt lat="45.840131" lon="10.815339">
        <ele>804.0</ele>
      </trkpt>
      <trkpt lat="45.840102" lon="10.815212">
        <ele>806.0</ele>
      </trkpt>
      <trkpt lat="45.840003" lon="10.815127">
        <ele>807.0</ele>
      </trkpt>
      <trkpt lat="45.839922" lon="10.815054">
        <ele>807.0</ele>
      </trkpt>
      <trkpt lat="45.839801" lon="10.815056">
        <ele>810.0</ele>
      </trkpt>
      <trkpt lat="45.839825" lon="10.814927">
        <ele>814.0</ele>
      </trkpt>
      <trkpt lat="45.839909" lon="10.814842">
        <ele>817.0</ele>
      </trkpt>
      <trkpt lat="45.840001" lon="10.814796">
        <ele>817.0</ele>
      </trkpt>
      <trkpt lat="45.840079" lon="10.814875">
        <ele>817.0</ele>
      </trkpt>
      <trkpt lat="45.840142" lon="10.814968">
        <ele>818.0</ele>
      </trkpt>
      <trkpt lat="45.840188" lon="10.815086">
        <ele>819.0</ele>
      </trkpt>
      <trkpt lat="45.840277" lon="10.815154">
        <ele>820.0</ele>
      </trkpt>
      <trkpt lat="45.840369" lon="10.815148">
        <ele>822.0</ele>
      </trkpt>
      <trkpt lat="45.840468" lon="10.815145">
        <ele>824.0</ele>
      </trkpt>
      <trkpt lat="45.84056" lon="10.815158">
        <ele>825.0</ele>
      </trkpt>
      <trkpt lat="45.840648" lon="10.815112">
        <ele>826.0</ele>
      </trkpt>
      <trkpt lat="45.840747" lon="10.815103">
        <ele>828.0</ele>
      </trkpt>
      <trkpt lat="45.84082" lon="10.815007">
        <ele>830.0</ele>
      </trkpt>
      <trkpt lat="45.840871" lon="10.814895">
        <ele>833.0</ele>
      </trkpt>
      <trkpt lat="45.840954" lon="10.814836">
        <ele>835.0</ele>
      </trkpt>
      <trkpt lat="45.841029" lon="10.814746">
        <ele>838.0</ele>
      </trkpt>
      <trkpt lat="45.840933" lon="10.81472">
        <ele>840.0</ele>
      </trkpt>
      <trkpt lat="45.840856" lon="10.814646">
        <ele>840.0</ele>
      </trkpt>
      <trkpt lat="45.840763" lon="10.814694">
        <ele>841.0</ele>
      </trkpt>
      <trkpt lat="45.840673" lon="10.814746">
        <ele>841.0</ele>
      </trkpt>
      <trkpt lat="45.840582" lon="10.814756">
        <ele>842.0</ele>
      </trkpt>
      <trkpt lat="45.840489" lon="10.8147">
        <ele>842.0</ele>
      </trkpt>
      <trkpt lat="45.840424" lon="10.814605">
        <ele>843.0</ele>
      </trkpt>
      <trkpt lat="45.840431" lon="10.814459">
        <ele>843.0</ele>
      </trkpt>
      <trkpt lat="45.84043" lon="10.814295">
        <ele>844.0</ele>
      </trkpt>
      <trkpt lat="45.840466" lon="10.814176">
        <ele>845.0</ele>
      </trkpt>
      <trkpt lat="45.840508" lon="10.814049">
        <ele>848.0</ele>
      </trkpt>
      <trkpt lat="45.840503" lon="10.813919">
        <ele>851.0</ele>
      </trkpt>
      <trkpt lat="45.840485" lon="10.813782">
        <ele>853.0</ele>
      </trkpt>
      <trkpt lat="45.840457" lon="10.813628">
        <ele>853.0</ele>
      </trkpt>
      <trkpt lat="45.840473" lon="10.813499">
        <ele>853.0</ele>
      </trkpt>
      <trkpt lat="45.840457" lon="10.813362">
        <ele>854.0</ele>
      </trkpt>
      <trkpt lat="45.840421" lon="10.813243">
        <ele>856.0</ele>
      </trkpt>
      <trkpt lat="45.84035" lon="10.813147">
        <ele>857.0</ele>
      </trkpt>
      <trkpt lat="45.84028" lon="10.813062">
        <ele>858.0</ele>
      </trkpt>
      <trkpt lat="45.840204" lon="10.812971">
        <ele>858.0</ele>
      </trkpt>
      <trkpt lat="45.840183" lon="10.81284">
        <ele>859.0</ele>
      </trkpt>
      <trkpt lat="45.840104" lon="10.812773">
        <ele>860.0</ele>
      </trkpt>
      <trkpt lat="45.840124" lon="10.812634">
        <ele>862.0</ele>
      </trkpt>
      <trkpt lat="45.840112" lon="10.812505">
        <ele>864.0</ele>
      </trkpt>
      <trkpt lat="45.840055" lon="10.812404">
        <ele>864.0</ele>
      </trkpt>
      <trkpt lat="45.839985" lon="10.812321">
        <ele>865.0</ele>
      </trkpt>
      <trkpt lat="45.839933" lon="10.812215">
        <ele>865.0</ele>
      </trkpt>
      <trkpt lat="45.839849" lon="10.812155">
        <ele>866.0</ele>
      </trkpt>
      <trkpt lat="45.839781" lon="10.812068">
        <ele>867.0</ele>
      </trkpt>
      <trkpt lat="45.83973" lon="10.811939">
        <ele>869.0</ele>
      </trkpt>
      <trkpt lat="45.839657" lon="10.811863">
        <ele>871.0</ele>
      </trkpt>
      <trkpt lat="45.839574" lon="10.811918">
        <ele>873.0</ele>
      </trkpt>
      <trkpt lat="45.839515" lon="10.812104">
        <ele>881.0</ele>
      </trkpt>
      <trkpt lat="45.839486" lon="10.812242">
        <ele>881.0</ele>
      </trkpt>
      <trkpt lat="45.839479" lon="10.812394">
        <ele>883.0</ele>
      </trkpt>
      <trkpt lat="45.839458" lon="10.812594">
        <ele>885.0</ele>
      </trkpt>
      <trkpt lat="45.839395" lon="10.812737">
        <ele>886.0</ele>
      </trkpt>
      <trkpt lat="45.839361" lon="10.812867">
        <ele>886.0</ele>
      </trkpt>
      <trkpt lat="45.839308" lon="10.812976">
        <ele>887.0</ele>
      </trkpt>
      <trkpt lat="45.839258" lon="10.813086">
        <ele>888.0</ele>
      </trkpt>
      <trkpt lat="45.839208" lon="10.813197">
        <ele>889.0</ele>
      </trkpt>
      <trkpt lat="45.839171" lon="10.813336">
        <ele>891.0</ele>
      </trkpt>
      <trkpt lat="45.839149" lon="10.813462">
        <ele>891.0</ele>
      </trkpt>
      <trkpt lat="45.839086" lon="10.813559">
        <ele>892.0</ele>
      </trkpt>
      <trkpt lat="45.838995" lon="10.813572">
        <ele>892.0</ele>
      </trkpt>
      <trkpt lat="45.838901" lon="10.813547">
        <ele>893.0</ele>
      </trkpt>
      <trkpt lat="45.838803" lon="10.813533">
        <ele>893.0</ele>
      </trkpt>
      <trkpt lat="45.838703" lon="10.813533">
        <ele>894.0</ele>
      </trkpt>
      <trkpt lat="45.838616" lon="10.813605">
        <ele>896.0</ele>
      </trkpt>
      <trkpt lat="45.838521" lon="10.813638">
        <ele>897.0</ele>
      </trkpt>
      <trkpt lat="45.838435" lon="10.81369">
        <ele>900.0</ele>
      </trkpt>
      <trkpt lat="45.838357" lon="10.813757">
        <ele>900.0</ele>
      </trkpt>
      <trkpt lat="45.838277" lon="10.813821">
        <ele>900.0</ele>
      </trkpt>
      <trkpt lat="45.838188" lon="10.813782">
        <ele>905.0</ele>
      </trkpt>
      <trkpt lat="45.838073" lon="10.813784">
        <ele>906.0</ele>
      </trkpt>
      <trkpt lat="45.837974" lon="10.813782">
        <ele>908.0</ele>
      </trkpt>
      <trkpt lat="45.837881" lon="10.813816">
        <ele>910.0</ele>
      </trkpt>
      <trkpt lat="45.837794" lon="10.813878">
        <ele>912.0</ele>
      </trkpt>
      <trkpt lat="45.837704" lon="10.813876">
        <ele>913.0</ele>
      </trkpt>
      <trkpt lat="45.837614" lon="10.813865">
        <ele>915.0</ele>
      </trkpt>
      <trkpt lat="45.837517" lon="10.813879">
        <ele>919.0</ele>
      </trkpt>
      <trkpt lat="45.837421" lon="10.813894">
        <ele>921.0</ele>
      </trkpt>
      <trkpt lat="45.837344" lon="10.813969">
        <ele>922.0</ele>
      </trkpt>
      <trkpt lat="45.837264" lon="10.814046">
        <ele>923.0</ele>
      </trkpt>
      <trkpt lat="45.837182" lon="10.814099">
        <ele>923.0</ele>
      </trkpt>
      <trkpt lat="45.837096" lon="10.814186">
        <ele>924.0</ele>
      </trkpt>
      <trkpt lat="45.837009" lon="10.814251">
        <ele>924.0</ele>
      </trkpt>
      <trkpt lat="45.836913" lon="10.814293">
        <ele>925.0</ele>
      </trkpt>
      <trkpt lat="45.836836" lon="10.814366">
        <ele>926.0</ele>
      </trkpt>
      <trkpt lat="45.836823" lon="10.814506">
        <ele>926.0</ele>
      </trkpt>
      <trkpt lat="45.836823" lon="10.814636">
        <ele>926.0</ele>
      </trkpt>
      <trkpt lat="45.836831" lon="10.814769">
        <ele>926.0</ele>
      </trkpt>
      <trkpt lat="45.836794" lon="10.814899">
        <ele>925.0</ele>
      </trkpt>
      <trkpt lat="45.836692" lon="10.814959">
        <ele>925.0</ele>
      </trkpt>
      <trkpt lat="45.836686" lon="10.814782">
        <ele>925.0</ele>
      </trkpt>
      <trkpt lat="45.836704" lon="10.814645">
        <ele>926.0</ele>
      </trkpt>
      <trkpt lat="45.836707" lon="10.8145">
        <ele>927.0</ele>
      </trkpt>
      <trkpt lat="45.836727" lon="10.814373">
        <ele>929.0</ele>
      </trkpt>
      <trkpt lat="45.836739" lon="10.814228">
        <ele>931.0</ele>
      </trkpt>
      <trkpt lat="45.836758" lon="10.814096">
        <ele>932.0</ele>
      </trkpt>
      <trkpt lat="45.836843" lon="10.81404">
        <ele>932.0</ele>
      </trkpt>
      <trkpt lat="45.836928" lon="10.813939">
        <ele>933.0</ele>
      </trkpt>
      <trkpt lat="45.836988" lon="10.813815">
        <ele>934.0</ele>
      </trkpt>
      <trkpt lat="45.83706" lon="10.813708">
        <ele>935.0</ele>
      </trkpt>
      <trkpt lat="45.837107" lon="10.813596">
        <ele>936.0</ele>
      </trkpt>
      <trkpt lat="45.83716" lon="10.81349">
        <ele>938.0</ele>
      </trkpt>
      <trkpt lat="45.837221" lon="10.813384">
        <ele>939.0</ele>
      </trkpt>
      <trkpt lat="45.837286" lon="10.813266">
        <ele>947.0</ele>
      </trkpt>
      <trkpt lat="45.837366" lon="10.813199">
        <ele>948.0</ele>
      </trkpt>
      <trkpt lat="45.837485" lon="10.813189">
        <ele>949.0</ele>
      </trkpt>
      <trkpt lat="45.837574" lon="10.81316">
        <ele>951.0</ele>
      </trkpt>
      <trkpt lat="45.837678" lon="10.81317">
        <ele>953.0</ele>
      </trkpt>
      <trkpt lat="45.837736" lon="10.813031">
        <ele>958.0</ele>
      </trkpt>
      <trkpt lat="45.837817" lon="10.812955">
        <ele>959.0</ele>
      </trkpt>
      <trkpt lat="45.837892" lon="10.812884">
        <ele>961.0</ele>
      </trkpt>
      <trkpt lat="45.837992" lon="10.81284">
        <ele>961.0</ele>
      </trkpt>
      <trkpt lat="45.838085" lon="10.812783">
        <ele>962.0</ele>
      </trkpt>
      <trkpt lat="45.838157" lon="10.812696">
        <ele>963.0</ele>
      </trkpt>
      <trkpt lat="45.838188" lon="10.812571">
        <ele>965.0</ele>
      </trkpt>
      <trkpt lat="45.838168" lon="10.812413">
        <ele>965.0</ele>
      </trkpt>
      <trkpt lat="45.838124" lon="10.812266">
        <ele>967.0</ele>
      </trkpt>
      <trkpt lat="45.838108" lon="10.812127">
        <ele>967.0</ele>
      </trkpt>
      <trkpt lat="45.838106" lon="10.811966">
        <ele>968.0</ele>
      </trkpt>
      <trkpt lat="45.838135" lon="10.811844">
        <ele>970.0</ele>
      </trkpt>
      <trkpt lat="45.838136" lon="10.811703">
        <ele>970.0</ele>
      </trkpt>
      <trkpt lat="45.838132" lon="10.811573">
        <ele>972.0</ele>
      </trkpt>
      <trkpt lat="45.838159" lon="10.811448">
        <ele>972.0</ele>
      </trkpt>
      <trkpt lat="45.838166" lon="10.811311">
        <ele>972.0</ele>
      </trkpt>
      <trkpt lat="45.838137" lon="10.811177">
        <ele>972.0</ele>
      </trkpt>
      <trkpt lat="45.838088" lon="10.811063">
        <ele>972.0</ele>
      </trkpt>
      <trkpt lat="45.838064" lon="10.810939">
        <ele>973.0</ele>
      </trkpt>
      <trkpt lat="45.838028" lon="10.810798">
        <ele>976.0</ele>
      </trkpt>
      <trkpt lat="45.838075" lon="10.810661">
        <ele>977.0</ele>
      </trkpt>
      <trkpt lat="45.838132" lon="10.81051">
        <ele>980.0</ele>
      </trkpt>
      <trkpt lat="45.838204" lon="10.810417">
        <ele>980.0</ele>
      </trkpt>
      <trkpt lat="45.838284" lon="10.810344">
        <ele>985.0</ele>
      </trkpt>
      <trkpt lat="45.838312" lon="10.810214">
        <ele>987.0</ele>
      </trkpt>
      <trkpt lat="45.838264" lon="10.810105">
        <ele>987.0</ele>
      </trkpt>
      <trkpt lat="45.838299" lon="10.809932">
        <ele>987.0</ele>
      </trkpt>
      <trkpt lat="45.838278" lon="10.809782">
        <ele>987.0</ele>
      </trkpt>
      <trkpt lat="45.838316" lon="10.809652">
        <ele>987.0</ele>
      </trkpt>
      <trkpt lat="45.838355" lon="10.809522">
        <ele>986.0</ele>
      </trkpt>
      <trkpt lat="45.838379" lon="10.809336">
        <ele>986.0</ele>
      </trkpt>
      <trkpt lat="45.838396" lon="10.809197">
        <ele>988.0</ele>
      </trkpt>
      <trkpt lat="45.838425" lon="10.809064">
        <ele>990.0</ele>
      </trkpt>
      <trkpt lat="45.83847" lon="10.808938">
        <ele>990.0</ele>
      </trkpt>
      <trkpt lat="45.838521" lon="10.808822">
        <ele>991.0</ele>
      </trkpt>
      <trkpt lat="45.838523" lon="10.808682">
        <ele>993.0</ele>
      </trkpt>
      <trkpt lat="45.838504" lon="10.808552">
        <ele>994.0</ele>
      </trkpt>
      <trkpt lat="45.838481" lon="10.808424">
        <ele>996.0</ele>
      </trkpt>
      <trkpt lat="45.838469" lon="10.808283">
        <ele>997.0</ele>
      </trkpt>
      <trkpt lat="45.838458" lon="10.808139">
        <ele>997.0</ele>
      </trkpt>
      <trkpt lat="45.838488" lon="10.807987">
        <ele>998.0</ele>
      </trkpt>
      <trkpt lat="45.838534" lon="10.807874">
        <ele>999.0</ele>
      </trkpt>
      <trkpt lat="45.838459" lon="10.80779">
        <ele>998.0</ele>
      </trkpt>
      <trkpt lat="45.838385" lon="10.80771">
        <ele>997.0</ele>
      </trkpt>
      <trkpt lat="45.838345" lon="10.807589">
        <ele>998.0</ele>
      </trkpt>
      <trkpt lat="45.838283" lon="10.807484">
        <ele>1000.0</ele>
      </trkpt>
      <trkpt lat="45.838257" lon="10.807357">
        <ele>1001.0</ele>
      </trkpt>
      <trkpt lat="45.838267" lon="10.807226">
        <ele>1002.0</ele>
      </trkpt>
      <trkpt lat="45.838248" lon="10.807091">
        <ele>1005.0</ele>
      </trkpt>
      <trkpt lat="45.838205" lon="10.806966">
        <ele>1004.0</ele>
      </trkpt>
      <trkpt lat="45.838204" lon="10.806833">
        <ele>1006.0</ele>
      </trkpt>
      <trkpt lat="45.838169" lon="10.80671">
        <ele>1008.0</ele>
      </trkpt>
      <trkpt lat="45.838161" lon="10.806547">
        <ele>1008.0</ele>
      </trkpt>
      <trkpt lat="45.838197" lon="10.806422">
        <ele>1011.0</ele>
      </trkpt>
      <trkpt lat="45.838195" lon="10.806288">
        <ele>1013.0</ele>
      </trkpt>
      <trkpt lat="45.838241" lon="10.806171">
        <ele>1016.0</ele>
      </trkpt>
      <trkpt lat="45.838281" lon="10.806052">
        <ele>1019.0</ele>
      </trkpt>
      <trkpt lat="45.838319" lon="10.805929">
        <ele>1021.0</ele>
      </trkpt>
      <trkpt lat="45.838361" lon="10.805805">
        <ele>1026.0</ele>
      </trkpt>
      <trkpt lat="45.838391" lon="10.805674">
        <ele>1031.0</ele>
      </trkpt>
      <trkpt lat="45.838403" lon="10.805543">
        <ele>1032.0</ele>
      </trkpt>
      <trkpt lat="45.838387" lon="10.805674">
        <ele>1033.0</ele>
      </trkpt>
      <trkpt lat="45.838389" lon="10.805545">
        <ele>1033.0</ele>
      </trkpt>
      <trkpt lat="45.838437" lon="10.805409">
        <ele>1035.0</ele>
      </trkpt>
      <trkpt lat="45.838511" lon="10.805308">
        <ele>1037.0</ele>
      </trkpt>
      <trkpt lat="45.838546" lon="10.805184">
        <ele>1042.0</ele>
      </trkpt>
      <trkpt lat="45.83855" lon="10.805054">
        <ele>1044.0</ele>
      </trkpt>
      <trkpt lat="45.838572" lon="10.804924">
        <ele>1050.0</ele>
      </trkpt>
      <trkpt lat="45.838663" lon="10.804828">
        <ele>1052.0</ele>
      </trkpt>
      <trkpt lat="45.838724" lon="10.804733">
        <ele>1058.0</ele>
      </trkpt>
      <trkpt lat="45.838803" lon="10.804649">
        <ele>1060.0</ele>
      </trkpt>
      <trkpt lat="45.838872" lon="10.804562">
        <ele>1063.0</ele>
      </trkpt>
      <trkpt lat="45.838918" lon="10.804445">
        <ele>1066.0</ele>
      </trkpt>
      <trkpt lat="45.838937" lon="10.804301">
        <ele>1076.0</ele>
      </trkpt>
      <trkpt lat="45.838923" lon="10.804173">
        <ele>1077.0</ele>
      </trkpt>
      <trkpt lat="45.838975" lon="10.804032">
        <ele>1078.0</ele>
      </trkpt>
      <trkpt lat="45.838955" lon="10.8039">
        <ele>1081.0</ele>
      </trkpt>
      <trkpt lat="45.838875" lon="10.803823">
        <ele>1082.0</ele>
      </trkpt>
      <trkpt lat="45.838786" lon="10.803745">
        <ele>1087.0</ele>
      </trkpt>
      <trkpt lat="45.838732" lon="10.803632">
        <ele>1094.0</ele>
      </trkpt>
      <trkpt lat="45.838644" lon="10.803565">
        <ele>1095.0</ele>
      </trkpt>
      <trkpt lat="45.838559" lon="10.803447">
        <ele>1103.0</ele>
      </trkpt>
      <trkpt lat="45.838477" lon="10.803527">
        <ele>1108.0</ele>
      </trkpt>
      <trkpt lat="45.838405" lon="10.80364">
        <ele>1109.0</ele>
      </trkpt>
      <trkpt lat="45.838316" lon="10.803677">
        <ele>1109.0</ele>
      </trkpt>
      <trkpt lat="45.838227" lon="10.80372">
        <ele>1110.0</ele>
      </trkpt>
      <trkpt lat="45.838134" lon="10.803794">
        <ele>1112.0</ele>
      </trkpt>
      <trkpt lat="45.838025" lon="10.803826">
        <ele>1114.0</ele>
      </trkpt>
      <trkpt lat="45.837929" lon="10.803801">
        <ele>1116.0</ele>
      </trkpt>
      <trkpt lat="45.837833" lon="10.803749">
        <ele>1117.0</ele>
      </trkpt>
      <trkpt lat="45.837738" lon="10.803686">
        <ele>1119.0</ele>
      </trkpt>
      <trkpt lat="45.837668" lon="10.803601">
        <ele>1122.0</ele>
      </trkpt>
      <trkpt lat="45.837601" lon="10.803467">
        <ele>1125.0</ele>
      </trkpt>
      <trkpt lat="45.837526" lon="10.803373">
        <ele>1128.0</ele>
      </trkpt>
      <trkpt lat="45.837417" lon="10.80324">
        <ele>1130.0</ele>
      </trkpt>
      <trkpt lat="45.837356" lon="10.803105">
        <ele>1133.0</ele>
      </trkpt>
      <trkpt lat="45.837279" lon="10.802965">
        <ele>1138.0</ele>
      </trkpt>
      <trkpt lat="45.837183" lon="10.802933">
        <ele>1142.0</ele>
      </trkpt>
      <trkpt lat="45.837045" lon="10.802945">
        <ele>1142.0</ele>
      </trkpt>
      <trkpt lat="45.836903" lon="10.802958">
        <ele>1143.0</ele>
      </trkpt>
      <trkpt lat="45.836808" lon="10.802896">
        <ele>1146.0</ele>
      </trkpt>
      <trkpt lat="45.836747" lon="10.802777">
        <ele>1148.0</ele>
      </trkpt>
      <trkpt lat="45.836668" lon="10.8027">
        <ele>1151.0</ele>
      </trkpt>
      <trkpt lat="45.8366" lon="10.802536">
        <ele>1153.0</ele>
      </trkpt>
      <trkpt lat="45.83651" lon="10.802457">
        <ele>1154.0</ele>
      </trkpt>
      <trkpt lat="45.83645" lon="10.802345">
        <ele>1156.0</ele>
      </trkpt>
      <trkpt lat="45.836374" lon="10.80227">
        <ele>1158.0</ele>
      </trkpt>
      <trkpt lat="45.836285" lon="10.80218">
        <ele>1160.0</ele>
      </trkpt>
      <trkpt lat="45.836236" lon="10.802061">
        <ele>1161.0</ele>
      </trkpt>
      <trkpt lat="45.836146" lon="10.801999">
        <ele>1166.0</ele>
      </trkpt>
      <trkpt lat="45.836033" lon="10.80195">
        <ele>1167.0</ele>
      </trkpt>
      <trkpt lat="45.835938" lon="10.801917">
        <ele>1174.0</ele>
      </trkpt>
      <trkpt lat="45.835839" lon="10.801882">
        <ele>1178.0</ele>
      </trkpt>
      <trkpt lat="45.835748" lon="10.80187">
        <ele>1180.0</ele>
      </trkpt>
      <trkpt lat="45.835647" lon="10.801813">
        <ele>1182.0</ele>
      </trkpt>
      <trkpt lat="45.835557" lon="10.801779">
        <ele>1184.0</ele>
      </trkpt>
      <trkpt lat="45.835438" lon="10.801759">
        <ele>1189.0</ele>
      </trkpt>
      <trkpt lat="45.835343" lon="10.801757">
        <ele>1191.0</ele>
      </trkpt>
      <trkpt lat="45.835247" lon="10.801762">
        <ele>1196.0</ele>
      </trkpt>
      <trkpt lat="45.835149" lon="10.801765">
        <ele>1204.0</ele>
      </trkpt>
      <trkpt lat="45.835066" lon="10.801709">
        <ele>1205.0</ele>
      </trkpt>
      <trkpt lat="45.834963" lon="10.801659">
        <ele>1205.0</ele>
      </trkpt>
      <trkpt lat="45.83488" lon="10.801776">
        <ele>1211.0</ele>
      </trkpt>
      <trkpt lat="45.8348" lon="10.80168">
        <ele>1213.0</ele>
      </trkpt>
      <trkpt lat="45.834719" lon="10.801611">
        <ele>1216.0</ele>
      </trkpt>
      <trkpt lat="45.834653" lon="10.801523">
        <ele>1217.0</ele>
      </trkpt>
      <trkpt lat="45.834632" lon="10.801395">
        <ele>1217.0</ele>
      </trkpt>
      <trkpt lat="45.834569" lon="10.801291">
        <ele>1218.0</ele>
      </trkpt>
      <trkpt lat="45.834502" lon="10.801186">
        <ele>1218.0</ele>
      </trkpt>
      <trkpt lat="45.834463" lon="10.801031">
        <ele>1217.0</ele>
      </trkpt>
      <trkpt lat="45.834384" lon="10.800942">
        <ele>1215.0</ele>
      </trkpt>
      <trkpt lat="45.834294" lon="10.800896">
        <ele>1215.0</ele>
      </trkpt>
      <trkpt lat="45.834329" lon="10.800763">
        <ele>1212.0</ele>
      </trkpt>
      <trkpt lat="45.834367" lon="10.800642">
        <ele>1212.0</ele>
      </trkpt>
      <trkpt lat="45.834418" lon="10.800521">
        <ele>1210.0</ele>
      </trkpt>
      <trkpt lat="45.83445" lon="10.800388">
        <ele>1210.0</ele>
      </trkpt>
      <trkpt lat="45.834504" lon="10.800278">
        <ele>1208.0</ele>
      </trkpt>
      <trkpt lat="45.834478" lon="10.800151">
        <ele>1201.0</ele>
      </trkpt>
      <trkpt lat="45.834438" lon="10.800016">
        <ele>1200.0</ele>
      </trkpt>
      <trkpt lat="45.834401" lon="10.799884">
        <ele>1200.0</ele>
      </trkpt>
      <trkpt lat="45.83435" lon="10.799759">
        <ele>1199.0</ele>
      </trkpt>
      <trkpt lat="45.834322" lon="10.79962">
        <ele>1193.0</ele>
      </trkpt>
      <trkpt lat="45.834327" lon="10.79949">
        <ele>1192.0</ele>
      </trkpt>
      <trkpt lat="45.834306" lon="10.799351">
        <ele>1192.0</ele>
      </trkpt>
      <trkpt lat="45.834275" lon="10.799228">
        <ele>1192.0</ele>
      </trkpt>
      <trkpt lat="45.834208" lon="10.799133">
        <ele>1192.0</ele>
      </trkpt>
      <trkpt lat="45.834179" lon="10.799">
        <ele>1192.0</ele>
      </trkpt>
      <trkpt lat="45.834183" lon="10.798833">
        <ele>1192.0</ele>
      </trkpt>
      <trkpt lat="45.834275" lon="10.798846">
        <ele>1189.0</ele>
      </trkpt>
      <trkpt lat="45.834364" lon="10.798801">
        <ele>1190.0</ele>
      </trkpt>
      <trkpt lat="45.834413" lon="10.798684">
        <ele>1191.0</ele>
      </trkpt>
      <trkpt lat="45.8345" lon="10.79857">
        <ele>1192.0</ele>
      </trkpt>
      <trkpt lat="45.834516" lon="10.798415">
        <ele>1192.0</ele>
      </trkpt>
      <trkpt lat="45.834546" lon="10.798244">
        <ele>1192.0</ele>
      </trkpt>
      <trkpt lat="45.834571" lon="10.798113">
        <ele>1192.0</ele>
      </trkpt>
      <trkpt lat="45.834606" lon="10.797984">
        <ele>1192.0</ele>
      </trkpt>
      <trkpt lat="45.834656" lon="10.79786">
        <ele>1193.0</ele>
      </trkpt>
      <trkpt lat="45.834661" lon="10.797721">
        <ele>1192.0</ele>
      </trkpt>
      <trkpt lat="45.834644" lon="10.797548">
        <ele>1192.0</ele>
      </trkpt>
      <trkpt lat="45.83465" lon="10.797413">
        <ele>1192.0</ele>
      </trkpt>
      <trkpt lat="45.834639" lon="10.797276">
        <ele>1192.0</ele>
      </trkpt>
      <trkpt lat="45.834609" lon="10.797146">
        <ele>1193.0</ele>
      </trkpt>
      <trkpt lat="45.834541" lon="10.797038">
        <ele>1193.0</ele>
      </trkpt>
      <trkpt lat="45.834511" lon="10.796895">
        <ele>1193.0</ele>
      </trkpt>
      <trkpt lat="45.834483" lon="10.796771">
        <ele>1193.0</ele>
      </trkpt>
      <trkpt lat="45.834441" lon="10.796621">
        <ele>1193.0</ele>
      </trkpt>
      <trkpt lat="45.834353" lon="10.796519">
        <ele>1193.0</ele>
      </trkpt>
      <trkpt lat="45.83428" lon="10.796421">
        <ele>1192.0</ele>
      </trkpt>
      <trkpt lat="45.834228" lon="10.796315">
        <ele>1192.0</ele>
      </trkpt>
      <trkpt lat="45.83417" lon="10.796199">
        <ele>1191.0</ele>
      </trkpt>
      <trkpt lat="45.834108" lon="10.796097">
        <ele>1192.0</ele>
      </trkpt>
      <trkpt lat="45.834027" lon="10.796028">
        <ele>1193.0</ele>
      </trkpt>
      <trkpt lat="45.833971" lon="10.795913">
        <ele>1193.0</ele>
      </trkpt>
      <trkpt lat="45.833893" lon="10.795823">
        <ele>1193.0</ele>
      </trkpt>
      <trkpt lat="45.833855" lon="10.795678">
        <ele>1192.0</ele>
      </trkpt>
      <trkpt lat="45.833825" lon="10.795547">
        <ele>1192.0</ele>
      </trkpt>
      <trkpt lat="45.833829" lon="10.795412">
        <ele>1190.0</ele>
      </trkpt>
      <trkpt lat="45.833863" lon="10.795276">
        <ele>1187.0</ele>
      </trkpt>
      <trkpt lat="45.833842" lon="10.795139">
        <ele>1186.0</ele>
      </trkpt>
      <trkpt lat="45.83379" lon="10.795005">
        <ele>1186.0</ele>
      </trkpt>
      <trkpt lat="45.833742" lon="10.79487">
        <ele>1186.0</ele>
      </trkpt>
      <trkpt lat="45.833675" lon="10.794736">
        <ele>1186.0</ele>
      </trkpt>
      <trkpt lat="45.833612" lon="10.794619">
        <ele>1186.0</ele>
      </trkpt>
      <trkpt lat="45.833557" lon="10.794514">
        <ele>1185.0</ele>
      </trkpt>
      <trkpt lat="45.833477" lon="10.794377">
        <ele>1185.0</ele>
      </trkpt>
      <trkpt lat="45.833413" lon="10.794232">
        <ele>1185.0</ele>
      </trkpt>
      <trkpt lat="45.833349" lon="10.794128">
        <ele>1184.0</ele>
      </trkpt>
      <trkpt lat="45.833271" lon="10.794026">
        <ele>1183.0</ele>
      </trkpt>
      <trkpt lat="45.83319" lon="10.793906">
        <ele>1183.0</ele>
      </trkpt>
      <trkpt lat="45.833111" lon="10.793813">
        <ele>1183.0</ele>
      </trkpt>
      <trkpt lat="45.833056" lon="10.793703">
        <ele>1182.0</ele>
      </trkpt>
      <trkpt lat="45.83298" lon="10.793622">
        <ele>1181.0</ele>
      </trkpt>
      <trkpt lat="45.832875" lon="10.793525">
        <ele>1180.0</ele>
      </trkpt>
      <trkpt lat="45.832792" lon="10.793463">
        <ele>1179.0</ele>
      </trkpt>
      <trkpt lat="45.832688" lon="10.793413">
        <ele>1177.0</ele>
      </trkpt>
      <trkpt lat="45.832571" lon="10.793386">
        <ele>1175.0</ele>
      </trkpt>
      <trkpt lat="45.832474" lon="10.793391">
        <ele>1174.0</ele>
      </trkpt>
      <trkpt lat="45.832373" lon="10.793403">
        <ele>1173.0</ele>
      </trkpt>
      <trkpt lat="45.832278" lon="10.793413">
        <ele>1172.0</ele>
      </trkpt>
      <trkpt lat="45.832179" lon="10.793383">
        <ele>1171.0</ele>
      </trkpt>
      <trkpt lat="45.832092" lon="10.793318">
        <ele>1170.0</ele>
      </trkpt>
      <trkpt lat="45.832014" lon="10.793247">
        <ele>1169.0</ele>
      </trkpt>
      <trkpt lat="45.83192" lon="10.793224">
        <ele>1169.0</ele>
      </trkpt>
      <trkpt lat="45.831865" lon="10.793122">
        <ele>1168.0</ele>
      </trkpt>
      <trkpt lat="45.831773" lon="10.793052">
        <ele>1170.0</ele>
      </trkpt>
      <trkpt lat="45.831679" lon="10.793005">
        <ele>1171.0</ele>
      </trkpt>
      <trkpt lat="45.831583" lon="10.793001">
        <ele>1172.0</ele>
      </trkpt>
      <trkpt lat="45.831452" lon="10.792983">
        <ele>1172.0</ele>
      </trkpt>
      <trkpt lat="45.831322" lon="10.792994">
        <ele>1172.0</ele>
      </trkpt>
      <trkpt lat="45.831218" lon="10.793022">
        <ele>1175.0</ele>
      </trkpt>
      <trkpt lat="45.831095" lon="10.792987">
        <ele>1175.0</ele>
      </trkpt>
      <trkpt lat="45.830984" lon="10.79296">
        <ele>1175.0</ele>
      </trkpt>
      <trkpt lat="45.830901" lon="10.792905">
        <ele>1178.0</ele>
      </trkpt>
      <trkpt lat="45.830808" lon="10.792805">
        <ele>1181.0</ele>
      </trkpt>
      <trkpt lat="45.830694" lon="10.792729">
        <ele>1182.0</ele>
      </trkpt>
      <trkpt lat="45.830614" lon="10.792647">
        <ele>1182.0</ele>
      </trkpt>
      <trkpt lat="45.830546" lon="10.792557">
        <ele>1182.0</ele>
      </trkpt>
      <trkpt lat="45.830472" lon="10.792483">
        <ele>1182.0</ele>
      </trkpt>
      <trkpt lat="45.830385" lon="10.792378">
        <ele>1184.0</ele>
      </trkpt>
      <trkpt lat="45.830263" lon="10.792385">
        <ele>1190.0</ele>
      </trkpt>
      <trkpt lat="45.830166" lon="10.792412">
        <ele>1191.0</ele>
      </trkpt>
      <trkpt lat="45.83007" lon="10.792401">
        <ele>1191.0</ele>
      </trkpt>
      <trkpt lat="45.829947" lon="10.792403">
        <ele>1191.0</ele>
      </trkpt>
      <trkpt lat="45.829851" lon="10.79242">
        <ele>1193.0</ele>
      </trkpt>
      <trkpt lat="45.829777" lon="10.792338">
        <ele>1194.0</ele>
      </trkpt>
      <trkpt lat="45.829686" lon="10.792283">
        <ele>1194.0</ele>
      </trkpt>
      <trkpt lat="45.829582" lon="10.792257">
        <ele>1199.0</ele>
      </trkpt>
      <trkpt lat="45.829534" lon="10.792144">
        <ele>1199.0</ele>
      </trkpt>
      <trkpt lat="45.829439" lon="10.792073">
        <ele>1198.0</ele>
      </trkpt>
      <trkpt lat="45.829336" lon="10.79211">
        <ele>1197.0</ele>
      </trkpt>
      <trkpt lat="45.82924" lon="10.792116">
        <ele>1197.0</ele>
      </trkpt>
      <trkpt lat="45.829145" lon="10.792144">
        <ele>1195.0</ele>
      </trkpt>
      <trkpt lat="45.829079" lon="10.792189">
        <ele>1192.0</ele>
      </trkpt>
      <trkpt lat="45.828973" lon="10.792255">
        <ele>1190.0</ele>
      </trkpt>
      <trkpt lat="45.828863" lon="10.792354">
        <ele>1190.0</ele>
      </trkpt>
      <trkpt lat="45.828743" lon="10.792334">
        <ele>1192.0</ele>
      </trkpt>
      <trkpt lat="45.828627" lon="10.792367">
        <ele>1195.0</ele>
      </trkpt>
      <trkpt lat="45.828542" lon="10.792427">
        <ele>1201.0</ele>
      </trkpt>
      <trkpt lat="45.828449" lon="10.792379">
        <ele>1203.0</ele>
      </trkpt>
      <trkpt lat="45.828543" lon="10.792425">
        <ele>1204.0</ele>
      </trkpt>
      <trkpt lat="45.828628" lon="10.792369">
        <ele>1204.0</ele>
      </trkpt>
      <trkpt lat="45.828746" lon="10.792335">
        <ele>1203.0</ele>
      </trkpt>
      <trkpt lat="45.828864" lon="10.792356">
        <ele>1202.0</ele>
      </trkpt>
      <trkpt lat="45.828975" lon="10.792255">
        <ele>1196.0</ele>
      </trkpt>
      <trkpt lat="45.829081" lon="10.792189">
        <ele>1195.0</ele>
      </trkpt>
      <trkpt lat="45.829132" lon="10.792051">
        <ele>1192.0</ele>
      </trkpt>
      <trkpt lat="45.829037" lon="10.792029">
        <ele>1187.0</ele>
      </trkpt>
      <trkpt lat="45.828947" lon="10.792016">
        <ele>1186.0</ele>
      </trkpt>
      <trkpt lat="45.828855" lon="10.791922">
        <ele>1184.0</ele>
      </trkpt>
      <trkpt lat="45.828814" lon="10.791803">
        <ele>1184.0</ele>
      </trkpt>
      <trkpt lat="45.828752" lon="10.791705">
        <ele>1182.0</ele>
      </trkpt>
      <trkpt lat="45.828666" lon="10.791649">
        <ele>1179.0</ele>
      </trkpt>
      <trkpt lat="45.828573" lon="10.791568">
        <ele>1178.0</ele>
      </trkpt>
      <trkpt lat="45.82849" lon="10.791518">
        <ele>1177.0</ele>
      </trkpt>
      <trkpt lat="45.828441" lon="10.791398">
        <ele>1176.0</ele>
      </trkpt>
      <trkpt lat="45.828354" lon="10.791361">
        <ele>1175.0</ele>
      </trkpt>
      <trkpt lat="45.828264" lon="10.791349">
        <ele>1173.0</ele>
      </trkpt>
      <trkpt lat="45.828175" lon="10.7913">
        <ele>1171.0</ele>
      </trkpt>
      <trkpt lat="45.828102" lon="10.791221">
        <ele>1169.0</ele>
      </trkpt>
      <trkpt lat="45.828043" lon="10.79112">
        <ele>1168.0</ele>
      </trkpt>
      <trkpt lat="45.828056" lon="10.79099">
        <ele>1166.0</ele>
      </trkpt>
      <trkpt lat="45.828013" lon="10.790868">
        <ele>1164.0</ele>
      </trkpt>
      <trkpt lat="45.82811" lon="10.790872">
        <ele>1152.0</ele>
      </trkpt>
      <trkpt lat="45.828206" lon="10.790887">
        <ele>1150.0</ele>
      </trkpt>
      <trkpt lat="45.82833" lon="10.790876">
        <ele>1147.0</ele>
      </trkpt>
      <trkpt lat="45.82827" lon="10.790768">
        <ele>1142.0</ele>
      </trkpt>
      <trkpt lat="45.828215" lon="10.79062">
        <ele>1138.0</ele>
      </trkpt>
      <trkpt lat="45.828171" lon="10.790501">
        <ele>1136.0</ele>
      </trkpt>
      <trkpt lat="45.828101" lon="10.790404">
        <ele>1131.0</ele>
      </trkpt>
      <trkpt lat="45.828018" lon="10.790337">
        <ele>1130.0</ele>
      </trkpt>
      <trkpt lat="45.827938" lon="10.79025">
        <ele>1127.0</ele>
      </trkpt>
      <trkpt lat="45.827876" lon="10.790151">
        <ele>1123.0</ele>
      </trkpt>
      <trkpt lat="45.827804" lon="10.790069">
        <ele>1118.0</ele>
      </trkpt>
      <trkpt lat="45.827726" lon="10.789999">
        <ele>1115.0</ele>
      </trkpt>
      <trkpt lat="45.827635" lon="10.789952">
        <ele>1112.0</ele>
      </trkpt>
      <trkpt lat="45.827745" lon="10.789906">
        <ele>1108.0</ele>
      </trkpt>
      <trkpt lat="45.827834" lon="10.789877">
        <ele>1106.0</ele>
      </trkpt>
      <trkpt lat="45.827792" lon="10.789763">
        <ele>1102.0</ele>
      </trkpt>
      <trkpt lat="45.827721" lon="10.789662">
        <ele>1098.0</ele>
      </trkpt>
      <trkpt lat="45.827627" lon="10.789625">
        <ele>1095.0</ele>
      </trkpt>
      <trkpt lat="45.827529" lon="10.789623">
        <ele>1093.0</ele>
      </trkpt>
      <trkpt lat="45.827584" lon="10.789518">
        <ele>1087.0</ele>
      </trkpt>
      <trkpt lat="45.827678" lon="10.78948">
        <ele>1084.0</ele>
      </trkpt>
      <trkpt lat="45.827795" lon="10.789498">
        <ele>1080.0</ele>
      </trkpt>
      <trkpt lat="45.827916" lon="10.789482">
        <ele>1077.0</ele>
      </trkpt>
      <trkpt lat="45.827906" lon="10.789338">
        <ele>1071.0</ele>
      </trkpt>
      <trkpt lat="45.828027" lon="10.789415">
        <ele>1065.0</ele>
      </trkpt>
      <trkpt lat="45.828129" lon="10.789404">
        <ele>1061.0</ele>
      </trkpt>
      <trkpt lat="45.828221" lon="10.789368">
        <ele>1058.0</ele>
      </trkpt>
      <trkpt lat="45.828187" lon="10.789245">
        <ele>1057.0</ele>
      </trkpt>
      <trkpt lat="45.828269" lon="10.78918">
        <ele>1053.0</ele>
      </trkpt>
      <trkpt lat="45.82838" lon="10.789162">
        <ele>1052.0</ele>
      </trkpt>
      <trkpt lat="45.828458" lon="10.789239">
        <ele>1051.0</ele>
      </trkpt>
      <trkpt lat="45.828494" lon="10.789113">
        <ele>1048.0</ele>
      </trkpt>
      <trkpt lat="45.828439" lon="10.788997">
        <ele>1046.0</ele>
      </trkpt>
      <trkpt lat="45.828336" lon="10.788948">
        <ele>1044.0</ele>
      </trkpt>
      <trkpt lat="45.828221" lon="10.788932">
        <ele>1041.0</ele>
      </trkpt>
      <trkpt lat="45.828159" lon="10.788805">
        <ele>1036.0</ele>
      </trkpt>
      <trkpt lat="45.828119" lon="10.788687">
        <ele>1033.0</ele>
      </trkpt>
      <trkpt lat="45.828087" lon="10.788558">
        <ele>1031.0</ele>
      </trkpt>
      <trkpt lat="45.828035" lon="10.788439">
        <ele>1025.0</ele>
      </trkpt>
      <trkpt lat="45.82812" lon="10.788492">
        <ele>1022.0</ele>
      </trkpt>
      <trkpt lat="45.82821" lon="10.788507">
        <ele>1020.0</ele>
      </trkpt>
      <trkpt lat="45.828306" lon="10.788476">
        <ele>1016.0</ele>
      </trkpt>
      <trkpt lat="45.828415" lon="10.788428">
        <ele>1013.0</ele>
      </trkpt>
      <trkpt lat="45.82833" lon="10.788381">
        <ele>1008.0</ele>
      </trkpt>
      <trkpt lat="45.828252" lon="10.788276">
        <ele>1007.0</ele>
      </trkpt>
      <trkpt lat="45.828204" lon="10.788153">
        <ele>1006.0</ele>
      </trkpt>
      <trkpt lat="45.828146" lon="10.78805">
        <ele>1003.0</ele>
      </trkpt>
      <trkpt lat="45.828239" lon="10.788065">
        <ele>1000.0</ele>
      </trkpt>
      <trkpt lat="45.828338" lon="10.788065">
        <ele>999.0</ele>
      </trkpt>
      <trkpt lat="45.828447" lon="10.788082">
        <ele>999.0</ele>
      </trkpt>
      <trkpt lat="45.828386" lon="10.787986">
        <ele>992.0</ele>
      </trkpt>
      <trkpt lat="45.828266" lon="10.787959">
        <ele>990.0</ele>
      </trkpt>
      <trkpt lat="45.828171" lon="10.787874">
        <ele>988.0</ele>
      </trkpt>
      <trkpt lat="45.8282" lon="10.787741">
        <ele>984.0</ele>
      </trkpt>
      <trkpt lat="45.828113" lon="10.787646">
        <ele>977.0</ele>
      </trkpt>
      <trkpt lat="45.828008" lon="10.787616">
        <ele>974.0</ele>
      </trkpt>
      <trkpt lat="45.827905" lon="10.787576">
        <ele>974.0</ele>
      </trkpt>
      <trkpt lat="45.827811" lon="10.787551">
        <ele>974.0</ele>
      </trkpt>
      <trkpt lat="45.827863" lon="10.787418">
        <ele>968.0</ele>
      </trkpt>
      <trkpt lat="45.827942" lon="10.78735">
        <ele>966.0</ele>
      </trkpt>
      <trkpt lat="45.827998" lon="10.787247">
        <ele>965.0</ele>
      </trkpt>
      <trkpt lat="45.828069" lon="10.787156">
        <ele>963.0</ele>
      </trkpt>
      <trkpt lat="45.828145" lon="10.787083">
        <ele>960.0</ele>
      </trkpt>
      <trkpt lat="45.828056" lon="10.787102">
        <ele>955.0</ele>
      </trkpt>
      <trkpt lat="45.82798" lon="10.787175">
        <ele>954.0</ele>
      </trkpt>
      <trkpt lat="45.827886" lon="10.787172">
        <ele>952.0</ele>
      </trkpt>
      <trkpt lat="45.827813" lon="10.787029">
        <ele>952.0</ele>
      </trkpt>
      <trkpt lat="45.827835" lon="10.786904">
        <ele>949.0</ele>
      </trkpt>
      <trkpt lat="45.827918" lon="10.786827">
        <ele>945.0</ele>
      </trkpt>
      <trkpt lat="45.827995" lon="10.786742">
        <ele>944.0</ele>
      </trkpt>
      <trkpt lat="45.827944" lon="10.786627">
        <ele>935.0</ele>
      </trkpt>
      <trkpt lat="45.827957" lon="10.786483">
        <ele>931.0</ele>
      </trkpt>
      <trkpt lat="45.827947" lon="10.786339">
        <ele>926.0</ele>
      </trkpt>
      <trkpt lat="45.828028" lon="10.786265">
        <ele>924.0</ele>
      </trkpt>
      <trkpt lat="45.828075" lon="10.786154">
        <ele>921.0</ele>
      </trkpt>
      <trkpt lat="45.827987" lon="10.786121">
        <ele>918.0</ele>
      </trkpt>
      <trkpt lat="45.827901" lon="10.78617">
        <ele>916.0</ele>
      </trkpt>
      <trkpt lat="45.827887" lon="10.786027">
        <ele>910.0</ele>
      </trkpt>
      <trkpt lat="45.827904" lon="10.785895">
        <ele>911.0</ele>
      </trkpt>
      <trkpt lat="45.82792" lon="10.78576">
        <ele>909.0</ele>
      </trkpt>
      <trkpt lat="45.827952" lon="10.785635">
        <ele>906.0</ele>
      </trkpt>
      <trkpt lat="45.827898" lon="10.785485">
        <ele>904.0</ele>
      </trkpt>
      <trkpt lat="45.827977" lon="10.785414">
        <ele>900.0</ele>
      </trkpt>
      <trkpt lat="45.827952" lon="10.785281">
        <ele>895.0</ele>
      </trkpt>
      <trkpt lat="45.827907" lon="10.785158">
        <ele>894.0</ele>
      </trkpt>
      <trkpt lat="45.827909" lon="10.785023">
        <ele>890.0</ele>
      </trkpt>
      <trkpt lat="45.827927" lon="10.784897">
        <ele>887.0</ele>
      </trkpt>
      <trkpt lat="45.827942" lon="10.784764">
        <ele>882.0</ele>
      </trkpt>
      <trkpt lat="45.827918" lon="10.784633">
        <ele>877.0</ele>
      </trkpt>
      <trkpt lat="45.827941" lon="10.7845">
        <ele>873.0</ele>
      </trkpt>
      <trkpt lat="45.827945" lon="10.784367">
        <ele>871.0</ele>
      </trkpt>
      <trkpt lat="45.827891" lon="10.784262">
        <ele>869.0</ele>
      </trkpt>
      <trkpt lat="45.827825" lon="10.784165">
        <ele>867.0</ele>
      </trkpt>
      <trkpt lat="45.827743" lon="10.784106">
        <ele>866.0</ele>
      </trkpt>
      <trkpt lat="45.827666" lon="10.78402">
        <ele>863.0</ele>
      </trkpt>
      <trkpt lat="45.827604" lon="10.783919">
        <ele>861.0</ele>
      </trkpt>
      <trkpt lat="45.827553" lon="10.783802">
        <ele>857.0</ele>
      </trkpt>
      <trkpt lat="45.827529" lon="10.783669">
        <ele>854.0</ele>
      </trkpt>
      <trkpt lat="45.8276" lon="10.783589">
        <ele>853.0</ele>
      </trkpt>
      <trkpt lat="45.827665" lon="10.783489">
        <ele>852.0</ele>
      </trkpt>
      <trkpt lat="45.82772" lon="10.783382">
        <ele>850.0</ele>
      </trkpt>
      <trkpt lat="45.827694" lon="10.783234">
        <ele>848.0</ele>
      </trkpt>
      <trkpt lat="45.827631" lon="10.783133">
        <ele>845.0</ele>
      </trkpt>
      <trkpt lat="45.827591" lon="10.783002">
        <ele>842.0</ele>
      </trkpt>
      <trkpt lat="45.827562" lon="10.782875">
        <ele>842.0</ele>
      </trkpt>
      <trkpt lat="45.82754" lon="10.782746">
        <ele>841.0</ele>
      </trkpt>
      <trkpt lat="45.827497" lon="10.782632">
        <ele>839.0</ele>
      </trkpt>
      <trkpt lat="45.827455" lon="10.782503">
        <ele>837.0</ele>
      </trkpt>
      <trkpt lat="45.827483" lon="10.78233">
        <ele>832.0</ele>
      </trkpt>
      <trkpt lat="45.827504" lon="10.782199">
        <ele>829.0</ele>
      </trkpt>
      <trkpt lat="45.827466" lon="10.782081">
        <ele>827.0</ele>
      </trkpt>
      <trkpt lat="45.827426" lon="10.781959">
        <ele>826.0</ele>
      </trkpt>
      <trkpt lat="45.827381" lon="10.781845">
        <ele>822.0</ele>
      </trkpt>
      <trkpt lat="45.827334" lon="10.781696">
        <ele>820.0</ele>
      </trkpt>
      <trkpt lat="45.827222" lon="10.78162">
        <ele>818.0</ele>
      </trkpt>
      <trkpt lat="45.827132" lon="10.781569">
        <ele>816.0</ele>
      </trkpt>
      <trkpt lat="45.827066" lon="10.781481">
        <ele>815.0</ele>
      </trkpt>
      <trkpt lat="45.827025" lon="10.781364">
        <ele>810.0</ele>
      </trkpt>
      <trkpt lat="45.826961" lon="10.781264">
        <ele>810.0</ele>
      </trkpt>
      <trkpt lat="45.826919" lon="10.78114">
        <ele>804.0</ele>
      </trkpt>
      <trkpt lat="45.826916" lon="10.781005">
        <ele>801.0</ele>
      </trkpt>
      <trkpt lat="45.826886" lon="10.780825">
        <ele>796.0</ele>
      </trkpt>
      <trkpt lat="45.826845" lon="10.78071">
        <ele>795.0</ele>
      </trkpt>
      <trkpt lat="45.826798" lon="10.780512">
        <ele>788.0</ele>
      </trkpt>
      <trkpt lat="45.826784" lon="10.780377">
        <ele>784.0</ele>
      </trkpt>
      <trkpt lat="45.826789" lon="10.780205">
        <ele>783.0</ele>
      </trkpt>
      <trkpt lat="45.826827" lon="10.780082">
        <ele>780.0</ele>
      </trkpt>
      <trkpt lat="45.826811" lon="10.779955">
        <ele>774.0</ele>
      </trkpt>
      <trkpt lat="45.82671" lon="10.780035">
        <ele>767.0</ele>
      </trkpt>
      <trkpt lat="45.826652" lon="10.780139">
        <ele>766.0</ele>
      </trkpt>
      <trkpt lat="45.826598" lon="10.780257">
        <ele>764.0</ele>
      </trkpt>
      <trkpt lat="45.826562" lon="10.78041">
        <ele>764.0</ele>
      </trkpt>
      <trkpt lat="45.826528" lon="10.780536">
        <ele>763.0</ele>
      </trkpt>
      <trkpt lat="45.826515" lon="10.780664">
        <ele>758.0</ele>
      </trkpt>
      <trkpt lat="45.826472" lon="10.780813">
        <ele>752.0</ele>
      </trkpt>
      <trkpt lat="45.826405" lon="10.780937">
        <ele>749.0</ele>
      </trkpt>
      <trkpt lat="45.826364" lon="10.781055">
        <ele>747.0</ele>
      </trkpt>
      <trkpt lat="45.826298" lon="10.781212">
        <ele>747.0</ele>
      </trkpt>
      <trkpt lat="45.826203" lon="10.781319">
        <ele>748.0</ele>
      </trkpt>
      <trkpt lat="45.82611" lon="10.781318">
        <ele>747.0</ele>
      </trkpt>
      <trkpt lat="45.826108" lon="10.781186">
        <ele>741.0</ele>
      </trkpt>
      <trkpt lat="45.826107" lon="10.781047">
        <ele>738.0</ele>
      </trkpt>
      <trkpt lat="45.826092" lon="10.780906">
        <ele>733.0</ele>
      </trkpt>
      <trkpt lat="45.826057" lon="10.780781">
        <ele>722.0</ele>
      </trkpt>
      <trkpt lat="45.826039" lon="10.780653">
        <ele>720.0</ele>
      </trkpt>
      <trkpt lat="45.826018" lon="10.780514">
        <ele>717.0</ele>
      </trkpt>
      <trkpt lat="45.825991" lon="10.780375">
        <ele>712.0</ele>
      </trkpt>
      <trkpt lat="45.825937" lon="10.780224">
        <ele>710.0</ele>
      </trkpt>
      <trkpt lat="45.825871" lon="10.780113">
        <ele>709.0</ele>
      </trkpt>
      <trkpt lat="45.825823" lon="10.779986">
        <ele>708.0</ele>
      </trkpt>
      <trkpt lat="45.82576" lon="10.779886">
        <ele>705.0</ele>
      </trkpt>
      <trkpt lat="45.825637" lon="10.779916">
        <ele>704.0</ele>
      </trkpt>
      <trkpt lat="45.825547" lon="10.779902">
        <ele>702.0</ele>
      </trkpt>
      <trkpt lat="45.825488" lon="10.779792">
        <ele>689.0</ele>
      </trkpt>
      <trkpt lat="45.825393" lon="10.779714">
        <ele>684.0</ele>
      </trkpt>
      <trkpt lat="45.825286" lon="10.779686">
        <ele>680.0</ele>
      </trkpt>
      <trkpt lat="45.825212" lon="10.779608">
        <ele>678.0</ele>
      </trkpt>
      <trkpt lat="45.82519" lon="10.77948">
        <ele>676.0</ele>
      </trkpt>
      <trkpt lat="45.825197" lon="10.779349">
        <ele>672.0</ele>
      </trkpt>
      <trkpt lat="45.825121" lon="10.779266">
        <ele>668.0</ele>
      </trkpt>
      <trkpt lat="45.825043" lon="10.779194">
        <ele>663.0</ele>
      </trkpt>
      <trkpt lat="45.825036" lon="10.779334">
        <ele>654.0</ele>
      </trkpt>
      <trkpt lat="45.825052" lon="10.779462">
        <ele>652.0</ele>
      </trkpt>
      <trkpt lat="45.825033" lon="10.779592">
        <ele>651.0</ele>
      </trkpt>
      <trkpt lat="45.825019" lon="10.779727">
        <ele>651.0</ele>
      </trkpt>
      <trkpt lat="45.82491" lon="10.779704">
        <ele>644.0</ele>
      </trkpt>
      <trkpt lat="45.82485" lon="10.779602">
        <ele>643.0</ele>
      </trkpt>
      <trkpt lat="45.824792" lon="10.779493">
        <ele>641.0</ele>
      </trkpt>
      <trkpt lat="45.824699" lon="10.779463">
        <ele>638.0</ele>
      </trkpt>
      <trkpt lat="45.824608" lon="10.779435">
        <ele>636.0</ele>
      </trkpt>
      <trkpt lat="45.824522" lon="10.779388">
        <ele>634.0</ele>
      </trkpt>
      <trkpt lat="45.824469" lon="10.779281">
        <ele>629.0</ele>
      </trkpt>
      <trkpt lat="45.824415" lon="10.77917">
        <ele>626.0</ele>
      </trkpt>
      <trkpt lat="45.824389" lon="10.779038">
        <ele>623.0</ele>
      </trkpt>
      <trkpt lat="45.824412" lon="10.778896">
        <ele>620.0</ele>
      </trkpt>
      <trkpt lat="45.824457" lon="10.778784">
        <ele>619.0</ele>
      </trkpt>
      <trkpt lat="45.824549" lon="10.778724">
        <ele>618.0</ele>
      </trkpt>
      <trkpt lat="45.824643" lon="10.778704">
        <ele>613.0</ele>
      </trkpt>
      <trkpt lat="45.824737" lon="10.77867">
        <ele>603.0</ele>
      </trkpt>
      <trkpt lat="45.824814" lon="10.7786">
        <ele>600.0</ele>
      </trkpt>
      <trkpt lat="45.824716" lon="10.77861">
        <ele>595.0</ele>
      </trkpt>
      <trkpt lat="45.824619" lon="10.77864">
        <ele>595.0</ele>
      </trkpt>
      <trkpt lat="45.824566" lon="10.778536">
        <ele>592.0</ele>
      </trkpt>
      <trkpt lat="45.824637" lon="10.778432">
        <ele>589.0</ele>
      </trkpt>
      <trkpt lat="45.824709" lon="10.778351">
        <ele>585.0</ele>
      </trkpt>
      <trkpt lat="45.82468" lon="10.778211">
        <ele>582.0</ele>
      </trkpt>
      <trkpt lat="45.824597" lon="10.77814">
        <ele>580.0</ele>
      </trkpt>
      <trkpt lat="45.824503" lon="10.778141">
        <ele>579.0</ele>
      </trkpt>
      <trkpt lat="45.824438" lon="10.778239">
        <ele>579.0</ele>
      </trkpt>
      <trkpt lat="45.824353" lon="10.778289">
        <ele>576.0</ele>
      </trkpt>
      <trkpt lat="45.824357" lon="10.778154">
        <ele>571.0</ele>
      </trkpt>
      <trkpt lat="45.824402" lon="10.778038">
        <ele>570.0</ele>
      </trkpt>
      <trkpt lat="45.824445" lon="10.777918">
        <ele>567.0</ele>
      </trkpt>
      <trkpt lat="45.82451" lon="10.77782">
        <ele>563.0</ele>
      </trkpt>
      <trkpt lat="45.82458" lon="10.777736">
        <ele>555.0</ele>
      </trkpt>
      <trkpt lat="45.824642" lon="10.777637">
        <ele>552.0</ele>
      </trkpt>
      <trkpt lat="45.824556" lon="10.777582">
        <ele>550.0</ele>
      </trkpt>
      <trkpt lat="45.824462" lon="10.777578">
        <ele>549.0</ele>
      </trkpt>
      <trkpt lat="45.824363" lon="10.777557">
        <ele>548.0</ele>
      </trkpt>
      <trkpt lat="45.824279" lon="10.777489">
        <ele>548.0</ele>
      </trkpt>
      <trkpt lat="45.824181" lon="10.777405">
        <ele>545.0</ele>
      </trkpt>
      <trkpt lat="45.824084" lon="10.777332">
        <ele>544.0</ele>
      </trkpt>
      <trkpt lat="45.824032" lon="10.77721">
        <ele>539.0</ele>
      </trkpt>
      <trkpt lat="45.824004" lon="10.777078">
        <ele>538.0</ele>
      </trkpt>
      <trkpt lat="45.823931" lon="10.776987">
        <ele>535.0</ele>
      </trkpt>
      <trkpt lat="45.823865" lon="10.776838">
        <ele>531.0</ele>
      </trkpt>
      <trkpt lat="45.823809" lon="10.776736">
        <ele>526.0</ele>
      </trkpt>
      <trkpt lat="45.823736" lon="10.776628">
        <ele>526.0</ele>
      </trkpt>
      <trkpt lat="45.823687" lon="10.7765">
        <ele>524.0</ele>
      </trkpt>
      <trkpt lat="45.823708" lon="10.776315">
        <ele>523.0</ele>
      </trkpt>
      <trkpt lat="45.823694" lon="10.776173">
        <ele>523.0</ele>
      </trkpt>
      <trkpt lat="45.823621" lon="10.776088">
        <ele>520.0</ele>
      </trkpt>
      <trkpt lat="45.823559" lon="10.775977">
        <ele>518.0</ele>
      </trkpt>
      <trkpt lat="45.823455" lon="10.775975">
        <ele>518.0</ele>
      </trkpt>
      <trkpt lat="45.823361" lon="10.775979">
        <ele>517.0</ele>
      </trkpt>
      <trkpt lat="45.823257" lon="10.776004">
        <ele>516.0</ele>
      </trkpt>
      <trkpt lat="45.823161" lon="10.776031">
        <ele>516.0</ele>
      </trkpt>
      <trkpt lat="45.823068" lon="10.776022">
        <ele>516.0</ele>
      </trkpt>
      <trkpt lat="45.82297" lon="10.775996">
        <ele>513.0</ele>
      </trkpt>
      <trkpt lat="45.822878" lon="10.775985">
        <ele>511.0</ele>
      </trkpt>
      <trkpt lat="45.822769" lon="10.776009">
        <ele>511.0</ele>
      </trkpt>
      <trkpt lat="45.822682" lon="10.776056">
        <ele>510.0</ele>
      </trkpt>
      <trkpt lat="45.822573" lon="10.776049">
        <ele>509.0</ele>
      </trkpt>
      <trkpt lat="45.822481" lon="10.77611">
        <ele>508.0</ele>
      </trkpt>
      <trkpt lat="45.82239" lon="10.776099">
        <ele>508.0</ele>
      </trkpt>
      <trkpt lat="45.822324" lon="10.776204">
        <ele>499.0</ele>
      </trkpt>
      <trkpt lat="45.822246" lon="10.77627">
        <ele>499.0</ele>
      </trkpt>
      <trkpt lat="45.822151" lon="10.776226">
        <ele>498.0</ele>
      </trkpt>
      <trkpt lat="45.822093" lon="10.776107">
        <ele>496.0</ele>
      </trkpt>
      <trkpt lat="45.822069" lon="10.775982">
        <ele>494.0</ele>
      </trkpt>
      <trkpt lat="45.821989" lon="10.775901">
        <ele>492.0</ele>
      </trkpt>
      <trkpt lat="45.821903" lon="10.775865">
        <ele>490.0</ele>
      </trkpt>
      <trkpt lat="45.821807" lon="10.775972">
        <ele>489.0</ele>
      </trkpt>
      <trkpt lat="45.821701" lon="10.775981">
        <ele>487.0</ele>
      </trkpt>
      <trkpt lat="45.8216" lon="10.775999">
        <ele>487.0</ele>
      </trkpt>
      <trkpt lat="45.82151" lon="10.776046">
        <ele>487.0</ele>
      </trkpt>
      <trkpt lat="45.821419" lon="10.776073">
        <ele>486.0</ele>
      </trkpt>
      <trkpt lat="45.82133" lon="10.776119">
        <ele>485.0</ele>
      </trkpt>
      <trkpt lat="45.821248" lon="10.776175">
        <ele>483.0</ele>
      </trkpt>
      <trkpt lat="45.821156" lon="10.776148">
        <ele>482.0</ele>
      </trkpt>
      <trkpt lat="45.821084" lon="10.776227">
        <ele>481.0</ele>
      </trkpt>
      <trkpt lat="45.821036" lon="10.776338">
        <ele>479.0</ele>
      </trkpt>
      <trkpt lat="45.820977" lon="10.776441">
        <ele>477.0</ele>
      </trkpt>
      <trkpt lat="45.820914" lon="10.776543">
        <ele>476.0</ele>
      </trkpt>
      <trkpt lat="45.820844" lon="10.776638">
        <ele>473.0</ele>
      </trkpt>
      <trkpt lat="45.820785" lon="10.776766">
        <ele>470.0</ele>
      </trkpt>
      <trkpt lat="45.820763" lon="10.776912">
        <ele>467.0</ele>
      </trkpt>
      <trkpt lat="45.820717" lon="10.777034">
        <ele>463.0</ele>
      </trkpt>
      <trkpt lat="45.820667" lon="10.777168">
        <ele>461.0</ele>
      </trkpt>
      <trkpt lat="45.820627" lon="10.777285">
        <ele>460.0</ele>
      </trkpt>
      <trkpt lat="45.820581" lon="10.777408">
        <ele>459.0</ele>
      </trkpt>
      <trkpt lat="45.82053" lon="10.777534">
        <ele>458.0</ele>
      </trkpt>
      <trkpt lat="45.820455" lon="10.777622">
        <ele>457.0</ele>
      </trkpt>
      <trkpt lat="45.820357" lon="10.777632">
        <ele>455.0</ele>
      </trkpt>
      <trkpt lat="45.820265" lon="10.777654">
        <ele>454.0</ele>
      </trkpt>
      <trkpt lat="45.820198" lon="10.777751">
        <ele>452.0</ele>
      </trkpt>
      <trkpt lat="45.820125" lon="10.777864">
        <ele>450.0</ele>
      </trkpt>
      <trkpt lat="45.82004" lon="10.777986">
        <ele>446.0</ele>
      </trkpt>
      <trkpt lat="45.819985" lon="10.778089">
        <ele>445.0</ele>
      </trkpt>
      <trkpt lat="45.819953" lon="10.77821">
        <ele>444.0</ele>
      </trkpt>
      <trkpt lat="45.819869" lon="10.778271">
        <ele>443.0</ele>
      </trkpt>
      <trkpt lat="45.819802" lon="10.778362">
        <ele>442.0</ele>
      </trkpt>
      <trkpt lat="45.81972" lon="10.778439">
        <ele>442.0</ele>
      </trkpt>
      <trkpt lat="45.819662" lon="10.778548">
        <ele>441.0</ele>
      </trkpt>
      <trkpt lat="45.819581" lon="10.778618">
        <ele>438.0</ele>
      </trkpt>
      <trkpt lat="45.819523" lon="10.778771">
        <ele>435.0</ele>
      </trkpt>
      <trkpt lat="45.819455" lon="10.778863">
        <ele>433.0</ele>
      </trkpt>
      <trkpt lat="45.819401" lon="10.778967">
        <ele>428.0</ele>
      </trkpt>
      <trkpt lat="45.819353" lon="10.779083">
        <ele>425.0</ele>
      </trkpt>
      <trkpt lat="45.819288" lon="10.779187">
        <ele>424.0</ele>
      </trkpt>
      <trkpt lat="45.81921" lon="10.779299">
        <ele>425.0</ele>
      </trkpt>
      <trkpt lat="45.819129" lon="10.779362">
        <ele>425.0</ele>
      </trkpt>
      <trkpt lat="45.819136" lon="10.779492">
        <ele>423.0</ele>
      </trkpt>
      <trkpt lat="45.819114" lon="10.779622">
        <ele>423.0</ele>
      </trkpt>
      <trkpt lat="45.819065" lon="10.779737">
        <ele>422.0</ele>
      </trkpt>
      <trkpt lat="45.819064" lon="10.779893">
        <ele>422.0</ele>
      </trkpt>
      <trkpt lat="45.819088" lon="10.780031">
        <ele>423.0</ele>
      </trkpt>
      <trkpt lat="45.819034" lon="10.780147">
        <ele>422.0</ele>
      </trkpt>
      <trkpt lat="45.818965" lon="10.780239">
        <ele>422.0</ele>
      </trkpt>
      <trkpt lat="45.818874" lon="10.780233">
        <ele>413.0</ele>
      </trkpt>
      <trkpt lat="45.818779" lon="10.780232">
        <ele>404.0</ele>
      </trkpt>
      <trkpt lat="45.818688" lon="10.780178">
        <ele>404.0</ele>
      </trkpt>
      <trkpt lat="45.818588" lon="10.780175">
        <ele>402.0</ele>
      </trkpt>
      <trkpt lat="45.818499" lon="10.780256">
        <ele>400.0</ele>
      </trkpt>
      <trkpt lat="45.818419" lon="10.780334">
        <ele>400.0</ele>
      </trkpt>
      <trkpt lat="45.818348" lon="10.780424">
        <ele>402.0</ele>
      </trkpt>
      <trkpt lat="45.818273" lon="10.780498">
        <ele>395.0</ele>
      </trkpt>
      <trkpt lat="45.818173" lon="10.780527">
        <ele>394.0</ele>
      </trkpt>
      <trkpt lat="45.818087" lon="10.780566">
        <ele>388.0</ele>
      </trkpt>
      <trkpt lat="45.817997" lon="10.780636">
        <ele>385.0</ele>
      </trkpt>
      <trkpt lat="45.817915" lon="10.78069">
        <ele>381.0</ele>
      </trkpt>
      <trkpt lat="45.817819" lon="10.780747">
        <ele>380.0</ele>
      </trkpt>
      <trkpt lat="45.817721" lon="10.780833">
        <ele>380.0</ele>
      </trkpt>
      <trkpt lat="45.817644" lon="10.780904">
        <ele>376.0</ele>
      </trkpt>
      <trkpt lat="45.817541" lon="10.780979">
        <ele>375.0</ele>
      </trkpt>
      <trkpt lat="45.817453" lon="10.781011">
        <ele>374.0</ele>
      </trkpt>
      <trkpt lat="45.817354" lon="10.781066">
        <ele>373.0</ele>
      </trkpt>
      <trkpt lat="45.817258" lon="10.78111">
        <ele>372.0</ele>
      </trkpt>
      <trkpt lat="45.817168" lon="10.781125">
        <ele>371.0</ele>
      </trkpt>
      <trkpt lat="45.817082" lon="10.781167">
        <ele>370.0</ele>
      </trkpt>
      <trkpt lat="45.816987" lon="10.781169">
        <ele>369.0</ele>
      </trkpt>
      <trkpt lat="45.816888" lon="10.781216">
        <ele>367.0</ele>
      </trkpt>
      <trkpt lat="45.816792" lon="10.781205">
        <ele>365.0</ele>
      </trkpt>
      <trkpt lat="45.816717" lon="10.78129">
        <ele>358.0</ele>
      </trkpt>
      <trkpt lat="45.816644" lon="10.781378">
        <ele>358.0</ele>
      </trkpt>
      <trkpt lat="45.816582" lon="10.781486">
        <ele>354.0</ele>
      </trkpt>
      <trkpt lat="45.816512" lon="10.781682">
        <ele>355.0</ele>
      </trkpt>
      <trkpt lat="45.81645" lon="10.781776">
        <ele>354.0</ele>
      </trkpt>
      <trkpt lat="45.816374" lon="10.781873">
        <ele>351.0</ele>
      </trkpt>
      <trkpt lat="45.816352" lon="10.782">
        <ele>348.0</ele>
      </trkpt>
      <trkpt lat="45.816327" lon="10.782142">
        <ele>347.0</ele>
      </trkpt>
      <trkpt lat="45.816284" lon="10.782261">
        <ele>345.0</ele>
      </trkpt>
      <trkpt lat="45.816212" lon="10.78236">
        <ele>341.0</ele>
      </trkpt>
      <trkpt lat="45.81613" lon="10.782473">
        <ele>336.0</ele>
      </trkpt>
      <trkpt lat="45.816073" lon="10.782575">
        <ele>332.0</ele>
      </trkpt>
      <trkpt lat="45.815997" lon="10.782677">
        <ele>330.0</ele>
      </trkpt>
      <trkpt lat="45.815914" lon="10.782737">
        <ele>322.0</ele>
      </trkpt>
      <trkpt lat="45.815813" lon="10.782844">
        <ele>319.0</ele>
      </trkpt>
      <trkpt lat="45.815858" lon="10.782958">
        <ele>317.0</ele>
      </trkpt>
      <trkpt lat="45.815874" lon="10.783109">
        <ele>314.0</ele>
      </trkpt>
      <trkpt lat="45.815786" lon="10.783164">
        <ele>309.0</ele>
      </trkpt>
      <trkpt lat="45.815692" lon="10.783223">
        <ele>307.0</ele>
      </trkpt>
      <trkpt lat="45.815593" lon="10.783215">
        <ele>306.0</ele>
      </trkpt>
      <trkpt lat="45.815494" lon="10.783208">
        <ele>303.0</ele>
      </trkpt>
      <trkpt lat="45.815399" lon="10.783256">
        <ele>301.0</ele>
      </trkpt>
      <trkpt lat="45.815297" lon="10.783278">
        <ele>299.0</ele>
      </trkpt>
      <trkpt lat="45.815178" lon="10.783338">
        <ele>294.0</ele>
      </trkpt>
      <trkpt lat="45.81509" lon="10.783403">
        <ele>289.0</ele>
      </trkpt>
      <trkpt lat="45.815003" lon="10.783477">
        <ele>287.0</ele>
      </trkpt>
      <trkpt lat="45.814922" lon="10.78354">
        <ele>285.0</ele>
      </trkpt>
      <trkpt lat="45.814849" lon="10.783619">
        <ele>281.0</ele>
      </trkpt>
      <trkpt lat="45.814766" lon="10.783719">
        <ele>276.0</ele>
      </trkpt>
      <trkpt lat="45.814687" lon="10.783801">
        <ele>274.0</ele>
      </trkpt>
      <trkpt lat="45.814616" lon="10.783889">
        <ele>273.0</ele>
      </trkpt>
      <trkpt lat="45.814511" lon="10.783977">
        <ele>272.0</ele>
      </trkpt>
      <trkpt lat="45.814442" lon="10.784069">
        <ele>270.0</ele>
      </trkpt>
      <trkpt lat="45.814371" lon="10.784206">
        <ele>267.0</ele>
      </trkpt>
      <trkpt lat="45.814261" lon="10.784262">
        <ele>266.0</ele>
      </trkpt>
      <trkpt lat="45.81422" lon="10.784376">
        <ele>261.0</ele>
      </trkpt>
      <trkpt lat="45.814138" lon="10.784518">
        <ele>259.0</ele>
      </trkpt>
      <trkpt lat="45.814117" lon="10.784657">
        <ele>257.0</ele>
      </trkpt>
      <trkpt lat="45.814095" lon="10.784787">
        <ele>255.0</ele>
      </trkpt>
      <trkpt lat="45.814" lon="10.784819">
        <ele>248.0</ele>
      </trkpt>
      <trkpt lat="45.813896" lon="10.784832">
        <ele>244.0</ele>
      </trkpt>
      <trkpt lat="45.813818" lon="10.784911">
        <ele>243.0</ele>
      </trkpt>
      <trkpt lat="45.813708" lon="10.784955">
        <ele>241.0</ele>
      </trkpt>
      <trkpt lat="45.813587" lon="10.78502">
        <ele>240.0</ele>
      </trkpt>
      <trkpt lat="45.813479" lon="10.785089">
        <ele>239.0</ele>
      </trkpt>
      <trkpt lat="45.813365" lon="10.785157">
        <ele>236.0</ele>
      </trkpt>
      <trkpt lat="45.813246" lon="10.785253">
        <ele>232.0</ele>
      </trkpt>
      <trkpt lat="45.813158" lon="10.785335">
        <ele>220.0</ele>
      </trkpt>
      <trkpt lat="45.813046" lon="10.785444">
        <ele>217.0</ele>
      </trkpt>
      <trkpt lat="45.812938" lon="10.785554">
        <ele>217.0</ele>
      </trkpt>
      <trkpt lat="45.812869" lon="10.78566">
        <ele>217.0</ele>
      </trkpt>
      <trkpt lat="45.81283" lon="10.785796">
        <ele>214.0</ele>
      </trkpt>
      <trkpt lat="45.81281" lon="10.785927">
        <ele>213.0</ele>
      </trkpt>
      <trkpt lat="45.812767" lon="10.786077">
        <ele>213.0</ele>
      </trkpt>
      <trkpt lat="45.81274" lon="10.786256">
        <ele>213.0</ele>
      </trkpt>
      <trkpt lat="45.81266" lon="10.78633">
        <ele>211.0</ele>
      </trkpt>
      <trkpt lat="45.8126" lon="10.786473">
        <ele>208.0</ele>
      </trkpt>
      <trkpt lat="45.812543" lon="10.786603">
        <ele>208.0</ele>
      </trkpt>
      <trkpt lat="45.812462" lon="10.78673">
        <ele>207.0</ele>
      </trkpt>
      <trkpt lat="45.812388" lon="10.78681">
        <ele>204.0</ele>
      </trkpt>
      <trkpt lat="45.812314" lon="10.786918">
        <ele>204.0</ele>
      </trkpt>
      <trkpt lat="45.812257" lon="10.787044">
        <ele>203.0</ele>
      </trkpt>
      <trkpt lat="45.812226" lon="10.787174">
        <ele>202.0</ele>
      </trkpt>
      <trkpt lat="45.812154" lon="10.787332">
        <ele>201.0</ele>
      </trkpt>
      <trkpt lat="45.812074" lon="10.787456">
        <ele>198.0</ele>
      </trkpt>
      <trkpt lat="45.812011" lon="10.787569">
        <ele>197.0</ele>
      </trkpt>
      <trkpt lat="45.811956" lon="10.787691">
        <ele>196.0</ele>
      </trkpt>
      <trkpt lat="45.811873" lon="10.78781">
        <ele>196.0</ele>
      </trkpt>
      <trkpt lat="45.811787" lon="10.787923">
        <ele>198.0</ele>
      </trkpt>
      <trkpt lat="45.811711" lon="10.788053">
        <ele>200.0</ele>
      </trkpt>
      <trkpt lat="45.811639" lon="10.788156">
        <ele>197.0</ele>
      </trkpt>
      <trkpt lat="45.811604" lon="10.788296">
        <ele>195.0</ele>
      </trkpt>
      <trkpt lat="45.811532" lon="10.788388">
        <ele>193.0</ele>
      </trkpt>
      <trkpt lat="45.811491" lon="10.788495">
        <ele>191.0</ele>
      </trkpt>
      <trkpt lat="45.811416" lon="10.788599">
        <ele>190.0</ele>
      </trkpt>
      <trkpt lat="45.811341" lon="10.788679">
        <ele>188.0</ele>
      </trkpt>
      <trkpt lat="45.811263" lon="10.788778">
        <ele>187.0</ele>
      </trkpt>
      <trkpt lat="45.811151" lon="10.788864">
        <ele>186.0</ele>
      </trkpt>
      <trkpt lat="45.811043" lon="10.788911">
        <ele>185.0</ele>
      </trkpt>
      <trkpt lat="45.810936" lon="10.788946">
        <ele>186.0</ele>
      </trkpt>
      <trkpt lat="45.810846" lon="10.788946">
        <ele>185.0</ele>
      </trkpt>
      <trkpt lat="45.810741" lon="10.788993">
        <ele>184.0</ele>
      </trkpt>
      <trkpt lat="45.810643" lon="10.789052">
        <ele>182.0</ele>
      </trkpt>
      <trkpt lat="45.810576" lon="10.789229">
        <ele>179.0</ele>
      </trkpt>
      <trkpt lat="45.810502" lon="10.789353">
        <ele>177.0</ele>
      </trkpt>
      <trkpt lat="45.810438" lon="10.789551">
        <ele>173.0</ele>
      </trkpt>
      <trkpt lat="45.810352" lon="10.789631">
        <ele>169.0</ele>
      </trkpt>
      <trkpt lat="45.810295" lon="10.789731">
        <ele>163.0</ele>
      </trkpt>
      <trkpt lat="45.810218" lon="10.789811">
        <ele>162.0</ele>
      </trkpt>
      <trkpt lat="45.810169" lon="10.789947">
        <ele>161.0</ele>
      </trkpt>
      <trkpt lat="45.810175" lon="10.79008">
        <ele>160.0</ele>
      </trkpt>
      <trkpt lat="45.810141" lon="10.790209">
        <ele>158.0</ele>
      </trkpt>
      <trkpt lat="45.81023" lon="10.790243">
        <ele>157.0</ele>
      </trkpt>
      <trkpt lat="45.810212" lon="10.790394">
        <ele>155.0</ele>
      </trkpt>
      <trkpt lat="45.810223" lon="10.790529">
        <ele>153.0</ele>
      </trkpt>
      <trkpt lat="45.810209" lon="10.790666">
        <ele>153.0</ele>
      </trkpt>
      <trkpt lat="45.810168" lon="10.790807">
        <ele>152.0</ele>
      </trkpt>
      <trkpt lat="45.810119" lon="10.790917">
        <ele>152.0</ele>
      </trkpt>
      <trkpt lat="45.810074" lon="10.791103">
        <ele>146.0</ele>
      </trkpt>
      <trkpt lat="45.810156" lon="10.791181">
        <ele>147.0</ele>
      </trkpt>
      <trkpt lat="45.810244" lon="10.791284">
        <ele>146.0</ele>
      </trkpt>
      <trkpt lat="45.810336" lon="10.791322">
        <ele>146.0</ele>
      </trkpt>
      <trkpt lat="45.810424" lon="10.791386">
        <ele>146.0</ele>
      </trkpt>
      <trkpt lat="45.810517" lon="10.791466">
        <ele>146.0</ele>
      </trkpt>
      <trkpt lat="45.810578" lon="10.79157">
        <ele>145.0</ele>
      </trkpt>
      <trkpt lat="45.810668" lon="10.791589">
        <ele>146.0</ele>
      </trkpt>
      <trkpt lat="45.810735" lon="10.791686">
        <ele>147.0</ele>
      </trkpt>
      <trkpt lat="45.810803" lon="10.791788">
        <ele>147.0</ele>
      </trkpt>
      <trkpt lat="45.810871" lon="10.791898">
        <ele>148.0</ele>
      </trkpt>
      <trkpt lat="45.810888" lon="10.792042">
        <ele>148.0</ele>
      </trkpt>
      <trkpt lat="45.810935" lon="10.792173">
        <ele>148.0</ele>
      </trkpt>
      <trkpt lat="45.810962" lon="10.792305">
        <ele>148.0</ele>
      </trkpt>
      <trkpt lat="45.810964" lon="10.792435">
        <ele>147.0</ele>
      </trkpt>
      <trkpt lat="45.810917" lon="10.792564">
        <ele>146.0</ele>
      </trkpt>
      <trkpt lat="45.810818" lon="10.792581">
        <ele>146.0</ele>
      </trkpt>
      <trkpt lat="45.81073" lon="10.792524">
        <ele>147.0</ele>
      </trkpt>
      <trkpt lat="45.81065" lon="10.792433">
        <ele>147.0</ele>
      </trkpt>
      <trkpt lat="45.810551" lon="10.792406">
        <ele>146.0</ele>
      </trkpt>
      <trkpt lat="45.810458" lon="10.792388">
        <ele>146.0</ele>
      </trkpt>
      <trkpt lat="45.810368" lon="10.792357">
        <ele>145.0</ele>
      </trkpt>
      <trkpt lat="45.810273" lon="10.792318">
        <ele>143.0</ele>
      </trkpt>
      <trkpt lat="45.810182" lon="10.792285">
        <ele>142.0</ele>
      </trkpt>
      <trkpt lat="45.810094" lon="10.792247">
        <ele>141.0</ele>
      </trkpt>
      <trkpt lat="45.81001" lon="10.792193">
        <ele>141.0</ele>
      </trkpt>
      <trkpt lat="45.80994" lon="10.792095">
        <ele>141.0</ele>
      </trkpt>
      <trkpt lat="45.80984" lon="10.792053">
        <ele>142.0</ele>
      </trkpt>
      <trkpt lat="45.809735" lon="10.792107">
        <ele>143.0</ele>
      </trkpt>
      <trkpt lat="45.80967" lon="10.792213">
        <ele>143.0</ele>
      </trkpt>
      <trkpt lat="45.80961" lon="10.792356">
        <ele>142.0</ele>
      </trkpt>
      <trkpt lat="45.809605" lon="10.792492">
        <ele>141.0</ele>
      </trkpt>
      <trkpt lat="45.809646" lon="10.792617">
        <ele>139.0</ele>
      </trkpt>
      <trkpt lat="45.809713" lon="10.792744">
        <ele>138.0</ele>
      </trkpt>
      <trkpt lat="45.809776" lon="10.79284">
        <ele>138.0</ele>
      </trkpt>
      <trkpt lat="45.809822" lon="10.792956">
        <ele>137.0</ele>
      </trkpt>
      <trkpt lat="45.8099" lon="10.793032">
        <ele>137.0</ele>
      </trkpt>
      <trkpt lat="45.809977" lon="10.793127">
        <ele>136.0</ele>
      </trkpt>
      <trkpt lat="45.810088" lon="10.793181">
        <ele>135.0</ele>
      </trkpt>
      <trkpt lat="45.810179" lon="10.793245">
        <ele>134.0</ele>
      </trkpt>
      <trkpt lat="45.810269" lon="10.793292">
        <ele>133.0</ele>
      </trkpt>
      <trkpt lat="45.810363" lon="10.793338">
        <ele>132.0</ele>
      </trkpt>
      <trkpt lat="45.810457" lon="10.793356">
        <ele>131.0</ele>
      </trkpt>
      <trkpt lat="45.810556" lon="10.793398">
        <ele>131.0</ele>
      </trkpt>
      <trkpt lat="45.810654" lon="10.793439">
        <ele>130.0</ele>
      </trkpt>
      <trkpt lat="45.810736" lon="10.793495">
        <ele>129.0</ele>
      </trkpt>
      <trkpt lat="45.810802" lon="10.793588">
        <ele>125.0</ele>
      </trkpt>
      <trkpt lat="45.810883" lon="10.793667">
        <ele>125.0</ele>
      </trkpt>
      <trkpt lat="45.810973" lon="10.793734">
        <ele>125.0</ele>
      </trkpt>
      <trkpt lat="45.811065" lon="10.793796">
        <ele>124.0</ele>
      </trkpt>
      <trkpt lat="45.811142" lon="10.793871">
        <ele>124.0</ele>
      </trkpt>
      <trkpt lat="45.811241" lon="10.793855">
        <ele>124.0</ele>
      </trkpt>
      <trkpt lat="45.811331" lon="10.793893">
        <ele>124.0</ele>
      </trkpt>
      <trkpt lat="45.811425" lon="10.793934">
        <ele>122.0</ele>
      </trkpt>
      <trkpt lat="45.811512" lon="10.793999">
        <ele>121.0</ele>
      </trkpt>
      <trkpt lat="45.811573" lon="10.794103">
        <ele>121.0</ele>
      </trkpt>
      <trkpt lat="45.811637" lon="10.794193">
        <ele>121.0</ele>
      </trkpt>
      <trkpt lat="45.811738" lon="10.794259">
        <ele>119.0</ele>
      </trkpt>
      <trkpt lat="45.811839" lon="10.794261">
        <ele>119.0</ele>
      </trkpt>
      <trkpt lat="45.81193" lon="10.794258">
        <ele>118.0</ele>
      </trkpt>
      <trkpt lat="45.812024" lon="10.794262">
        <ele>118.0</ele>
      </trkpt>
      <trkpt lat="45.812124" lon="10.794226">
        <ele>118.0</ele>
      </trkpt>
      <trkpt lat="45.812219" lon="10.794205">
        <ele>118.0</ele>
      </trkpt>
      <trkpt lat="45.812319" lon="10.794184">
        <ele>118.0</ele>
      </trkpt>
      <trkpt lat="45.812411" lon="10.794181">
        <ele>118.0</ele>
      </trkpt>
      <trkpt lat="45.812512" lon="10.794172">
        <ele>118.0</ele>
      </trkpt>
      <trkpt lat="45.812611" lon="10.794177">
        <ele>118.0</ele>
      </trkpt>
    </trkseg>
  </trk>
  <trk>
    <name>Variante di Reamol</name>
    <trkseg>
      <trkpt lat="45.836678" lon="10.81495">
        <ele>136.0</ele>
      </trkpt>
      <trkpt lat="45.836598" lon="10.814625">
        <ele>136.0</ele>
      </trkpt>
      <trkpt lat="45.836345" lon="10.814223">
        <ele>136.0</ele>
      </trkpt>
      <trkpt lat="45.836065" lon="10.814089">
        <ele>136.0</ele>
      </trkpt>
      <trkpt lat="45.835839" lon="10.813812">
        <ele>136.0</ele>
      </trkpt>
      <trkpt lat="45.835732" lon="10.813506">
        <ele>136.0</ele>
      </trkpt>
      <trkpt lat="45.835972" lon="10.813315">
        <ele>136.0</ele>
      </trkpt>
      <trkpt lat="45.835993" lon="10.812992">
        <ele>136.0</ele>
      </trkpt>
      <trkpt lat="45.835885" lon="10.812799">
        <ele>135.0</ele>
      </trkpt>
      <trkpt lat="45.836025" lon="10.812569">
        <ele>135.0</ele>
      </trkpt>
      <trkpt lat="45.836112" lon="10.812139">
        <ele>135.0</ele>
      </trkpt>
      <trkpt lat="45.836005" lon="10.811843">
        <ele>135.0</ele>
      </trkpt>
      <trkpt lat="45.836278" lon="10.811938">
        <ele>135.0</ele>
      </trkpt>
      <trkpt lat="45.836405" lon="10.811833">
        <ele>135.0</ele>
      </trkpt>
      <trkpt lat="45.836285" lon="10.811575">
        <ele>135.0</ele>
      </trkpt>
      <trkpt lat="45.836032" lon="10.811288">
        <ele>135.0</ele>
      </trkpt>
      <trkpt lat="45.835965" lon="10.810877">
        <ele>135.0</ele>
      </trkpt>
      <trkpt lat="45.836" lon="10.81063">
        <ele>135.0</ele>
      </trkpt>
      <trkpt lat="45.835912" lon="10.810342">
        <ele>135.0</ele>
      </trkpt>
      <trkpt lat="45.836019" lon="10.810246">
        <ele>135.0</ele>
      </trkpt>
      <trkpt lat="45.836185" lon="10.810495">
        <ele>135.0</ele>
      </trkpt>
      <trkpt lat="45.836197" lon="10.810235">
        <ele>135.0</ele>
      </trkpt>
      <trkpt lat="45.836052" lon="10.809864">
        <ele>135.0</ele>
      </trkpt>
      <trkpt lat="45.836118" lon="10.809816">
        <ele>135.0</ele>
      </trkpt>
      <trkpt lat="45.836019" lon="10.809548">
        <ele>135.0</ele>
      </trkpt>
      <trkpt lat="45.835825" lon="10.809386">
        <ele>135.0</ele>
      </trkpt>
      <trkpt lat="45.836019" lon="10.8093">
        <ele>135.0</ele>
      </trkpt>
      <trkpt lat="45.836105" lon="10.808956">
        <ele>135.0</ele>
      </trkpt>
      <trkpt lat="45.836138" lon="10.80865">
        <ele>135.0</ele>
      </trkpt>
      <trkpt lat="45.836091" lon="10.808333">
        <ele>135.0</ele>
      </trkpt>
      <trkpt lat="45.835979" lon="10.807885">
        <ele>135.0</ele>
      </trkpt>
      <trkpt lat="45.835932" lon="10.807579">
        <ele>135.0</ele>
      </trkpt>
      <trkpt lat="45.835845" lon="10.807302">
        <ele>135.0</ele>
      </trkpt>
      <trkpt lat="45.835779" lon="10.807034">
        <ele>135.0</ele>
      </trkpt>
      <trkpt lat="45.835805" lon="10.806852">
        <ele>135.0</ele>
      </trkpt>
      <trkpt lat="45.835659" lon="10.806594">
        <ele>135.0</ele>
      </trkpt>
      <trkpt lat="45.83566" lon="10.806365">
        <ele>135.0</ele>
      </trkpt>
      <trkpt lat="45.835526" lon="10.805944">
        <ele>135.0</ele>
      </trkpt>
      <trkpt lat="45.835392" lon="10.805848">
        <ele>135.0</ele>
      </trkpt>
      <trkpt lat="45.835298" lon="10.805706">
        <ele>135.0</ele>
      </trkpt>
      <trkpt lat="45.835201" lon="10.805573">
        <ele>135.0</ele>
      </trkpt>
      <trkpt lat="45.835114" lon="10.805402">
        <ele>135.0</ele>
      </trkpt>
      <trkpt lat="45.834995" lon="10.805306">
        <ele>135.0</ele>
      </trkpt>
      <trkpt lat="45.834829" lon="10.805288">
        <ele>135.0</ele>
      </trkpt>
      <trkpt lat="45.83467" lon="10.805266">
        <ele>135.0</ele>
      </trkpt>
      <trkpt lat="45.834643" lon="10.805091">
        <ele>135.0</ele>
      </trkpt>
      <trkpt lat="45.83465" lon="10.804899">
        <ele>135.0</ele>
      </trkpt>
      <trkpt lat="45.834579" lon="10.804765">
        <ele>135.0</ele>
      </trkpt>
      <trkpt lat="45.834524" lon="10.804532">
        <ele>135.0</ele>
      </trkpt>
      <trkpt lat="45.834539" lon="10.804348">
        <ele>135.0</ele>
      </trkpt>
      <trkpt lat="45.834615" lon="10.804106">
        <ele>135.0</ele>
      </trkpt>
      <trkpt lat="45.834652" lon="10.803992">
        <ele>135.0</ele>
      </trkpt>
      <trkpt lat="45.83453" lon="10.803787">
        <ele>135.0</ele>
      </trkpt>
      <trkpt lat="45.834549" lon="10.803619">
        <ele>135.0</ele>
      </trkpt>
      <trkpt lat="45.834459" lon="10.803476">
        <ele>135.0</ele>
      </trkpt>
      <trkpt lat="45.834577" lon="10.803219">
        <ele>135.0</ele>
      </trkpt>
      <trkpt lat="45.834681" lon="10.802982">
        <ele>135.0</ele>
      </trkpt>
      <trkpt lat="45.834695" lon="10.802768">
        <ele>135.0</ele>
      </trkpt>
      <trkpt lat="45.834648" lon="10.802597">
        <ele>135.0</ele>
      </trkpt>
      <trkpt lat="45.834643" lon="10.802374">
        <ele>135.0</ele>
      </trkpt>
      <trkpt lat="45.834747" lon="10.80215">
        <ele>135.0</ele>
      </trkpt>
      <trkpt lat="45.83477" lon="10.801968">
        <ele>135.0</ele>
      </trkpt>
      <trkpt lat="45.834761" lon="10.801657">
        <ele>135.0</ele>
      </trkpt>
    </trkseg>
  </trk>
</gpx>
