<?xml version="1.0" encoding="UTF-8"?>
<gpx version="1.1" creator="ETC" xmlns="http://www.topografix.com/GPX/1/1" xmlns:xsi="http://www.w3.org/2001/XMLSchema-instance" xsi:schemaLocation="http://www.topografix.com/GPX/1/1 http://www.topografix.com/GPX/1/1/gpx.xsd">
  <metadata>
    <name>Seconda tappa</name>
  </metadata>
  <wpt lat="45.812657" lon="10.794163">
    <ele>69.0</ele>
    <name>Limone sul Garda</name>
  </wpt>
  <wpt lat="45.814001" lon="10.7918">
    <ele>98.0</ele>
    <name>Limone sul Garda</name>
  </wpt>
  <wpt lat="45.810082" lon="10.791085">
    <ele>100.0</ele>
    <name>Bivio dx</name>
  </wpt>
  <wpt lat="45.807818" lon="10.787571">
    <ele>97.0</ele>
    <name>Bivio leggermente dx</name>
  </wpt>
  <wpt lat="45.793802" lon="10.778141">
    <ele>310.0</ele>
    <name>Bassanega</name>
  </wpt>
  <wpt lat="45.782018" lon="10.769853">
    <ele>506.0</ele>
    <name>Bivio sx</name>
  </wpt>
  <wpt lat="45.779472" lon="10.764676">
    <ele>466.0</ele>
    <name>Bivio dx</name>
  </wpt>
  <wpt lat="45.777333" lon="10.763067">
    <ele>423.0</ele>
    <name>Bivio dx</name>
  </wpt>
  <wpt lat="45.780852" lon="10.759404">
    <ele>376.0</ele>
    <name>Bivio dritti</name>
  </wpt>
  <wpt lat="45.782529" lon="10.754863">
    <ele>357.0</ele>
    <name>Ponte</name>
  </wpt>
  <wpt lat="45.779584" lon="10.757126">
    <ele>400.0</ele>
    <name>Bivio dritti</name>
  </wpt>
  <wpt lat="45.77599" lon="10.755055">
    <ele>424.0</ele>
    <name>Bivio sx</name>
  </wpt>
  <wpt lat="45.77529" lon="10.755265">
    <ele>427.0</ele>
    <name>Bivio dx</name>
  </wpt>
  <wpt lat="45.771345" lon="10.759003">
    <ele>424.0</ele>
    <name>Pieve</name>
  </wpt>
  <wpt lat="45.768859" lon="10.757471">
    <ele>439.0</ele>
    <name>Bivio sx</name>
  </wpt>
  <wpt lat="45.760501" lon="10.749041">
    <ele>361.0</ele>
    <name>A destra</name>
  </wpt>
  <wpt lat="45.758325" lon="10.744489">
    <ele>419.0</ele>
    <name>Bivio tutto sx</name>
  </wpt>
  <wpt lat="45.757656" lon="10.745373">
    <ele>409.0</ele>
    <name>Bivio dritti</name>
  </wpt>
  <wpt lat="45.756145" lon="10.746164">
    <ele>390.0</ele>
    <name>Punto panoramico</name>
  </wpt>
  <wpt lat="45.755599" lon="10.745387">
    <ele>354.0</ele>
    <name>Bivio sx</name>
  </wpt>
  <wpt lat="45.755454" lon="10.75021">
    <ele>91.0</ele>
    <name>Campione del Garda</name>
  </wpt>
  <wpt lat="45.754691" lon="10.750224">
    <ele>91.0</ele>
    <name>Campione del Garda</name>
  </wpt>
  <trk>
    <name>07/Dic/2019 07:39:27</name>
    <trkseg>
      <trkpt lat="45.812657" lon="10.794163">
        <ele>69.0</ele>
      </trkpt>
      <trkpt lat="45.812206" lon="10.794197">
        <ele>119.0</ele>
      </trkpt>
      <trkpt lat="45.812148" lon="10.794036">
        <ele>117.0</ele>
      </trkpt>
      <trkpt lat="45.812058" lon="10.794004">
        <ele>118.0</ele>
      </trkpt>
      <trkpt lat="45.81198" lon="10.794075">
        <ele>119.0</ele>
      </trkpt>
      <trkpt lat="45.811914" lon="10.7942">
        <ele>119.0</ele>
      </trkpt>
      <trkpt lat="45.811826" lon="10.79427">
        <ele>118.0</ele>
      </trkpt>
      <trkpt lat="45.811731" lon="10.794242">
        <ele>118.0</ele>
      </trkpt>
      <trkpt lat="45.811636" lon="10.794231">
        <ele>118.0</ele>
      </trkpt>
      <trkpt lat="45.811541" lon="10.794176">
        <ele>119.0</ele>
      </trkpt>
      <trkpt lat="45.811498" lon="10.794061">
        <ele>120.0</ele>
      </trkpt>
      <trkpt lat="45.811456" lon="10.793935">
        <ele>120.0</ele>
      </trkpt>
      <trkpt lat="45.811386" lon="10.793852">
        <ele>121.0</ele>
      </trkpt>
      <trkpt lat="45.811288" lon="10.793815">
        <ele>121.0</ele>
      </trkpt>
      <trkpt lat="45.811202" lon="10.793774">
        <ele>121.0</ele>
      </trkpt>
      <trkpt lat="45.811105" lon="10.793759">
        <ele>121.0</ele>
      </trkpt>
      <trkpt lat="45.811009" lon="10.793752">
        <ele>121.0</ele>
      </trkpt>
      <trkpt lat="45.810919" lon="10.793708">
        <ele>122.0</ele>
      </trkpt>
      <trkpt lat="45.810847" lon="10.793627">
        <ele>121.0</ele>
      </trkpt>
      <trkpt lat="45.810742" lon="10.793544">
        <ele>121.0</ele>
      </trkpt>
      <trkpt lat="45.810666" lon="10.793456">
        <ele>122.0</ele>
      </trkpt>
      <trkpt lat="45.810576" lon="10.79342">
        <ele>123.0</ele>
      </trkpt>
      <trkpt lat="45.810487" lon="10.793389">
        <ele>125.0</ele>
      </trkpt>
      <trkpt lat="45.810387" lon="10.793348">
        <ele>125.0</ele>
      </trkpt>
      <trkpt lat="45.810308" lon="10.793282">
        <ele>124.0</ele>
      </trkpt>
      <trkpt lat="45.810223" lon="10.793212">
        <ele>125.0</ele>
      </trkpt>
      <trkpt lat="45.810134" lon="10.793171">
        <ele>125.0</ele>
      </trkpt>
      <trkpt lat="45.810047" lon="10.793117">
        <ele>125.0</ele>
      </trkpt>
      <trkpt lat="45.809962" lon="10.793072">
        <ele>125.0</ele>
      </trkpt>
      <trkpt lat="45.809899" lon="10.79297">
        <ele>126.0</ele>
      </trkpt>
      <trkpt lat="45.809825" lon="10.79289">
        <ele>126.0</ele>
      </trkpt>
      <trkpt lat="45.809746" lon="10.792798">
        <ele>126.0</ele>
      </trkpt>
      <trkpt lat="45.809696" lon="10.792685">
        <ele>127.0</ele>
      </trkpt>
      <trkpt lat="45.809655" lon="10.792562">
        <ele>128.0</ele>
      </trkpt>
      <trkpt lat="45.809616" lon="10.792437">
        <ele>128.0</ele>
      </trkpt>
      <trkpt lat="45.809625" lon="10.792297">
        <ele>129.0</ele>
      </trkpt>
      <trkpt lat="45.809656" lon="10.792165">
        <ele>129.0</ele>
      </trkpt>
      <trkpt lat="45.809753" lon="10.792073">
        <ele>130.0</ele>
      </trkpt>
      <trkpt lat="45.809862" lon="10.792019">
        <ele>131.0</ele>
      </trkpt>
      <trkpt lat="45.809962" lon="10.792043">
        <ele>133.0</ele>
      </trkpt>
      <trkpt lat="45.810036" lon="10.792116">
        <ele>135.0</ele>
      </trkpt>
      <trkpt lat="45.81012" lon="10.792195">
        <ele>136.0</ele>
      </trkpt>
      <trkpt lat="45.810205" lon="10.792247">
        <ele>136.0</ele>
      </trkpt>
      <trkpt lat="45.810293" lon="10.792312">
        <ele>136.0</ele>
      </trkpt>
      <trkpt lat="45.810392" lon="10.792333">
        <ele>137.0</ele>
      </trkpt>
      <trkpt lat="45.810487" lon="10.792365">
        <ele>137.0</ele>
      </trkpt>
      <trkpt lat="45.810589" lon="10.792384">
        <ele>137.0</ele>
      </trkpt>
      <trkpt lat="45.810696" lon="10.79241">
        <ele>137.0</ele>
      </trkpt>
      <trkpt lat="45.810786" lon="10.792438">
        <ele>137.0</ele>
      </trkpt>
      <trkpt lat="45.810873" lon="10.792473">
        <ele>138.0</ele>
      </trkpt>
      <trkpt lat="45.810951" lon="10.792404">
        <ele>138.0</ele>
      </trkpt>
      <trkpt lat="45.810949" lon="10.792271">
        <ele>139.0</ele>
      </trkpt>
      <trkpt lat="45.810936" lon="10.792132">
        <ele>140.0</ele>
      </trkpt>
      <trkpt lat="45.810896" lon="10.791996">
        <ele>141.0</ele>
      </trkpt>
      <trkpt lat="45.810861" lon="10.791872">
        <ele>142.0</ele>
      </trkpt>
      <trkpt lat="45.810789" lon="10.791776">
        <ele>143.0</ele>
      </trkpt>
      <trkpt lat="45.810711" lon="10.791675">
        <ele>144.0</ele>
      </trkpt>
      <trkpt lat="45.810637" lon="10.791588">
        <ele>144.0</ele>
      </trkpt>
      <trkpt lat="45.810546" lon="10.791511">
        <ele>144.0</ele>
      </trkpt>
      <trkpt lat="45.810469" lon="10.791421">
        <ele>145.0</ele>
      </trkpt>
      <trkpt lat="45.810401" lon="10.791335">
        <ele>145.0</ele>
      </trkpt>
      <trkpt lat="45.810315" lon="10.791293">
        <ele>146.0</ele>
      </trkpt>
      <trkpt lat="45.810223" lon="10.791241">
        <ele>146.0</ele>
      </trkpt>
      <trkpt lat="45.81014" lon="10.791151">
        <ele>146.0</ele>
      </trkpt>
      <trkpt lat="45.810104" lon="10.791017">
        <ele>145.0</ele>
      </trkpt>
      <trkpt lat="45.810147" lon="10.790886">
        <ele>145.0</ele>
      </trkpt>
      <trkpt lat="45.810174" lon="10.790762">
        <ele>144.0</ele>
      </trkpt>
      <trkpt lat="45.810205" lon="10.790635">
        <ele>144.0</ele>
      </trkpt>
      <trkpt lat="45.810208" lon="10.790501">
        <ele>144.0</ele>
      </trkpt>
      <trkpt lat="45.810185" lon="10.79037">
        <ele>144.0</ele>
      </trkpt>
      <trkpt lat="45.810096" lon="10.790326">
        <ele>145.0</ele>
      </trkpt>
      <trkpt lat="45.809999" lon="10.790317">
        <ele>145.0</ele>
      </trkpt>
      <trkpt lat="45.809878" lon="10.790348">
        <ele>146.0</ele>
      </trkpt>
      <trkpt lat="45.809781" lon="10.790375">
        <ele>146.0</ele>
      </trkpt>
      <trkpt lat="45.809685" lon="10.790386">
        <ele>146.0</ele>
      </trkpt>
      <trkpt lat="45.809596" lon="10.790356">
        <ele>147.0</ele>
      </trkpt>
      <trkpt lat="45.809505" lon="10.790286">
        <ele>147.0</ele>
      </trkpt>
      <trkpt lat="45.809434" lon="10.790197">
        <ele>147.0</ele>
      </trkpt>
      <trkpt lat="45.809354" lon="10.790109">
        <ele>147.0</ele>
      </trkpt>
      <trkpt lat="45.809282" lon="10.790007">
        <ele>147.0</ele>
      </trkpt>
      <trkpt lat="45.809219" lon="10.789869">
        <ele>147.0</ele>
      </trkpt>
      <trkpt lat="45.809136" lon="10.789789">
        <ele>147.0</ele>
      </trkpt>
      <trkpt lat="45.809063" lon="10.789692">
        <ele>147.0</ele>
      </trkpt>
      <trkpt lat="45.808993" lon="10.78961">
        <ele>146.0</ele>
      </trkpt>
      <trkpt lat="45.808928" lon="10.789509">
        <ele>146.0</ele>
      </trkpt>
      <trkpt lat="45.808845" lon="10.789438">
        <ele>146.0</ele>
      </trkpt>
      <trkpt lat="45.808762" lon="10.789356">
        <ele>146.0</ele>
      </trkpt>
      <trkpt lat="45.808697" lon="10.789265">
        <ele>145.0</ele>
      </trkpt>
      <trkpt lat="45.808651" lon="10.789125">
        <ele>145.0</ele>
      </trkpt>
      <trkpt lat="45.808632" lon="10.788996">
        <ele>145.0</ele>
      </trkpt>
      <trkpt lat="45.808588" lon="10.788879">
        <ele>145.0</ele>
      </trkpt>
      <trkpt lat="45.808554" lon="10.788747">
        <ele>145.0</ele>
      </trkpt>
      <trkpt lat="45.808491" lon="10.788654">
        <ele>144.0</ele>
      </trkpt>
      <trkpt lat="45.808434" lon="10.788545">
        <ele>144.0</ele>
      </trkpt>
      <trkpt lat="45.8084" lon="10.788391">
        <ele>144.0</ele>
      </trkpt>
      <trkpt lat="45.8084" lon="10.788248">
        <ele>144.0</ele>
      </trkpt>
      <trkpt lat="45.808365" lon="10.788114">
        <ele>144.0</ele>
      </trkpt>
      <trkpt lat="45.808353" lon="10.787975">
        <ele>144.0</ele>
      </trkpt>
      <trkpt lat="45.80832" lon="10.787831">
        <ele>144.0</ele>
      </trkpt>
      <trkpt lat="45.808256" lon="10.787725">
        <ele>144.0</ele>
      </trkpt>
      <trkpt lat="45.808176" lon="10.787657">
        <ele>144.0</ele>
      </trkpt>
      <trkpt lat="45.808079" lon="10.787619">
        <ele>143.0</ele>
      </trkpt>
      <trkpt lat="45.807993" lon="10.787577">
        <ele>143.0</ele>
      </trkpt>
      <trkpt lat="45.8079" lon="10.787543">
        <ele>143.0</ele>
      </trkpt>
      <trkpt lat="45.807808" lon="10.787501">
        <ele>142.0</ele>
      </trkpt>
      <trkpt lat="45.807719" lon="10.78743">
        <ele>143.0</ele>
      </trkpt>
      <trkpt lat="45.807644" lon="10.787345">
        <ele>143.0</ele>
      </trkpt>
      <trkpt lat="45.80758" lon="10.787252">
        <ele>144.0</ele>
      </trkpt>
      <trkpt lat="45.807511" lon="10.78714">
        <ele>144.0</ele>
      </trkpt>
      <trkpt lat="45.807434" lon="10.787071">
        <ele>145.0</ele>
      </trkpt>
      <trkpt lat="45.807348" lon="10.786976">
        <ele>145.0</ele>
      </trkpt>
      <trkpt lat="45.807267" lon="10.786899">
        <ele>145.0</ele>
      </trkpt>
      <trkpt lat="45.807194" lon="10.786809">
        <ele>146.0</ele>
      </trkpt>
      <trkpt lat="45.807116" lon="10.786725">
        <ele>147.0</ele>
      </trkpt>
      <trkpt lat="45.807052" lon="10.78663">
        <ele>147.0</ele>
      </trkpt>
      <trkpt lat="45.80698" lon="10.786545">
        <ele>148.0</ele>
      </trkpt>
      <trkpt lat="45.806918" lon="10.786451">
        <ele>149.0</ele>
      </trkpt>
      <trkpt lat="45.806841" lon="10.786319">
        <ele>150.0</ele>
      </trkpt>
      <trkpt lat="45.806757" lon="10.786191">
        <ele>151.0</ele>
      </trkpt>
      <trkpt lat="45.806673" lon="10.786109">
        <ele>152.0</ele>
      </trkpt>
      <trkpt lat="45.806592" lon="10.786015">
        <ele>153.0</ele>
      </trkpt>
      <trkpt lat="45.806513" lon="10.785902">
        <ele>154.0</ele>
      </trkpt>
      <trkpt lat="45.806453" lon="10.785802">
        <ele>155.0</ele>
      </trkpt>
      <trkpt lat="45.806371" lon="10.78574">
        <ele>157.0</ele>
      </trkpt>
      <trkpt lat="45.80627" lon="10.785654">
        <ele>158.0</ele>
      </trkpt>
      <trkpt lat="45.806198" lon="10.785555">
        <ele>159.0</ele>
      </trkpt>
      <trkpt lat="45.806103" lon="10.785527">
        <ele>164.0</ele>
      </trkpt>
      <trkpt lat="45.806013" lon="10.785448">
        <ele>165.0</ele>
      </trkpt>
      <trkpt lat="45.805943" lon="10.785347">
        <ele>166.0</ele>
      </trkpt>
      <trkpt lat="45.805844" lon="10.785298">
        <ele>168.0</ele>
      </trkpt>
      <trkpt lat="45.805757" lon="10.785249">
        <ele>169.0</ele>
      </trkpt>
      <trkpt lat="45.805664" lon="10.785169">
        <ele>171.0</ele>
      </trkpt>
      <trkpt lat="45.805585" lon="10.785103">
        <ele>174.0</ele>
      </trkpt>
      <trkpt lat="45.805503" lon="10.785039">
        <ele>175.0</ele>
      </trkpt>
      <trkpt lat="45.805426" lon="10.784955">
        <ele>180.0</ele>
      </trkpt>
      <trkpt lat="45.805326" lon="10.784952">
        <ele>183.0</ele>
      </trkpt>
      <trkpt lat="45.805238" lon="10.784924">
        <ele>184.0</ele>
      </trkpt>
      <trkpt lat="45.805145" lon="10.784906">
        <ele>186.0</ele>
      </trkpt>
      <trkpt lat="45.80505" lon="10.784894">
        <ele>187.0</ele>
      </trkpt>
      <trkpt lat="45.80496" lon="10.784839">
        <ele>188.0</ele>
      </trkpt>
      <trkpt lat="45.804876" lon="10.784775">
        <ele>189.0</ele>
      </trkpt>
      <trkpt lat="45.80476" lon="10.784732">
        <ele>190.0</ele>
      </trkpt>
      <trkpt lat="45.804683" lon="10.784652">
        <ele>191.0</ele>
      </trkpt>
      <trkpt lat="45.804613" lon="10.784569">
        <ele>191.0</ele>
      </trkpt>
      <trkpt lat="45.804525" lon="10.784513">
        <ele>192.0</ele>
      </trkpt>
      <trkpt lat="45.804441" lon="10.784447">
        <ele>193.0</ele>
      </trkpt>
      <trkpt lat="45.80435" lon="10.784408">
        <ele>195.0</ele>
      </trkpt>
      <trkpt lat="45.804261" lon="10.784369">
        <ele>196.0</ele>
      </trkpt>
      <trkpt lat="45.804171" lon="10.784343">
        <ele>197.0</ele>
      </trkpt>
      <trkpt lat="45.804085" lon="10.784304">
        <ele>198.0</ele>
      </trkpt>
      <trkpt lat="45.804029" lon="10.784197">
        <ele>198.0</ele>
      </trkpt>
      <trkpt lat="45.803957" lon="10.784103">
        <ele>199.0</ele>
      </trkpt>
      <trkpt lat="45.803888" lon="10.784002">
        <ele>200.0</ele>
      </trkpt>
      <trkpt lat="45.803833" lon="10.783879">
        <ele>201.0</ele>
      </trkpt>
      <trkpt lat="45.803758" lon="10.783799">
        <ele>200.0</ele>
      </trkpt>
      <trkpt lat="45.803667" lon="10.783748">
        <ele>201.0</ele>
      </trkpt>
      <trkpt lat="45.803574" lon="10.783663">
        <ele>201.0</ele>
      </trkpt>
      <trkpt lat="45.803556" lon="10.783526">
        <ele>201.0</ele>
      </trkpt>
      <trkpt lat="45.80354" lon="10.783397">
        <ele>202.0</ele>
      </trkpt>
      <trkpt lat="45.80354" lon="10.78326">
        <ele>202.0</ele>
      </trkpt>
      <trkpt lat="45.803563" lon="10.783132">
        <ele>203.0</ele>
      </trkpt>
      <trkpt lat="45.803584" lon="10.782953">
        <ele>203.0</ele>
      </trkpt>
      <trkpt lat="45.8036" lon="10.782782">
        <ele>203.0</ele>
      </trkpt>
      <trkpt lat="45.803612" lon="10.782627">
        <ele>203.0</ele>
      </trkpt>
      <trkpt lat="45.803613" lon="10.782494">
        <ele>204.0</ele>
      </trkpt>
      <trkpt lat="45.803616" lon="10.782353">
        <ele>204.0</ele>
      </trkpt>
      <trkpt lat="45.80362" lon="10.782208">
        <ele>203.0</ele>
      </trkpt>
      <trkpt lat="45.803629" lon="10.782074">
        <ele>203.0</ele>
      </trkpt>
      <trkpt lat="45.803631" lon="10.78194">
        <ele>203.0</ele>
      </trkpt>
      <trkpt lat="45.803631" lon="10.781774">
        <ele>203.0</ele>
      </trkpt>
      <trkpt lat="45.803605" lon="10.781646">
        <ele>204.0</ele>
      </trkpt>
      <trkpt lat="45.803587" lon="10.781515">
        <ele>205.0</ele>
      </trkpt>
      <trkpt lat="45.803523" lon="10.781411">
        <ele>206.0</ele>
      </trkpt>
      <trkpt lat="45.803474" lon="10.781294">
        <ele>206.0</ele>
      </trkpt>
      <trkpt lat="45.803373" lon="10.781283">
        <ele>207.0</ele>
      </trkpt>
      <trkpt lat="45.80328" lon="10.781223">
        <ele>208.0</ele>
      </trkpt>
      <trkpt lat="45.803183" lon="10.781169">
        <ele>210.0</ele>
      </trkpt>
      <trkpt lat="45.803089" lon="10.781186">
        <ele>212.0</ele>
      </trkpt>
      <trkpt lat="45.802997" lon="10.781194">
        <ele>213.0</ele>
      </trkpt>
      <trkpt lat="45.802903" lon="10.781201">
        <ele>214.0</ele>
      </trkpt>
      <trkpt lat="45.802802" lon="10.781205">
        <ele>215.0</ele>
      </trkpt>
      <trkpt lat="45.802706" lon="10.781232">
        <ele>217.0</ele>
      </trkpt>
      <trkpt lat="45.802608" lon="10.78123">
        <ele>218.0</ele>
      </trkpt>
      <trkpt lat="45.802513" lon="10.781234">
        <ele>219.0</ele>
      </trkpt>
      <trkpt lat="45.802428" lon="10.781177">
        <ele>219.0</ele>
      </trkpt>
      <trkpt lat="45.80236" lon="10.781094">
        <ele>218.0</ele>
      </trkpt>
      <trkpt lat="45.80226" lon="10.781065">
        <ele>219.0</ele>
      </trkpt>
      <trkpt lat="45.802182" lon="10.780997">
        <ele>219.0</ele>
      </trkpt>
      <trkpt lat="45.802111" lon="10.780891">
        <ele>220.0</ele>
      </trkpt>
      <trkpt lat="45.80203" lon="10.78083">
        <ele>220.0</ele>
      </trkpt>
      <trkpt lat="45.801957" lon="10.780727">
        <ele>222.0</ele>
      </trkpt>
      <trkpt lat="45.801866" lon="10.780708">
        <ele>223.0</ele>
      </trkpt>
      <trkpt lat="45.80178" lon="10.780666">
        <ele>225.0</ele>
      </trkpt>
      <trkpt lat="45.801696" lon="10.780616">
        <ele>226.0</ele>
      </trkpt>
      <trkpt lat="45.801617" lon="10.780539">
        <ele>227.0</ele>
      </trkpt>
      <trkpt lat="45.801524" lon="10.780509">
        <ele>228.0</ele>
      </trkpt>
      <trkpt lat="45.801432" lon="10.78045">
        <ele>230.0</ele>
      </trkpt>
      <trkpt lat="45.801354" lon="10.780385">
        <ele>231.0</ele>
      </trkpt>
      <trkpt lat="45.80126" lon="10.780345">
        <ele>232.0</ele>
      </trkpt>
      <trkpt lat="45.801169" lon="10.780292">
        <ele>234.0</ele>
      </trkpt>
      <trkpt lat="45.801073" lon="10.780284">
        <ele>236.0</ele>
      </trkpt>
      <trkpt lat="45.800973" lon="10.780291">
        <ele>238.0</ele>
      </trkpt>
      <trkpt lat="45.800869" lon="10.780262">
        <ele>240.0</ele>
      </trkpt>
      <trkpt lat="45.800745" lon="10.780293">
        <ele>242.0</ele>
      </trkpt>
      <trkpt lat="45.80063" lon="10.780333">
        <ele>242.0</ele>
      </trkpt>
      <trkpt lat="45.800539" lon="10.780295">
        <ele>243.0</ele>
      </trkpt>
      <trkpt lat="45.800449" lon="10.780282">
        <ele>245.0</ele>
      </trkpt>
      <trkpt lat="45.800356" lon="10.780293">
        <ele>247.0</ele>
      </trkpt>
      <trkpt lat="45.80026" lon="10.780331">
        <ele>249.0</ele>
      </trkpt>
      <trkpt lat="45.800159" lon="10.780345">
        <ele>250.0</ele>
      </trkpt>
      <trkpt lat="45.800063" lon="10.780362">
        <ele>252.0</ele>
      </trkpt>
      <trkpt lat="45.79997" lon="10.780399">
        <ele>253.0</ele>
      </trkpt>
      <trkpt lat="45.799889" lon="10.780467">
        <ele>253.0</ele>
      </trkpt>
      <trkpt lat="45.799807" lon="10.78053">
        <ele>254.0</ele>
      </trkpt>
      <trkpt lat="45.799716" lon="10.78054">
        <ele>255.0</ele>
      </trkpt>
      <trkpt lat="45.799645" lon="10.780631">
        <ele>255.0</ele>
      </trkpt>
      <trkpt lat="45.799593" lon="10.780757">
        <ele>257.0</ele>
      </trkpt>
      <trkpt lat="45.79952" lon="10.780832">
        <ele>259.0</ele>
      </trkpt>
      <trkpt lat="45.799442" lon="10.780932">
        <ele>260.0</ele>
      </trkpt>
      <trkpt lat="45.799388" lon="10.781051">
        <ele>262.0</ele>
      </trkpt>
      <trkpt lat="45.799352" lon="10.78117">
        <ele>264.0</ele>
      </trkpt>
      <trkpt lat="45.799266" lon="10.781257">
        <ele>266.0</ele>
      </trkpt>
      <trkpt lat="45.799189" lon="10.781328">
        <ele>268.0</ele>
      </trkpt>
      <trkpt lat="45.799081" lon="10.78135">
        <ele>269.0</ele>
      </trkpt>
      <trkpt lat="45.798977" lon="10.781322">
        <ele>271.0</ele>
      </trkpt>
      <trkpt lat="45.798884" lon="10.781317">
        <ele>272.0</ele>
      </trkpt>
      <trkpt lat="45.798787" lon="10.781254">
        <ele>273.0</ele>
      </trkpt>
      <trkpt lat="45.798702" lon="10.781184">
        <ele>273.0</ele>
      </trkpt>
      <trkpt lat="45.798626" lon="10.781077">
        <ele>274.0</ele>
      </trkpt>
      <trkpt lat="45.798538" lon="10.781009">
        <ele>275.0</ele>
      </trkpt>
      <trkpt lat="45.798464" lon="10.780922">
        <ele>278.0</ele>
      </trkpt>
      <trkpt lat="45.798365" lon="10.78093">
        <ele>279.0</ele>
      </trkpt>
      <trkpt lat="45.798264" lon="10.780927">
        <ele>280.0</ele>
      </trkpt>
      <trkpt lat="45.79817" lon="10.780884">
        <ele>281.0</ele>
      </trkpt>
      <trkpt lat="45.798073" lon="10.780869">
        <ele>282.0</ele>
      </trkpt>
      <trkpt lat="45.79799" lon="10.780934">
        <ele>282.0</ele>
      </trkpt>
      <trkpt lat="45.797897" lon="10.780949">
        <ele>283.0</ele>
      </trkpt>
      <trkpt lat="45.797798" lon="10.780943">
        <ele>284.0</ele>
      </trkpt>
      <trkpt lat="45.7977" lon="10.780958">
        <ele>285.0</ele>
      </trkpt>
      <trkpt lat="45.797602" lon="10.780988">
        <ele>286.0</ele>
      </trkpt>
      <trkpt lat="45.797508" lon="10.781031">
        <ele>287.0</ele>
      </trkpt>
      <trkpt lat="45.79741" lon="10.781048">
        <ele>289.0</ele>
      </trkpt>
      <trkpt lat="45.79732" lon="10.780993">
        <ele>290.0</ele>
      </trkpt>
      <trkpt lat="45.797233" lon="10.781035">
        <ele>291.0</ele>
      </trkpt>
      <trkpt lat="45.797091" lon="10.781031">
        <ele>293.0</ele>
      </trkpt>
      <trkpt lat="45.796996" lon="10.781028">
        <ele>294.0</ele>
      </trkpt>
      <trkpt lat="45.796902" lon="10.781005">
        <ele>296.0</ele>
      </trkpt>
      <trkpt lat="45.796786" lon="10.780999">
        <ele>297.0</ele>
      </trkpt>
      <trkpt lat="45.79668" lon="10.781003">
        <ele>298.0</ele>
      </trkpt>
      <trkpt lat="45.796582" lon="10.781003">
        <ele>300.0</ele>
      </trkpt>
      <trkpt lat="45.796482" lon="10.780976">
        <ele>301.0</ele>
      </trkpt>
      <trkpt lat="45.796396" lon="10.780927">
        <ele>302.0</ele>
      </trkpt>
      <trkpt lat="45.796315" lon="10.780853">
        <ele>304.0</ele>
      </trkpt>
      <trkpt lat="45.796275" lon="10.780721">
        <ele>308.0</ele>
      </trkpt>
      <trkpt lat="45.796294" lon="10.780572">
        <ele>311.0</ele>
      </trkpt>
      <trkpt lat="45.796252" lon="10.780405">
        <ele>312.0</ele>
      </trkpt>
      <trkpt lat="45.796269" lon="10.780244">
        <ele>312.0</ele>
      </trkpt>
      <trkpt lat="45.79633" lon="10.78007">
        <ele>314.0</ele>
      </trkpt>
      <trkpt lat="45.796354" lon="10.779944">
        <ele>313.0</ele>
      </trkpt>
      <trkpt lat="45.79635" lon="10.779807">
        <ele>313.0</ele>
      </trkpt>
      <trkpt lat="45.796342" lon="10.77967">
        <ele>314.0</ele>
      </trkpt>
      <trkpt lat="45.796319" lon="10.779541">
        <ele>315.0</ele>
      </trkpt>
      <trkpt lat="45.796259" lon="10.779444">
        <ele>316.0</ele>
      </trkpt>
      <trkpt lat="45.796168" lon="10.779509">
        <ele>317.0</ele>
      </trkpt>
      <trkpt lat="45.796079" lon="10.779455">
        <ele>317.0</ele>
      </trkpt>
      <trkpt lat="45.795976" lon="10.779444">
        <ele>318.0</ele>
      </trkpt>
      <trkpt lat="45.795887" lon="10.779418">
        <ele>319.0</ele>
      </trkpt>
      <trkpt lat="45.795777" lon="10.779409">
        <ele>321.0</ele>
      </trkpt>
      <trkpt lat="45.795701" lon="10.779339">
        <ele>322.0</ele>
      </trkpt>
      <trkpt lat="45.795625" lon="10.779255">
        <ele>323.0</ele>
      </trkpt>
      <trkpt lat="45.795535" lon="10.779189">
        <ele>325.0</ele>
      </trkpt>
      <trkpt lat="45.795458" lon="10.779101">
        <ele>326.0</ele>
      </trkpt>
      <trkpt lat="45.795417" lon="10.778983">
        <ele>326.0</ele>
      </trkpt>
      <trkpt lat="45.795357" lon="10.778879">
        <ele>327.0</ele>
      </trkpt>
      <trkpt lat="45.795287" lon="10.778782">
        <ele>329.0</ele>
      </trkpt>
      <trkpt lat="45.795248" lon="10.778652">
        <ele>330.0</ele>
      </trkpt>
      <trkpt lat="45.795232" lon="10.778475">
        <ele>330.0</ele>
      </trkpt>
      <trkpt lat="45.795194" lon="10.778311">
        <ele>332.0</ele>
      </trkpt>
      <trkpt lat="45.79515" lon="10.778187">
        <ele>333.0</ele>
      </trkpt>
      <trkpt lat="45.795094" lon="10.77808">
        <ele>336.0</ele>
      </trkpt>
      <trkpt lat="45.795006" lon="10.778008">
        <ele>339.0</ele>
      </trkpt>
      <trkpt lat="45.794897" lon="10.777961">
        <ele>339.0</ele>
      </trkpt>
      <trkpt lat="45.794816" lon="10.777894">
        <ele>341.0</ele>
      </trkpt>
      <trkpt lat="45.794724" lon="10.777883">
        <ele>343.0</ele>
      </trkpt>
      <trkpt lat="45.79463" lon="10.777894">
        <ele>346.0</ele>
      </trkpt>
      <trkpt lat="45.794538" lon="10.777891">
        <ele>347.0</ele>
      </trkpt>
      <trkpt lat="45.794449" lon="10.777941">
        <ele>349.0</ele>
      </trkpt>
      <trkpt lat="45.794338" lon="10.777943">
        <ele>351.0</ele>
      </trkpt>
      <trkpt lat="45.794242" lon="10.777967">
        <ele>353.0</ele>
      </trkpt>
      <trkpt lat="45.794143" lon="10.77796">
        <ele>354.0</ele>
      </trkpt>
      <trkpt lat="45.794043" lon="10.778006">
        <ele>355.0</ele>
      </trkpt>
      <trkpt lat="45.793926" lon="10.778048">
        <ele>356.0</ele>
      </trkpt>
      <trkpt lat="45.79376" lon="10.778018">
        <ele>356.0</ele>
      </trkpt>
      <trkpt lat="45.793652" lon="10.777946">
        <ele>357.0</ele>
      </trkpt>
      <trkpt lat="45.79354" lon="10.777873">
        <ele>359.0</ele>
      </trkpt>
      <trkpt lat="45.793449" lon="10.777817">
        <ele>360.0</ele>
      </trkpt>
      <trkpt lat="45.793389" lon="10.777704">
        <ele>362.0</ele>
      </trkpt>
      <trkpt lat="45.793323" lon="10.777599">
        <ele>363.0</ele>
      </trkpt>
      <trkpt lat="45.793282" lon="10.777483">
        <ele>365.0</ele>
      </trkpt>
      <trkpt lat="45.793232" lon="10.77737">
        <ele>367.0</ele>
      </trkpt>
      <trkpt lat="45.793153" lon="10.777277">
        <ele>368.0</ele>
      </trkpt>
      <trkpt lat="45.793104" lon="10.777164">
        <ele>368.0</ele>
      </trkpt>
      <trkpt lat="45.793061" lon="10.777041">
        <ele>369.0</ele>
      </trkpt>
      <trkpt lat="45.793024" lon="10.776919">
        <ele>369.0</ele>
      </trkpt>
      <trkpt lat="45.793002" lon="10.776774">
        <ele>369.0</ele>
      </trkpt>
      <trkpt lat="45.79304" lon="10.776647">
        <ele>370.0</ele>
      </trkpt>
      <trkpt lat="45.793082" lon="10.776522">
        <ele>369.0</ele>
      </trkpt>
      <trkpt lat="45.793131" lon="10.776393">
        <ele>370.0</ele>
      </trkpt>
      <trkpt lat="45.793213" lon="10.776296">
        <ele>371.0</ele>
      </trkpt>
      <trkpt lat="45.793268" lon="10.77619">
        <ele>372.0</ele>
      </trkpt>
      <trkpt lat="45.793271" lon="10.776059">
        <ele>374.0</ele>
      </trkpt>
      <trkpt lat="45.793249" lon="10.775917">
        <ele>375.0</ele>
      </trkpt>
      <trkpt lat="45.7932" lon="10.775797">
        <ele>378.0</ele>
      </trkpt>
      <trkpt lat="45.793128" lon="10.775698">
        <ele>380.0</ele>
      </trkpt>
      <trkpt lat="45.793017" lon="10.775635">
        <ele>381.0</ele>
      </trkpt>
      <trkpt lat="45.792926" lon="10.775585">
        <ele>383.0</ele>
      </trkpt>
      <trkpt lat="45.792836" lon="10.775589">
        <ele>384.0</ele>
      </trkpt>
      <trkpt lat="45.792754" lon="10.775511">
        <ele>385.0</ele>
      </trkpt>
      <trkpt lat="45.79267" lon="10.775446">
        <ele>386.0</ele>
      </trkpt>
      <trkpt lat="45.79258" lon="10.775339">
        <ele>387.0</ele>
      </trkpt>
      <trkpt lat="45.7925" lon="10.775251">
        <ele>390.0</ele>
      </trkpt>
      <trkpt lat="45.792411" lon="10.775199">
        <ele>392.0</ele>
      </trkpt>
      <trkpt lat="45.792314" lon="10.775179">
        <ele>395.0</ele>
      </trkpt>
      <trkpt lat="45.792228" lon="10.775138">
        <ele>397.0</ele>
      </trkpt>
      <trkpt lat="45.792144" lon="10.77509">
        <ele>400.0</ele>
      </trkpt>
      <trkpt lat="45.792054" lon="10.775041">
        <ele>403.0</ele>
      </trkpt>
      <trkpt lat="45.791975" lon="10.774979">
        <ele>404.0</ele>
      </trkpt>
      <trkpt lat="45.791881" lon="10.774918">
        <ele>405.0</ele>
      </trkpt>
      <trkpt lat="45.791784" lon="10.774922">
        <ele>407.0</ele>
      </trkpt>
      <trkpt lat="45.791668" lon="10.77494">
        <ele>409.0</ele>
      </trkpt>
      <trkpt lat="45.791597" lon="10.774848">
        <ele>410.0</ele>
      </trkpt>
      <trkpt lat="45.791512" lon="10.774764">
        <ele>413.0</ele>
      </trkpt>
      <trkpt lat="45.791455" lon="10.774646">
        <ele>415.0</ele>
      </trkpt>
      <trkpt lat="45.791409" lon="10.774526">
        <ele>416.0</ele>
      </trkpt>
      <trkpt lat="45.791387" lon="10.774388">
        <ele>418.0</ele>
      </trkpt>
      <trkpt lat="45.79134" lon="10.774273">
        <ele>418.0</ele>
      </trkpt>
      <trkpt lat="45.791262" lon="10.7742">
        <ele>419.0</ele>
      </trkpt>
      <trkpt lat="45.791179" lon="10.77413">
        <ele>420.0</ele>
      </trkpt>
      <trkpt lat="45.791103" lon="10.774002">
        <ele>420.0</ele>
      </trkpt>
      <trkpt lat="45.791007" lon="10.773966">
        <ele>421.0</ele>
      </trkpt>
      <trkpt lat="45.790913" lon="10.773939">
        <ele>422.0</ele>
      </trkpt>
      <trkpt lat="45.790821" lon="10.773944">
        <ele>423.0</ele>
      </trkpt>
      <trkpt lat="45.790733" lon="10.773997">
        <ele>424.0</ele>
      </trkpt>
      <trkpt lat="45.790633" lon="10.77406">
        <ele>425.0</ele>
      </trkpt>
      <trkpt lat="45.790552" lon="10.774134">
        <ele>426.0</ele>
      </trkpt>
      <trkpt lat="45.790472" lon="10.774228">
        <ele>427.0</ele>
      </trkpt>
      <trkpt lat="45.790379" lon="10.774254">
        <ele>428.0</ele>
      </trkpt>
      <trkpt lat="45.790281" lon="10.774264">
        <ele>430.0</ele>
      </trkpt>
      <trkpt lat="45.790191" lon="10.774241">
        <ele>431.0</ele>
      </trkpt>
      <trkpt lat="45.79009" lon="10.774232">
        <ele>433.0</ele>
      </trkpt>
      <trkpt lat="45.790038" lon="10.774127">
        <ele>439.0</ele>
      </trkpt>
      <trkpt lat="45.790071" lon="10.773997">
        <ele>438.0</ele>
      </trkpt>
      <trkpt lat="45.790167" lon="10.773956">
        <ele>436.0</ele>
      </trkpt>
      <trkpt lat="45.790258" lon="10.77386">
        <ele>435.0</ele>
      </trkpt>
      <trkpt lat="45.790377" lon="10.773801">
        <ele>435.0</ele>
      </trkpt>
      <trkpt lat="45.790468" lon="10.773778">
        <ele>436.0</ele>
      </trkpt>
      <trkpt lat="45.79054" lon="10.773677">
        <ele>437.0</ele>
      </trkpt>
      <trkpt lat="45.790621" lon="10.773601">
        <ele>437.0</ele>
      </trkpt>
      <trkpt lat="45.790628" lon="10.773456">
        <ele>438.0</ele>
      </trkpt>
      <trkpt lat="45.790536" lon="10.773418">
        <ele>439.0</ele>
      </trkpt>
      <trkpt lat="45.790436" lon="10.773392">
        <ele>440.0</ele>
      </trkpt>
      <trkpt lat="45.790335" lon="10.773414">
        <ele>441.0</ele>
      </trkpt>
      <trkpt lat="45.790253" lon="10.773324">
        <ele>443.0</ele>
      </trkpt>
      <trkpt lat="45.790144" lon="10.773317">
        <ele>444.0</ele>
      </trkpt>
      <trkpt lat="45.790041" lon="10.773346">
        <ele>445.0</ele>
      </trkpt>
      <trkpt lat="45.789933" lon="10.77336">
        <ele>447.0</ele>
      </trkpt>
      <trkpt lat="45.789843" lon="10.773432">
        <ele>449.0</ele>
      </trkpt>
      <trkpt lat="45.789751" lon="10.773451">
        <ele>450.0</ele>
      </trkpt>
      <trkpt lat="45.789657" lon="10.773462">
        <ele>453.0</ele>
      </trkpt>
      <trkpt lat="45.789552" lon="10.77347">
        <ele>455.0</ele>
      </trkpt>
      <trkpt lat="45.78946" lon="10.773519">
        <ele>457.0</ele>
      </trkpt>
      <trkpt lat="45.78935" lon="10.77357">
        <ele>460.0</ele>
      </trkpt>
      <trkpt lat="45.789253" lon="10.773536">
        <ele>463.0</ele>
      </trkpt>
      <trkpt lat="45.789155" lon="10.773518">
        <ele>463.0</ele>
      </trkpt>
      <trkpt lat="45.78906" lon="10.773494">
        <ele>463.0</ele>
      </trkpt>
      <trkpt lat="45.788966" lon="10.773459">
        <ele>464.0</ele>
      </trkpt>
      <trkpt lat="45.788875" lon="10.773419">
        <ele>465.0</ele>
      </trkpt>
      <trkpt lat="45.788778" lon="10.773355">
        <ele>466.0</ele>
      </trkpt>
      <trkpt lat="45.788686" lon="10.77331">
        <ele>469.0</ele>
      </trkpt>
      <trkpt lat="45.788604" lon="10.773235">
        <ele>470.0</ele>
      </trkpt>
      <trkpt lat="45.788505" lon="10.773206">
        <ele>473.0</ele>
      </trkpt>
      <trkpt lat="45.788414" lon="10.773154">
        <ele>475.0</ele>
      </trkpt>
      <trkpt lat="45.788318" lon="10.773131">
        <ele>476.0</ele>
      </trkpt>
      <trkpt lat="45.788212" lon="10.773055">
        <ele>476.0</ele>
      </trkpt>
      <trkpt lat="45.788104" lon="10.773034">
        <ele>477.0</ele>
      </trkpt>
      <trkpt lat="45.788017" lon="10.773001">
        <ele>480.0</ele>
      </trkpt>
      <trkpt lat="45.787928" lon="10.772976">
        <ele>482.0</ele>
      </trkpt>
      <trkpt lat="45.787833" lon="10.772992">
        <ele>484.0</ele>
      </trkpt>
      <trkpt lat="45.787739" lon="10.772973">
        <ele>485.0</ele>
      </trkpt>
      <trkpt lat="45.787661" lon="10.773051">
        <ele>486.0</ele>
      </trkpt>
      <trkpt lat="45.78758" lon="10.773133">
        <ele>485.0</ele>
      </trkpt>
      <trkpt lat="45.787486" lon="10.773159">
        <ele>485.0</ele>
      </trkpt>
      <trkpt lat="45.787391" lon="10.773121">
        <ele>483.0</ele>
      </trkpt>
      <trkpt lat="45.7873" lon="10.773077">
        <ele>485.0</ele>
      </trkpt>
      <trkpt lat="45.787235" lon="10.772975">
        <ele>486.0</ele>
      </trkpt>
      <trkpt lat="45.787144" lon="10.772941">
        <ele>487.0</ele>
      </trkpt>
      <trkpt lat="45.787057" lon="10.773004">
        <ele>487.0</ele>
      </trkpt>
      <trkpt lat="45.786965" lon="10.773026">
        <ele>487.0</ele>
      </trkpt>
      <trkpt lat="45.786867" lon="10.773032">
        <ele>487.0</ele>
      </trkpt>
      <trkpt lat="45.786768" lon="10.773012">
        <ele>487.0</ele>
      </trkpt>
      <trkpt lat="45.786677" lon="10.772996">
        <ele>488.0</ele>
      </trkpt>
      <trkpt lat="45.786574" lon="10.772982">
        <ele>489.0</ele>
      </trkpt>
      <trkpt lat="45.786487" lon="10.772948">
        <ele>490.0</ele>
      </trkpt>
      <trkpt lat="45.786457" lon="10.772826">
        <ele>489.0</ele>
      </trkpt>
      <trkpt lat="45.786405" lon="10.772712">
        <ele>488.0</ele>
      </trkpt>
      <trkpt lat="45.786389" lon="10.772566">
        <ele>488.0</ele>
      </trkpt>
      <trkpt lat="45.78641" lon="10.77242">
        <ele>488.0</ele>
      </trkpt>
      <trkpt lat="45.78639" lon="10.772273">
        <ele>489.0</ele>
      </trkpt>
      <trkpt lat="45.786345" lon="10.772162">
        <ele>489.0</ele>
      </trkpt>
      <trkpt lat="45.78628" lon="10.772051">
        <ele>490.0</ele>
      </trkpt>
      <trkpt lat="45.786198" lon="10.771976">
        <ele>491.0</ele>
      </trkpt>
      <trkpt lat="45.786121" lon="10.771886">
        <ele>492.0</ele>
      </trkpt>
      <trkpt lat="45.786069" lon="10.771771">
        <ele>493.0</ele>
      </trkpt>
      <trkpt lat="45.785987" lon="10.771701">
        <ele>495.0</ele>
      </trkpt>
      <trkpt lat="45.785902" lon="10.771637">
        <ele>497.0</ele>
      </trkpt>
      <trkpt lat="45.785827" lon="10.771562">
        <ele>498.0</ele>
      </trkpt>
      <trkpt lat="45.785733" lon="10.771486">
        <ele>499.0</ele>
      </trkpt>
      <trkpt lat="45.785636" lon="10.771461">
        <ele>500.0</ele>
      </trkpt>
      <trkpt lat="45.785548" lon="10.771419">
        <ele>500.0</ele>
      </trkpt>
      <trkpt lat="45.785432" lon="10.771334">
        <ele>502.0</ele>
      </trkpt>
      <trkpt lat="45.785314" lon="10.771311">
        <ele>503.0</ele>
      </trkpt>
      <trkpt lat="45.785226" lon="10.771219">
        <ele>504.0</ele>
      </trkpt>
      <trkpt lat="45.785144" lon="10.77115">
        <ele>505.0</ele>
      </trkpt>
      <trkpt lat="45.785061" lon="10.771079">
        <ele>507.0</ele>
      </trkpt>
      <trkpt lat="45.785002" lon="10.770974">
        <ele>509.0</ele>
      </trkpt>
      <trkpt lat="45.784922" lon="10.770908">
        <ele>510.0</ele>
      </trkpt>
      <trkpt lat="45.784822" lon="10.770888">
        <ele>512.0</ele>
      </trkpt>
      <trkpt lat="45.784741" lon="10.770823">
        <ele>513.0</ele>
      </trkpt>
      <trkpt lat="45.784642" lon="10.770795">
        <ele>515.0</ele>
      </trkpt>
      <trkpt lat="45.784544" lon="10.77082">
        <ele>517.0</ele>
      </trkpt>
      <trkpt lat="45.784441" lon="10.770817">
        <ele>518.0</ele>
      </trkpt>
      <trkpt lat="45.784348" lon="10.770781">
        <ele>520.0</ele>
      </trkpt>
      <trkpt lat="45.784254" lon="10.7708">
        <ele>522.0</ele>
      </trkpt>
      <trkpt lat="45.784152" lon="10.770741">
        <ele>523.0</ele>
      </trkpt>
      <trkpt lat="45.784064" lon="10.770713">
        <ele>524.0</ele>
      </trkpt>
      <trkpt lat="45.783971" lon="10.770709">
        <ele>525.0</ele>
      </trkpt>
      <trkpt lat="45.783882" lon="10.770649">
        <ele>525.0</ele>
      </trkpt>
      <trkpt lat="45.783792" lon="10.770591">
        <ele>526.0</ele>
      </trkpt>
      <trkpt lat="45.78369" lon="10.770562">
        <ele>527.0</ele>
      </trkpt>
      <trkpt lat="45.783595" lon="10.770521">
        <ele>528.0</ele>
      </trkpt>
      <trkpt lat="45.783522" lon="10.770434">
        <ele>529.0</ele>
      </trkpt>
      <trkpt lat="45.783472" lon="10.770325">
        <ele>529.0</ele>
      </trkpt>
      <trkpt lat="45.783422" lon="10.770203">
        <ele>530.0</ele>
      </trkpt>
      <trkpt lat="45.783381" lon="10.770084">
        <ele>531.0</ele>
      </trkpt>
      <trkpt lat="45.783341" lon="10.769957">
        <ele>532.0</ele>
      </trkpt>
      <trkpt lat="45.783287" lon="10.769829">
        <ele>533.0</ele>
      </trkpt>
      <trkpt lat="45.783212" lon="10.769735">
        <ele>534.0</ele>
      </trkpt>
      <trkpt lat="45.783124" lon="10.769673">
        <ele>535.0</ele>
      </trkpt>
      <trkpt lat="45.783036" lon="10.769621">
        <ele>536.0</ele>
      </trkpt>
      <trkpt lat="45.78294" lon="10.769593">
        <ele>537.0</ele>
      </trkpt>
      <trkpt lat="45.782839" lon="10.769536">
        <ele>538.0</ele>
      </trkpt>
      <trkpt lat="45.782741" lon="10.769553">
        <ele>540.0</ele>
      </trkpt>
      <trkpt lat="45.782638" lon="10.769583">
        <ele>541.0</ele>
      </trkpt>
      <trkpt lat="45.782532" lon="10.76959">
        <ele>542.0</ele>
      </trkpt>
      <trkpt lat="45.782435" lon="10.769636">
        <ele>544.0</ele>
      </trkpt>
      <trkpt lat="45.78236" lon="10.769729">
        <ele>545.0</ele>
      </trkpt>
      <trkpt lat="45.782288" lon="10.769809">
        <ele>546.0</ele>
      </trkpt>
      <trkpt lat="45.782192" lon="10.769805">
        <ele>547.0</ele>
      </trkpt>
      <trkpt lat="45.782067" lon="10.769759">
        <ele>549.0</ele>
      </trkpt>
      <trkpt lat="45.781961" lon="10.769735">
        <ele>550.0</ele>
      </trkpt>
      <trkpt lat="45.781864" lon="10.769862">
        <ele>552.0</ele>
      </trkpt>
      <trkpt lat="45.781769" lon="10.7699">
        <ele>552.0</ele>
      </trkpt>
      <trkpt lat="45.781672" lon="10.769866">
        <ele>553.0</ele>
      </trkpt>
      <trkpt lat="45.781579" lon="10.769819">
        <ele>553.0</ele>
      </trkpt>
      <trkpt lat="45.781496" lon="10.769729">
        <ele>553.0</ele>
      </trkpt>
      <trkpt lat="45.781429" lon="10.769643">
        <ele>554.0</ele>
      </trkpt>
      <trkpt lat="45.781346" lon="10.769551">
        <ele>554.0</ele>
      </trkpt>
      <trkpt lat="45.781252" lon="10.769482">
        <ele>555.0</ele>
      </trkpt>
      <trkpt lat="45.781168" lon="10.769416">
        <ele>555.0</ele>
      </trkpt>
      <trkpt lat="45.781127" lon="10.769326">
        <ele>551.0</ele>
      </trkpt>
      <trkpt lat="45.781101" lon="10.769178">
        <ele>550.0</ele>
      </trkpt>
      <trkpt lat="45.781119" lon="10.769036">
        <ele>550.0</ele>
      </trkpt>
      <trkpt lat="45.781144" lon="10.76891">
        <ele>549.0</ele>
      </trkpt>
      <trkpt lat="45.781168" lon="10.768768">
        <ele>549.0</ele>
      </trkpt>
      <trkpt lat="45.781167" lon="10.76863">
        <ele>549.0</ele>
      </trkpt>
      <trkpt lat="45.781149" lon="10.768492">
        <ele>549.0</ele>
      </trkpt>
      <trkpt lat="45.781099" lon="10.768367">
        <ele>549.0</ele>
      </trkpt>
      <trkpt lat="45.781054" lon="10.76825">
        <ele>549.0</ele>
      </trkpt>
      <trkpt lat="45.780986" lon="10.768139">
        <ele>548.0</ele>
      </trkpt>
      <trkpt lat="45.780923" lon="10.768036">
        <ele>546.0</ele>
      </trkpt>
      <trkpt lat="45.780863" lon="10.767916">
        <ele>546.0</ele>
      </trkpt>
      <trkpt lat="45.780777" lon="10.767839">
        <ele>545.0</ele>
      </trkpt>
      <trkpt lat="45.780718" lon="10.767735">
        <ele>545.0</ele>
      </trkpt>
      <trkpt lat="45.780674" lon="10.767591">
        <ele>545.0</ele>
      </trkpt>
      <trkpt lat="45.780614" lon="10.767506">
        <ele>544.0</ele>
      </trkpt>
      <trkpt lat="45.780552" lon="10.767424">
        <ele>544.0</ele>
      </trkpt>
      <trkpt lat="45.780496" lon="10.7673">
        <ele>543.0</ele>
      </trkpt>
      <trkpt lat="45.780433" lon="10.767206">
        <ele>542.0</ele>
      </trkpt>
      <trkpt lat="45.780364" lon="10.767121">
        <ele>541.0</ele>
      </trkpt>
      <trkpt lat="45.780281" lon="10.76705">
        <ele>540.0</ele>
      </trkpt>
      <trkpt lat="45.780199" lon="10.766988">
        <ele>539.0</ele>
      </trkpt>
      <trkpt lat="45.780109" lon="10.766921">
        <ele>536.0</ele>
      </trkpt>
      <trkpt lat="45.780044" lon="10.766814">
        <ele>534.0</ele>
      </trkpt>
      <trkpt lat="45.77999" lon="10.766694">
        <ele>533.0</ele>
      </trkpt>
      <trkpt lat="45.779942" lon="10.766569">
        <ele>532.0</ele>
      </trkpt>
      <trkpt lat="45.779898" lon="10.766441">
        <ele>530.0</ele>
      </trkpt>
      <trkpt lat="45.779826" lon="10.766304">
        <ele>529.0</ele>
      </trkpt>
      <trkpt lat="45.779766" lon="10.766176">
        <ele>528.0</ele>
      </trkpt>
      <trkpt lat="45.779713" lon="10.766055">
        <ele>527.0</ele>
      </trkpt>
      <trkpt lat="45.779675" lon="10.765932">
        <ele>527.0</ele>
      </trkpt>
      <trkpt lat="45.779646" lon="10.765771">
        <ele>526.0</ele>
      </trkpt>
      <trkpt lat="45.779643" lon="10.765635">
        <ele>523.0</ele>
      </trkpt>
      <trkpt lat="45.779649" lon="10.7655">
        <ele>521.0</ele>
      </trkpt>
      <trkpt lat="45.779658" lon="10.765371">
        <ele>520.0</ele>
      </trkpt>
      <trkpt lat="45.779638" lon="10.765234">
        <ele>519.0</ele>
      </trkpt>
      <trkpt lat="45.779635" lon="10.765102">
        <ele>518.0</ele>
      </trkpt>
      <trkpt lat="45.779598" lon="10.764965">
        <ele>517.0</ele>
      </trkpt>
      <trkpt lat="45.779547" lon="10.764847">
        <ele>516.0</ele>
      </trkpt>
      <trkpt lat="45.779481" lon="10.764751">
        <ele>514.0</ele>
      </trkpt>
      <trkpt lat="45.77946" lon="10.76461">
        <ele>510.0</ele>
      </trkpt>
      <trkpt lat="45.77945" lon="10.764477">
        <ele>510.0</ele>
      </trkpt>
      <trkpt lat="45.779423" lon="10.764328">
        <ele>509.0</ele>
      </trkpt>
      <trkpt lat="45.779391" lon="10.764196">
        <ele>508.0</ele>
      </trkpt>
      <trkpt lat="45.779363" lon="10.764065">
        <ele>508.0</ele>
      </trkpt>
      <trkpt lat="45.779333" lon="10.763924">
        <ele>506.0</ele>
      </trkpt>
      <trkpt lat="45.779304" lon="10.763793">
        <ele>505.0</ele>
      </trkpt>
      <trkpt lat="45.77926" lon="10.763666">
        <ele>504.0</ele>
      </trkpt>
      <trkpt lat="45.779203" lon="10.763567">
        <ele>503.0</ele>
      </trkpt>
      <trkpt lat="45.779135" lon="10.763473">
        <ele>501.0</ele>
      </trkpt>
      <trkpt lat="45.779084" lon="10.76334">
        <ele>500.0</ele>
      </trkpt>
      <trkpt lat="45.779025" lon="10.763242">
        <ele>499.0</ele>
      </trkpt>
      <trkpt lat="45.77896" lon="10.763147">
        <ele>498.0</ele>
      </trkpt>
      <trkpt lat="45.77887" lon="10.763107">
        <ele>497.0</ele>
      </trkpt>
      <trkpt lat="45.778769" lon="10.763101">
        <ele>496.0</ele>
      </trkpt>
      <trkpt lat="45.778662" lon="10.763099">
        <ele>495.0</ele>
      </trkpt>
      <trkpt lat="45.778559" lon="10.763078">
        <ele>495.0</ele>
      </trkpt>
      <trkpt lat="45.778459" lon="10.763039">
        <ele>494.0</ele>
      </trkpt>
      <trkpt lat="45.778364" lon="10.763002">
        <ele>493.0</ele>
      </trkpt>
      <trkpt lat="45.778272" lon="10.762979">
        <ele>492.0</ele>
      </trkpt>
      <trkpt lat="45.778178" lon="10.762943">
        <ele>491.0</ele>
      </trkpt>
      <trkpt lat="45.778071" lon="10.762917">
        <ele>490.0</ele>
      </trkpt>
      <trkpt lat="45.77798" lon="10.762959">
        <ele>489.0</ele>
      </trkpt>
      <trkpt lat="45.777882" lon="10.762987">
        <ele>488.0</ele>
      </trkpt>
      <trkpt lat="45.777783" lon="10.763019">
        <ele>487.0</ele>
      </trkpt>
      <trkpt lat="45.77769" lon="10.763042">
        <ele>485.0</ele>
      </trkpt>
      <trkpt lat="45.7776" lon="10.763063">
        <ele>484.0</ele>
      </trkpt>
      <trkpt lat="45.777509" lon="10.763114">
        <ele>483.0</ele>
      </trkpt>
      <trkpt lat="45.777408" lon="10.7631">
        <ele>481.0</ele>
      </trkpt>
      <trkpt lat="45.777305" lon="10.763057">
        <ele>467.0</ele>
      </trkpt>
      <trkpt lat="45.777346" lon="10.762926">
        <ele>467.0</ele>
      </trkpt>
      <trkpt lat="45.777437" lon="10.762866">
        <ele>467.0</ele>
      </trkpt>
      <trkpt lat="45.777517" lon="10.7628">
        <ele>468.0</ele>
      </trkpt>
      <trkpt lat="45.777604" lon="10.762751">
        <ele>468.0</ele>
      </trkpt>
      <trkpt lat="45.77769" lon="10.762663">
        <ele>469.0</ele>
      </trkpt>
      <trkpt lat="45.77776" lon="10.762564">
        <ele>469.0</ele>
      </trkpt>
      <trkpt lat="45.777852" lon="10.762491">
        <ele>468.0</ele>
      </trkpt>
      <trkpt lat="45.777947" lon="10.762441">
        <ele>468.0</ele>
      </trkpt>
      <trkpt lat="45.778018" lon="10.762362">
        <ele>467.0</ele>
      </trkpt>
      <trkpt lat="45.778124" lon="10.762343">
        <ele>466.0</ele>
      </trkpt>
      <trkpt lat="45.778216" lon="10.762306">
        <ele>465.0</ele>
      </trkpt>
      <trkpt lat="45.778308" lon="10.762239">
        <ele>464.0</ele>
      </trkpt>
      <trkpt lat="45.7784" lon="10.762215">
        <ele>463.0</ele>
      </trkpt>
      <trkpt lat="45.778481" lon="10.762159">
        <ele>462.0</ele>
      </trkpt>
      <trkpt lat="45.778567" lon="10.762074">
        <ele>461.0</ele>
      </trkpt>
      <trkpt lat="45.778649" lon="10.761998">
        <ele>460.0</ele>
      </trkpt>
      <trkpt lat="45.778709" lon="10.761888">
        <ele>459.0</ele>
      </trkpt>
      <trkpt lat="45.778779" lon="10.76179">
        <ele>457.0</ele>
      </trkpt>
      <trkpt lat="45.778857" lon="10.761715">
        <ele>456.0</ele>
      </trkpt>
      <trkpt lat="45.778899" lon="10.761596">
        <ele>454.0</ele>
      </trkpt>
      <trkpt lat="45.778988" lon="10.761515">
        <ele>453.0</ele>
      </trkpt>
      <trkpt lat="45.779079" lon="10.761461">
        <ele>452.0</ele>
      </trkpt>
      <trkpt lat="45.779166" lon="10.761363">
        <ele>451.0</ele>
      </trkpt>
      <trkpt lat="45.779241" lon="10.761289">
        <ele>451.0</ele>
      </trkpt>
      <trkpt lat="45.779305" lon="10.761179">
        <ele>450.0</ele>
      </trkpt>
      <trkpt lat="45.779341" lon="10.761056">
        <ele>449.0</ele>
      </trkpt>
      <trkpt lat="45.779397" lon="10.760945">
        <ele>448.0</ele>
      </trkpt>
      <trkpt lat="45.779477" lon="10.760861">
        <ele>446.0</ele>
      </trkpt>
      <trkpt lat="45.779524" lon="10.760745">
        <ele>445.0</ele>
      </trkpt>
      <trkpt lat="45.779584" lon="10.760644">
        <ele>443.0</ele>
      </trkpt>
      <trkpt lat="45.779687" lon="10.760553">
        <ele>442.0</ele>
      </trkpt>
      <trkpt lat="45.779776" lon="10.760485">
        <ele>441.0</ele>
      </trkpt>
      <trkpt lat="45.779857" lon="10.76039">
        <ele>439.0</ele>
      </trkpt>
      <trkpt lat="45.779934" lon="10.76031">
        <ele>438.0</ele>
      </trkpt>
      <trkpt lat="45.78001" lon="10.76022">
        <ele>436.0</ele>
      </trkpt>
      <trkpt lat="45.780112" lon="10.760166">
        <ele>435.0</ele>
      </trkpt>
      <trkpt lat="45.780194" lon="10.760096">
        <ele>433.0</ele>
      </trkpt>
      <trkpt lat="45.780278" lon="10.760023">
        <ele>432.0</ele>
      </trkpt>
      <trkpt lat="45.780359" lon="10.759952">
        <ele>431.0</ele>
      </trkpt>
      <trkpt lat="45.780442" lon="10.75989">
        <ele>430.0</ele>
      </trkpt>
      <trkpt lat="45.780533" lon="10.75983">
        <ele>429.0</ele>
      </trkpt>
      <trkpt lat="45.780616" lon="10.75976">
        <ele>428.0</ele>
      </trkpt>
      <trkpt lat="45.780673" lon="10.759644">
        <ele>427.0</ele>
      </trkpt>
      <trkpt lat="45.780749" lon="10.759546">
        <ele>426.0</ele>
      </trkpt>
      <trkpt lat="45.78082" lon="10.759461">
        <ele>423.0</ele>
      </trkpt>
      <trkpt lat="45.780849" lon="10.759335">
        <ele>420.0</ele>
      </trkpt>
      <trkpt lat="45.780894" lon="10.759221">
        <ele>419.0</ele>
      </trkpt>
      <trkpt lat="45.780928" lon="10.759097">
        <ele>418.0</ele>
      </trkpt>
      <trkpt lat="45.780965" lon="10.758939">
        <ele>418.0</ele>
      </trkpt>
      <trkpt lat="45.781039" lon="10.758837">
        <ele>418.0</ele>
      </trkpt>
      <trkpt lat="45.781107" lon="10.758734">
        <ele>418.0</ele>
      </trkpt>
      <trkpt lat="45.781178" lon="10.758624">
        <ele>416.0</ele>
      </trkpt>
      <trkpt lat="45.781273" lon="10.758513">
        <ele>414.0</ele>
      </trkpt>
      <trkpt lat="45.781338" lon="10.758392">
        <ele>413.0</ele>
      </trkpt>
      <trkpt lat="45.781428" lon="10.758327">
        <ele>414.0</ele>
      </trkpt>
      <trkpt lat="45.781545" lon="10.758332">
        <ele>414.0</ele>
      </trkpt>
      <trkpt lat="45.781591" lon="10.75821">
        <ele>414.0</ele>
      </trkpt>
      <trkpt lat="45.781597" lon="10.758061">
        <ele>413.0</ele>
      </trkpt>
      <trkpt lat="45.781635" lon="10.75794">
        <ele>413.0</ele>
      </trkpt>
      <trkpt lat="45.781719" lon="10.75783">
        <ele>412.0</ele>
      </trkpt>
      <trkpt lat="45.781796" lon="10.757746">
        <ele>411.0</ele>
      </trkpt>
      <trkpt lat="45.781877" lon="10.757658">
        <ele>411.0</ele>
      </trkpt>
      <trkpt lat="45.781944" lon="10.757555">
        <ele>412.0</ele>
      </trkpt>
      <trkpt lat="45.782013" lon="10.757471">
        <ele>412.0</ele>
      </trkpt>
      <trkpt lat="45.782079" lon="10.757378">
        <ele>413.0</ele>
      </trkpt>
      <trkpt lat="45.782148" lon="10.757294">
        <ele>413.0</ele>
      </trkpt>
      <trkpt lat="45.782239" lon="10.75724">
        <ele>413.0</ele>
      </trkpt>
      <trkpt lat="45.782327" lon="10.757176">
        <ele>412.0</ele>
      </trkpt>
      <trkpt lat="45.78237" lon="10.757056">
        <ele>411.0</ele>
      </trkpt>
      <trkpt lat="45.782361" lon="10.756926">
        <ele>411.0</ele>
      </trkpt>
      <trkpt lat="45.782376" lon="10.756798">
        <ele>411.0</ele>
      </trkpt>
      <trkpt lat="45.782435" lon="10.756674">
        <ele>411.0</ele>
      </trkpt>
      <trkpt lat="45.782466" lon="10.756551">
        <ele>411.0</ele>
      </trkpt>
      <trkpt lat="45.782507" lon="10.756434">
        <ele>410.0</ele>
      </trkpt>
      <trkpt lat="45.782503" lon="10.7563">
        <ele>409.0</ele>
      </trkpt>
      <trkpt lat="45.782521" lon="10.756144">
        <ele>409.0</ele>
      </trkpt>
      <trkpt lat="45.782556" lon="10.756024">
        <ele>408.0</ele>
      </trkpt>
      <trkpt lat="45.782604" lon="10.755913">
        <ele>408.0</ele>
      </trkpt>
      <trkpt lat="45.78265" lon="10.755786">
        <ele>407.0</ele>
      </trkpt>
      <trkpt lat="45.78268" lon="10.755658">
        <ele>406.0</ele>
      </trkpt>
      <trkpt lat="45.78271" lon="10.75553">
        <ele>406.0</ele>
      </trkpt>
      <trkpt lat="45.78271" lon="10.755395">
        <ele>406.0</ele>
      </trkpt>
      <trkpt lat="45.782685" lon="10.755248">
        <ele>404.0</ele>
      </trkpt>
      <trkpt lat="45.782643" lon="10.755109">
        <ele>403.0</ele>
      </trkpt>
      <trkpt lat="45.782612" lon="10.754981">
        <ele>403.0</ele>
      </trkpt>
      <trkpt lat="45.782585" lon="10.754853">
        <ele>403.0</ele>
      </trkpt>
      <trkpt lat="45.782491" lon="10.754888">
        <ele>402.0</ele>
      </trkpt>
      <trkpt lat="45.782431" lon="10.755048">
        <ele>402.0</ele>
      </trkpt>
      <trkpt lat="45.782332" lon="10.755081">
        <ele>404.0</ele>
      </trkpt>
      <trkpt lat="45.782244" lon="10.755116">
        <ele>405.0</ele>
      </trkpt>
      <trkpt lat="45.782154" lon="10.755197">
        <ele>409.0</ele>
      </trkpt>
      <trkpt lat="45.782057" lon="10.755218">
        <ele>410.0</ele>
      </trkpt>
      <trkpt lat="45.781944" lon="10.755243">
        <ele>411.0</ele>
      </trkpt>
      <trkpt lat="45.781878" lon="10.755331">
        <ele>411.0</ele>
      </trkpt>
      <trkpt lat="45.781808" lon="10.755415">
        <ele>412.0</ele>
      </trkpt>
      <trkpt lat="45.781741" lon="10.755523">
        <ele>413.0</ele>
      </trkpt>
      <trkpt lat="45.781645" lon="10.755533">
        <ele>416.0</ele>
      </trkpt>
      <trkpt lat="45.781579" lon="10.755622">
        <ele>419.0</ele>
      </trkpt>
      <trkpt lat="45.781518" lon="10.755718">
        <ele>421.0</ele>
      </trkpt>
      <trkpt lat="45.781466" lon="10.755823">
        <ele>422.0</ele>
      </trkpt>
      <trkpt lat="45.781367" lon="10.75587">
        <ele>422.0</ele>
      </trkpt>
      <trkpt lat="45.781282" lon="10.755942">
        <ele>423.0</ele>
      </trkpt>
      <trkpt lat="45.7812" lon="10.755995">
        <ele>425.0</ele>
      </trkpt>
      <trkpt lat="45.781081" lon="10.756064">
        <ele>426.0</ele>
      </trkpt>
      <trkpt lat="45.781022" lon="10.756182">
        <ele>426.0</ele>
      </trkpt>
      <trkpt lat="45.780934" lon="10.756259">
        <ele>427.0</ele>
      </trkpt>
      <trkpt lat="45.780855" lon="10.756337">
        <ele>428.0</ele>
      </trkpt>
      <trkpt lat="45.780747" lon="10.756412">
        <ele>429.0</ele>
      </trkpt>
      <trkpt lat="45.780653" lon="10.756465">
        <ele>429.0</ele>
      </trkpt>
      <trkpt lat="45.780556" lon="10.756436">
        <ele>432.0</ele>
      </trkpt>
      <trkpt lat="45.780462" lon="10.756499">
        <ele>433.0</ele>
      </trkpt>
      <trkpt lat="45.78036" lon="10.7566">
        <ele>434.0</ele>
      </trkpt>
      <trkpt lat="45.78028" lon="10.756676">
        <ele>435.0</ele>
      </trkpt>
      <trkpt lat="45.780189" lon="10.756701">
        <ele>437.0</ele>
      </trkpt>
      <trkpt lat="45.780089" lon="10.756769">
        <ele>442.0</ele>
      </trkpt>
      <trkpt lat="45.77999" lon="10.756819">
        <ele>442.0</ele>
      </trkpt>
      <trkpt lat="45.779899" lon="10.756877">
        <ele>443.0</ele>
      </trkpt>
      <trkpt lat="45.779815" lon="10.756953">
        <ele>443.0</ele>
      </trkpt>
      <trkpt lat="45.779739" lon="10.757031">
        <ele>444.0</ele>
      </trkpt>
      <trkpt lat="45.77964" lon="10.757059">
        <ele>444.0</ele>
      </trkpt>
      <trkpt lat="45.779569" lon="10.757137">
        <ele>445.0</ele>
      </trkpt>
      <trkpt lat="45.779477" lon="10.757166">
        <ele>446.0</ele>
      </trkpt>
      <trkpt lat="45.779381" lon="10.757138">
        <ele>446.0</ele>
      </trkpt>
      <trkpt lat="45.779287" lon="10.757108">
        <ele>446.0</ele>
      </trkpt>
      <trkpt lat="45.779196" lon="10.757054">
        <ele>446.0</ele>
      </trkpt>
      <trkpt lat="45.779108" lon="10.756989">
        <ele>446.0</ele>
      </trkpt>
      <trkpt lat="45.779019" lon="10.756919">
        <ele>446.0</ele>
      </trkpt>
      <trkpt lat="45.778949" lon="10.756837">
        <ele>445.0</ele>
      </trkpt>
      <trkpt lat="45.778883" lon="10.75674">
        <ele>445.0</ele>
      </trkpt>
      <trkpt lat="45.778794" lon="10.756689">
        <ele>444.0</ele>
      </trkpt>
      <trkpt lat="45.778704" lon="10.75662">
        <ele>444.0</ele>
      </trkpt>
      <trkpt lat="45.778629" lon="10.756541">
        <ele>444.0</ele>
      </trkpt>
      <trkpt lat="45.778565" lon="10.756439">
        <ele>444.0</ele>
      </trkpt>
      <trkpt lat="45.778547" lon="10.756294">
        <ele>444.0</ele>
      </trkpt>
      <trkpt lat="45.778473" lon="10.756193">
        <ele>443.0</ele>
      </trkpt>
      <trkpt lat="45.778373" lon="10.756209">
        <ele>442.0</ele>
      </trkpt>
      <trkpt lat="45.778275" lon="10.756204">
        <ele>442.0</ele>
      </trkpt>
      <trkpt lat="45.77819" lon="10.756153">
        <ele>441.0</ele>
      </trkpt>
      <trkpt lat="45.778122" lon="10.756067">
        <ele>442.0</ele>
      </trkpt>
      <trkpt lat="45.778052" lon="10.755982">
        <ele>441.0</ele>
      </trkpt>
      <trkpt lat="45.777969" lon="10.755924">
        <ele>441.0</ele>
      </trkpt>
      <trkpt lat="45.777895" lon="10.75583">
        <ele>440.0</ele>
      </trkpt>
      <trkpt lat="45.777827" lon="10.755731">
        <ele>439.0</ele>
      </trkpt>
      <trkpt lat="45.777745" lon="10.755671">
        <ele>439.0</ele>
      </trkpt>
      <trkpt lat="45.777684" lon="10.755571">
        <ele>438.0</ele>
      </trkpt>
      <trkpt lat="45.777614" lon="10.755461">
        <ele>437.0</ele>
      </trkpt>
      <trkpt lat="45.777532" lon="10.755396">
        <ele>436.0</ele>
      </trkpt>
      <trkpt lat="45.777449" lon="10.755344">
        <ele>436.0</ele>
      </trkpt>
      <trkpt lat="45.777346" lon="10.755231">
        <ele>436.0</ele>
      </trkpt>
      <trkpt lat="45.777285" lon="10.755131">
        <ele>437.0</ele>
      </trkpt>
      <trkpt lat="45.777323" lon="10.754973">
        <ele>437.0</ele>
      </trkpt>
      <trkpt lat="45.777315" lon="10.754844">
        <ele>438.0</ele>
      </trkpt>
      <trkpt lat="45.777305" lon="10.754714">
        <ele>438.0</ele>
      </trkpt>
      <trkpt lat="45.777268" lon="10.754596">
        <ele>439.0</ele>
      </trkpt>
      <trkpt lat="45.777227" lon="10.75448">
        <ele>439.0</ele>
      </trkpt>
      <trkpt lat="45.777176" lon="10.754359">
        <ele>440.0</ele>
      </trkpt>
      <trkpt lat="45.777188" lon="10.754225">
        <ele>440.0</ele>
      </trkpt>
      <trkpt lat="45.777137" lon="10.75411">
        <ele>443.0</ele>
      </trkpt>
      <trkpt lat="45.777094" lon="10.753997">
        <ele>444.0</ele>
      </trkpt>
      <trkpt lat="45.77705" lon="10.753854">
        <ele>451.0</ele>
      </trkpt>
      <trkpt lat="45.77701" lon="10.753733">
        <ele>452.0</ele>
      </trkpt>
      <trkpt lat="45.776962" lon="10.753608">
        <ele>453.0</ele>
      </trkpt>
      <trkpt lat="45.776881" lon="10.753495">
        <ele>458.0</ele>
      </trkpt>
      <trkpt lat="45.776896" lon="10.75363">
        <ele>461.0</ele>
      </trkpt>
      <trkpt lat="45.776863" lon="10.753752">
        <ele>461.0</ele>
      </trkpt>
      <trkpt lat="45.776845" lon="10.75391">
        <ele>461.0</ele>
      </trkpt>
      <trkpt lat="45.776818" lon="10.754042">
        <ele>461.0</ele>
      </trkpt>
      <trkpt lat="45.776771" lon="10.754205">
        <ele>461.0</ele>
      </trkpt>
      <trkpt lat="45.776707" lon="10.754333">
        <ele>462.0</ele>
      </trkpt>
      <trkpt lat="45.776631" lon="10.754457">
        <ele>463.0</ele>
      </trkpt>
      <trkpt lat="45.77653" lon="10.754559">
        <ele>464.0</ele>
      </trkpt>
      <trkpt lat="45.776445" lon="10.754618">
        <ele>465.0</ele>
      </trkpt>
      <trkpt lat="45.776344" lon="10.754716">
        <ele>465.0</ele>
      </trkpt>
      <trkpt lat="45.77628" lon="10.754815">
        <ele>468.0</ele>
      </trkpt>
      <trkpt lat="45.776199" lon="10.754883">
        <ele>468.0</ele>
      </trkpt>
      <trkpt lat="45.776102" lon="10.754936">
        <ele>468.0</ele>
      </trkpt>
      <trkpt lat="45.775988" lon="10.754978">
        <ele>468.0</ele>
      </trkpt>
      <trkpt lat="45.775945" lon="10.755097">
        <ele>469.0</ele>
      </trkpt>
      <trkpt lat="45.775852" lon="10.755114">
        <ele>470.0</ele>
      </trkpt>
      <trkpt lat="45.775762" lon="10.755091">
        <ele>470.0</ele>
      </trkpt>
      <trkpt lat="45.775665" lon="10.755074">
        <ele>471.0</ele>
      </trkpt>
      <trkpt lat="45.775575" lon="10.755026">
        <ele>471.0</ele>
      </trkpt>
      <trkpt lat="45.775477" lon="10.755004">
        <ele>470.0</ele>
      </trkpt>
      <trkpt lat="45.775393" lon="10.755068">
        <ele>470.0</ele>
      </trkpt>
      <trkpt lat="45.775355" lon="10.755198">
        <ele>471.0</ele>
      </trkpt>
      <trkpt lat="45.775284" lon="10.755286">
        <ele>472.0</ele>
      </trkpt>
      <trkpt lat="45.775288" lon="10.755416">
        <ele>473.0</ele>
      </trkpt>
      <trkpt lat="45.775266" lon="10.755556">
        <ele>473.0</ele>
      </trkpt>
      <trkpt lat="45.775189" lon="10.755648">
        <ele>473.0</ele>
      </trkpt>
      <trkpt lat="45.775101" lon="10.755678">
        <ele>473.0</ele>
      </trkpt>
      <trkpt lat="45.775008" lon="10.755697">
        <ele>474.0</ele>
      </trkpt>
      <trkpt lat="45.774914" lon="10.755686">
        <ele>474.0</ele>
      </trkpt>
      <trkpt lat="45.774824" lon="10.75572">
        <ele>474.0</ele>
      </trkpt>
      <trkpt lat="45.774787" lon="10.755839">
        <ele>475.0</ele>
      </trkpt>
      <trkpt lat="45.774771" lon="10.755983">
        <ele>475.0</ele>
      </trkpt>
      <trkpt lat="45.77477" lon="10.756133">
        <ele>475.0</ele>
      </trkpt>
      <trkpt lat="45.774737" lon="10.756253">
        <ele>476.0</ele>
      </trkpt>
      <trkpt lat="45.774742" lon="10.756385">
        <ele>475.0</ele>
      </trkpt>
      <trkpt lat="45.774696" lon="10.756495">
        <ele>475.0</ele>
      </trkpt>
      <trkpt lat="45.774625" lon="10.756583">
        <ele>475.0</ele>
      </trkpt>
      <trkpt lat="45.774579" lon="10.756724">
        <ele>476.0</ele>
      </trkpt>
      <trkpt lat="45.774541" lon="10.756866">
        <ele>476.0</ele>
      </trkpt>
      <trkpt lat="45.774495" lon="10.756989">
        <ele>476.0</ele>
      </trkpt>
      <trkpt lat="45.774421" lon="10.75709">
        <ele>477.0</ele>
      </trkpt>
      <trkpt lat="45.774349" lon="10.757174">
        <ele>477.0</ele>
      </trkpt>
      <trkpt lat="45.774263" lon="10.757242">
        <ele>477.0</ele>
      </trkpt>
      <trkpt lat="45.774196" lon="10.757356">
        <ele>477.0</ele>
      </trkpt>
      <trkpt lat="45.774129" lon="10.75745">
        <ele>477.0</ele>
      </trkpt>
      <trkpt lat="45.77406" lon="10.757535">
        <ele>478.0</ele>
      </trkpt>
      <trkpt lat="45.773998" lon="10.757635">
        <ele>478.0</ele>
      </trkpt>
      <trkpt lat="45.773915" lon="10.757728">
        <ele>478.0</ele>
      </trkpt>
      <trkpt lat="45.773838" lon="10.757821">
        <ele>478.0</ele>
      </trkpt>
      <trkpt lat="45.773763" lon="10.75791">
        <ele>478.0</ele>
      </trkpt>
      <trkpt lat="45.773696" lon="10.758004">
        <ele>478.0</ele>
      </trkpt>
      <trkpt lat="45.773616" lon="10.758095">
        <ele>478.0</ele>
      </trkpt>
      <trkpt lat="45.773545" lon="10.758183">
        <ele>478.0</ele>
      </trkpt>
      <trkpt lat="45.773488" lon="10.758292">
        <ele>478.0</ele>
      </trkpt>
      <trkpt lat="45.773436" lon="10.75844">
        <ele>478.0</ele>
      </trkpt>
      <trkpt lat="45.77342" lon="10.758581">
        <ele>477.0</ele>
      </trkpt>
      <trkpt lat="45.773397" lon="10.75873">
        <ele>477.0</ele>
      </trkpt>
      <trkpt lat="45.77335" lon="10.758848">
        <ele>472.0</ele>
      </trkpt>
      <trkpt lat="45.77326" lon="10.758931">
        <ele>472.0</ele>
      </trkpt>
      <trkpt lat="45.77317" lon="10.758973">
        <ele>472.0</ele>
      </trkpt>
      <trkpt lat="45.773073" lon="10.759018">
        <ele>472.0</ele>
      </trkpt>
      <trkpt lat="45.772978" lon="10.759046">
        <ele>472.0</ele>
      </trkpt>
      <trkpt lat="45.772883" lon="10.759069">
        <ele>471.0</ele>
      </trkpt>
      <trkpt lat="45.772786" lon="10.75908">
        <ele>471.0</ele>
      </trkpt>
      <trkpt lat="45.772693" lon="10.759103">
        <ele>470.0</ele>
      </trkpt>
      <trkpt lat="45.772593" lon="10.759116">
        <ele>470.0</ele>
      </trkpt>
      <trkpt lat="45.772503" lon="10.759095">
        <ele>470.0</ele>
      </trkpt>
      <trkpt lat="45.772402" lon="10.759082">
        <ele>469.0</ele>
      </trkpt>
      <trkpt lat="45.772305" lon="10.759062">
        <ele>469.0</ele>
      </trkpt>
      <trkpt lat="45.772208" lon="10.759046">
        <ele>469.0</ele>
      </trkpt>
      <trkpt lat="45.772113" lon="10.758989">
        <ele>468.0</ele>
      </trkpt>
      <trkpt lat="45.772022" lon="10.758984">
        <ele>467.0</ele>
      </trkpt>
      <trkpt lat="45.771923" lon="10.75896">
        <ele>467.0</ele>
      </trkpt>
      <trkpt lat="45.771827" lon="10.758959">
        <ele>467.0</ele>
      </trkpt>
      <trkpt lat="45.771737" lon="10.75898">
        <ele>468.0</ele>
      </trkpt>
      <trkpt lat="45.77164" lon="10.758986">
        <ele>468.0</ele>
      </trkpt>
      <trkpt lat="45.771546" lon="10.758981">
        <ele>468.0</ele>
      </trkpt>
      <trkpt lat="45.771451" lon="10.759">
        <ele>469.0</ele>
      </trkpt>
      <trkpt lat="45.771357" lon="10.758987">
        <ele>468.0</ele>
      </trkpt>
      <trkpt lat="45.77126" lon="10.758988">
        <ele>469.0</ele>
      </trkpt>
      <trkpt lat="45.77117" lon="10.759046">
        <ele>468.0</ele>
      </trkpt>
      <trkpt lat="45.771076" lon="10.75907">
        <ele>468.0</ele>
      </trkpt>
      <trkpt lat="45.770983" lon="10.759095">
        <ele>468.0</ele>
      </trkpt>
      <trkpt lat="45.770891" lon="10.759103">
        <ele>468.0</ele>
      </trkpt>
      <trkpt lat="45.770794" lon="10.75908">
        <ele>469.0</ele>
      </trkpt>
      <trkpt lat="45.770701" lon="10.759087">
        <ele>470.0</ele>
      </trkpt>
      <trkpt lat="45.770609" lon="10.759049">
        <ele>471.0</ele>
      </trkpt>
      <trkpt lat="45.770553" lon="10.758935">
        <ele>471.0</ele>
      </trkpt>
      <trkpt lat="45.770447" lon="10.758873">
        <ele>472.0</ele>
      </trkpt>
      <trkpt lat="45.770372" lon="10.758775">
        <ele>472.0</ele>
      </trkpt>
      <trkpt lat="45.770312" lon="10.758679">
        <ele>475.0</ele>
      </trkpt>
      <trkpt lat="45.770222" lon="10.758639">
        <ele>476.0</ele>
      </trkpt>
      <trkpt lat="45.770127" lon="10.758609">
        <ele>477.0</ele>
      </trkpt>
      <trkpt lat="45.770032" lon="10.758531">
        <ele>478.0</ele>
      </trkpt>
      <trkpt lat="45.769946" lon="10.758473">
        <ele>479.0</ele>
      </trkpt>
      <trkpt lat="45.76987" lon="10.758398">
        <ele>480.0</ele>
      </trkpt>
      <trkpt lat="45.769783" lon="10.758315">
        <ele>481.0</ele>
      </trkpt>
      <trkpt lat="45.769704" lon="10.758241">
        <ele>481.0</ele>
      </trkpt>
      <trkpt lat="45.769629" lon="10.758164">
        <ele>481.0</ele>
      </trkpt>
      <trkpt lat="45.769554" lon="10.758054">
        <ele>482.0</ele>
      </trkpt>
      <trkpt lat="45.769484" lon="10.75796">
        <ele>483.0</ele>
      </trkpt>
      <trkpt lat="45.769393" lon="10.757922">
        <ele>484.0</ele>
      </trkpt>
      <trkpt lat="45.7693" lon="10.75787">
        <ele>483.0</ele>
      </trkpt>
      <trkpt lat="45.769231" lon="10.757786">
        <ele>483.0</ele>
      </trkpt>
      <trkpt lat="45.769151" lon="10.757713">
        <ele>484.0</ele>
      </trkpt>
      <trkpt lat="45.769064" lon="10.757669">
        <ele>484.0</ele>
      </trkpt>
      <trkpt lat="45.768985" lon="10.757594">
        <ele>484.0</ele>
      </trkpt>
      <trkpt lat="45.768917" lon="10.75749">
        <ele>484.0</ele>
      </trkpt>
      <trkpt lat="45.768821" lon="10.757459">
        <ele>484.0</ele>
      </trkpt>
      <trkpt lat="45.768726" lon="10.757434">
        <ele>484.0</ele>
      </trkpt>
      <trkpt lat="45.768655" lon="10.757329">
        <ele>485.0</ele>
      </trkpt>
      <trkpt lat="45.768577" lon="10.757235">
        <ele>484.0</ele>
      </trkpt>
      <trkpt lat="45.768497" lon="10.757135">
        <ele>483.0</ele>
      </trkpt>
      <trkpt lat="45.768417" lon="10.75707">
        <ele>482.0</ele>
      </trkpt>
      <trkpt lat="45.768347" lon="10.756982">
        <ele>481.0</ele>
      </trkpt>
      <trkpt lat="45.768273" lon="10.756896">
        <ele>480.0</ele>
      </trkpt>
      <trkpt lat="45.768196" lon="10.756821">
        <ele>479.0</ele>
      </trkpt>
      <trkpt lat="45.768124" lon="10.756736">
        <ele>479.0</ele>
      </trkpt>
      <trkpt lat="45.768028" lon="10.756685">
        <ele>478.0</ele>
      </trkpt>
      <trkpt lat="45.767941" lon="10.756626">
        <ele>478.0</ele>
      </trkpt>
      <trkpt lat="45.767863" lon="10.756541">
        <ele>477.0</ele>
      </trkpt>
      <trkpt lat="45.767798" lon="10.756447">
        <ele>477.0</ele>
      </trkpt>
      <trkpt lat="45.767719" lon="10.75638">
        <ele>478.0</ele>
      </trkpt>
      <trkpt lat="45.767626" lon="10.75633">
        <ele>477.0</ele>
      </trkpt>
      <trkpt lat="45.767536" lon="10.756259">
        <ele>476.0</ele>
      </trkpt>
      <trkpt lat="45.767439" lon="10.756187">
        <ele>476.0</ele>
      </trkpt>
      <trkpt lat="45.767366" lon="10.756074">
        <ele>475.0</ele>
      </trkpt>
      <trkpt lat="45.76731" lon="10.755972">
        <ele>474.0</ele>
      </trkpt>
      <trkpt lat="45.767237" lon="10.755885">
        <ele>473.0</ele>
      </trkpt>
      <trkpt lat="45.767157" lon="10.755789">
        <ele>473.0</ele>
      </trkpt>
      <trkpt lat="45.767081" lon="10.75571">
        <ele>472.0</ele>
      </trkpt>
      <trkpt lat="45.767007" lon="10.755623">
        <ele>471.0</ele>
      </trkpt>
      <trkpt lat="45.766921" lon="10.755567">
        <ele>470.0</ele>
      </trkpt>
      <trkpt lat="45.766827" lon="10.755546">
        <ele>470.0</ele>
      </trkpt>
      <trkpt lat="45.766728" lon="10.75554">
        <ele>468.0</ele>
      </trkpt>
      <trkpt lat="45.766633" lon="10.755511">
        <ele>467.0</ele>
      </trkpt>
      <trkpt lat="45.76654" lon="10.755472">
        <ele>466.0</ele>
      </trkpt>
      <trkpt lat="45.766452" lon="10.75542">
        <ele>465.0</ele>
      </trkpt>
      <trkpt lat="45.766381" lon="10.755337">
        <ele>463.0</ele>
      </trkpt>
      <trkpt lat="45.76631" lon="10.755241">
        <ele>462.0</ele>
      </trkpt>
      <trkpt lat="45.766262" lon="10.755125">
        <ele>461.0</ele>
      </trkpt>
      <trkpt lat="45.766216" lon="10.755005">
        <ele>461.0</ele>
      </trkpt>
      <trkpt lat="45.766189" lon="10.754877">
        <ele>460.0</ele>
      </trkpt>
      <trkpt lat="45.766159" lon="10.754747">
        <ele>459.0</ele>
      </trkpt>
      <trkpt lat="45.766103" lon="10.754639">
        <ele>458.0</ele>
      </trkpt>
      <trkpt lat="45.76604" lon="10.754543">
        <ele>458.0</ele>
      </trkpt>
      <trkpt lat="45.765979" lon="10.754444">
        <ele>457.0</ele>
      </trkpt>
      <trkpt lat="45.765949" lon="10.754316">
        <ele>456.0</ele>
      </trkpt>
      <trkpt lat="45.765919" lon="10.754192">
        <ele>456.0</ele>
      </trkpt>
      <trkpt lat="45.765864" lon="10.754085">
        <ele>455.0</ele>
      </trkpt>
      <trkpt lat="45.765791" lon="10.753988">
        <ele>455.0</ele>
      </trkpt>
      <trkpt lat="45.765713" lon="10.753919">
        <ele>454.0</ele>
      </trkpt>
      <trkpt lat="45.765631" lon="10.753825">
        <ele>454.0</ele>
      </trkpt>
      <trkpt lat="45.765569" lon="10.75372">
        <ele>454.0</ele>
      </trkpt>
      <trkpt lat="45.765506" lon="10.753608">
        <ele>453.0</ele>
      </trkpt>
      <trkpt lat="45.765432" lon="10.753507">
        <ele>451.0</ele>
      </trkpt>
      <trkpt lat="45.765365" lon="10.753392">
        <ele>450.0</ele>
      </trkpt>
      <trkpt lat="45.765301" lon="10.753291">
        <ele>449.0</ele>
      </trkpt>
      <trkpt lat="45.76524" lon="10.753191">
        <ele>448.0</ele>
      </trkpt>
      <trkpt lat="45.765155" lon="10.753086">
        <ele>447.0</ele>
      </trkpt>
      <trkpt lat="45.765054" lon="10.75302">
        <ele>446.0</ele>
      </trkpt>
      <trkpt lat="45.764967" lon="10.753063">
        <ele>445.0</ele>
      </trkpt>
      <trkpt lat="45.764885" lon="10.753146">
        <ele>445.0</ele>
      </trkpt>
      <trkpt lat="45.764805" lon="10.753222">
        <ele>444.0</ele>
      </trkpt>
      <trkpt lat="45.764719" lon="10.753278">
        <ele>442.0</ele>
      </trkpt>
      <trkpt lat="45.764634" lon="10.753322">
        <ele>441.0</ele>
      </trkpt>
      <trkpt lat="45.764533" lon="10.753395">
        <ele>440.0</ele>
      </trkpt>
      <trkpt lat="45.764445" lon="10.753459">
        <ele>439.0</ele>
      </trkpt>
      <trkpt lat="45.764355" lon="10.753516">
        <ele>437.0</ele>
      </trkpt>
      <trkpt lat="45.764284" lon="10.753606">
        <ele>436.0</ele>
      </trkpt>
      <trkpt lat="45.764201" lon="10.753692">
        <ele>435.0</ele>
      </trkpt>
      <trkpt lat="45.764149" lon="10.753815">
        <ele>433.0</ele>
      </trkpt>
      <trkpt lat="45.764069" lon="10.753877">
        <ele>432.0</ele>
      </trkpt>
      <trkpt lat="45.763978" lon="10.753849">
        <ele>428.0</ele>
      </trkpt>
      <trkpt lat="45.763882" lon="10.753777">
        <ele>426.0</ele>
      </trkpt>
      <trkpt lat="45.763812" lon="10.753691">
        <ele>424.0</ele>
      </trkpt>
      <trkpt lat="45.763773" lon="10.753566">
        <ele>422.0</ele>
      </trkpt>
      <trkpt lat="45.763744" lon="10.753435">
        <ele>420.0</ele>
      </trkpt>
      <trkpt lat="45.763778" lon="10.753299">
        <ele>417.0</ele>
      </trkpt>
      <trkpt lat="45.763854" lon="10.753197">
        <ele>416.0</ele>
      </trkpt>
      <trkpt lat="45.763928" lon="10.753105">
        <ele>413.0</ele>
      </trkpt>
      <trkpt lat="45.76402" lon="10.75306">
        <ele>412.0</ele>
      </trkpt>
      <trkpt lat="45.764104" lon="10.752989">
        <ele>410.0</ele>
      </trkpt>
      <trkpt lat="45.7642" lon="10.752918">
        <ele>409.0</ele>
      </trkpt>
      <trkpt lat="45.76429" lon="10.752871">
        <ele>407.0</ele>
      </trkpt>
      <trkpt lat="45.764365" lon="10.752791">
        <ele>405.0</ele>
      </trkpt>
      <trkpt lat="45.764419" lon="10.752674">
        <ele>404.0</ele>
      </trkpt>
      <trkpt lat="45.764466" lon="10.752562">
        <ele>404.0</ele>
      </trkpt>
      <trkpt lat="45.764494" lon="10.752425">
        <ele>403.0</ele>
      </trkpt>
      <trkpt lat="45.764577" lon="10.752358">
        <ele>402.0</ele>
      </trkpt>
      <trkpt lat="45.764669" lon="10.752313">
        <ele>402.0</ele>
      </trkpt>
      <trkpt lat="45.764753" lon="10.752235">
        <ele>400.0</ele>
      </trkpt>
      <trkpt lat="45.764734" lon="10.752099">
        <ele>403.0</ele>
      </trkpt>
      <trkpt lat="45.764654" lon="10.752017">
        <ele>404.0</ele>
      </trkpt>
      <trkpt lat="45.764561" lon="10.752063">
        <ele>404.0</ele>
      </trkpt>
      <trkpt lat="45.764458" lon="10.75214">
        <ele>404.0</ele>
      </trkpt>
      <trkpt lat="45.764369" lon="10.752104">
        <ele>404.0</ele>
      </trkpt>
      <trkpt lat="45.764267" lon="10.752114">
        <ele>403.0</ele>
      </trkpt>
      <trkpt lat="45.764167" lon="10.752111">
        <ele>402.0</ele>
      </trkpt>
      <trkpt lat="45.764074" lon="10.752135">
        <ele>402.0</ele>
      </trkpt>
      <trkpt lat="45.763979" lon="10.752138">
        <ele>402.0</ele>
      </trkpt>
      <trkpt lat="45.763876" lon="10.752131">
        <ele>401.0</ele>
      </trkpt>
      <trkpt lat="45.763772" lon="10.752069">
        <ele>401.0</ele>
      </trkpt>
      <trkpt lat="45.763692" lon="10.751979">
        <ele>401.0</ele>
      </trkpt>
      <trkpt lat="45.7636" lon="10.751906">
        <ele>400.0</ele>
      </trkpt>
      <trkpt lat="45.76353" lon="10.751821">
        <ele>398.0</ele>
      </trkpt>
      <trkpt lat="45.763463" lon="10.751724">
        <ele>397.0</ele>
      </trkpt>
      <trkpt lat="45.763389" lon="10.751637">
        <ele>396.0</ele>
      </trkpt>
      <trkpt lat="45.763303" lon="10.75159">
        <ele>396.0</ele>
      </trkpt>
      <trkpt lat="45.763213" lon="10.751615">
        <ele>394.0</ele>
      </trkpt>
      <trkpt lat="45.763094" lon="10.751596">
        <ele>392.0</ele>
      </trkpt>
      <trkpt lat="45.762999" lon="10.751492">
        <ele>392.0</ele>
      </trkpt>
      <trkpt lat="45.762898" lon="10.751439">
        <ele>393.0</ele>
      </trkpt>
      <trkpt lat="45.762786" lon="10.751399">
        <ele>392.0</ele>
      </trkpt>
      <trkpt lat="45.762696" lon="10.751377">
        <ele>392.0</ele>
      </trkpt>
      <trkpt lat="45.762598" lon="10.7513">
        <ele>392.0</ele>
      </trkpt>
      <trkpt lat="45.762516" lon="10.75117">
        <ele>391.0</ele>
      </trkpt>
      <trkpt lat="45.762439" lon="10.751102">
        <ele>391.0</ele>
      </trkpt>
      <trkpt lat="45.76233" lon="10.751062">
        <ele>391.0</ele>
      </trkpt>
      <trkpt lat="45.762244" lon="10.751015">
        <ele>392.0</ele>
      </trkpt>
      <trkpt lat="45.762129" lon="10.751001">
        <ele>392.0</ele>
      </trkpt>
      <trkpt lat="45.762006" lon="10.750999">
        <ele>392.0</ele>
      </trkpt>
      <trkpt lat="45.761912" lon="10.750984">
        <ele>392.0</ele>
      </trkpt>
      <trkpt lat="45.76181" lon="10.750919">
        <ele>393.0</ele>
      </trkpt>
      <trkpt lat="45.761718" lon="10.750876">
        <ele>393.0</ele>
      </trkpt>
      <trkpt lat="45.761622" lon="10.75088">
        <ele>394.0</ele>
      </trkpt>
      <trkpt lat="45.761529" lon="10.750928">
        <ele>395.0</ele>
      </trkpt>
      <trkpt lat="45.761435" lon="10.750942">
        <ele>396.0</ele>
      </trkpt>
      <trkpt lat="45.761341" lon="10.750932">
        <ele>396.0</ele>
      </trkpt>
      <trkpt lat="45.7613" lon="10.7508">
        <ele>397.0</ele>
      </trkpt>
      <trkpt lat="45.761208" lon="10.750764">
        <ele>397.0</ele>
      </trkpt>
      <trkpt lat="45.761098" lon="10.750715">
        <ele>397.0</ele>
      </trkpt>
      <trkpt lat="45.761003" lon="10.750671">
        <ele>397.0</ele>
      </trkpt>
      <trkpt lat="45.760892" lon="10.750612">
        <ele>399.0</ele>
      </trkpt>
      <trkpt lat="45.760813" lon="10.750471">
        <ele>399.0</ele>
      </trkpt>
      <trkpt lat="45.760787" lon="10.750331">
        <ele>399.0</ele>
      </trkpt>
      <trkpt lat="45.760786" lon="10.750203">
        <ele>399.0</ele>
      </trkpt>
      <trkpt lat="45.760741" lon="10.750068">
        <ele>400.0</ele>
      </trkpt>
      <trkpt lat="45.760654" lon="10.749991">
        <ele>400.0</ele>
      </trkpt>
      <trkpt lat="45.760647" lon="10.749811">
        <ele>401.0</ele>
      </trkpt>
      <trkpt lat="45.760606" lon="10.749681">
        <ele>401.0</ele>
      </trkpt>
      <trkpt lat="45.760579" lon="10.749526">
        <ele>401.0</ele>
      </trkpt>
      <trkpt lat="45.76056" lon="10.7494">
        <ele>401.0</ele>
      </trkpt>
      <trkpt lat="45.760521" lon="10.74925">
        <ele>401.0</ele>
      </trkpt>
      <trkpt lat="45.760486" lon="10.749118">
        <ele>402.0</ele>
      </trkpt>
      <trkpt lat="45.760522" lon="10.748999">
        <ele>407.0</ele>
      </trkpt>
      <trkpt lat="45.760474" lon="10.748885">
        <ele>414.0</ele>
      </trkpt>
      <trkpt lat="45.760553" lon="10.748753">
        <ele>416.0</ele>
      </trkpt>
      <trkpt lat="45.76052" lon="10.748628">
        <ele>420.0</ele>
      </trkpt>
      <trkpt lat="45.760493" lon="10.748476">
        <ele>422.0</ele>
      </trkpt>
      <trkpt lat="45.760429" lon="10.748364">
        <ele>425.0</ele>
      </trkpt>
      <trkpt lat="45.760343" lon="10.748303">
        <ele>427.0</ele>
      </trkpt>
      <trkpt lat="45.760229" lon="10.748183">
        <ele>431.0</ele>
      </trkpt>
      <trkpt lat="45.760135" lon="10.748122">
        <ele>432.0</ele>
      </trkpt>
      <trkpt lat="45.76006" lon="10.748045">
        <ele>435.0</ele>
      </trkpt>
      <trkpt lat="45.759999" lon="10.747933">
        <ele>439.0</ele>
      </trkpt>
      <trkpt lat="45.759909" lon="10.747828">
        <ele>441.0</ele>
      </trkpt>
      <trkpt lat="45.759784" lon="10.747772">
        <ele>441.0</ele>
      </trkpt>
      <trkpt lat="45.759701" lon="10.747705">
        <ele>443.0</ele>
      </trkpt>
      <trkpt lat="45.759609" lon="10.747683">
        <ele>450.0</ele>
      </trkpt>
      <trkpt lat="45.759514" lon="10.74776">
        <ele>455.0</ele>
      </trkpt>
      <trkpt lat="45.759468" lon="10.747877">
        <ele>456.0</ele>
      </trkpt>
      <trkpt lat="45.759408" lon="10.748008">
        <ele>457.0</ele>
      </trkpt>
      <trkpt lat="45.759319" lon="10.748084">
        <ele>461.0</ele>
      </trkpt>
      <trkpt lat="45.759214" lon="10.748144">
        <ele>462.0</ele>
      </trkpt>
      <trkpt lat="45.759097" lon="10.748168">
        <ele>462.0</ele>
      </trkpt>
      <trkpt lat="45.758974" lon="10.748213">
        <ele>462.0</ele>
      </trkpt>
      <trkpt lat="45.758881" lon="10.748273">
        <ele>462.0</ele>
      </trkpt>
      <trkpt lat="45.758786" lon="10.748293">
        <ele>463.0</ele>
      </trkpt>
      <trkpt lat="45.758692" lon="10.74827">
        <ele>463.0</ele>
      </trkpt>
      <trkpt lat="45.758601" lon="10.748175">
        <ele>463.0</ele>
      </trkpt>
      <trkpt lat="45.758507" lon="10.748087">
        <ele>463.0</ele>
      </trkpt>
      <trkpt lat="45.758433" lon="10.74801">
        <ele>463.0</ele>
      </trkpt>
      <trkpt lat="45.758337" lon="10.747997">
        <ele>463.0</ele>
      </trkpt>
      <trkpt lat="45.75826" lon="10.747901">
        <ele>463.0</ele>
      </trkpt>
      <trkpt lat="45.758185" lon="10.747774">
        <ele>462.0</ele>
      </trkpt>
      <trkpt lat="45.758124" lon="10.747663">
        <ele>461.0</ele>
      </trkpt>
      <trkpt lat="45.758074" lon="10.747543">
        <ele>461.0</ele>
      </trkpt>
      <trkpt lat="45.758038" lon="10.747416">
        <ele>461.0</ele>
      </trkpt>
      <trkpt lat="45.757991" lon="10.747294">
        <ele>460.0</ele>
      </trkpt>
      <trkpt lat="45.757942" lon="10.747177">
        <ele>460.0</ele>
      </trkpt>
      <trkpt lat="45.757893" lon="10.747052">
        <ele>460.0</ele>
      </trkpt>
      <trkpt lat="45.757863" lon="10.746911">
        <ele>460.0</ele>
      </trkpt>
      <trkpt lat="45.757799" lon="10.746789">
        <ele>459.0</ele>
      </trkpt>
      <trkpt lat="45.757755" lon="10.746666">
        <ele>459.0</ele>
      </trkpt>
      <trkpt lat="45.757671" lon="10.746584">
        <ele>458.0</ele>
      </trkpt>
      <trkpt lat="45.757602" lon="10.746495">
        <ele>457.0</ele>
      </trkpt>
      <trkpt lat="45.757539" lon="10.74639">
        <ele>457.0</ele>
      </trkpt>
      <trkpt lat="45.757535" lon="10.746258">
        <ele>457.0</ele>
      </trkpt>
      <trkpt lat="45.757553" lon="10.746128">
        <ele>457.0</ele>
      </trkpt>
      <trkpt lat="45.75762" lon="10.746028">
        <ele>457.0</ele>
      </trkpt>
      <trkpt lat="45.75769" lon="10.745907">
        <ele>457.0</ele>
      </trkpt>
      <trkpt lat="45.757745" lon="10.745804">
        <ele>458.0</ele>
      </trkpt>
      <trkpt lat="45.757785" lon="10.74568">
        <ele>458.0</ele>
      </trkpt>
      <trkpt lat="45.757871" lon="10.745624">
        <ele>459.0</ele>
      </trkpt>
      <trkpt lat="45.757945" lon="10.745521">
        <ele>460.0</ele>
      </trkpt>
      <trkpt lat="45.757982" lon="10.745339">
        <ele>461.0</ele>
      </trkpt>
      <trkpt lat="45.758069" lon="10.745217">
        <ele>461.0</ele>
      </trkpt>
      <trkpt lat="45.758119" lon="10.745096">
        <ele>462.0</ele>
      </trkpt>
      <trkpt lat="45.758186" lon="10.744986">
        <ele>465.0</ele>
      </trkpt>
      <trkpt lat="45.758207" lon="10.744844">
        <ele>465.0</ele>
      </trkpt>
      <trkpt lat="45.758229" lon="10.744713">
        <ele>465.0</ele>
      </trkpt>
      <trkpt lat="45.758262" lon="10.744593">
        <ele>465.0</ele>
      </trkpt>
      <trkpt lat="45.75832" lon="10.744491">
        <ele>464.0</ele>
      </trkpt>
      <trkpt lat="45.758252" lon="10.744602">
        <ele>464.0</ele>
      </trkpt>
      <trkpt lat="45.758176" lon="10.744696">
        <ele>464.0</ele>
      </trkpt>
      <trkpt lat="45.758123" lon="10.74481">
        <ele>464.0</ele>
      </trkpt>
      <trkpt lat="45.758068" lon="10.744914">
        <ele>463.0</ele>
      </trkpt>
      <trkpt lat="45.758034" lon="10.745059">
        <ele>463.0</ele>
      </trkpt>
      <trkpt lat="45.757953" lon="10.745117">
        <ele>463.0</ele>
      </trkpt>
      <trkpt lat="45.757881" lon="10.745211">
        <ele>462.0</ele>
      </trkpt>
      <trkpt lat="45.757808" lon="10.745286">
        <ele>461.0</ele>
      </trkpt>
      <trkpt lat="45.757725" lon="10.745338">
        <ele>460.0</ele>
      </trkpt>
      <trkpt lat="45.757656" lon="10.745373">
        <ele>457.0</ele>
      </trkpt>
      <trkpt lat="45.757599" lon="10.745489">
        <ele>453.0</ele>
      </trkpt>
      <trkpt lat="45.75752" lon="10.74559">
        <ele>452.0</ele>
      </trkpt>
      <trkpt lat="45.75744" lon="10.745656">
        <ele>452.0</ele>
      </trkpt>
      <trkpt lat="45.757383" lon="10.745782">
        <ele>452.0</ele>
      </trkpt>
      <trkpt lat="45.757278" lon="10.745812">
        <ele>451.0</ele>
      </trkpt>
      <trkpt lat="45.757186" lon="10.745838">
        <ele>451.0</ele>
      </trkpt>
      <trkpt lat="45.757104" lon="10.745912">
        <ele>450.0</ele>
      </trkpt>
      <trkpt lat="45.757025" lon="10.745976">
        <ele>449.0</ele>
      </trkpt>
      <trkpt lat="45.75696" lon="10.746094">
        <ele>448.0</ele>
      </trkpt>
      <trkpt lat="45.756859" lon="10.746135">
        <ele>447.0</ele>
      </trkpt>
      <trkpt lat="45.75676" lon="10.746166">
        <ele>446.0</ele>
      </trkpt>
      <trkpt lat="45.756654" lon="10.74622">
        <ele>445.0</ele>
      </trkpt>
      <trkpt lat="45.756561" lon="10.746269">
        <ele>444.0</ele>
      </trkpt>
      <trkpt lat="45.756481" lon="10.746337">
        <ele>444.0</ele>
      </trkpt>
      <trkpt lat="45.756383" lon="10.746349">
        <ele>443.0</ele>
      </trkpt>
      <trkpt lat="45.756298" lon="10.746295">
        <ele>441.0</ele>
      </trkpt>
      <trkpt lat="45.756291" lon="10.746145">
        <ele>439.0</ele>
      </trkpt>
      <trkpt lat="45.756244" lon="10.745994">
        <ele>433.0</ele>
      </trkpt>
      <trkpt lat="45.756271" lon="10.745846">
        <ele>433.0</ele>
      </trkpt>
      <trkpt lat="45.756344" lon="10.745738">
        <ele>432.0</ele>
      </trkpt>
      <trkpt lat="45.756406" lon="10.745626">
        <ele>431.0</ele>
      </trkpt>
      <trkpt lat="45.756464" lon="10.745521">
        <ele>430.0</ele>
      </trkpt>
      <trkpt lat="45.756489" lon="10.745369">
        <ele>428.0</ele>
      </trkpt>
      <trkpt lat="45.75646" lon="10.745228">
        <ele>427.0</ele>
      </trkpt>
      <trkpt lat="45.756392" lon="10.745318">
        <ele>426.0</ele>
      </trkpt>
      <trkpt lat="45.756314" lon="10.745364">
        <ele>425.0</ele>
      </trkpt>
      <trkpt lat="45.756318" lon="10.745188">
        <ele>421.0</ele>
      </trkpt>
      <trkpt lat="45.756292" lon="10.74505">
        <ele>419.0</ele>
      </trkpt>
      <trkpt lat="45.756208" lon="10.744963">
        <ele>417.0</ele>
      </trkpt>
      <trkpt lat="45.756116" lon="10.74493">
        <ele>415.0</ele>
      </trkpt>
      <trkpt lat="45.756021" lon="10.744995">
        <ele>414.0</ele>
      </trkpt>
      <trkpt lat="45.755948" lon="10.745078">
        <ele>412.0</ele>
      </trkpt>
      <trkpt lat="45.755865" lon="10.745141">
        <ele>410.0</ele>
      </trkpt>
      <trkpt lat="45.755768" lon="10.745179">
        <ele>408.0</ele>
      </trkpt>
      <trkpt lat="45.755674" lon="10.74521">
        <ele>407.0</ele>
      </trkpt>
      <trkpt lat="45.7556" lon="10.745287">
        <ele>405.0</ele>
      </trkpt>
      <trkpt lat="45.75559" lon="10.745439">
        <ele>399.0</ele>
      </trkpt>
      <trkpt lat="45.755633" lon="10.745554">
        <ele>397.0</ele>
      </trkpt>
      <trkpt lat="45.755662" lon="10.745687">
        <ele>396.0</ele>
      </trkpt>
      <trkpt lat="45.755701" lon="10.74582">
        <ele>394.0</ele>
      </trkpt>
      <trkpt lat="45.755686" lon="10.745961">
        <ele>392.0</ele>
      </trkpt>
      <trkpt lat="45.755619" lon="10.746058">
        <ele>390.0</ele>
      </trkpt>
      <trkpt lat="45.75558" lon="10.74621">
        <ele>384.0</ele>
      </trkpt>
      <trkpt lat="45.755516" lon="10.746312">
        <ele>381.0</ele>
      </trkpt>
      <trkpt lat="45.755517" lon="10.746458">
        <ele>376.0</ele>
      </trkpt>
      <trkpt lat="45.755476" lon="10.746578">
        <ele>373.0</ele>
      </trkpt>
      <trkpt lat="45.755403" lon="10.746666">
        <ele>368.0</ele>
      </trkpt>
      <trkpt lat="45.755325" lon="10.746738">
        <ele>358.0</ele>
      </trkpt>
      <trkpt lat="45.755288" lon="10.746865">
        <ele>355.0</ele>
      </trkpt>
      <trkpt lat="45.755243" lon="10.746977">
        <ele>352.0</ele>
      </trkpt>
      <trkpt lat="45.755215" lon="10.7471">
        <ele>349.0</ele>
      </trkpt>
      <trkpt lat="45.755171" lon="10.747212">
        <ele>345.0</ele>
      </trkpt>
      <trkpt lat="45.75512" lon="10.7471">
        <ele>335.0</ele>
      </trkpt>
      <trkpt lat="45.755112" lon="10.746968">
        <ele>332.0</ele>
      </trkpt>
      <trkpt lat="45.755057" lon="10.747083">
        <ele>330.0</ele>
      </trkpt>
      <trkpt lat="45.755028" lon="10.747189">
        <ele>329.0</ele>
      </trkpt>
      <trkpt lat="45.754952" lon="10.747262">
        <ele>327.0</ele>
      </trkpt>
      <trkpt lat="45.754867" lon="10.747309">
        <ele>321.0</ele>
      </trkpt>
      <trkpt lat="45.75481" lon="10.747417">
        <ele>309.0</ele>
      </trkpt>
      <trkpt lat="45.754758" lon="10.747296">
        <ele>307.0</ele>
      </trkpt>
      <trkpt lat="45.754749" lon="10.747151">
        <ele>305.0</ele>
      </trkpt>
      <trkpt lat="45.754767" lon="10.746986">
        <ele>302.0</ele>
      </trkpt>
      <trkpt lat="45.754769" lon="10.746837">
        <ele>299.0</ele>
      </trkpt>
      <trkpt lat="45.75475" lon="10.746685">
        <ele>298.0</ele>
      </trkpt>
      <trkpt lat="45.754744" lon="10.746548">
        <ele>296.0</ele>
      </trkpt>
      <trkpt lat="45.754764" lon="10.746347">
        <ele>294.0</ele>
      </trkpt>
      <trkpt lat="45.754761" lon="10.746218">
        <ele>294.0</ele>
      </trkpt>
      <trkpt lat="45.754844" lon="10.746051">
        <ele>296.0</ele>
      </trkpt>
      <trkpt lat="45.754893" lon="10.745829">
        <ele>297.0</ele>
      </trkpt>
      <trkpt lat="45.754868" lon="10.745646">
        <ele>297.0</ele>
      </trkpt>
      <trkpt lat="45.754735" lon="10.745435">
        <ele>291.0</ele>
      </trkpt>
      <trkpt lat="45.754689" lon="10.745308">
        <ele>290.0</ele>
      </trkpt>
      <trkpt lat="45.754652" lon="10.745111">
        <ele>290.0</ele>
      </trkpt>
      <trkpt lat="45.754652" lon="10.744906">
        <ele>281.0</ele>
      </trkpt>
      <trkpt lat="45.754654" lon="10.744723">
        <ele>279.0</ele>
      </trkpt>
      <trkpt lat="45.754703" lon="10.744596">
        <ele>274.0</ele>
      </trkpt>
      <trkpt lat="45.754713" lon="10.744463">
        <ele>270.0</ele>
      </trkpt>
      <trkpt lat="45.754767" lon="10.744369">
        <ele>266.0</ele>
      </trkpt>
      <trkpt lat="45.754802" lon="10.744249">
        <ele>263.0</ele>
      </trkpt>
      <trkpt lat="45.754785" lon="10.744114">
        <ele>262.0</ele>
      </trkpt>
      <trkpt lat="45.754762" lon="10.743927">
        <ele>260.0</ele>
      </trkpt>
      <trkpt lat="45.754696" lon="10.743853">
        <ele>259.0</ele>
      </trkpt>
      <trkpt lat="45.754681" lon="10.743985">
        <ele>257.0</ele>
      </trkpt>
      <trkpt lat="45.754625" lon="10.744153">
        <ele>257.0</ele>
      </trkpt>
      <trkpt lat="45.754578" lon="10.744283">
        <ele>257.0</ele>
      </trkpt>
      <trkpt lat="45.754563" lon="10.74448">
        <ele>258.0</ele>
      </trkpt>
      <trkpt lat="45.754502" lon="10.744618">
        <ele>262.0</ele>
      </trkpt>
      <trkpt lat="45.754475" lon="10.744783">
        <ele>264.0</ele>
      </trkpt>
      <trkpt lat="45.754504" lon="10.744998">
        <ele>266.0</ele>
      </trkpt>
      <trkpt lat="45.754519" lon="10.745149">
        <ele>262.0</ele>
      </trkpt>
      <trkpt lat="45.754514" lon="10.745273">
        <ele>258.0</ele>
      </trkpt>
      <trkpt lat="45.754468" lon="10.745051">
        <ele>254.0</ele>
      </trkpt>
      <trkpt lat="45.754463" lon="10.744938">
        <ele>253.0</ele>
      </trkpt>
      <trkpt lat="45.754323" lon="10.744858">
        <ele>248.0</ele>
      </trkpt>
      <trkpt lat="45.754089" lon="10.744892">
        <ele>248.0</ele>
      </trkpt>
      <trkpt lat="45.754052" lon="10.745054">
        <ele>247.0</ele>
      </trkpt>
      <trkpt lat="45.754033" lon="10.74534">
        <ele>244.0</ele>
      </trkpt>
      <trkpt lat="45.753937" lon="10.745519">
        <ele>244.0</ele>
      </trkpt>
      <trkpt lat="45.753829" lon="10.745716">
        <ele>244.0</ele>
      </trkpt>
      <trkpt lat="45.753851" lon="10.745945">
        <ele>250.0</ele>
      </trkpt>
      <trkpt lat="45.75375" lon="10.746171">
        <ele>278.0</ele>
      </trkpt>
      <trkpt lat="45.753671" lon="10.746305">
        <ele>281.0</ele>
      </trkpt>
      <trkpt lat="45.753571" lon="10.746403">
        <ele>276.0</ele>
      </trkpt>
      <trkpt lat="45.75348" lon="10.746572">
        <ele>257.0</ele>
      </trkpt>
      <trkpt lat="45.753416" lon="10.746755">
        <ele>252.0</ele>
      </trkpt>
      <trkpt lat="45.753374" lon="10.746939">
        <ele>246.0</ele>
      </trkpt>
      <trkpt lat="45.753445" lon="10.747129">
        <ele>232.0</ele>
      </trkpt>
      <trkpt lat="45.75346" lon="10.747263">
        <ele>234.0</ele>
      </trkpt>
      <trkpt lat="45.753441" lon="10.747375">
        <ele>234.0</ele>
      </trkpt>
      <trkpt lat="45.753406" lon="10.747494">
        <ele>233.0</ele>
      </trkpt>
      <trkpt lat="45.753521" lon="10.747411">
        <ele>229.0</ele>
      </trkpt>
      <trkpt lat="45.753566" lon="10.747287">
        <ele>228.0</ele>
      </trkpt>
      <trkpt lat="45.753644" lon="10.747456">
        <ele>222.0</ele>
      </trkpt>
      <trkpt lat="45.753674" lon="10.747563">
        <ele>212.0</ele>
      </trkpt>
      <trkpt lat="45.753723" lon="10.747407">
        <ele>200.0</ele>
      </trkpt>
      <trkpt lat="45.753803" lon="10.747431">
        <ele>196.0</ele>
      </trkpt>
      <trkpt lat="45.753827" lon="10.747556">
        <ele>188.0</ele>
      </trkpt>
      <trkpt lat="45.753825" lon="10.747688">
        <ele>185.0</ele>
      </trkpt>
      <trkpt lat="45.753907" lon="10.747762">
        <ele>183.0</ele>
      </trkpt>
      <trkpt lat="45.754017" lon="10.747841">
        <ele>181.0</ele>
      </trkpt>
      <trkpt lat="45.754088" lon="10.747924">
        <ele>178.0</ele>
      </trkpt>
      <trkpt lat="45.754184" lon="10.747988">
        <ele>178.0</ele>
      </trkpt>
      <trkpt lat="45.754271" lon="10.748048">
        <ele>176.0</ele>
      </trkpt>
      <trkpt lat="45.75426" lon="10.748177">
        <ele>166.0</ele>
      </trkpt>
      <trkpt lat="45.754276" lon="10.748333">
        <ele>164.0</ele>
      </trkpt>
      <trkpt lat="45.7542" lon="10.748421">
        <ele>158.0</ele>
      </trkpt>
      <trkpt lat="45.754111" lon="10.74848">
        <ele>155.0</ele>
      </trkpt>
      <trkpt lat="45.754072" lon="10.748613">
        <ele>153.0</ele>
      </trkpt>
      <trkpt lat="45.75408" lon="10.748741">
        <ele>150.0</ele>
      </trkpt>
      <trkpt lat="45.75414" lon="10.74885">
        <ele>149.0</ele>
      </trkpt>
      <trkpt lat="45.754137" lon="10.748985">
        <ele>146.0</ele>
      </trkpt>
      <trkpt lat="45.754143" lon="10.749114">
        <ele>145.0</ele>
      </trkpt>
      <trkpt lat="45.754115" lon="10.749238">
        <ele>144.0</ele>
      </trkpt>
      <trkpt lat="45.754134" lon="10.749369">
        <ele>143.0</ele>
      </trkpt>
      <trkpt lat="45.754132" lon="10.749508">
        <ele>142.0</ele>
      </trkpt>
      <trkpt lat="45.754121" lon="10.749692">
        <ele>140.0</ele>
      </trkpt>
      <trkpt lat="45.754131" lon="10.749823">
        <ele>136.0</ele>
      </trkpt>
      <trkpt lat="45.754135" lon="10.749962">
        <ele>135.0</ele>
      </trkpt>
      <trkpt lat="45.754181" lon="10.750083">
        <ele>135.0</ele>
      </trkpt>
      <trkpt lat="45.754296" lon="10.750138">
        <ele>138.0</ele>
      </trkpt>
      <trkpt lat="45.754383" lon="10.750078">
        <ele>139.0</ele>
      </trkpt>
      <trkpt lat="45.754478" lon="10.750087">
        <ele>138.0</ele>
      </trkpt>
      <trkpt lat="45.754574" lon="10.75009">
        <ele>138.0</ele>
      </trkpt>
      <trkpt lat="45.754661" lon="10.750147">
        <ele>137.0</ele>
      </trkpt>
      <trkpt lat="45.754724" lon="10.750251">
        <ele>137.0</ele>
      </trkpt>
    </trkseg>
  </trk>
</gpx>
