<?xml version="1.0" encoding="UTF-8"?>
<gpx version="1.1" creator="ETC" xmlns="http://www.topografix.com/GPX/1/1" xmlns:xsi="http://www.w3.org/2001/XMLSchema-instance" xsi:schemaLocation="http://www.topografix.com/GPX/1/1 http://www.topografix.com/GPX/1/1/gpx.xsd">
  <metadata>
    <name>Quarta tappa</name>
  </metadata>
  <wpt lat="45.687622" lon="10.661478">
    <ele>81.0</ele>
    <name>Gargnano</name>
  </wpt>
  <wpt lat="45.686517" lon="10.660282">
    <name>Gargnano</name>
  </wpt>
  <wpt lat="45.685924" lon="10.659733">
    <ele>84.0</ele>
    <name>Bivio sx</name>
  </wpt>
  <wpt lat="45.678978" lon="10.653778">
    <ele>80.0</ele>
    <name>Bivio dx</name>
  </wpt>
  <wpt lat="45.675646" lon="10.647941">
    <ele>126.0</ele>
    <name>Bivio dx</name>
  </wpt>
  <wpt lat="45.673681" lon="10.644656">
    <ele>159.0</ele>
    <name>Bivio sx</name>
  </wpt>
  <wpt lat="45.673028" lon="10.642487">
    <ele>199.0</ele>
    <name>Fornico</name>
  </wpt>
  <wpt lat="45.671529" lon="10.641806">
    <ele>197.0</ele>
    <name>Bivio dx</name>
  </wpt>
  <wpt lat="45.667231" lon="10.637244">
    <ele>248.0</ele>
    <name>Bivio sx</name>
  </wpt>
  <wpt lat="45.669662" lon="10.637169">
    <ele>262.0</ele>
    <name>Santuario Madonna di Supina</name>
  </wpt>
  <wpt lat="45.664931" lon="10.635037">
    <ele>239.0</ele>
    <name>Bivio dx</name>
  </wpt>
  <wpt lat="45.661857" lon="10.629906">
    <ele>231.0</ele>
    <name>Bivio dx</name>
  </wpt>
  <wpt lat="45.655672" lon="10.617482">
    <ele>288.0</ele>
    <name>Bivio dritti</name>
  </wpt>
  <wpt lat="45.655127" lon="10.61437">
    <ele>295.0</ele>
    <name>Bivio dritti e dritti</name>
  </wpt>
  <wpt lat="45.654359" lon="10.613589">
    <ele>284.0</ele>
    <name>Gaino</name>
  </wpt>
  <wpt lat="45.654997" lon="10.61221">
    <ele>287.0</ele>
    <name>Bivio sx</name>
  </wpt>
  <wpt lat="45.654215" lon="10.610347">
    <ele>274.0</ele>
    <name>Bivio dx</name>
  </wpt>
  <wpt lat="45.656782" lon="10.609939">
    <ele>171.0</ele>
    <name>Bivio tutto sx</name>
  </wpt>
  <wpt lat="45.654739" lon="10.608003">
    <ele>143.0</ele>
    <name>Ponte</name>
  </wpt>
  <wpt lat="45.651911" lon="10.604932">
    <ele>119.0</ele>
    <name>Bivio dx e dx</name>
  </wpt>
  <wpt lat="45.646611" lon="10.601398">
    <ele>244.0</ele>
    <name>Bivio dx</name>
  </wpt>
  <wpt lat="45.64699" lon="10.59337">
    <ele>333.0</ele>
    <name>Attraversamento</name>
  </wpt>
  <wpt lat="45.646702" lon="10.587017">
    <ele>339.0</ele>
    <name>Bivio sx</name>
  </wpt>
  <wpt lat="45.637795" lon="10.586089">
    <ele>240.0</ele>
    <name>Bivio dritti</name>
  </wpt>
  <wpt lat="45.633584" lon="10.58132">
    <ele>208.0</ele>
    <name>Bivio dx</name>
  </wpt>
  <wpt lat="45.631747" lon="10.579427">
    <ele>215.0</ele>
    <name>Bivio leggermente dx</name>
  </wpt>
  <wpt lat="45.63048" lon="10.573275">
    <ele>272.0</ele>
    <name>Supiane</name>
  </wpt>
  <wpt lat="45.632873" lon="10.552547">
    <ele>408.0</ele>
    <name>Bivio dx</name>
  </wpt>
  <wpt lat="45.631675" lon="10.55191">
    <ele>418.0</ele>
    <name>Chiesa di San Michele</name>
  </wpt>
  <wpt lat="45.63538" lon="10.550426">
    <ele>391.0</ele>
    <name>Attraversamento</name>
  </wpt>
  <wpt lat="45.635199" lon="10.549935">
    <ele>377.0</ele>
    <name>San Michele</name>
  </wpt>
  <wpt lat="45.635719" lon="10.544847">
    <ele>386.0</ele>
    <name>Confluenza sx</name>
  </wpt>
  <wpt lat="45.628222" lon="10.541444">
    <ele>409.0</ele>
    <name>Bivio dx</name>
  </wpt>
  <wpt lat="45.628916" lon="10.540883">
    <ele>428.0</ele>
    <name>Santuario di San Bernardo</name>
  </wpt>
  <wpt lat="45.628661" lon="10.540383">
    <ele>428.0</ele>
    <name>Serniga</name>
  </wpt>
  <wpt lat="45.627631" lon="10.538673">
    <ele>422.0</ele>
    <name>Bivio dx</name>
  </wpt>
  <wpt lat="45.627265" lon="10.536023">
    <ele>449.0</ele>
    <name>Bivio sx</name>
  </wpt>
  <wpt lat="45.620206" lon="10.531317">
    <ele>497.0</ele>
    <name>San Bartolomeo</name>
  </wpt>
  <wpt lat="45.61938" lon="10.529616">
    <ele>478.0</ele>
    <name>Attraversamento dritti</name>
  </wpt>
  <wpt lat="45.617492" lon="10.526777">
    <ele>483.0</ele>
    <name>Bivio dx</name>
  </wpt>
  <wpt lat="45.616406" lon="10.526607">
    <ele>468.0</ele>
    <name>Bivio sx</name>
  </wpt>
  <wpt lat="45.615458" lon="10.527193">
    <ele>424.0</ele>
    <name>Bivio dx</name>
  </wpt>
  <wpt lat="45.614609" lon="10.525305">
    <ele>415.0</ele>
    <name>La Corna di Salò</name>
  </wpt>
  <wpt lat="45.614633" lon="10.524246">
    <ele>407.0</ele>
    <name>Bivio sx e dritti</name>
  </wpt>
  <wpt lat="45.611527" lon="10.522251">
    <ele>211.0</ele>
    <name>Confluenza dx</name>
  </wpt>
  <wpt lat="45.611624" lon="10.517676">
    <ele>154.0</ele>
    <name>Bivio sx</name>
  </wpt>
  <wpt lat="45.609578" lon="10.520405">
    <ele>119.0</ele>
    <name>Attraversamento</name>
  </wpt>
  <wpt lat="45.607587" lon="10.518296">
    <ele>89.0</ele>
    <name>Bivio sx</name>
  </wpt>
  <wpt lat="45.606913" lon="10.522207">
    <ele>82.0</ele>
    <name>Salò</name>
  </wpt>
  <wpt lat="45.604483" lon="10.515082">
    <ele>74.0</ele>
    <name>Salò</name>
  </wpt>
  <wpt lat="45.607397" lon="10.524009">
    <ele>91.0</ele>
    <name>Salò</name>
  </wpt>
  <trk>
    <name>Percorso</name>
    <trkseg>
      <trkpt lat="45.687682" lon="10.661485">
        <ele>140.0</ele>
      </trkpt>
      <trkpt lat="45.687729" lon="10.661317">
        <ele>132.0</ele>
      </trkpt>
      <trkpt lat="45.687659" lon="10.661137">
        <ele>131.0</ele>
      </trkpt>
      <trkpt lat="45.687604" lon="10.66102">
        <ele>130.0</ele>
      </trkpt>
      <trkpt lat="45.687493" lon="10.660804">
        <ele>131.0</ele>
      </trkpt>
      <trkpt lat="45.687399" lon="10.660743">
        <ele>132.0</ele>
      </trkpt>
      <trkpt lat="45.687315" lon="10.660681">
        <ele>132.0</ele>
      </trkpt>
      <trkpt lat="45.687228" lon="10.660629">
        <ele>132.0</ele>
      </trkpt>
      <trkpt lat="45.68713" lon="10.660611">
        <ele>132.0</ele>
      </trkpt>
      <trkpt lat="45.687034" lon="10.66053">
        <ele>133.0</ele>
      </trkpt>
      <trkpt lat="45.686949" lon="10.660487">
        <ele>133.0</ele>
      </trkpt>
      <trkpt lat="45.686866" lon="10.660422">
        <ele>132.0</ele>
      </trkpt>
      <trkpt lat="45.686787" lon="10.660342">
        <ele>133.0</ele>
      </trkpt>
      <trkpt lat="45.686698" lon="10.660294">
        <ele>133.0</ele>
      </trkpt>
      <trkpt lat="45.686596" lon="10.660231">
        <ele>133.0</ele>
      </trkpt>
      <trkpt lat="45.686511" lon="10.660166">
        <ele>133.0</ele>
      </trkpt>
      <trkpt lat="45.686436" lon="10.660089">
        <ele>133.0</ele>
      </trkpt>
      <trkpt lat="45.686358" lon="10.660022">
        <ele>133.0</ele>
      </trkpt>
      <trkpt lat="45.686263" lon="10.659948">
        <ele>133.0</ele>
      </trkpt>
      <trkpt lat="45.686149" lon="10.659894">
        <ele>133.0</ele>
      </trkpt>
      <trkpt lat="45.686071" lon="10.659821">
        <ele>131.0</ele>
      </trkpt>
      <trkpt lat="45.685974" lon="10.65978">
        <ele>129.0</ele>
      </trkpt>
      <trkpt lat="45.685903" lon="10.659692">
        <ele>129.0</ele>
      </trkpt>
      <trkpt lat="45.685815" lon="10.659664">
        <ele>128.0</ele>
      </trkpt>
      <trkpt lat="45.685713" lon="10.659593">
        <ele>128.0</ele>
      </trkpt>
      <trkpt lat="45.685624" lon="10.659554">
        <ele>128.0</ele>
      </trkpt>
      <trkpt lat="45.685446" lon="10.659408">
        <ele>127.0</ele>
      </trkpt>
      <trkpt lat="45.685349" lon="10.659329">
        <ele>127.0</ele>
      </trkpt>
      <trkpt lat="45.685226" lon="10.659242">
        <ele>126.0</ele>
      </trkpt>
      <trkpt lat="45.685149" lon="10.659143">
        <ele>125.0</ele>
      </trkpt>
      <trkpt lat="45.685068" lon="10.659053">
        <ele>125.0</ele>
      </trkpt>
      <trkpt lat="45.684974" lon="10.659013">
        <ele>124.0</ele>
      </trkpt>
      <trkpt lat="45.684893" lon="10.658949">
        <ele>123.0</ele>
      </trkpt>
      <trkpt lat="45.684778" lon="10.658915">
        <ele>123.0</ele>
      </trkpt>
      <trkpt lat="45.684681" lon="10.658853">
        <ele>122.0</ele>
      </trkpt>
      <trkpt lat="45.684591" lon="10.658865">
        <ele>122.0</ele>
      </trkpt>
      <trkpt lat="45.684497" lon="10.658866">
        <ele>121.0</ele>
      </trkpt>
      <trkpt lat="45.684406" lon="10.658904">
        <ele>120.0</ele>
      </trkpt>
      <trkpt lat="45.684291" lon="10.658927">
        <ele>119.0</ele>
      </trkpt>
      <trkpt lat="45.684199" lon="10.658946">
        <ele>119.0</ele>
      </trkpt>
      <trkpt lat="45.684086" lon="10.65895">
        <ele>118.0</ele>
      </trkpt>
      <trkpt lat="45.683995" lon="10.658901">
        <ele>118.0</ele>
      </trkpt>
      <trkpt lat="45.683906" lon="10.658848">
        <ele>118.0</ele>
      </trkpt>
      <trkpt lat="45.683837" lon="10.658755">
        <ele>119.0</ele>
      </trkpt>
      <trkpt lat="45.683757" lon="10.658673">
        <ele>119.0</ele>
      </trkpt>
      <trkpt lat="45.683701" lon="10.658554">
        <ele>121.0</ele>
      </trkpt>
      <trkpt lat="45.683624" lon="10.658446">
        <ele>121.0</ele>
      </trkpt>
      <trkpt lat="45.683536" lon="10.65832">
        <ele>121.0</ele>
      </trkpt>
      <trkpt lat="45.683428" lon="10.658249">
        <ele>121.0</ele>
      </trkpt>
      <trkpt lat="45.683329" lon="10.658132">
        <ele>121.0</ele>
      </trkpt>
      <trkpt lat="45.683226" lon="10.657994">
        <ele>121.0</ele>
      </trkpt>
      <trkpt lat="45.68315" lon="10.657889">
        <ele>121.0</ele>
      </trkpt>
      <trkpt lat="45.683016" lon="10.65772">
        <ele>126.0</ele>
      </trkpt>
      <trkpt lat="45.682922" lon="10.657602">
        <ele>128.0</ele>
      </trkpt>
      <trkpt lat="45.682861" lon="10.657479">
        <ele>128.0</ele>
      </trkpt>
      <trkpt lat="45.682791" lon="10.657357">
        <ele>127.0</ele>
      </trkpt>
      <trkpt lat="45.682718" lon="10.657219">
        <ele>127.0</ele>
      </trkpt>
      <trkpt lat="45.682616" lon="10.657103">
        <ele>124.0</ele>
      </trkpt>
      <trkpt lat="45.682549" lon="10.657004">
        <ele>123.0</ele>
      </trkpt>
      <trkpt lat="45.682471" lon="10.656926">
        <ele>122.0</ele>
      </trkpt>
      <trkpt lat="45.68237" lon="10.656801">
        <ele>131.0</ele>
      </trkpt>
      <trkpt lat="45.682264" lon="10.65665">
        <ele>128.0</ele>
      </trkpt>
      <trkpt lat="45.68218" lon="10.656533">
        <ele>127.0</ele>
      </trkpt>
      <trkpt lat="45.682103" lon="10.656391">
        <ele>126.0</ele>
      </trkpt>
      <trkpt lat="45.682049" lon="10.656283">
        <ele>125.0</ele>
      </trkpt>
      <trkpt lat="45.682032" lon="10.656144">
        <ele>125.0</ele>
      </trkpt>
      <trkpt lat="45.681986" lon="10.656023">
        <ele>124.0</ele>
      </trkpt>
      <trkpt lat="45.681882" lon="10.655928">
        <ele>124.0</ele>
      </trkpt>
      <trkpt lat="45.68184" lon="10.65581">
        <ele>122.0</ele>
      </trkpt>
      <trkpt lat="45.681779" lon="10.655704">
        <ele>121.0</ele>
      </trkpt>
      <trkpt lat="45.681729" lon="10.655585">
        <ele>120.0</ele>
      </trkpt>
      <trkpt lat="45.681682" lon="10.65547">
        <ele>120.0</ele>
      </trkpt>
      <trkpt lat="45.681596" lon="10.65539">
        <ele>120.0</ele>
      </trkpt>
      <trkpt lat="45.681488" lon="10.655289">
        <ele>120.0</ele>
      </trkpt>
      <trkpt lat="45.681406" lon="10.6552">
        <ele>120.0</ele>
      </trkpt>
      <trkpt lat="45.681316" lon="10.655139">
        <ele>121.0</ele>
      </trkpt>
      <trkpt lat="45.68124" lon="10.655053">
        <ele>121.0</ele>
      </trkpt>
      <trkpt lat="45.681158" lon="10.654999">
        <ele>121.0</ele>
      </trkpt>
      <trkpt lat="45.681054" lon="10.654907">
        <ele>121.0</ele>
      </trkpt>
      <trkpt lat="45.680961" lon="10.654851">
        <ele>121.0</ele>
      </trkpt>
      <trkpt lat="45.68088" lon="10.654794">
        <ele>121.0</ele>
      </trkpt>
      <trkpt lat="45.680795" lon="10.65475">
        <ele>120.0</ele>
      </trkpt>
      <trkpt lat="45.680717" lon="10.654658">
        <ele>121.0</ele>
      </trkpt>
      <trkpt lat="45.680621" lon="10.654587">
        <ele>121.0</ele>
      </trkpt>
      <trkpt lat="45.68053" lon="10.65452">
        <ele>122.0</ele>
      </trkpt>
      <trkpt lat="45.680443" lon="10.65447">
        <ele>123.0</ele>
      </trkpt>
      <trkpt lat="45.680361" lon="10.654407">
        <ele>123.0</ele>
      </trkpt>
      <trkpt lat="45.680273" lon="10.654332">
        <ele>124.0</ele>
      </trkpt>
      <trkpt lat="45.680139" lon="10.654244">
        <ele>123.0</ele>
      </trkpt>
      <trkpt lat="45.680059" lon="10.654162">
        <ele>123.0</ele>
      </trkpt>
      <trkpt lat="45.67997" lon="10.654105">
        <ele>124.0</ele>
      </trkpt>
      <trkpt lat="45.679875" lon="10.65406">
        <ele>125.0</ele>
      </trkpt>
      <trkpt lat="45.679779" lon="10.654055">
        <ele>125.0</ele>
      </trkpt>
      <trkpt lat="45.679706" lon="10.653934">
        <ele>125.0</ele>
      </trkpt>
      <trkpt lat="45.679586" lon="10.653892">
        <ele>125.0</ele>
      </trkpt>
      <trkpt lat="45.679481" lon="10.653888">
        <ele>125.0</ele>
      </trkpt>
      <trkpt lat="45.679311" lon="10.653871">
        <ele>124.0</ele>
      </trkpt>
      <trkpt lat="45.679217" lon="10.653838">
        <ele>125.0</ele>
      </trkpt>
      <trkpt lat="45.679125" lon="10.653836">
        <ele>126.0</ele>
      </trkpt>
      <trkpt lat="45.67903" lon="10.653808">
        <ele>127.0</ele>
      </trkpt>
      <trkpt lat="45.678951" lon="10.653473">
        <ele>122.0</ele>
      </trkpt>
      <trkpt lat="45.678884" lon="10.653363">
        <ele>121.0</ele>
      </trkpt>
      <trkpt lat="45.678817" lon="10.65327">
        <ele>120.0</ele>
      </trkpt>
      <trkpt lat="45.678752" lon="10.653154">
        <ele>120.0</ele>
      </trkpt>
      <trkpt lat="45.678692" lon="10.653042">
        <ele>122.0</ele>
      </trkpt>
      <trkpt lat="45.67862" lon="10.652952">
        <ele>122.0</ele>
      </trkpt>
      <trkpt lat="45.678497" lon="10.65288">
        <ele>123.0</ele>
      </trkpt>
      <trkpt lat="45.678404" lon="10.652843">
        <ele>123.0</ele>
      </trkpt>
      <trkpt lat="45.678317" lon="10.652788">
        <ele>123.0</ele>
      </trkpt>
      <trkpt lat="45.678253" lon="10.652689">
        <ele>123.0</ele>
      </trkpt>
      <trkpt lat="45.67825" lon="10.652551">
        <ele>124.0</ele>
      </trkpt>
      <trkpt lat="45.678236" lon="10.652414">
        <ele>126.0</ele>
      </trkpt>
      <trkpt lat="45.678206" lon="10.652276">
        <ele>127.0</ele>
      </trkpt>
      <trkpt lat="45.678234" lon="10.652153">
        <ele>129.0</ele>
      </trkpt>
      <trkpt lat="45.678231" lon="10.652014">
        <ele>130.0</ele>
      </trkpt>
      <trkpt lat="45.678248" lon="10.651877">
        <ele>130.0</ele>
      </trkpt>
      <trkpt lat="45.678214" lon="10.651737">
        <ele>132.0</ele>
      </trkpt>
      <trkpt lat="45.678135" lon="10.651648">
        <ele>133.0</ele>
      </trkpt>
      <trkpt lat="45.67808" lon="10.651541">
        <ele>135.0</ele>
      </trkpt>
      <trkpt lat="45.678047" lon="10.651413">
        <ele>135.0</ele>
      </trkpt>
      <trkpt lat="45.678017" lon="10.65129">
        <ele>136.0</ele>
      </trkpt>
      <trkpt lat="45.677998" lon="10.65116">
        <ele>137.0</ele>
      </trkpt>
      <trkpt lat="45.678028" lon="10.65102">
        <ele>139.0</ele>
      </trkpt>
      <trkpt lat="45.678004" lon="10.650885">
        <ele>140.0</ele>
      </trkpt>
      <trkpt lat="45.678022" lon="10.650744">
        <ele>142.0</ele>
      </trkpt>
      <trkpt lat="45.678033" lon="10.650604">
        <ele>146.0</ele>
      </trkpt>
      <trkpt lat="45.678095" lon="10.650498">
        <ele>148.0</ele>
      </trkpt>
      <trkpt lat="45.678093" lon="10.650323">
        <ele>151.0</ele>
      </trkpt>
      <trkpt lat="45.678059" lon="10.650197">
        <ele>152.0</ele>
      </trkpt>
      <trkpt lat="45.67798" lon="10.650074">
        <ele>154.0</ele>
      </trkpt>
      <trkpt lat="45.67787" lon="10.65002">
        <ele>156.0</ele>
      </trkpt>
      <trkpt lat="45.677815" lon="10.649916">
        <ele>158.0</ele>
      </trkpt>
      <trkpt lat="45.677838" lon="10.649787">
        <ele>158.0</ele>
      </trkpt>
      <trkpt lat="45.677875" lon="10.649659">
        <ele>158.0</ele>
      </trkpt>
      <trkpt lat="45.677904" lon="10.649526">
        <ele>158.0</ele>
      </trkpt>
      <trkpt lat="45.677911" lon="10.649382">
        <ele>158.0</ele>
      </trkpt>
      <trkpt lat="45.677896" lon="10.649249">
        <ele>160.0</ele>
      </trkpt>
      <trkpt lat="45.677798" lon="10.649247">
        <ele>164.0</ele>
      </trkpt>
      <trkpt lat="45.67772" lon="10.649318">
        <ele>164.0</ele>
      </trkpt>
      <trkpt lat="45.677633" lon="10.649263">
        <ele>166.0</ele>
      </trkpt>
      <trkpt lat="45.677527" lon="10.64922">
        <ele>168.0</ele>
      </trkpt>
      <trkpt lat="45.677435" lon="10.649185">
        <ele>169.0</ele>
      </trkpt>
      <trkpt lat="45.67736" lon="10.649091">
        <ele>168.0</ele>
      </trkpt>
      <trkpt lat="45.677294" lon="10.648995">
        <ele>170.0</ele>
      </trkpt>
      <trkpt lat="45.677224" lon="10.648862">
        <ele>170.0</ele>
      </trkpt>
      <trkpt lat="45.677123" lon="10.648831">
        <ele>170.0</ele>
      </trkpt>
      <trkpt lat="45.677037" lon="10.648775">
        <ele>169.0</ele>
      </trkpt>
      <trkpt lat="45.676954" lon="10.648719">
        <ele>169.0</ele>
      </trkpt>
      <trkpt lat="45.676881" lon="10.648624">
        <ele>168.0</ele>
      </trkpt>
      <trkpt lat="45.676786" lon="10.648527">
        <ele>168.0</ele>
      </trkpt>
      <trkpt lat="45.676706" lon="10.64846">
        <ele>168.0</ele>
      </trkpt>
      <trkpt lat="45.676609" lon="10.648408">
        <ele>168.0</ele>
      </trkpt>
      <trkpt lat="45.676521" lon="10.648358">
        <ele>168.0</ele>
      </trkpt>
      <trkpt lat="45.676436" lon="10.64831">
        <ele>169.0</ele>
      </trkpt>
      <trkpt lat="45.676355" lon="10.648247">
        <ele>169.0</ele>
      </trkpt>
      <trkpt lat="45.676274" lon="10.648172">
        <ele>169.0</ele>
      </trkpt>
      <trkpt lat="45.676196" lon="10.648098">
        <ele>170.0</ele>
      </trkpt>
      <trkpt lat="45.676101" lon="10.648039">
        <ele>170.0</ele>
      </trkpt>
      <trkpt lat="45.676018" lon="10.647973">
        <ele>170.0</ele>
      </trkpt>
      <trkpt lat="45.675938" lon="10.64791">
        <ele>170.0</ele>
      </trkpt>
      <trkpt lat="45.675847" lon="10.647893">
        <ele>170.0</ele>
      </trkpt>
      <trkpt lat="45.675755" lon="10.647906">
        <ele>169.0</ele>
      </trkpt>
      <trkpt lat="45.675663" lon="10.647896">
        <ele>170.0</ele>
      </trkpt>
      <trkpt lat="45.675562" lon="10.647889">
        <ele>172.0</ele>
      </trkpt>
      <trkpt lat="45.675484" lon="10.647822">
        <ele>173.0</ele>
      </trkpt>
      <trkpt lat="45.675418" lon="10.647729">
        <ele>174.0</ele>
      </trkpt>
      <trkpt lat="45.675323" lon="10.647687">
        <ele>175.0</ele>
      </trkpt>
      <trkpt lat="45.675255" lon="10.6476">
        <ele>177.0</ele>
      </trkpt>
      <trkpt lat="45.675126" lon="10.647567">
        <ele>178.0</ele>
      </trkpt>
      <trkpt lat="45.674966" lon="10.64746">
        <ele>179.0</ele>
      </trkpt>
      <trkpt lat="45.674874" lon="10.647427">
        <ele>180.0</ele>
      </trkpt>
      <trkpt lat="45.674784" lon="10.647394">
        <ele>181.0</ele>
      </trkpt>
      <trkpt lat="45.674684" lon="10.647358">
        <ele>183.0</ele>
      </trkpt>
      <trkpt lat="45.67459" lon="10.647334">
        <ele>184.0</ele>
      </trkpt>
      <trkpt lat="45.674536" lon="10.647209">
        <ele>185.0</ele>
      </trkpt>
      <trkpt lat="45.674464" lon="10.64712">
        <ele>185.0</ele>
      </trkpt>
      <trkpt lat="45.674406" lon="10.646998">
        <ele>186.0</ele>
      </trkpt>
      <trkpt lat="45.674334" lon="10.646906">
        <ele>187.0</ele>
      </trkpt>
      <trkpt lat="45.674291" lon="10.646787">
        <ele>187.0</ele>
      </trkpt>
      <trkpt lat="45.674236" lon="10.646678">
        <ele>188.0</ele>
      </trkpt>
      <trkpt lat="45.674189" lon="10.646562">
        <ele>190.0</ele>
      </trkpt>
      <trkpt lat="45.674138" lon="10.646437">
        <ele>191.0</ele>
      </trkpt>
      <trkpt lat="45.67415" lon="10.646308">
        <ele>192.0</ele>
      </trkpt>
      <trkpt lat="45.674143" lon="10.64617">
        <ele>191.0</ele>
      </trkpt>
      <trkpt lat="45.674085" lon="10.645921">
        <ele>192.0</ele>
      </trkpt>
      <trkpt lat="45.674055" lon="10.645779">
        <ele>192.0</ele>
      </trkpt>
      <trkpt lat="45.674021" lon="10.645639">
        <ele>193.0</ele>
      </trkpt>
      <trkpt lat="45.674024" lon="10.645495">
        <ele>194.0</ele>
      </trkpt>
      <trkpt lat="45.674006" lon="10.645352">
        <ele>195.0</ele>
      </trkpt>
      <trkpt lat="45.673945" lon="10.645061">
        <ele>197.0</ele>
      </trkpt>
      <trkpt lat="45.673885" lon="10.644936">
        <ele>198.0</ele>
      </trkpt>
      <trkpt lat="45.673818" lon="10.644837">
        <ele>199.0</ele>
      </trkpt>
      <trkpt lat="45.673758" lon="10.644712">
        <ele>201.0</ele>
      </trkpt>
      <trkpt lat="45.673675" lon="10.644657">
        <ele>204.0</ele>
      </trkpt>
      <trkpt lat="45.673593" lon="10.64456">
        <ele>205.0</ele>
      </trkpt>
      <trkpt lat="45.673514" lon="10.64448">
        <ele>205.0</ele>
      </trkpt>
      <trkpt lat="45.673445" lon="10.644383">
        <ele>206.0</ele>
      </trkpt>
      <trkpt lat="45.673389" lon="10.644277">
        <ele>207.0</ele>
      </trkpt>
      <trkpt lat="45.673389" lon="10.644146">
        <ele>208.0</ele>
      </trkpt>
      <trkpt lat="45.673346" lon="10.644019">
        <ele>209.0</ele>
      </trkpt>
      <trkpt lat="45.673301" lon="10.643907">
        <ele>211.0</ele>
      </trkpt>
      <trkpt lat="45.673222" lon="10.643826">
        <ele>213.0</ele>
      </trkpt>
      <trkpt lat="45.673148" lon="10.643752">
        <ele>214.0</ele>
      </trkpt>
      <trkpt lat="45.673048" lon="10.643671">
        <ele>217.0</ele>
      </trkpt>
      <trkpt lat="45.67296" lon="10.643637">
        <ele>220.0</ele>
      </trkpt>
      <trkpt lat="45.672914" lon="10.643524">
        <ele>223.0</ele>
      </trkpt>
      <trkpt lat="45.672824" lon="10.643466">
        <ele>223.0</ele>
      </trkpt>
      <trkpt lat="45.67275" lon="10.643369">
        <ele>224.0</ele>
      </trkpt>
      <trkpt lat="45.672775" lon="10.643233">
        <ele>224.0</ele>
      </trkpt>
      <trkpt lat="45.672822" lon="10.643104">
        <ele>225.0</ele>
      </trkpt>
      <trkpt lat="45.672874" lon="10.642988">
        <ele>226.0</ele>
      </trkpt>
      <trkpt lat="45.672917" lon="10.642856">
        <ele>228.0</ele>
      </trkpt>
      <trkpt lat="45.67298" lon="10.642711">
        <ele>230.0</ele>
      </trkpt>
      <trkpt lat="45.673096" lon="10.642433">
        <ele>242.0</ele>
      </trkpt>
      <trkpt lat="45.672997" lon="10.642394">
        <ele>244.0</ele>
      </trkpt>
      <trkpt lat="45.672835" lon="10.642308">
        <ele>245.0</ele>
      </trkpt>
      <trkpt lat="45.672725" lon="10.642234">
        <ele>246.0</ele>
      </trkpt>
      <trkpt lat="45.672619" lon="10.642171">
        <ele>246.0</ele>
      </trkpt>
      <trkpt lat="45.672534" lon="10.642118">
        <ele>246.0</ele>
      </trkpt>
      <trkpt lat="45.672459" lon="10.642036">
        <ele>245.0</ele>
      </trkpt>
      <trkpt lat="45.672364" lon="10.641958">
        <ele>244.0</ele>
      </trkpt>
      <trkpt lat="45.672278" lon="10.641914">
        <ele>244.0</ele>
      </trkpt>
      <trkpt lat="45.672178" lon="10.641909">
        <ele>244.0</ele>
      </trkpt>
      <trkpt lat="45.672089" lon="10.641959">
        <ele>244.0</ele>
      </trkpt>
      <trkpt lat="45.671981" lon="10.641934">
        <ele>243.0</ele>
      </trkpt>
      <trkpt lat="45.671891" lon="10.641906">
        <ele>243.0</ele>
      </trkpt>
      <trkpt lat="45.671795" lon="10.641884">
        <ele>243.0</ele>
      </trkpt>
      <trkpt lat="45.671682" lon="10.641866">
        <ele>243.0</ele>
      </trkpt>
      <trkpt lat="45.671595" lon="10.641824">
        <ele>242.0</ele>
      </trkpt>
      <trkpt lat="45.671509" lon="10.641772">
        <ele>242.0</ele>
      </trkpt>
      <trkpt lat="45.671468" lon="10.641654">
        <ele>242.0</ele>
      </trkpt>
      <trkpt lat="45.671459" lon="10.641503">
        <ele>241.0</ele>
      </trkpt>
      <trkpt lat="45.67143" lon="10.641366">
        <ele>240.0</ele>
      </trkpt>
      <trkpt lat="45.671331" lon="10.641369">
        <ele>241.0</ele>
      </trkpt>
      <trkpt lat="45.671213" lon="10.641439">
        <ele>241.0</ele>
      </trkpt>
      <trkpt lat="45.671122" lon="10.641438">
        <ele>241.0</ele>
      </trkpt>
      <trkpt lat="45.671015" lon="10.64141">
        <ele>241.0</ele>
      </trkpt>
      <trkpt lat="45.670925" lon="10.641343">
        <ele>241.0</ele>
      </trkpt>
      <trkpt lat="45.670855" lon="10.641237">
        <ele>242.0</ele>
      </trkpt>
      <trkpt lat="45.670762" lon="10.641149">
        <ele>242.0</ele>
      </trkpt>
      <trkpt lat="45.6707" lon="10.641046">
        <ele>243.0</ele>
      </trkpt>
      <trkpt lat="45.670616" lon="10.640989">
        <ele>243.0</ele>
      </trkpt>
      <trkpt lat="45.670519" lon="10.64095">
        <ele>243.0</ele>
      </trkpt>
      <trkpt lat="45.670429" lon="10.640881">
        <ele>243.0</ele>
      </trkpt>
      <trkpt lat="45.670366" lon="10.640778">
        <ele>243.0</ele>
      </trkpt>
      <trkpt lat="45.670301" lon="10.640677">
        <ele>244.0</ele>
      </trkpt>
      <trkpt lat="45.670241" lon="10.640572">
        <ele>244.0</ele>
      </trkpt>
      <trkpt lat="45.670177" lon="10.640478">
        <ele>244.0</ele>
      </trkpt>
      <trkpt lat="45.670089" lon="10.640442">
        <ele>245.0</ele>
      </trkpt>
      <trkpt lat="45.670011" lon="10.640373">
        <ele>245.0</ele>
      </trkpt>
      <trkpt lat="45.669936" lon="10.640295">
        <ele>245.0</ele>
      </trkpt>
      <trkpt lat="45.669855" lon="10.640217">
        <ele>245.0</ele>
      </trkpt>
      <trkpt lat="45.669778" lon="10.640121">
        <ele>246.0</ele>
      </trkpt>
      <trkpt lat="45.669714" lon="10.640029">
        <ele>246.0</ele>
      </trkpt>
      <trkpt lat="45.669642" lon="10.639951">
        <ele>246.0</ele>
      </trkpt>
      <trkpt lat="45.66956" lon="10.639866">
        <ele>246.0</ele>
      </trkpt>
      <trkpt lat="45.669482" lon="10.639776">
        <ele>246.0</ele>
      </trkpt>
      <trkpt lat="45.669372" lon="10.639804">
        <ele>247.0</ele>
      </trkpt>
      <trkpt lat="45.669298" lon="10.639714">
        <ele>249.0</ele>
      </trkpt>
      <trkpt lat="45.669215" lon="10.639646">
        <ele>249.0</ele>
      </trkpt>
      <trkpt lat="45.669141" lon="10.639554">
        <ele>250.0</ele>
      </trkpt>
      <trkpt lat="45.669062" lon="10.639487">
        <ele>251.0</ele>
      </trkpt>
      <trkpt lat="45.669003" lon="10.639387">
        <ele>253.0</ele>
      </trkpt>
      <trkpt lat="45.668908" lon="10.639345">
        <ele>254.0</ele>
      </trkpt>
      <trkpt lat="45.668795" lon="10.63928">
        <ele>254.0</ele>
      </trkpt>
      <trkpt lat="45.668723" lon="10.639192">
        <ele>255.0</ele>
      </trkpt>
      <trkpt lat="45.668669" lon="10.63907">
        <ele>257.0</ele>
      </trkpt>
      <trkpt lat="45.668604" lon="10.638955">
        <ele>261.0</ele>
      </trkpt>
      <trkpt lat="45.668529" lon="10.638869">
        <ele>261.0</ele>
      </trkpt>
      <trkpt lat="45.668437" lon="10.638791">
        <ele>262.0</ele>
      </trkpt>
      <trkpt lat="45.668362" lon="10.638713">
        <ele>263.0</ele>
      </trkpt>
      <trkpt lat="45.668267" lon="10.638656">
        <ele>264.0</ele>
      </trkpt>
      <trkpt lat="45.668174" lon="10.638594">
        <ele>265.0</ele>
      </trkpt>
      <trkpt lat="45.6681" lon="10.638512">
        <ele>266.0</ele>
      </trkpt>
      <trkpt lat="45.668016" lon="10.638439">
        <ele>268.0</ele>
      </trkpt>
      <trkpt lat="45.667974" lon="10.638319">
        <ele>269.0</ele>
      </trkpt>
      <trkpt lat="45.667946" lon="10.638189">
        <ele>270.0</ele>
      </trkpt>
      <trkpt lat="45.667897" lon="10.638071">
        <ele>272.0</ele>
      </trkpt>
      <trkpt lat="45.667862" lon="10.637938">
        <ele>273.0</ele>
      </trkpt>
      <trkpt lat="45.66782" lon="10.637809">
        <ele>274.0</ele>
      </trkpt>
      <trkpt lat="45.667735" lon="10.637727">
        <ele>275.0</ele>
      </trkpt>
      <trkpt lat="45.667635" lon="10.637707">
        <ele>276.0</ele>
      </trkpt>
      <trkpt lat="45.667551" lon="10.637635">
        <ele>277.0</ele>
      </trkpt>
      <trkpt lat="45.667474" lon="10.637547">
        <ele>277.0</ele>
      </trkpt>
      <trkpt lat="45.667422" lon="10.63744">
        <ele>278.0</ele>
      </trkpt>
      <trkpt lat="45.667365" lon="10.63732">
        <ele>279.0</ele>
      </trkpt>
      <trkpt lat="45.66726" lon="10.637211">
        <ele>296.0</ele>
      </trkpt>
      <trkpt lat="45.667172" lon="10.637266">
        <ele>291.0</ele>
      </trkpt>
      <trkpt lat="45.667053" lon="10.637241">
        <ele>290.0</ele>
      </trkpt>
      <trkpt lat="45.666956" lon="10.637216">
        <ele>289.0</ele>
      </trkpt>
      <trkpt lat="45.666835" lon="10.637214">
        <ele>288.0</ele>
      </trkpt>
      <trkpt lat="45.666744" lon="10.637181">
        <ele>287.0</ele>
      </trkpt>
      <trkpt lat="45.666649" lon="10.637073">
        <ele>286.0</ele>
      </trkpt>
      <trkpt lat="45.666564" lon="10.63702">
        <ele>285.0</ele>
      </trkpt>
      <trkpt lat="45.666485" lon="10.636951">
        <ele>284.0</ele>
      </trkpt>
      <trkpt lat="45.666393" lon="10.636903">
        <ele>284.0</ele>
      </trkpt>
      <trkpt lat="45.666317" lon="10.636831">
        <ele>284.0</ele>
      </trkpt>
      <trkpt lat="45.666226" lon="10.636818">
        <ele>283.0</ele>
      </trkpt>
      <trkpt lat="45.666168" lon="10.636708">
        <ele>284.0</ele>
      </trkpt>
      <trkpt lat="45.666106" lon="10.636614">
        <ele>284.0</ele>
      </trkpt>
      <trkpt lat="45.666056" lon="10.63649">
        <ele>284.0</ele>
      </trkpt>
      <trkpt lat="45.66598" lon="10.636391">
        <ele>284.0</ele>
      </trkpt>
      <trkpt lat="45.665918" lon="10.636276">
        <ele>284.0</ele>
      </trkpt>
      <trkpt lat="45.665842" lon="10.636184">
        <ele>284.0</ele>
      </trkpt>
      <trkpt lat="45.665764" lon="10.636096">
        <ele>285.0</ele>
      </trkpt>
      <trkpt lat="45.665694" lon="10.636013">
        <ele>285.0</ele>
      </trkpt>
      <trkpt lat="45.665624" lon="10.63593">
        <ele>286.0</ele>
      </trkpt>
      <trkpt lat="45.665543" lon="10.635837">
        <ele>287.0</ele>
      </trkpt>
      <trkpt lat="45.665476" lon="10.635746">
        <ele>287.0</ele>
      </trkpt>
      <trkpt lat="45.665414" lon="10.635644">
        <ele>287.0</ele>
      </trkpt>
      <trkpt lat="45.665349" lon="10.635537">
        <ele>287.0</ele>
      </trkpt>
      <trkpt lat="45.665275" lon="10.635455">
        <ele>285.0</ele>
      </trkpt>
      <trkpt lat="45.665204" lon="10.635374">
        <ele>285.0</ele>
      </trkpt>
      <trkpt lat="45.665132" lon="10.635287">
        <ele>285.0</ele>
      </trkpt>
      <trkpt lat="45.665049" lon="10.635207">
        <ele>285.0</ele>
      </trkpt>
      <trkpt lat="45.664973" lon="10.635122">
        <ele>285.0</ele>
      </trkpt>
      <trkpt lat="45.664928" lon="10.63501">
        <ele>284.0</ele>
      </trkpt>
      <trkpt lat="45.66488" lon="10.634899">
        <ele>283.0</ele>
      </trkpt>
      <trkpt lat="45.664876" lon="10.63475">
        <ele>282.0</ele>
      </trkpt>
      <trkpt lat="45.664836" lon="10.634625">
        <ele>281.0</ele>
      </trkpt>
      <trkpt lat="45.664768" lon="10.63452">
        <ele>281.0</ele>
      </trkpt>
      <trkpt lat="45.664704" lon="10.634422">
        <ele>281.0</ele>
      </trkpt>
      <trkpt lat="45.664659" lon="10.634308">
        <ele>280.0</ele>
      </trkpt>
      <trkpt lat="45.664622" lon="10.63416">
        <ele>279.0</ele>
      </trkpt>
      <trkpt lat="45.664566" lon="10.634045">
        <ele>279.0</ele>
      </trkpt>
      <trkpt lat="45.66447" lon="10.633957">
        <ele>280.0</ele>
      </trkpt>
      <trkpt lat="45.664421" lon="10.633841">
        <ele>280.0</ele>
      </trkpt>
      <trkpt lat="45.664375" lon="10.633729">
        <ele>280.0</ele>
      </trkpt>
      <trkpt lat="45.664298" lon="10.633634">
        <ele>280.0</ele>
      </trkpt>
      <trkpt lat="45.664237" lon="10.633536">
        <ele>281.0</ele>
      </trkpt>
      <trkpt lat="45.664196" lon="10.633408">
        <ele>281.0</ele>
      </trkpt>
      <trkpt lat="45.664148" lon="10.633287">
        <ele>284.0</ele>
      </trkpt>
      <trkpt lat="45.664136" lon="10.633159">
        <ele>285.0</ele>
      </trkpt>
      <trkpt lat="45.664129" lon="10.633019">
        <ele>286.0</ele>
      </trkpt>
      <trkpt lat="45.664099" lon="10.632892">
        <ele>287.0</ele>
      </trkpt>
      <trkpt lat="45.664052" lon="10.632769">
        <ele>287.0</ele>
      </trkpt>
      <trkpt lat="45.663965" lon="10.632693">
        <ele>288.0</ele>
      </trkpt>
      <trkpt lat="45.66383" lon="10.632529">
        <ele>290.0</ele>
      </trkpt>
      <trkpt lat="45.663752" lon="10.632458">
        <ele>290.0</ele>
      </trkpt>
      <trkpt lat="45.663675" lon="10.63238">
        <ele>289.0</ele>
      </trkpt>
      <trkpt lat="45.663581" lon="10.632336">
        <ele>289.0</ele>
      </trkpt>
      <trkpt lat="45.663519" lon="10.63223">
        <ele>289.0</ele>
      </trkpt>
      <trkpt lat="45.663461" lon="10.632124">
        <ele>290.0</ele>
      </trkpt>
      <trkpt lat="45.663419" lon="10.632006">
        <ele>290.0</ele>
      </trkpt>
      <trkpt lat="45.663346" lon="10.631915">
        <ele>289.0</ele>
      </trkpt>
      <trkpt lat="45.663283" lon="10.631808">
        <ele>289.0</ele>
      </trkpt>
      <trkpt lat="45.663225" lon="10.631706">
        <ele>289.0</ele>
      </trkpt>
      <trkpt lat="45.663109" lon="10.631494">
        <ele>288.0</ele>
      </trkpt>
      <trkpt lat="45.663037" lon="10.631381">
        <ele>287.0</ele>
      </trkpt>
      <trkpt lat="45.662977" lon="10.631252">
        <ele>287.0</ele>
      </trkpt>
      <trkpt lat="45.662915" lon="10.631155">
        <ele>286.0</ele>
      </trkpt>
      <trkpt lat="45.662828" lon="10.631079">
        <ele>286.0</ele>
      </trkpt>
      <trkpt lat="45.662744" lon="10.631014">
        <ele>286.0</ele>
      </trkpt>
      <trkpt lat="45.662654" lon="10.630993">
        <ele>284.0</ele>
      </trkpt>
      <trkpt lat="45.662557" lon="10.630933">
        <ele>283.0</ele>
      </trkpt>
      <trkpt lat="45.662482" lon="10.630849">
        <ele>281.0</ele>
      </trkpt>
      <trkpt lat="45.662452" lon="10.630723">
        <ele>280.0</ele>
      </trkpt>
      <trkpt lat="45.662414" lon="10.630588">
        <ele>280.0</ele>
      </trkpt>
      <trkpt lat="45.662378" lon="10.630467">
        <ele>279.0</ele>
      </trkpt>
      <trkpt lat="45.662297" lon="10.630375">
        <ele>278.0</ele>
      </trkpt>
      <trkpt lat="45.662219" lon="10.630305">
        <ele>278.0</ele>
      </trkpt>
      <trkpt lat="45.662134" lon="10.630246">
        <ele>278.0</ele>
      </trkpt>
      <trkpt lat="45.662052" lon="10.63018">
        <ele>277.0</ele>
      </trkpt>
      <trkpt lat="45.661966" lon="10.630098">
        <ele>277.0</ele>
      </trkpt>
      <trkpt lat="45.661888" lon="10.63">
        <ele>277.0</ele>
      </trkpt>
      <trkpt lat="45.661852" lon="10.629865">
        <ele>276.0</ele>
      </trkpt>
      <trkpt lat="45.66181" lon="10.629742">
        <ele>277.0</ele>
      </trkpt>
      <trkpt lat="45.661828" lon="10.629607">
        <ele>278.0</ele>
      </trkpt>
      <trkpt lat="45.661793" lon="10.62947">
        <ele>280.0</ele>
      </trkpt>
      <trkpt lat="45.661716" lon="10.629383">
        <ele>281.0</ele>
      </trkpt>
      <trkpt lat="45.661654" lon="10.629278">
        <ele>282.0</ele>
      </trkpt>
      <trkpt lat="45.661602" lon="10.62917">
        <ele>283.0</ele>
      </trkpt>
      <trkpt lat="45.661537" lon="10.629063">
        <ele>283.0</ele>
      </trkpt>
      <trkpt lat="45.661507" lon="10.628914">
        <ele>284.0</ele>
      </trkpt>
      <trkpt lat="45.66148" lon="10.628767">
        <ele>284.0</ele>
      </trkpt>
      <trkpt lat="45.661412" lon="10.62867">
        <ele>284.0</ele>
      </trkpt>
      <trkpt lat="45.661382" lon="10.628543">
        <ele>284.0</ele>
      </trkpt>
      <trkpt lat="45.661326" lon="10.628438">
        <ele>285.0</ele>
      </trkpt>
      <trkpt lat="45.661273" lon="10.628304">
        <ele>286.0</ele>
      </trkpt>
      <trkpt lat="45.661236" lon="10.628183">
        <ele>287.0</ele>
      </trkpt>
      <trkpt lat="45.661196" lon="10.62806">
        <ele>288.0</ele>
      </trkpt>
      <trkpt lat="45.661162" lon="10.627933">
        <ele>291.0</ele>
      </trkpt>
      <trkpt lat="45.661162" lon="10.627799">
        <ele>292.0</ele>
      </trkpt>
      <trkpt lat="45.661123" lon="10.62766">
        <ele>295.0</ele>
      </trkpt>
      <trkpt lat="45.661122" lon="10.627401">
        <ele>299.0</ele>
      </trkpt>
      <trkpt lat="45.661149" lon="10.627266">
        <ele>301.0</ele>
      </trkpt>
      <trkpt lat="45.661183" lon="10.627127">
        <ele>302.0</ele>
      </trkpt>
      <trkpt lat="45.661236" lon="10.627016">
        <ele>304.0</ele>
      </trkpt>
      <trkpt lat="45.661249" lon="10.626878">
        <ele>306.0</ele>
      </trkpt>
      <trkpt lat="45.66116" lon="10.626645">
        <ele>308.0</ele>
      </trkpt>
      <trkpt lat="45.661073" lon="10.626595">
        <ele>309.0</ele>
      </trkpt>
      <trkpt lat="45.66099" lon="10.626519">
        <ele>310.0</ele>
      </trkpt>
      <trkpt lat="45.66093" lon="10.626421">
        <ele>311.0</ele>
      </trkpt>
      <trkpt lat="45.660866" lon="10.62633">
        <ele>312.0</ele>
      </trkpt>
      <trkpt lat="45.660774" lon="10.626289">
        <ele>313.0</ele>
      </trkpt>
      <trkpt lat="45.660694" lon="10.626222">
        <ele>313.0</ele>
      </trkpt>
      <trkpt lat="45.660608" lon="10.626154">
        <ele>313.0</ele>
      </trkpt>
      <trkpt lat="45.660531" lon="10.62607">
        <ele>312.0</ele>
      </trkpt>
      <trkpt lat="45.660457" lon="10.625985">
        <ele>312.0</ele>
      </trkpt>
      <trkpt lat="45.660303" lon="10.625845">
        <ele>312.0</ele>
      </trkpt>
      <trkpt lat="45.660223" lon="10.625776">
        <ele>313.0</ele>
      </trkpt>
      <trkpt lat="45.660133" lon="10.625728">
        <ele>313.0</ele>
      </trkpt>
      <trkpt lat="45.660044" lon="10.625708">
        <ele>313.0</ele>
      </trkpt>
      <trkpt lat="45.659947" lon="10.625671">
        <ele>312.0</ele>
      </trkpt>
      <trkpt lat="45.659851" lon="10.625652">
        <ele>312.0</ele>
      </trkpt>
      <trkpt lat="45.659747" lon="10.625621">
        <ele>311.0</ele>
      </trkpt>
      <trkpt lat="45.659647" lon="10.625605">
        <ele>311.0</ele>
      </trkpt>
      <trkpt lat="45.65956" lon="10.625548">
        <ele>311.0</ele>
      </trkpt>
      <trkpt lat="45.659463" lon="10.625504">
        <ele>311.0</ele>
      </trkpt>
      <trkpt lat="45.659288" lon="10.625438">
        <ele>313.0</ele>
      </trkpt>
      <trkpt lat="45.659211" lon="10.625371">
        <ele>313.0</ele>
      </trkpt>
      <trkpt lat="45.659128" lon="10.625293">
        <ele>313.0</ele>
      </trkpt>
      <trkpt lat="45.659044" lon="10.625207">
        <ele>315.0</ele>
      </trkpt>
      <trkpt lat="45.658975" lon="10.625075">
        <ele>315.0</ele>
      </trkpt>
      <trkpt lat="45.658911" lon="10.624961">
        <ele>315.0</ele>
      </trkpt>
      <trkpt lat="45.658854" lon="10.624848">
        <ele>314.0</ele>
      </trkpt>
      <trkpt lat="45.658797" lon="10.624739">
        <ele>314.0</ele>
      </trkpt>
      <trkpt lat="45.658723" lon="10.62464">
        <ele>313.0</ele>
      </trkpt>
      <trkpt lat="45.658652" lon="10.624552">
        <ele>312.0</ele>
      </trkpt>
      <trkpt lat="45.658565" lon="10.624491">
        <ele>311.0</ele>
      </trkpt>
      <trkpt lat="45.658501" lon="10.624378">
        <ele>311.0</ele>
      </trkpt>
      <trkpt lat="45.658449" lon="10.624267">
        <ele>311.0</ele>
      </trkpt>
      <trkpt lat="45.658381" lon="10.624168">
        <ele>311.0</ele>
      </trkpt>
      <trkpt lat="45.658332" lon="10.624058">
        <ele>311.0</ele>
      </trkpt>
      <trkpt lat="45.658279" lon="10.623946">
        <ele>311.0</ele>
      </trkpt>
      <trkpt lat="45.65825" lon="10.623809">
        <ele>312.0</ele>
      </trkpt>
      <trkpt lat="45.6582" lon="10.6237">
        <ele>312.0</ele>
      </trkpt>
      <trkpt lat="45.658113" lon="10.623629">
        <ele>313.0</ele>
      </trkpt>
      <trkpt lat="45.658045" lon="10.623536">
        <ele>313.0</ele>
      </trkpt>
      <trkpt lat="45.657975" lon="10.623445">
        <ele>313.0</ele>
      </trkpt>
      <trkpt lat="45.657913" lon="10.623341">
        <ele>313.0</ele>
      </trkpt>
      <trkpt lat="45.657834" lon="10.623264">
        <ele>314.0</ele>
      </trkpt>
      <trkpt lat="45.657753" lon="10.623179">
        <ele>314.0</ele>
      </trkpt>
      <trkpt lat="45.65769" lon="10.623061">
        <ele>314.0</ele>
      </trkpt>
      <trkpt lat="45.657632" lon="10.622953">
        <ele>315.0</ele>
      </trkpt>
      <trkpt lat="45.657556" lon="10.622857">
        <ele>316.0</ele>
      </trkpt>
      <trkpt lat="45.657491" lon="10.622761">
        <ele>318.0</ele>
      </trkpt>
      <trkpt lat="45.657424" lon="10.62266">
        <ele>319.0</ele>
      </trkpt>
      <trkpt lat="45.657345" lon="10.622577">
        <ele>320.0</ele>
      </trkpt>
      <trkpt lat="45.657285" lon="10.622458">
        <ele>321.0</ele>
      </trkpt>
      <trkpt lat="45.65724" lon="10.622343">
        <ele>322.0</ele>
      </trkpt>
      <trkpt lat="45.657158" lon="10.622109">
        <ele>323.0</ele>
      </trkpt>
      <trkpt lat="45.657137" lon="10.62198">
        <ele>323.0</ele>
      </trkpt>
      <trkpt lat="45.657092" lon="10.621862">
        <ele>324.0</ele>
      </trkpt>
      <trkpt lat="45.657072" lon="10.621719">
        <ele>325.0</ele>
      </trkpt>
      <trkpt lat="45.657025" lon="10.621463">
        <ele>325.0</ele>
      </trkpt>
      <trkpt lat="45.657014" lon="10.621331">
        <ele>326.0</ele>
      </trkpt>
      <trkpt lat="45.656992" lon="10.621193">
        <ele>326.0</ele>
      </trkpt>
      <trkpt lat="45.656977" lon="10.621044">
        <ele>327.0</ele>
      </trkpt>
      <trkpt lat="45.656954" lon="10.620917">
        <ele>327.0</ele>
      </trkpt>
      <trkpt lat="45.656897" lon="10.620814">
        <ele>327.0</ele>
      </trkpt>
      <trkpt lat="45.656852" lon="10.620685">
        <ele>328.0</ele>
      </trkpt>
      <trkpt lat="45.65679" lon="10.620582">
        <ele>327.0</ele>
      </trkpt>
      <trkpt lat="45.656756" lon="10.620452">
        <ele>328.0</ele>
      </trkpt>
      <trkpt lat="45.656714" lon="10.620337">
        <ele>328.0</ele>
      </trkpt>
      <trkpt lat="45.656657" lon="10.620227">
        <ele>328.0</ele>
      </trkpt>
      <trkpt lat="45.656615" lon="10.6201">
        <ele>329.0</ele>
      </trkpt>
      <trkpt lat="45.656569" lon="10.619973">
        <ele>329.0</ele>
      </trkpt>
      <trkpt lat="45.656502" lon="10.61986">
        <ele>329.0</ele>
      </trkpt>
      <trkpt lat="45.656466" lon="10.619726">
        <ele>329.0</ele>
      </trkpt>
      <trkpt lat="45.656425" lon="10.619606">
        <ele>329.0</ele>
      </trkpt>
      <trkpt lat="45.65638" lon="10.619468">
        <ele>329.0</ele>
      </trkpt>
      <trkpt lat="45.656338" lon="10.619343">
        <ele>329.0</ele>
      </trkpt>
      <trkpt lat="45.656311" lon="10.619205">
        <ele>330.0</ele>
      </trkpt>
      <trkpt lat="45.656258" lon="10.619084">
        <ele>330.0</ele>
      </trkpt>
      <trkpt lat="45.656213" lon="10.618951">
        <ele>331.0</ele>
      </trkpt>
      <trkpt lat="45.65618" lon="10.618814">
        <ele>331.0</ele>
      </trkpt>
      <trkpt lat="45.656104" lon="10.618591">
        <ele>333.0</ele>
      </trkpt>
      <trkpt lat="45.656049" lon="10.61845">
        <ele>333.0</ele>
      </trkpt>
      <trkpt lat="45.65599" lon="10.61833">
        <ele>333.0</ele>
      </trkpt>
      <trkpt lat="45.655946" lon="10.618213">
        <ele>333.0</ele>
      </trkpt>
      <trkpt lat="45.655898" lon="10.618096">
        <ele>333.0</ele>
      </trkpt>
      <trkpt lat="45.655854" lon="10.617976">
        <ele>333.0</ele>
      </trkpt>
      <trkpt lat="45.655817" lon="10.617839">
        <ele>333.0</ele>
      </trkpt>
      <trkpt lat="45.65577" lon="10.617712">
        <ele>333.0</ele>
      </trkpt>
      <trkpt lat="45.655715" lon="10.617596">
        <ele>333.0</ele>
      </trkpt>
      <trkpt lat="45.655668" lon="10.617465">
        <ele>332.0</ele>
      </trkpt>
      <trkpt lat="45.655618" lon="10.617351">
        <ele>332.0</ele>
      </trkpt>
      <trkpt lat="45.655558" lon="10.61725">
        <ele>332.0</ele>
      </trkpt>
      <trkpt lat="45.6555" lon="10.617149">
        <ele>331.0</ele>
      </trkpt>
      <trkpt lat="45.655441" lon="10.617036">
        <ele>331.0</ele>
      </trkpt>
      <trkpt lat="45.65539" lon="10.616926">
        <ele>331.0</ele>
      </trkpt>
      <trkpt lat="45.65534" lon="10.616811">
        <ele>330.0</ele>
      </trkpt>
      <trkpt lat="45.655328" lon="10.616679">
        <ele>330.0</ele>
      </trkpt>
      <trkpt lat="45.655314" lon="10.616531">
        <ele>330.0</ele>
      </trkpt>
      <trkpt lat="45.655299" lon="10.616398">
        <ele>330.0</ele>
      </trkpt>
      <trkpt lat="45.65529" lon="10.616268">
        <ele>330.0</ele>
      </trkpt>
      <trkpt lat="45.65529" lon="10.616134">
        <ele>330.0</ele>
      </trkpt>
      <trkpt lat="45.655313" lon="10.615989">
        <ele>330.0</ele>
      </trkpt>
      <trkpt lat="45.655302" lon="10.615854">
        <ele>331.0</ele>
      </trkpt>
      <trkpt lat="45.655303" lon="10.615725">
        <ele>331.0</ele>
      </trkpt>
      <trkpt lat="45.65531" lon="10.615588">
        <ele>331.0</ele>
      </trkpt>
      <trkpt lat="45.655316" lon="10.615452">
        <ele>331.0</ele>
      </trkpt>
      <trkpt lat="45.655307" lon="10.615312">
        <ele>331.0</ele>
      </trkpt>
      <trkpt lat="45.65527" lon="10.615178">
        <ele>331.0</ele>
      </trkpt>
      <trkpt lat="45.655224" lon="10.61506">
        <ele>331.0</ele>
      </trkpt>
      <trkpt lat="45.655207" lon="10.614921">
        <ele>331.0</ele>
      </trkpt>
      <trkpt lat="45.655168" lon="10.614791">
        <ele>331.0</ele>
      </trkpt>
      <trkpt lat="45.65513" lon="10.61465">
        <ele>331.0</ele>
      </trkpt>
      <trkpt lat="45.6551" lon="10.614509">
        <ele>331.0</ele>
      </trkpt>
      <trkpt lat="45.655054" lon="10.614398">
        <ele>331.0</ele>
      </trkpt>
      <trkpt lat="45.654997" lon="10.614294">
        <ele>340.0</ele>
      </trkpt>
      <trkpt lat="45.654849" lon="10.614185">
        <ele>339.0</ele>
      </trkpt>
      <trkpt lat="45.65476" lon="10.614126">
        <ele>340.0</ele>
      </trkpt>
      <trkpt lat="45.654684" lon="10.614022">
        <ele>341.0</ele>
      </trkpt>
      <trkpt lat="45.654618" lon="10.613926">
        <ele>341.0</ele>
      </trkpt>
      <trkpt lat="45.654564" lon="10.613807">
        <ele>340.0</ele>
      </trkpt>
      <trkpt lat="45.654508" lon="10.613664">
        <ele>340.0</ele>
      </trkpt>
      <trkpt lat="45.654362" lon="10.6136">
        <ele>328.0</ele>
      </trkpt>
      <trkpt lat="45.65436" lon="10.61347">
        <ele>329.0</ele>
      </trkpt>
      <trkpt lat="45.654316" lon="10.613337">
        <ele>330.0</ele>
      </trkpt>
      <trkpt lat="45.654322" lon="10.613195">
        <ele>330.0</ele>
      </trkpt>
      <trkpt lat="45.654347" lon="10.613065">
        <ele>331.0</ele>
      </trkpt>
      <trkpt lat="45.654366" lon="10.612935">
        <ele>331.0</ele>
      </trkpt>
      <trkpt lat="45.654435" lon="10.61284">
        <ele>329.0</ele>
      </trkpt>
      <trkpt lat="45.654496" lon="10.612738">
        <ele>329.0</ele>
      </trkpt>
      <trkpt lat="45.654581" lon="10.612676">
        <ele>329.0</ele>
      </trkpt>
      <trkpt lat="45.654646" lon="10.612575">
        <ele>329.0</ele>
      </trkpt>
      <trkpt lat="45.654715" lon="10.612471">
        <ele>329.0</ele>
      </trkpt>
      <trkpt lat="45.654788" lon="10.61239">
        <ele>329.0</ele>
      </trkpt>
      <trkpt lat="45.654858" lon="10.612303">
        <ele>330.0</ele>
      </trkpt>
      <trkpt lat="45.654933" lon="10.612231">
        <ele>330.0</ele>
      </trkpt>
      <trkpt lat="45.655052" lon="10.612054">
        <ele>332.0</ele>
      </trkpt>
      <trkpt lat="45.655056" lon="10.611913">
        <ele>332.0</ele>
      </trkpt>
      <trkpt lat="45.655008" lon="10.611779">
        <ele>332.0</ele>
      </trkpt>
      <trkpt lat="45.654964" lon="10.611653">
        <ele>332.0</ele>
      </trkpt>
      <trkpt lat="45.654909" lon="10.611533">
        <ele>329.0</ele>
      </trkpt>
      <trkpt lat="45.654859" lon="10.611408">
        <ele>327.0</ele>
      </trkpt>
      <trkpt lat="45.654785" lon="10.611322">
        <ele>327.0</ele>
      </trkpt>
      <trkpt lat="45.654706" lon="10.61122">
        <ele>327.0</ele>
      </trkpt>
      <trkpt lat="45.654646" lon="10.611117">
        <ele>327.0</ele>
      </trkpt>
      <trkpt lat="45.654604" lon="10.611">
        <ele>326.0</ele>
      </trkpt>
      <trkpt lat="45.654568" lon="10.610864">
        <ele>326.0</ele>
      </trkpt>
      <trkpt lat="45.654531" lon="10.610746">
        <ele>325.0</ele>
      </trkpt>
      <trkpt lat="45.65448" lon="10.610635">
        <ele>324.0</ele>
      </trkpt>
      <trkpt lat="45.65439" lon="10.610552">
        <ele>323.0</ele>
      </trkpt>
      <trkpt lat="45.654302" lon="10.610487">
        <ele>322.0</ele>
      </trkpt>
      <trkpt lat="45.654239" lon="10.610381">
        <ele>320.0</ele>
      </trkpt>
      <trkpt lat="45.654188" lon="10.610247">
        <ele>318.0</ele>
      </trkpt>
      <trkpt lat="45.654097" lon="10.61016">
        <ele>317.0</ele>
      </trkpt>
      <trkpt lat="45.654034" lon="10.610067">
        <ele>316.0</ele>
      </trkpt>
      <trkpt lat="45.653951" lon="10.609993">
        <ele>316.0</ele>
      </trkpt>
      <trkpt lat="45.653904" lon="10.609874">
        <ele>313.0</ele>
      </trkpt>
      <trkpt lat="45.654026" lon="10.609838">
        <ele>310.0</ele>
      </trkpt>
      <trkpt lat="45.654117" lon="10.609869">
        <ele>310.0</ele>
      </trkpt>
      <trkpt lat="45.654233" lon="10.609838">
        <ele>308.0</ele>
      </trkpt>
      <trkpt lat="45.654233" lon="10.609688">
        <ele>307.0</ele>
      </trkpt>
      <trkpt lat="45.654255" lon="10.609559">
        <ele>306.0</ele>
      </trkpt>
      <trkpt lat="45.654369" lon="10.609507">
        <ele>301.0</ele>
      </trkpt>
      <trkpt lat="45.654464" lon="10.609466">
        <ele>298.0</ele>
      </trkpt>
      <trkpt lat="45.654584" lon="10.60941">
        <ele>293.0</ele>
      </trkpt>
      <trkpt lat="45.654696" lon="10.609437">
        <ele>287.0</ele>
      </trkpt>
      <trkpt lat="45.654827" lon="10.609428">
        <ele>283.0</ele>
      </trkpt>
      <trkpt lat="45.654922" lon="10.60947">
        <ele>281.0</ele>
      </trkpt>
      <trkpt lat="45.65503" lon="10.609558">
        <ele>280.0</ele>
      </trkpt>
      <trkpt lat="45.655172" lon="10.60951">
        <ele>277.0</ele>
      </trkpt>
      <trkpt lat="45.655293" lon="10.609473">
        <ele>275.0</ele>
      </trkpt>
      <trkpt lat="45.65539" lon="10.609444">
        <ele>271.0</ele>
      </trkpt>
      <trkpt lat="45.655492" lon="10.609467">
        <ele>267.0</ele>
      </trkpt>
      <trkpt lat="45.655601" lon="10.609546">
        <ele>266.0</ele>
      </trkpt>
      <trkpt lat="45.655682" lon="10.609625">
        <ele>260.0</ele>
      </trkpt>
      <trkpt lat="45.655781" lon="10.609839">
        <ele>258.0</ele>
      </trkpt>
      <trkpt lat="45.655874" lon="10.609923">
        <ele>258.0</ele>
      </trkpt>
      <trkpt lat="45.655965" lon="10.609948">
        <ele>256.0</ele>
      </trkpt>
      <trkpt lat="45.655966" lon="10.609807">
        <ele>250.0</ele>
      </trkpt>
      <trkpt lat="45.656005" lon="10.60968">
        <ele>248.0</ele>
      </trkpt>
      <trkpt lat="45.655938" lon="10.609443">
        <ele>241.0</ele>
      </trkpt>
      <trkpt lat="45.655914" lon="10.609264">
        <ele>235.0</ele>
      </trkpt>
      <trkpt lat="45.65597" lon="10.609157">
        <ele>232.0</ele>
      </trkpt>
      <trkpt lat="45.656049" lon="10.609222">
        <ele>230.0</ele>
      </trkpt>
      <trkpt lat="45.656084" lon="10.609355">
        <ele>229.0</ele>
      </trkpt>
      <trkpt lat="45.65617" lon="10.609563">
        <ele>219.0</ele>
      </trkpt>
      <trkpt lat="45.656248" lon="10.609632">
        <ele>218.0</ele>
      </trkpt>
      <trkpt lat="45.656336" lon="10.609715">
        <ele>218.0</ele>
      </trkpt>
      <trkpt lat="45.656427" lon="10.609778">
        <ele>217.0</ele>
      </trkpt>
      <trkpt lat="45.656494" lon="10.609878">
        <ele>217.0</ele>
      </trkpt>
      <trkpt lat="45.656584" lon="10.609975">
        <ele>216.0</ele>
      </trkpt>
      <trkpt lat="45.656681" lon="10.61">
        <ele>215.0</ele>
      </trkpt>
      <trkpt lat="45.65679" lon="10.609961">
        <ele>214.0</ele>
      </trkpt>
      <trkpt lat="45.656698" lon="10.609891">
        <ele>206.0</ele>
      </trkpt>
      <trkpt lat="45.656523" lon="10.609816">
        <ele>201.0</ele>
      </trkpt>
      <trkpt lat="45.656456" lon="10.609665">
        <ele>197.0</ele>
      </trkpt>
      <trkpt lat="45.656385" lon="10.609443">
        <ele>195.0</ele>
      </trkpt>
      <trkpt lat="45.656334" lon="10.609324">
        <ele>194.0</ele>
      </trkpt>
      <trkpt lat="45.656269" lon="10.609228">
        <ele>194.0</ele>
      </trkpt>
      <trkpt lat="45.656201" lon="10.609126">
        <ele>194.0</ele>
      </trkpt>
      <trkpt lat="45.656169" lon="10.608987">
        <ele>194.0</ele>
      </trkpt>
      <trkpt lat="45.656101" lon="10.608894">
        <ele>194.0</ele>
      </trkpt>
      <trkpt lat="45.655994" lon="10.60879">
        <ele>193.0</ele>
      </trkpt>
      <trkpt lat="45.6559" lon="10.608754">
        <ele>192.0</ele>
      </trkpt>
      <trkpt lat="45.655802" lon="10.608712">
        <ele>192.0</ele>
      </trkpt>
      <trkpt lat="45.655714" lon="10.608672">
        <ele>192.0</ele>
      </trkpt>
      <trkpt lat="45.655629" lon="10.608625">
        <ele>192.0</ele>
      </trkpt>
      <trkpt lat="45.655555" lon="10.608542">
        <ele>191.0</ele>
      </trkpt>
      <trkpt lat="45.655488" lon="10.608445">
        <ele>189.0</ele>
      </trkpt>
      <trkpt lat="45.655401" lon="10.608377">
        <ele>187.0</ele>
      </trkpt>
      <trkpt lat="45.655307" lon="10.608338">
        <ele>187.0</ele>
      </trkpt>
      <trkpt lat="45.655212" lon="10.608342">
        <ele>185.0</ele>
      </trkpt>
      <trkpt lat="45.655116" lon="10.608319">
        <ele>184.0</ele>
      </trkpt>
      <trkpt lat="45.655019" lon="10.608309">
        <ele>184.0</ele>
      </trkpt>
      <trkpt lat="45.654915" lon="10.608323">
        <ele>184.0</ele>
      </trkpt>
      <trkpt lat="45.654819" lon="10.608281">
        <ele>184.0</ele>
      </trkpt>
      <trkpt lat="45.654765" lon="10.608163">
        <ele>188.0</ele>
      </trkpt>
      <trkpt lat="45.654736" lon="10.608021">
        <ele>188.0</ele>
      </trkpt>
      <trkpt lat="45.654774" lon="10.607874">
        <ele>183.0</ele>
      </trkpt>
      <trkpt lat="45.654768" lon="10.607727">
        <ele>183.0</ele>
      </trkpt>
      <trkpt lat="45.65472" lon="10.607617">
        <ele>182.0</ele>
      </trkpt>
      <trkpt lat="45.654662" lon="10.607512">
        <ele>182.0</ele>
      </trkpt>
      <trkpt lat="45.654605" lon="10.607401">
        <ele>181.0</ele>
      </trkpt>
      <trkpt lat="45.654544" lon="10.607306">
        <ele>181.0</ele>
      </trkpt>
      <trkpt lat="45.654492" lon="10.607171">
        <ele>180.0</ele>
      </trkpt>
      <trkpt lat="45.654442" lon="10.607058">
        <ele>178.0</ele>
      </trkpt>
      <trkpt lat="45.654321" lon="10.607048">
        <ele>177.0</ele>
      </trkpt>
      <trkpt lat="45.654243" lon="10.606968">
        <ele>177.0</ele>
      </trkpt>
      <trkpt lat="45.654157" lon="10.607058">
        <ele>171.0</ele>
      </trkpt>
      <trkpt lat="45.65407" lon="10.607105">
        <ele>170.0</ele>
      </trkpt>
      <trkpt lat="45.65399" lon="10.607198">
        <ele>170.0</ele>
      </trkpt>
      <trkpt lat="45.653877" lon="10.60716">
        <ele>168.0</ele>
      </trkpt>
      <trkpt lat="45.653816" lon="10.607057">
        <ele>167.0</ele>
      </trkpt>
      <trkpt lat="45.653734" lon="10.606982">
        <ele>166.0</ele>
      </trkpt>
      <trkpt lat="45.653685" lon="10.606864">
        <ele>166.0</ele>
      </trkpt>
      <trkpt lat="45.653628" lon="10.606748">
        <ele>166.0</ele>
      </trkpt>
      <trkpt lat="45.653557" lon="10.606645">
        <ele>165.0</ele>
      </trkpt>
      <trkpt lat="45.653515" lon="10.606509">
        <ele>165.0</ele>
      </trkpt>
      <trkpt lat="45.653427" lon="10.606426">
        <ele>165.0</ele>
      </trkpt>
      <trkpt lat="45.653353" lon="10.606348">
        <ele>165.0</ele>
      </trkpt>
      <trkpt lat="45.653261" lon="10.60635">
        <ele>165.0</ele>
      </trkpt>
      <trkpt lat="45.653174" lon="10.60628">
        <ele>164.0</ele>
      </trkpt>
      <trkpt lat="45.653056" lon="10.606305">
        <ele>163.0</ele>
      </trkpt>
      <trkpt lat="45.65296" lon="10.606301">
        <ele>163.0</ele>
      </trkpt>
      <trkpt lat="45.652859" lon="10.606296">
        <ele>163.0</ele>
      </trkpt>
      <trkpt lat="45.652769" lon="10.606247">
        <ele>163.0</ele>
      </trkpt>
      <trkpt lat="45.652686" lon="10.606162">
        <ele>162.0</ele>
      </trkpt>
      <trkpt lat="45.652691" lon="10.60603">
        <ele>162.0</ele>
      </trkpt>
      <trkpt lat="45.652655" lon="10.605865">
        <ele>160.0</ele>
      </trkpt>
      <trkpt lat="45.652609" lon="10.605734">
        <ele>161.0</ele>
      </trkpt>
      <trkpt lat="45.652511" lon="10.605647">
        <ele>161.0</ele>
      </trkpt>
      <trkpt lat="45.652468" lon="10.605514">
        <ele>161.0</ele>
      </trkpt>
      <trkpt lat="45.652436" lon="10.605392">
        <ele>162.0</ele>
      </trkpt>
      <trkpt lat="45.652384" lon="10.605281">
        <ele>162.0</ele>
      </trkpt>
      <trkpt lat="45.652335" lon="10.605164">
        <ele>162.0</ele>
      </trkpt>
      <trkpt lat="45.652264" lon="10.605081">
        <ele>162.0</ele>
      </trkpt>
      <trkpt lat="45.652174" lon="10.605016">
        <ele>161.0</ele>
      </trkpt>
      <trkpt lat="45.652064" lon="10.604947">
        <ele>161.0</ele>
      </trkpt>
      <trkpt lat="45.651972" lon="10.604942">
        <ele>161.0</ele>
      </trkpt>
      <trkpt lat="45.651879" lon="10.604916">
        <ele>165.0</ele>
      </trkpt>
      <trkpt lat="45.651795" lon="10.604855">
        <ele>166.0</ele>
      </trkpt>
      <trkpt lat="45.651691" lon="10.604814">
        <ele>164.0</ele>
      </trkpt>
      <trkpt lat="45.651698" lon="10.604671">
        <ele>165.0</ele>
      </trkpt>
      <trkpt lat="45.651768" lon="10.604558">
        <ele>166.0</ele>
      </trkpt>
      <trkpt lat="45.651851" lon="10.604623">
        <ele>166.0</ele>
      </trkpt>
      <trkpt lat="45.651937" lon="10.60456">
        <ele>168.0</ele>
      </trkpt>
      <trkpt lat="45.652027" lon="10.604594">
        <ele>171.0</ele>
      </trkpt>
      <trkpt lat="45.652138" lon="10.604617">
        <ele>174.0</ele>
      </trkpt>
      <trkpt lat="45.652183" lon="10.604497">
        <ele>178.0</ele>
      </trkpt>
      <trkpt lat="45.652161" lon="10.604366">
        <ele>179.0</ele>
      </trkpt>
      <trkpt lat="45.652067" lon="10.604303">
        <ele>179.0</ele>
      </trkpt>
      <trkpt lat="45.652061" lon="10.604171">
        <ele>179.0</ele>
      </trkpt>
      <trkpt lat="45.651969" lon="10.604153">
        <ele>181.0</ele>
      </trkpt>
      <trkpt lat="45.651874" lon="10.604194">
        <ele>182.0</ele>
      </trkpt>
      <trkpt lat="45.651796" lon="10.604261">
        <ele>184.0</ele>
      </trkpt>
      <trkpt lat="45.651706" lon="10.604217">
        <ele>185.0</ele>
      </trkpt>
      <trkpt lat="45.651625" lon="10.604144">
        <ele>185.0</ele>
      </trkpt>
      <trkpt lat="45.651619" lon="10.603993">
        <ele>189.0</ele>
      </trkpt>
      <trkpt lat="45.651566" lon="10.603886">
        <ele>192.0</ele>
      </trkpt>
      <trkpt lat="45.651526" lon="10.60377">
        <ele>193.0</ele>
      </trkpt>
      <trkpt lat="45.651455" lon="10.603684">
        <ele>194.0</ele>
      </trkpt>
      <trkpt lat="45.651365" lon="10.603532">
        <ele>195.0</ele>
      </trkpt>
      <trkpt lat="45.651288" lon="10.603389">
        <ele>195.0</ele>
      </trkpt>
      <trkpt lat="45.651218" lon="10.603292">
        <ele>199.0</ele>
      </trkpt>
      <trkpt lat="45.651136" lon="10.603077">
        <ele>204.0</ele>
      </trkpt>
      <trkpt lat="45.651037" lon="10.602834">
        <ele>205.0</ele>
      </trkpt>
      <trkpt lat="45.650947" lon="10.60282">
        <ele>206.0</ele>
      </trkpt>
      <trkpt lat="45.650861" lon="10.602888">
        <ele>208.0</ele>
      </trkpt>
      <trkpt lat="45.650806" lon="10.602996">
        <ele>211.0</ele>
      </trkpt>
      <trkpt lat="45.650719" lon="10.603075">
        <ele>215.0</ele>
      </trkpt>
      <trkpt lat="45.650602" lon="10.603068">
        <ele>216.0</ele>
      </trkpt>
      <trkpt lat="45.650506" lon="10.603114">
        <ele>217.0</ele>
      </trkpt>
      <trkpt lat="45.650418" lon="10.603163">
        <ele>218.0</ele>
      </trkpt>
      <trkpt lat="45.650329" lon="10.603133">
        <ele>220.0</ele>
      </trkpt>
      <trkpt lat="45.650319" lon="10.602985">
        <ele>219.0</ele>
      </trkpt>
      <trkpt lat="45.650331" lon="10.602857">
        <ele>223.0</ele>
      </trkpt>
      <trkpt lat="45.650357" lon="10.6027">
        <ele>225.0</ele>
      </trkpt>
      <trkpt lat="45.650333" lon="10.602545">
        <ele>226.0</ele>
      </trkpt>
      <trkpt lat="45.650323" lon="10.602395">
        <ele>227.0</ele>
      </trkpt>
      <trkpt lat="45.650332" lon="10.602247">
        <ele>229.0</ele>
      </trkpt>
      <trkpt lat="45.650305" lon="10.60212">
        <ele>230.0</ele>
      </trkpt>
      <trkpt lat="45.650253" lon="10.601993">
        <ele>236.0</ele>
      </trkpt>
      <trkpt lat="45.650241" lon="10.601821">
        <ele>237.0</ele>
      </trkpt>
      <trkpt lat="45.650239" lon="10.601669">
        <ele>238.0</ele>
      </trkpt>
      <trkpt lat="45.650268" lon="10.601537">
        <ele>239.0</ele>
      </trkpt>
      <trkpt lat="45.650301" lon="10.601414">
        <ele>241.0</ele>
      </trkpt>
      <trkpt lat="45.650327" lon="10.601279">
        <ele>242.0</ele>
      </trkpt>
      <trkpt lat="45.650312" lon="10.601113">
        <ele>242.0</ele>
      </trkpt>
      <trkpt lat="45.650223" lon="10.601033">
        <ele>241.0</ele>
      </trkpt>
      <trkpt lat="45.650116" lon="10.601026">
        <ele>243.0</ele>
      </trkpt>
      <trkpt lat="45.65" lon="10.600968">
        <ele>243.0</ele>
      </trkpt>
      <trkpt lat="45.649898" lon="10.601021">
        <ele>243.0</ele>
      </trkpt>
      <trkpt lat="45.649791" lon="10.601118">
        <ele>244.0</ele>
      </trkpt>
      <trkpt lat="45.649695" lon="10.601232">
        <ele>244.0</ele>
      </trkpt>
      <trkpt lat="45.64965" lon="10.60136">
        <ele>244.0</ele>
      </trkpt>
      <trkpt lat="45.649558" lon="10.601244">
        <ele>245.0</ele>
      </trkpt>
      <trkpt lat="45.649467" lon="10.601232">
        <ele>245.0</ele>
      </trkpt>
      <trkpt lat="45.649359" lon="10.601131">
        <ele>245.0</ele>
      </trkpt>
      <trkpt lat="45.649263" lon="10.601124">
        <ele>245.0</ele>
      </trkpt>
      <trkpt lat="45.649213" lon="10.601001">
        <ele>246.0</ele>
      </trkpt>
      <trkpt lat="45.649166" lon="10.600889">
        <ele>247.0</ele>
      </trkpt>
      <trkpt lat="45.649141" lon="10.600758">
        <ele>247.0</ele>
      </trkpt>
      <trkpt lat="45.649079" lon="10.600644">
        <ele>247.0</ele>
      </trkpt>
      <trkpt lat="45.648985" lon="10.600552">
        <ele>247.0</ele>
      </trkpt>
      <trkpt lat="45.648913" lon="10.600412">
        <ele>246.0</ele>
      </trkpt>
      <trkpt lat="45.648857" lon="10.60031">
        <ele>246.0</ele>
      </trkpt>
      <trkpt lat="45.648785" lon="10.600172">
        <ele>245.0</ele>
      </trkpt>
      <trkpt lat="45.648743" lon="10.60005">
        <ele>246.0</ele>
      </trkpt>
      <trkpt lat="45.648653" lon="10.599929">
        <ele>247.0</ele>
      </trkpt>
      <trkpt lat="45.64857" lon="10.599821">
        <ele>247.0</ele>
      </trkpt>
      <trkpt lat="45.64848" lon="10.599755">
        <ele>249.0</ele>
      </trkpt>
      <trkpt lat="45.648384" lon="10.599727">
        <ele>249.0</ele>
      </trkpt>
      <trkpt lat="45.648303" lon="10.599789">
        <ele>251.0</ele>
      </trkpt>
      <trkpt lat="45.648251" lon="10.599897">
        <ele>251.0</ele>
      </trkpt>
      <trkpt lat="45.648228" lon="10.600023">
        <ele>254.0</ele>
      </trkpt>
      <trkpt lat="45.648224" lon="10.60016">
        <ele>254.0</ele>
      </trkpt>
      <trkpt lat="45.648194" lon="10.600294">
        <ele>256.0</ele>
      </trkpt>
      <trkpt lat="45.648138" lon="10.600402">
        <ele>258.0</ele>
      </trkpt>
      <trkpt lat="45.648047" lon="10.600377">
        <ele>258.0</ele>
      </trkpt>
      <trkpt lat="45.647972" lon="10.600258">
        <ele>261.0</ele>
      </trkpt>
      <trkpt lat="45.647889" lon="10.600176">
        <ele>261.0</ele>
      </trkpt>
      <trkpt lat="45.64782" lon="10.600083">
        <ele>262.0</ele>
      </trkpt>
      <trkpt lat="45.647771" lon="10.599969">
        <ele>264.0</ele>
      </trkpt>
      <trkpt lat="45.647676" lon="10.599913">
        <ele>266.0</ele>
      </trkpt>
      <trkpt lat="45.647612" lon="10.599803">
        <ele>267.0</ele>
      </trkpt>
      <trkpt lat="45.647542" lon="10.599709">
        <ele>269.0</ele>
      </trkpt>
      <trkpt lat="45.647489" lon="10.599597">
        <ele>271.0</ele>
      </trkpt>
      <trkpt lat="45.647379" lon="10.599581">
        <ele>272.0</ele>
      </trkpt>
      <trkpt lat="45.647281" lon="10.599604">
        <ele>274.0</ele>
      </trkpt>
      <trkpt lat="45.647199" lon="10.599747">
        <ele>275.0</ele>
      </trkpt>
      <trkpt lat="45.647152" lon="10.599909">
        <ele>275.0</ele>
      </trkpt>
      <trkpt lat="45.647138" lon="10.600068">
        <ele>278.0</ele>
      </trkpt>
      <trkpt lat="45.647126" lon="10.600206">
        <ele>280.0</ele>
      </trkpt>
      <trkpt lat="45.647034" lon="10.600314">
        <ele>281.0</ele>
      </trkpt>
      <trkpt lat="45.646942" lon="10.60048">
        <ele>282.0</ele>
      </trkpt>
      <trkpt lat="45.646851" lon="10.600521">
        <ele>282.0</ele>
      </trkpt>
      <trkpt lat="45.646779" lon="10.600631">
        <ele>283.0</ele>
      </trkpt>
      <trkpt lat="45.646733" lon="10.600743">
        <ele>284.0</ele>
      </trkpt>
      <trkpt lat="45.646769" lon="10.600899">
        <ele>285.0</ele>
      </trkpt>
      <trkpt lat="45.646769" lon="10.601075">
        <ele>286.0</ele>
      </trkpt>
      <trkpt lat="45.646798" lon="10.601219">
        <ele>287.0</ele>
      </trkpt>
      <trkpt lat="45.646838" lon="10.601346">
        <ele>289.0</ele>
      </trkpt>
      <trkpt lat="45.646806" lon="10.601487">
        <ele>290.0</ele>
      </trkpt>
      <trkpt lat="45.646718" lon="10.601549">
        <ele>289.0</ele>
      </trkpt>
      <trkpt lat="45.646653" lon="10.601456">
        <ele>290.0</ele>
      </trkpt>
      <trkpt lat="45.646592" lon="10.601357">
        <ele>290.0</ele>
      </trkpt>
      <trkpt lat="45.646563" lon="10.601226">
        <ele>292.0</ele>
      </trkpt>
      <trkpt lat="45.64653" lon="10.601103">
        <ele>293.0</ele>
      </trkpt>
      <trkpt lat="45.646458" lon="10.600994">
        <ele>293.0</ele>
      </trkpt>
      <trkpt lat="45.646378" lon="10.600914">
        <ele>294.0</ele>
      </trkpt>
      <trkpt lat="45.646354" lon="10.600782">
        <ele>296.0</ele>
      </trkpt>
      <trkpt lat="45.646365" lon="10.600641">
        <ele>297.0</ele>
      </trkpt>
      <trkpt lat="45.646357" lon="10.600478">
        <ele>300.0</ele>
      </trkpt>
      <trkpt lat="45.64637" lon="10.600346">
        <ele>303.0</ele>
      </trkpt>
      <trkpt lat="45.646347" lon="10.600215">
        <ele>305.0</ele>
      </trkpt>
      <trkpt lat="45.646278" lon="10.600081">
        <ele>306.0</ele>
      </trkpt>
      <trkpt lat="45.646209" lon="10.599983">
        <ele>305.0</ele>
      </trkpt>
      <trkpt lat="45.646148" lon="10.599852">
        <ele>306.0</ele>
      </trkpt>
      <trkpt lat="45.646098" lon="10.59969">
        <ele>308.0</ele>
      </trkpt>
      <trkpt lat="45.646034" lon="10.599596">
        <ele>310.0</ele>
      </trkpt>
      <trkpt lat="45.645998" lon="10.599468">
        <ele>312.0</ele>
      </trkpt>
      <trkpt lat="45.645962" lon="10.59933">
        <ele>314.0</ele>
      </trkpt>
      <trkpt lat="45.645944" lon="10.599199">
        <ele>315.0</ele>
      </trkpt>
      <trkpt lat="45.645964" lon="10.599035">
        <ele>317.0</ele>
      </trkpt>
      <trkpt lat="45.645986" lon="10.598903">
        <ele>318.0</ele>
      </trkpt>
      <trkpt lat="45.646025" lon="10.598785">
        <ele>320.0</ele>
      </trkpt>
      <trkpt lat="45.64607" lon="10.59863">
        <ele>322.0</ele>
      </trkpt>
      <trkpt lat="45.64613" lon="10.598505">
        <ele>323.0</ele>
      </trkpt>
      <trkpt lat="45.646141" lon="10.598376">
        <ele>324.0</ele>
      </trkpt>
      <trkpt lat="45.646233" lon="10.598278">
        <ele>325.0</ele>
      </trkpt>
      <trkpt lat="45.646329" lon="10.598172">
        <ele>327.0</ele>
      </trkpt>
      <trkpt lat="45.646412" lon="10.5981">
        <ele>330.0</ele>
      </trkpt>
      <trkpt lat="45.646484" lon="10.598011">
        <ele>332.0</ele>
      </trkpt>
      <trkpt lat="45.646567" lon="10.597941">
        <ele>332.0</ele>
      </trkpt>
      <trkpt lat="45.646646" lon="10.59787">
        <ele>333.0</ele>
      </trkpt>
      <trkpt lat="45.646729" lon="10.597757">
        <ele>333.0</ele>
      </trkpt>
      <trkpt lat="45.646812" lon="10.597693">
        <ele>334.0</ele>
      </trkpt>
      <trkpt lat="45.646896" lon="10.597646">
        <ele>335.0</ele>
      </trkpt>
      <trkpt lat="45.64698" lon="10.597529">
        <ele>336.0</ele>
      </trkpt>
      <trkpt lat="45.647063" lon="10.597472">
        <ele>336.0</ele>
      </trkpt>
      <trkpt lat="45.647122" lon="10.597371">
        <ele>336.0</ele>
      </trkpt>
      <trkpt lat="45.647178" lon="10.597266">
        <ele>336.0</ele>
      </trkpt>
      <trkpt lat="45.647238" lon="10.597144">
        <ele>337.0</ele>
      </trkpt>
      <trkpt lat="45.647248" lon="10.597003">
        <ele>338.0</ele>
      </trkpt>
      <trkpt lat="45.647252" lon="10.596859">
        <ele>339.0</ele>
      </trkpt>
      <trkpt lat="45.647284" lon="10.596722">
        <ele>340.0</ele>
      </trkpt>
      <trkpt lat="45.6473" lon="10.59657">
        <ele>343.0</ele>
      </trkpt>
      <trkpt lat="45.647299" lon="10.596404">
        <ele>343.0</ele>
      </trkpt>
      <trkpt lat="45.647279" lon="10.596239">
        <ele>346.0</ele>
      </trkpt>
      <trkpt lat="45.647287" lon="10.596107">
        <ele>348.0</ele>
      </trkpt>
      <trkpt lat="45.647345" lon="10.595992">
        <ele>349.0</ele>
      </trkpt>
      <trkpt lat="45.647349" lon="10.595857">
        <ele>353.0</ele>
      </trkpt>
      <trkpt lat="45.647389" lon="10.595738">
        <ele>355.0</ele>
      </trkpt>
      <trkpt lat="45.647441" lon="10.595609">
        <ele>355.0</ele>
      </trkpt>
      <trkpt lat="45.647509" lon="10.595502">
        <ele>355.0</ele>
      </trkpt>
      <trkpt lat="45.647571" lon="10.595348">
        <ele>356.0</ele>
      </trkpt>
      <trkpt lat="45.647463" lon="10.595329">
        <ele>357.0</ele>
      </trkpt>
      <trkpt lat="45.647383" lon="10.59539">
        <ele>357.0</ele>
      </trkpt>
      <trkpt lat="45.647297" lon="10.595338">
        <ele>358.0</ele>
      </trkpt>
      <trkpt lat="45.647208" lon="10.595292">
        <ele>358.0</ele>
      </trkpt>
      <trkpt lat="45.647174" lon="10.595167">
        <ele>359.0</ele>
      </trkpt>
      <trkpt lat="45.647194" lon="10.595017">
        <ele>359.0</ele>
      </trkpt>
      <trkpt lat="45.647167" lon="10.594863">
        <ele>360.0</ele>
      </trkpt>
      <trkpt lat="45.647147" lon="10.594736">
        <ele>362.0</ele>
      </trkpt>
      <trkpt lat="45.647094" lon="10.594573">
        <ele>363.0</ele>
      </trkpt>
      <trkpt lat="45.646999" lon="10.59438">
        <ele>367.0</ele>
      </trkpt>
      <trkpt lat="45.646977" lon="10.594249">
        <ele>370.0</ele>
      </trkpt>
      <trkpt lat="45.646955" lon="10.59412">
        <ele>371.0</ele>
      </trkpt>
      <trkpt lat="45.646976" lon="10.593985">
        <ele>371.0</ele>
      </trkpt>
      <trkpt lat="45.646996" lon="10.593859">
        <ele>372.0</ele>
      </trkpt>
      <trkpt lat="45.646985" lon="10.593724">
        <ele>373.0</ele>
      </trkpt>
      <trkpt lat="45.646988" lon="10.593576">
        <ele>374.0</ele>
      </trkpt>
      <trkpt lat="45.646979" lon="10.593445">
        <ele>376.0</ele>
      </trkpt>
      <trkpt lat="45.646977" lon="10.593305">
        <ele>378.0</ele>
      </trkpt>
      <trkpt lat="45.646964" lon="10.593171">
        <ele>379.0</ele>
      </trkpt>
      <trkpt lat="45.646909" lon="10.593064">
        <ele>379.0</ele>
      </trkpt>
      <trkpt lat="45.646856" lon="10.592959">
        <ele>379.0</ele>
      </trkpt>
      <trkpt lat="45.646823" lon="10.592835">
        <ele>380.0</ele>
      </trkpt>
      <trkpt lat="45.646773" lon="10.592711">
        <ele>380.0</ele>
      </trkpt>
      <trkpt lat="45.646698" lon="10.592604">
        <ele>381.0</ele>
      </trkpt>
      <trkpt lat="45.646659" lon="10.592474">
        <ele>382.0</ele>
      </trkpt>
      <trkpt lat="45.646619" lon="10.592346">
        <ele>384.0</ele>
      </trkpt>
      <trkpt lat="45.646622" lon="10.592217">
        <ele>385.0</ele>
      </trkpt>
      <trkpt lat="45.646571" lon="10.592106">
        <ele>385.0</ele>
      </trkpt>
      <trkpt lat="45.646523" lon="10.591983">
        <ele>386.0</ele>
      </trkpt>
      <trkpt lat="45.646452" lon="10.591882">
        <ele>386.0</ele>
      </trkpt>
      <trkpt lat="45.646408" lon="10.591761">
        <ele>386.0</ele>
      </trkpt>
      <trkpt lat="45.646288" lon="10.591727">
        <ele>386.0</ele>
      </trkpt>
      <trkpt lat="45.646219" lon="10.591641">
        <ele>387.0</ele>
      </trkpt>
      <trkpt lat="45.646103" lon="10.591608">
        <ele>387.0</ele>
      </trkpt>
      <trkpt lat="45.646015" lon="10.591635">
        <ele>388.0</ele>
      </trkpt>
      <trkpt lat="45.645898" lon="10.591622">
        <ele>388.0</ele>
      </trkpt>
      <trkpt lat="45.645795" lon="10.591582">
        <ele>389.0</ele>
      </trkpt>
      <trkpt lat="45.645694" lon="10.591515">
        <ele>390.0</ele>
      </trkpt>
      <trkpt lat="45.645582" lon="10.591393">
        <ele>390.0</ele>
      </trkpt>
      <trkpt lat="45.645503" lon="10.591321">
        <ele>392.0</ele>
      </trkpt>
      <trkpt lat="45.645416" lon="10.591261">
        <ele>392.0</ele>
      </trkpt>
      <trkpt lat="45.645334" lon="10.591197">
        <ele>393.0</ele>
      </trkpt>
      <trkpt lat="45.645239" lon="10.591176">
        <ele>393.0</ele>
      </trkpt>
      <trkpt lat="45.645144" lon="10.591156">
        <ele>393.0</ele>
      </trkpt>
      <trkpt lat="45.645017" lon="10.591162">
        <ele>394.0</ele>
      </trkpt>
      <trkpt lat="45.644925" lon="10.591092">
        <ele>394.0</ele>
      </trkpt>
      <trkpt lat="45.644981" lon="10.590942">
        <ele>394.0</ele>
      </trkpt>
      <trkpt lat="45.645004" lon="10.590794">
        <ele>394.0</ele>
      </trkpt>
      <trkpt lat="45.645015" lon="10.590544">
        <ele>390.0</ele>
      </trkpt>
      <trkpt lat="45.645068" lon="10.590401">
        <ele>389.0</ele>
      </trkpt>
      <trkpt lat="45.645066" lon="10.590221">
        <ele>391.0</ele>
      </trkpt>
      <trkpt lat="45.645112" lon="10.590101">
        <ele>391.0</ele>
      </trkpt>
      <trkpt lat="45.645165" lon="10.589988">
        <ele>391.0</ele>
      </trkpt>
      <trkpt lat="45.645224" lon="10.589841">
        <ele>392.0</ele>
      </trkpt>
      <trkpt lat="45.645291" lon="10.589733">
        <ele>392.0</ele>
      </trkpt>
      <trkpt lat="45.645367" lon="10.589637">
        <ele>391.0</ele>
      </trkpt>
      <trkpt lat="45.645447" lon="10.589564">
        <ele>389.0</ele>
      </trkpt>
      <trkpt lat="45.645525" lon="10.589491">
        <ele>389.0</ele>
      </trkpt>
      <trkpt lat="45.645575" lon="10.589383">
        <ele>387.0</ele>
      </trkpt>
      <trkpt lat="45.645643" lon="10.589292">
        <ele>387.0</ele>
      </trkpt>
      <trkpt lat="45.645727" lon="10.589242">
        <ele>387.0</ele>
      </trkpt>
      <trkpt lat="45.645887" lon="10.589117">
        <ele>386.0</ele>
      </trkpt>
      <trkpt lat="45.645948" lon="10.589007">
        <ele>385.0</ele>
      </trkpt>
      <trkpt lat="45.646009" lon="10.588911">
        <ele>385.0</ele>
      </trkpt>
      <trkpt lat="45.646093" lon="10.588854">
        <ele>385.0</ele>
      </trkpt>
      <trkpt lat="45.646169" lon="10.588783">
        <ele>386.0</ele>
      </trkpt>
      <trkpt lat="45.646224" lon="10.588679">
        <ele>386.0</ele>
      </trkpt>
      <trkpt lat="45.646235" lon="10.58854">
        <ele>384.0</ele>
      </trkpt>
      <trkpt lat="45.64624" lon="10.588404">
        <ele>384.0</ele>
      </trkpt>
      <trkpt lat="45.64627" lon="10.588281">
        <ele>382.0</ele>
      </trkpt>
      <trkpt lat="45.646371" lon="10.588237">
        <ele>383.0</ele>
      </trkpt>
      <trkpt lat="45.646464" lon="10.588255">
        <ele>383.0</ele>
      </trkpt>
      <trkpt lat="45.646574" lon="10.588255">
        <ele>383.0</ele>
      </trkpt>
      <trkpt lat="45.646668" lon="10.588247">
        <ele>383.0</ele>
      </trkpt>
      <trkpt lat="45.646781" lon="10.588225">
        <ele>383.0</ele>
      </trkpt>
      <trkpt lat="45.646891" lon="10.588277">
        <ele>382.0</ele>
      </trkpt>
      <trkpt lat="45.646976" lon="10.588324">
        <ele>382.0</ele>
      </trkpt>
      <trkpt lat="45.64718" lon="10.588297">
        <ele>381.0</ele>
      </trkpt>
      <trkpt lat="45.64729" lon="10.588261">
        <ele>379.0</ele>
      </trkpt>
      <trkpt lat="45.647383" lon="10.58822">
        <ele>379.0</ele>
      </trkpt>
      <trkpt lat="45.647488" lon="10.587958">
        <ele>380.0</ele>
      </trkpt>
      <trkpt lat="45.647375" lon="10.587931">
        <ele>382.0</ele>
      </trkpt>
      <trkpt lat="45.647293" lon="10.587868">
        <ele>382.0</ele>
      </trkpt>
      <trkpt lat="45.647195" lon="10.587852">
        <ele>382.0</ele>
      </trkpt>
      <trkpt lat="45.647114" lon="10.587771">
        <ele>382.0</ele>
      </trkpt>
      <trkpt lat="45.647054" lon="10.587659">
        <ele>381.0</ele>
      </trkpt>
      <trkpt lat="45.647015" lon="10.587535">
        <ele>380.0</ele>
      </trkpt>
      <trkpt lat="45.646921" lon="10.587534">
        <ele>380.0</ele>
      </trkpt>
      <trkpt lat="45.646874" lon="10.587413">
        <ele>379.0</ele>
      </trkpt>
      <trkpt lat="45.646845" lon="10.587282">
        <ele>380.0</ele>
      </trkpt>
      <trkpt lat="45.646801" lon="10.587161">
        <ele>379.0</ele>
      </trkpt>
      <trkpt lat="45.646725" lon="10.587089">
        <ele>382.0</ele>
      </trkpt>
      <trkpt lat="45.646619" lon="10.586891">
        <ele>386.0</ele>
      </trkpt>
      <trkpt lat="45.646528" lon="10.586792">
        <ele>386.0</ele>
      </trkpt>
      <trkpt lat="45.646459" lon="10.5867">
        <ele>385.0</ele>
      </trkpt>
      <trkpt lat="45.646418" lon="10.586565">
        <ele>385.0</ele>
      </trkpt>
      <trkpt lat="45.646351" lon="10.586457">
        <ele>384.0</ele>
      </trkpt>
      <trkpt lat="45.64633" lon="10.586331">
        <ele>382.0</ele>
      </trkpt>
      <trkpt lat="45.646264" lon="10.586234">
        <ele>383.0</ele>
      </trkpt>
      <trkpt lat="45.646194" lon="10.586149">
        <ele>384.0</ele>
      </trkpt>
      <trkpt lat="45.646117" lon="10.586063">
        <ele>383.0</ele>
      </trkpt>
      <trkpt lat="45.646045" lon="10.585926">
        <ele>382.0</ele>
      </trkpt>
      <trkpt lat="45.645986" lon="10.585781">
        <ele>380.0</ele>
      </trkpt>
      <trkpt lat="45.645942" lon="10.585663">
        <ele>379.0</ele>
      </trkpt>
      <trkpt lat="45.645902" lon="10.585543">
        <ele>380.0</ele>
      </trkpt>
      <trkpt lat="45.645866" lon="10.585394">
        <ele>380.0</ele>
      </trkpt>
      <trkpt lat="45.645854" lon="10.585255">
        <ele>379.0</ele>
      </trkpt>
      <trkpt lat="45.645882" lon="10.585119">
        <ele>377.0</ele>
      </trkpt>
      <trkpt lat="45.64592" lon="10.584994">
        <ele>374.0</ele>
      </trkpt>
      <trkpt lat="45.64597" lon="10.584873">
        <ele>371.0</ele>
      </trkpt>
      <trkpt lat="45.646035" lon="10.58478">
        <ele>370.0</ele>
      </trkpt>
      <trkpt lat="45.646087" lon="10.584655">
        <ele>370.0</ele>
      </trkpt>
      <trkpt lat="45.646089" lon="10.584503">
        <ele>368.0</ele>
      </trkpt>
      <trkpt lat="45.646028" lon="10.584323">
        <ele>365.0</ele>
      </trkpt>
      <trkpt lat="45.645918" lon="10.584296">
        <ele>365.0</ele>
      </trkpt>
      <trkpt lat="45.645837" lon="10.584362">
        <ele>366.0</ele>
      </trkpt>
      <trkpt lat="45.645767" lon="10.584467">
        <ele>367.0</ele>
      </trkpt>
      <trkpt lat="45.645695" lon="10.584569">
        <ele>368.0</ele>
      </trkpt>
      <trkpt lat="45.645612" lon="10.584651">
        <ele>369.0</ele>
      </trkpt>
      <trkpt lat="45.645531" lon="10.584738">
        <ele>371.0</ele>
      </trkpt>
      <trkpt lat="45.645454" lon="10.584828">
        <ele>373.0</ele>
      </trkpt>
      <trkpt lat="45.645411" lon="10.585077">
        <ele>374.0</ele>
      </trkpt>
      <trkpt lat="45.645324" lon="10.585304">
        <ele>373.0</ele>
      </trkpt>
      <trkpt lat="45.645233" lon="10.585314">
        <ele>371.0</ele>
      </trkpt>
      <trkpt lat="45.645146" lon="10.585383">
        <ele>369.0</ele>
      </trkpt>
      <trkpt lat="45.645071" lon="10.585472">
        <ele>369.0</ele>
      </trkpt>
      <trkpt lat="45.644977" lon="10.585586">
        <ele>368.0</ele>
      </trkpt>
      <trkpt lat="45.644878" lon="10.585597">
        <ele>366.0</ele>
      </trkpt>
      <trkpt lat="45.644776" lon="10.585648">
        <ele>366.0</ele>
      </trkpt>
      <trkpt lat="45.644678" lon="10.585722">
        <ele>363.0</ele>
      </trkpt>
      <trkpt lat="45.644514" lon="10.585806">
        <ele>362.0</ele>
      </trkpt>
      <trkpt lat="45.644466" lon="10.58594">
        <ele>362.0</ele>
      </trkpt>
      <trkpt lat="45.644431" lon="10.586069">
        <ele>361.0</ele>
      </trkpt>
      <trkpt lat="45.64437" lon="10.586191">
        <ele>360.0</ele>
      </trkpt>
      <trkpt lat="45.64431" lon="10.586316">
        <ele>360.0</ele>
      </trkpt>
      <trkpt lat="45.644207" lon="10.586401">
        <ele>360.0</ele>
      </trkpt>
      <trkpt lat="45.644101" lon="10.586401">
        <ele>358.0</ele>
      </trkpt>
      <trkpt lat="45.644003" lon="10.586457">
        <ele>358.0</ele>
      </trkpt>
      <trkpt lat="45.643919" lon="10.58652">
        <ele>358.0</ele>
      </trkpt>
      <trkpt lat="45.643827" lon="10.586592">
        <ele>358.0</ele>
      </trkpt>
      <trkpt lat="45.643731" lon="10.586658">
        <ele>357.0</ele>
      </trkpt>
      <trkpt lat="45.643629" lon="10.586678">
        <ele>357.0</ele>
      </trkpt>
      <trkpt lat="45.643548" lon="10.586735">
        <ele>357.0</ele>
      </trkpt>
      <trkpt lat="45.643484" lon="10.586834">
        <ele>355.0</ele>
      </trkpt>
      <trkpt lat="45.643443" lon="10.586962">
        <ele>350.0</ele>
      </trkpt>
      <trkpt lat="45.643441" lon="10.587122">
        <ele>348.0</ele>
      </trkpt>
      <trkpt lat="45.643526" lon="10.587173">
        <ele>347.0</ele>
      </trkpt>
      <trkpt lat="45.643448" lon="10.587286">
        <ele>345.0</ele>
      </trkpt>
      <trkpt lat="45.643366" lon="10.587365">
        <ele>342.0</ele>
      </trkpt>
      <trkpt lat="45.64324" lon="10.587378">
        <ele>336.0</ele>
      </trkpt>
      <trkpt lat="45.643148" lon="10.587394">
        <ele>336.0</ele>
      </trkpt>
      <trkpt lat="45.643059" lon="10.587444">
        <ele>335.0</ele>
      </trkpt>
      <trkpt lat="45.642972" lon="10.587528">
        <ele>334.0</ele>
      </trkpt>
      <trkpt lat="45.642914" lon="10.587656">
        <ele>333.0</ele>
      </trkpt>
      <trkpt lat="45.64287" lon="10.587778">
        <ele>332.0</ele>
      </trkpt>
      <trkpt lat="45.642785" lon="10.587871">
        <ele>329.0</ele>
      </trkpt>
      <trkpt lat="45.642696" lon="10.587927">
        <ele>329.0</ele>
      </trkpt>
      <trkpt lat="45.642592" lon="10.587957">
        <ele>328.0</ele>
      </trkpt>
      <trkpt lat="45.642499" lon="10.587963">
        <ele>328.0</ele>
      </trkpt>
      <trkpt lat="45.64242" lon="10.587873">
        <ele>326.0</ele>
      </trkpt>
      <trkpt lat="45.642335" lon="10.587811">
        <ele>325.0</ele>
      </trkpt>
      <trkpt lat="45.642253" lon="10.587689">
        <ele>323.0</ele>
      </trkpt>
      <trkpt lat="45.642217" lon="10.587562">
        <ele>320.0</ele>
      </trkpt>
      <trkpt lat="45.642176" lon="10.587419">
        <ele>319.0</ele>
      </trkpt>
      <trkpt lat="45.642102" lon="10.587313">
        <ele>315.0</ele>
      </trkpt>
      <trkpt lat="45.642" lon="10.587298">
        <ele>316.0</ele>
      </trkpt>
      <trkpt lat="45.641887" lon="10.587368">
        <ele>315.0</ele>
      </trkpt>
      <trkpt lat="45.641818" lon="10.587522">
        <ele>315.0</ele>
      </trkpt>
      <trkpt lat="45.641786" lon="10.587692">
        <ele>314.0</ele>
      </trkpt>
      <trkpt lat="45.641775" lon="10.587827">
        <ele>313.0</ele>
      </trkpt>
      <trkpt lat="45.641681" lon="10.587946">
        <ele>312.0</ele>
      </trkpt>
      <trkpt lat="45.641597" lon="10.58803">
        <ele>312.0</ele>
      </trkpt>
      <trkpt lat="45.641476" lon="10.588098">
        <ele>311.0</ele>
      </trkpt>
      <trkpt lat="45.641384" lon="10.588043">
        <ele>311.0</ele>
      </trkpt>
      <trkpt lat="45.64129" lon="10.588017">
        <ele>312.0</ele>
      </trkpt>
      <trkpt lat="45.641189" lon="10.588004">
        <ele>313.0</ele>
      </trkpt>
      <trkpt lat="45.641078" lon="10.588016">
        <ele>314.0</ele>
      </trkpt>
      <trkpt lat="45.640963" lon="10.588032">
        <ele>314.0</ele>
      </trkpt>
      <trkpt lat="45.640871" lon="10.588034">
        <ele>314.0</ele>
      </trkpt>
      <trkpt lat="45.640777" lon="10.587995">
        <ele>314.0</ele>
      </trkpt>
      <trkpt lat="45.640703" lon="10.58791">
        <ele>314.0</ele>
      </trkpt>
      <trkpt lat="45.640633" lon="10.587828">
        <ele>313.0</ele>
      </trkpt>
      <trkpt lat="45.640513" lon="10.587748">
        <ele>313.0</ele>
      </trkpt>
      <trkpt lat="45.640454" lon="10.587647">
        <ele>313.0</ele>
      </trkpt>
      <trkpt lat="45.64038" lon="10.587538">
        <ele>312.0</ele>
      </trkpt>
      <trkpt lat="45.640291" lon="10.587458">
        <ele>313.0</ele>
      </trkpt>
      <trkpt lat="45.640214" lon="10.587373">
        <ele>313.0</ele>
      </trkpt>
      <trkpt lat="45.640124" lon="10.587279">
        <ele>313.0</ele>
      </trkpt>
      <trkpt lat="45.640031" lon="10.587268">
        <ele>312.0</ele>
      </trkpt>
      <trkpt lat="45.639944" lon="10.587335">
        <ele>311.0</ele>
      </trkpt>
      <trkpt lat="45.639847" lon="10.587348">
        <ele>310.0</ele>
      </trkpt>
      <trkpt lat="45.639758" lon="10.5874">
        <ele>310.0</ele>
      </trkpt>
      <trkpt lat="45.639659" lon="10.587416">
        <ele>308.0</ele>
      </trkpt>
      <trkpt lat="45.639567" lon="10.587447">
        <ele>307.0</ele>
      </trkpt>
      <trkpt lat="45.639476" lon="10.58742">
        <ele>305.0</ele>
      </trkpt>
      <trkpt lat="45.639388" lon="10.587369">
        <ele>305.0</ele>
      </trkpt>
      <trkpt lat="45.639301" lon="10.587322">
        <ele>303.0</ele>
      </trkpt>
      <trkpt lat="45.639202" lon="10.587289">
        <ele>301.0</ele>
      </trkpt>
      <trkpt lat="45.639083" lon="10.587233">
        <ele>301.0</ele>
      </trkpt>
      <trkpt lat="45.638998" lon="10.587168">
        <ele>300.0</ele>
      </trkpt>
      <trkpt lat="45.638926" lon="10.587073">
        <ele>299.0</ele>
      </trkpt>
      <trkpt lat="45.638844" lon="10.587011">
        <ele>297.0</ele>
      </trkpt>
      <trkpt lat="45.638769" lon="10.586938">
        <ele>296.0</ele>
      </trkpt>
      <trkpt lat="45.638689" lon="10.586875">
        <ele>295.0</ele>
      </trkpt>
      <trkpt lat="45.638637" lon="10.586769">
        <ele>295.0</ele>
      </trkpt>
      <trkpt lat="45.638553" lon="10.586696">
        <ele>294.0</ele>
      </trkpt>
      <trkpt lat="45.638484" lon="10.586598">
        <ele>294.0</ele>
      </trkpt>
      <trkpt lat="45.638408" lon="10.58652">
        <ele>293.0</ele>
      </trkpt>
      <trkpt lat="45.638315" lon="10.586439">
        <ele>291.0</ele>
      </trkpt>
      <trkpt lat="45.638228" lon="10.58636">
        <ele>291.0</ele>
      </trkpt>
      <trkpt lat="45.638117" lon="10.586292">
        <ele>290.0</ele>
      </trkpt>
      <trkpt lat="45.638026" lon="10.586238">
        <ele>288.0</ele>
      </trkpt>
      <trkpt lat="45.637939" lon="10.586197">
        <ele>287.0</ele>
      </trkpt>
      <trkpt lat="45.637853" lon="10.586128">
        <ele>285.0</ele>
      </trkpt>
      <trkpt lat="45.63777" lon="10.58606">
        <ele>284.0</ele>
      </trkpt>
      <trkpt lat="45.637722" lon="10.585943">
        <ele>284.0</ele>
      </trkpt>
      <trkpt lat="45.637657" lon="10.585841">
        <ele>284.0</ele>
      </trkpt>
      <trkpt lat="45.637618" lon="10.585576">
        <ele>279.0</ele>
      </trkpt>
      <trkpt lat="45.637632" lon="10.58541">
        <ele>278.0</ele>
      </trkpt>
      <trkpt lat="45.637664" lon="10.585285">
        <ele>277.0</ele>
      </trkpt>
      <trkpt lat="45.637675" lon="10.585141">
        <ele>274.0</ele>
      </trkpt>
      <trkpt lat="45.637688" lon="10.585008">
        <ele>272.0</ele>
      </trkpt>
      <trkpt lat="45.637688" lon="10.584866">
        <ele>271.0</ele>
      </trkpt>
      <trkpt lat="45.637633" lon="10.58475">
        <ele>269.0</ele>
      </trkpt>
      <trkpt lat="45.63761" lon="10.584625">
        <ele>266.0</ele>
      </trkpt>
      <trkpt lat="45.637513" lon="10.584544">
        <ele>264.0</ele>
      </trkpt>
      <trkpt lat="45.63744" lon="10.584463">
        <ele>263.0</ele>
      </trkpt>
      <trkpt lat="45.637354" lon="10.58442">
        <ele>264.0</ele>
      </trkpt>
      <trkpt lat="45.637282" lon="10.58433">
        <ele>264.0</ele>
      </trkpt>
      <trkpt lat="45.63719" lon="10.584275">
        <ele>263.0</ele>
      </trkpt>
      <trkpt lat="45.637097" lon="10.5842">
        <ele>262.0</ele>
      </trkpt>
      <trkpt lat="45.637007" lon="10.584203">
        <ele>261.0</ele>
      </trkpt>
      <trkpt lat="45.636881" lon="10.58419">
        <ele>260.0</ele>
      </trkpt>
      <trkpt lat="45.636787" lon="10.584166">
        <ele>260.0</ele>
      </trkpt>
      <trkpt lat="45.636671" lon="10.584169">
        <ele>259.0</ele>
      </trkpt>
      <trkpt lat="45.636562" lon="10.584173">
        <ele>259.0</ele>
      </trkpt>
      <trkpt lat="45.636465" lon="10.584145">
        <ele>258.0</ele>
      </trkpt>
      <trkpt lat="45.636342" lon="10.584099">
        <ele>258.0</ele>
      </trkpt>
      <trkpt lat="45.636252" lon="10.584024">
        <ele>258.0</ele>
      </trkpt>
      <trkpt lat="45.636155" lon="10.584055">
        <ele>258.0</ele>
      </trkpt>
      <trkpt lat="45.636042" lon="10.58407">
        <ele>258.0</ele>
      </trkpt>
      <trkpt lat="45.635936" lon="10.584061">
        <ele>258.0</ele>
      </trkpt>
      <trkpt lat="45.635834" lon="10.584041">
        <ele>258.0</ele>
      </trkpt>
      <trkpt lat="45.635733" lon="10.584015">
        <ele>258.0</ele>
      </trkpt>
      <trkpt lat="45.635602" lon="10.583922">
        <ele>259.0</ele>
      </trkpt>
      <trkpt lat="45.635505" lon="10.583905">
        <ele>260.0</ele>
      </trkpt>
      <trkpt lat="45.635406" lon="10.583944">
        <ele>259.0</ele>
      </trkpt>
      <trkpt lat="45.635318" lon="10.583988">
        <ele>259.0</ele>
      </trkpt>
      <trkpt lat="45.635228" lon="10.584007">
        <ele>259.0</ele>
      </trkpt>
      <trkpt lat="45.635133" lon="10.584004">
        <ele>259.0</ele>
      </trkpt>
      <trkpt lat="45.635036" lon="10.584024">
        <ele>259.0</ele>
      </trkpt>
      <trkpt lat="45.634972" lon="10.584117">
        <ele>259.0</ele>
      </trkpt>
      <trkpt lat="45.634887" lon="10.584168">
        <ele>258.0</ele>
      </trkpt>
      <trkpt lat="45.63483" lon="10.58405">
        <ele>257.0</ele>
      </trkpt>
      <trkpt lat="45.634771" lon="10.583912">
        <ele>256.0</ele>
      </trkpt>
      <trkpt lat="45.634742" lon="10.583789">
        <ele>255.0</ele>
      </trkpt>
      <trkpt lat="45.634695" lon="10.583649">
        <ele>255.0</ele>
      </trkpt>
      <trkpt lat="45.634703" lon="10.5835">
        <ele>253.0</ele>
      </trkpt>
      <trkpt lat="45.634706" lon="10.58337">
        <ele>251.0</ele>
      </trkpt>
      <trkpt lat="45.634677" lon="10.583239">
        <ele>250.0</ele>
      </trkpt>
      <trkpt lat="45.63465" lon="10.583097">
        <ele>250.0</ele>
      </trkpt>
      <trkpt lat="45.634657" lon="10.582956">
        <ele>249.0</ele>
      </trkpt>
      <trkpt lat="45.634634" lon="10.582827">
        <ele>248.0</ele>
      </trkpt>
      <trkpt lat="45.634572" lon="10.582732">
        <ele>248.0</ele>
      </trkpt>
      <trkpt lat="45.63447" lon="10.582756">
        <ele>248.0</ele>
      </trkpt>
      <trkpt lat="45.634382" lon="10.582805">
        <ele>249.0</ele>
      </trkpt>
      <trkpt lat="45.634287" lon="10.582809">
        <ele>249.0</ele>
      </trkpt>
      <trkpt lat="45.634195" lon="10.582801">
        <ele>250.0</ele>
      </trkpt>
      <trkpt lat="45.634098" lon="10.582764">
        <ele>251.0</ele>
      </trkpt>
      <trkpt lat="45.634024" lon="10.58268">
        <ele>252.0</ele>
      </trkpt>
      <trkpt lat="45.633953" lon="10.582581">
        <ele>253.0</ele>
      </trkpt>
      <trkpt lat="45.633883" lon="10.582479">
        <ele>253.0</ele>
      </trkpt>
      <trkpt lat="45.633809" lon="10.582399">
        <ele>253.0</ele>
      </trkpt>
      <trkpt lat="45.633789" lon="10.582271">
        <ele>252.0</ele>
      </trkpt>
      <trkpt lat="45.633817" lon="10.58201">
        <ele>251.0</ele>
      </trkpt>
      <trkpt lat="45.633782" lon="10.581885">
        <ele>250.0</ele>
      </trkpt>
      <trkpt lat="45.633688" lon="10.581802">
        <ele>250.0</ele>
      </trkpt>
      <trkpt lat="45.633657" lon="10.581647">
        <ele>250.0</ele>
      </trkpt>
      <trkpt lat="45.633616" lon="10.581497">
        <ele>249.0</ele>
      </trkpt>
      <trkpt lat="45.633592" lon="10.581369">
        <ele>251.0</ele>
      </trkpt>
      <trkpt lat="45.633516" lon="10.581292">
        <ele>253.0</ele>
      </trkpt>
      <trkpt lat="45.633429" lon="10.581225">
        <ele>253.0</ele>
      </trkpt>
      <trkpt lat="45.633326" lon="10.581171">
        <ele>253.0</ele>
      </trkpt>
      <trkpt lat="45.63324" lon="10.581097">
        <ele>254.0</ele>
      </trkpt>
      <trkpt lat="45.633229" lon="10.580969">
        <ele>254.0</ele>
      </trkpt>
      <trkpt lat="45.633266" lon="10.58084">
        <ele>254.0</ele>
      </trkpt>
      <trkpt lat="45.633266" lon="10.580696">
        <ele>253.0</ele>
      </trkpt>
      <trkpt lat="45.633221" lon="10.580536">
        <ele>253.0</ele>
      </trkpt>
      <trkpt lat="45.633179" lon="10.580417">
        <ele>251.0</ele>
      </trkpt>
      <trkpt lat="45.633134" lon="10.580297">
        <ele>251.0</ele>
      </trkpt>
      <trkpt lat="45.63307" lon="10.580206">
        <ele>250.0</ele>
      </trkpt>
      <trkpt lat="45.633024" lon="10.580086">
        <ele>251.0</ele>
      </trkpt>
      <trkpt lat="45.632922" lon="10.579999">
        <ele>254.0</ele>
      </trkpt>
      <trkpt lat="45.632824" lon="10.579954">
        <ele>254.0</ele>
      </trkpt>
      <trkpt lat="45.632736" lon="10.579896">
        <ele>255.0</ele>
      </trkpt>
      <trkpt lat="45.632647" lon="10.579858">
        <ele>255.0</ele>
      </trkpt>
      <trkpt lat="45.632531" lon="10.579856">
        <ele>256.0</ele>
      </trkpt>
      <trkpt lat="45.632441" lon="10.579837">
        <ele>256.0</ele>
      </trkpt>
      <trkpt lat="45.632349" lon="10.579784">
        <ele>256.0</ele>
      </trkpt>
      <trkpt lat="45.632301" lon="10.579666">
        <ele>257.0</ele>
      </trkpt>
      <trkpt lat="45.632232" lon="10.579578">
        <ele>257.0</ele>
      </trkpt>
      <trkpt lat="45.632105" lon="10.579501">
        <ele>257.0</ele>
      </trkpt>
      <trkpt lat="45.631999" lon="10.579455">
        <ele>258.0</ele>
      </trkpt>
      <trkpt lat="45.631909" lon="10.579472">
        <ele>258.0</ele>
      </trkpt>
      <trkpt lat="45.631807" lon="10.5795">
        <ele>258.0</ele>
      </trkpt>
      <trkpt lat="45.631746" lon="10.5794">
        <ele>260.0</ele>
      </trkpt>
      <trkpt lat="45.631773" lon="10.579175">
        <ele>263.0</ele>
      </trkpt>
      <trkpt lat="45.631797" lon="10.579049">
        <ele>263.0</ele>
      </trkpt>
      <trkpt lat="45.6318" lon="10.578905">
        <ele>264.0</ele>
      </trkpt>
      <trkpt lat="45.631772" lon="10.578782">
        <ele>265.0</ele>
      </trkpt>
      <trkpt lat="45.631766" lon="10.578638">
        <ele>265.0</ele>
      </trkpt>
      <trkpt lat="45.631748" lon="10.578505">
        <ele>265.0</ele>
      </trkpt>
      <trkpt lat="45.631698" lon="10.578383">
        <ele>265.0</ele>
      </trkpt>
      <trkpt lat="45.631645" lon="10.578278">
        <ele>265.0</ele>
      </trkpt>
      <trkpt lat="45.63161" lon="10.578152">
        <ele>266.0</ele>
      </trkpt>
      <trkpt lat="45.63155" lon="10.578043">
        <ele>266.0</ele>
      </trkpt>
      <trkpt lat="45.631466" lon="10.577967">
        <ele>266.0</ele>
      </trkpt>
      <trkpt lat="45.631395" lon="10.577885">
        <ele>267.0</ele>
      </trkpt>
      <trkpt lat="45.631319" lon="10.577803">
        <ele>267.0</ele>
      </trkpt>
      <trkpt lat="45.631243" lon="10.577705">
        <ele>267.0</ele>
      </trkpt>
      <trkpt lat="45.631077" lon="10.57759">
        <ele>268.0</ele>
      </trkpt>
      <trkpt lat="45.630991" lon="10.577524">
        <ele>268.0</ele>
      </trkpt>
      <trkpt lat="45.630912" lon="10.577439">
        <ele>268.0</ele>
      </trkpt>
      <trkpt lat="45.630855" lon="10.577329">
        <ele>268.0</ele>
      </trkpt>
      <trkpt lat="45.630814" lon="10.577202">
        <ele>269.0</ele>
      </trkpt>
      <trkpt lat="45.630744" lon="10.577096">
        <ele>271.0</ele>
      </trkpt>
      <trkpt lat="45.630654" lon="10.577046">
        <ele>271.0</ele>
      </trkpt>
      <trkpt lat="45.630571" lon="10.576961">
        <ele>272.0</ele>
      </trkpt>
      <trkpt lat="45.630506" lon="10.576866">
        <ele>272.0</ele>
      </trkpt>
      <trkpt lat="45.630436" lon="10.576766">
        <ele>273.0</ele>
      </trkpt>
      <trkpt lat="45.630382" lon="10.576657">
        <ele>274.0</ele>
      </trkpt>
      <trkpt lat="45.630318" lon="10.576543">
        <ele>275.0</ele>
      </trkpt>
      <trkpt lat="45.630257" lon="10.576422">
        <ele>277.0</ele>
      </trkpt>
      <trkpt lat="45.630231" lon="10.576295">
        <ele>278.0</ele>
      </trkpt>
      <trkpt lat="45.630189" lon="10.576178">
        <ele>278.0</ele>
      </trkpt>
      <trkpt lat="45.630158" lon="10.576056">
        <ele>280.0</ele>
      </trkpt>
      <trkpt lat="45.630127" lon="10.575929">
        <ele>281.0</ele>
      </trkpt>
      <trkpt lat="45.630059" lon="10.575827">
        <ele>282.0</ele>
      </trkpt>
      <trkpt lat="45.63004" lon="10.5757">
        <ele>283.0</ele>
      </trkpt>
      <trkpt lat="45.630005" lon="10.575572">
        <ele>283.0</ele>
      </trkpt>
      <trkpt lat="45.629924" lon="10.57534">
        <ele>286.0</ele>
      </trkpt>
      <trkpt lat="45.629885" lon="10.575221">
        <ele>287.0</ele>
      </trkpt>
      <trkpt lat="45.629882" lon="10.575092">
        <ele>288.0</ele>
      </trkpt>
      <trkpt lat="45.629879" lon="10.574962">
        <ele>289.0</ele>
      </trkpt>
      <trkpt lat="45.629887" lon="10.574822">
        <ele>290.0</ele>
      </trkpt>
      <trkpt lat="45.629892" lon="10.574692">
        <ele>291.0</ele>
      </trkpt>
      <trkpt lat="45.629914" lon="10.574565">
        <ele>292.0</ele>
      </trkpt>
      <trkpt lat="45.629927" lon="10.574436">
        <ele>294.0</ele>
      </trkpt>
      <trkpt lat="45.629962" lon="10.57429">
        <ele>296.0</ele>
      </trkpt>
      <trkpt lat="45.630005" lon="10.574156">
        <ele>298.0</ele>
      </trkpt>
      <trkpt lat="45.630053" lon="10.574035">
        <ele>299.0</ele>
      </trkpt>
      <trkpt lat="45.630091" lon="10.573909">
        <ele>304.0</ele>
      </trkpt>
      <trkpt lat="45.630156" lon="10.573816">
        <ele>305.0</ele>
      </trkpt>
      <trkpt lat="45.630238" lon="10.573689">
        <ele>307.0</ele>
      </trkpt>
      <trkpt lat="45.630285" lon="10.573575">
        <ele>307.0</ele>
      </trkpt>
      <trkpt lat="45.630353" lon="10.573478">
        <ele>308.0</ele>
      </trkpt>
      <trkpt lat="45.630433" lon="10.57336">
        <ele>309.0</ele>
      </trkpt>
      <trkpt lat="45.63048" lon="10.573234">
        <ele>317.0</ele>
      </trkpt>
      <trkpt lat="45.630563" lon="10.573124">
        <ele>319.0</ele>
      </trkpt>
      <trkpt lat="45.630651" lon="10.573043">
        <ele>319.0</ele>
      </trkpt>
      <trkpt lat="45.630736" lon="10.572987">
        <ele>319.0</ele>
      </trkpt>
      <trkpt lat="45.630808" lon="10.57289">
        <ele>320.0</ele>
      </trkpt>
      <trkpt lat="45.630868" lon="10.572779">
        <ele>321.0</ele>
      </trkpt>
      <trkpt lat="45.630871" lon="10.57264">
        <ele>322.0</ele>
      </trkpt>
      <trkpt lat="45.630865" lon="10.57251">
        <ele>323.0</ele>
      </trkpt>
      <trkpt lat="45.630875" lon="10.572376">
        <ele>323.0</ele>
      </trkpt>
      <trkpt lat="45.630904" lon="10.572253">
        <ele>324.0</ele>
      </trkpt>
      <trkpt lat="45.630913" lon="10.572113">
        <ele>324.0</ele>
      </trkpt>
      <trkpt lat="45.630954" lon="10.57199">
        <ele>325.0</ele>
      </trkpt>
      <trkpt lat="45.630999" lon="10.571869">
        <ele>325.0</ele>
      </trkpt>
      <trkpt lat="45.631065" lon="10.571773">
        <ele>326.0</ele>
      </trkpt>
      <trkpt lat="45.631154" lon="10.571657">
        <ele>327.0</ele>
      </trkpt>
      <trkpt lat="45.6312" lon="10.571544">
        <ele>329.0</ele>
      </trkpt>
      <trkpt lat="45.631262" lon="10.571437">
        <ele>332.0</ele>
      </trkpt>
      <trkpt lat="45.631388" lon="10.571262">
        <ele>334.0</ele>
      </trkpt>
      <trkpt lat="45.631478" lon="10.571224">
        <ele>334.0</ele>
      </trkpt>
      <trkpt lat="45.631567" lon="10.571191">
        <ele>334.0</ele>
      </trkpt>
      <trkpt lat="45.631665" lon="10.571133">
        <ele>334.0</ele>
      </trkpt>
      <trkpt lat="45.631755" lon="10.571067">
        <ele>333.0</ele>
      </trkpt>
      <trkpt lat="45.631855" lon="10.571034">
        <ele>334.0</ele>
      </trkpt>
      <trkpt lat="45.631967" lon="10.571001">
        <ele>333.0</ele>
      </trkpt>
      <trkpt lat="45.632057" lon="10.570962">
        <ele>333.0</ele>
      </trkpt>
      <trkpt lat="45.632137" lon="10.5709">
        <ele>335.0</ele>
      </trkpt>
      <trkpt lat="45.63221" lon="10.570822">
        <ele>335.0</ele>
      </trkpt>
      <trkpt lat="45.632125" lon="10.570771">
        <ele>337.0</ele>
      </trkpt>
      <trkpt lat="45.632031" lon="10.570735">
        <ele>338.0</ele>
      </trkpt>
      <trkpt lat="45.631948" lon="10.570678">
        <ele>340.0</ele>
      </trkpt>
      <trkpt lat="45.631826" lon="10.570623">
        <ele>343.0</ele>
      </trkpt>
      <trkpt lat="45.631735" lon="10.570605">
        <ele>344.0</ele>
      </trkpt>
      <trkpt lat="45.63165" lon="10.570559">
        <ele>346.0</ele>
      </trkpt>
      <trkpt lat="45.631558" lon="10.57055">
        <ele>348.0</ele>
      </trkpt>
      <trkpt lat="45.631468" lon="10.570499">
        <ele>349.0</ele>
      </trkpt>
      <trkpt lat="45.631379" lon="10.570437">
        <ele>350.0</ele>
      </trkpt>
      <trkpt lat="45.631318" lon="10.570286">
        <ele>351.0</ele>
      </trkpt>
      <trkpt lat="45.631289" lon="10.570147">
        <ele>352.0</ele>
      </trkpt>
      <trkpt lat="45.631269" lon="10.570009">
        <ele>353.0</ele>
      </trkpt>
      <trkpt lat="45.631264" lon="10.569841">
        <ele>354.0</ele>
      </trkpt>
      <trkpt lat="45.63126" lon="10.5697">
        <ele>355.0</ele>
      </trkpt>
      <trkpt lat="45.631224" lon="10.569561">
        <ele>356.0</ele>
      </trkpt>
      <trkpt lat="45.631226" lon="10.569429">
        <ele>357.0</ele>
      </trkpt>
      <trkpt lat="45.631214" lon="10.569292">
        <ele>359.0</ele>
      </trkpt>
      <trkpt lat="45.631212" lon="10.569162">
        <ele>359.0</ele>
      </trkpt>
      <trkpt lat="45.631193" lon="10.56902">
        <ele>361.0</ele>
      </trkpt>
      <trkpt lat="45.631176" lon="10.568885">
        <ele>362.0</ele>
      </trkpt>
      <trkpt lat="45.631174" lon="10.568749">
        <ele>363.0</ele>
      </trkpt>
      <trkpt lat="45.63119" lon="10.568617">
        <ele>364.0</ele>
      </trkpt>
      <trkpt lat="45.631198" lon="10.568479">
        <ele>366.0</ele>
      </trkpt>
      <trkpt lat="45.63123" lon="10.568353">
        <ele>368.0</ele>
      </trkpt>
      <trkpt lat="45.631294" lon="10.568242">
        <ele>369.0</ele>
      </trkpt>
      <trkpt lat="45.631362" lon="10.568154">
        <ele>370.0</ele>
      </trkpt>
      <trkpt lat="45.631429" lon="10.568062">
        <ele>373.0</ele>
      </trkpt>
      <trkpt lat="45.631523" lon="10.568008">
        <ele>376.0</ele>
      </trkpt>
      <trkpt lat="45.631615" lon="10.568">
        <ele>378.0</ele>
      </trkpt>
      <trkpt lat="45.631709" lon="10.567997">
        <ele>379.0</ele>
      </trkpt>
      <trkpt lat="45.631843" lon="10.567991">
        <ele>380.0</ele>
      </trkpt>
      <trkpt lat="45.631953" lon="10.567964">
        <ele>383.0</ele>
      </trkpt>
      <trkpt lat="45.632049" lon="10.567908">
        <ele>383.0</ele>
      </trkpt>
      <trkpt lat="45.632148" lon="10.567907">
        <ele>383.0</ele>
      </trkpt>
      <trkpt lat="45.632236" lon="10.567943">
        <ele>386.0</ele>
      </trkpt>
      <trkpt lat="45.632327" lon="10.568038">
        <ele>388.0</ele>
      </trkpt>
      <trkpt lat="45.63243" lon="10.568032">
        <ele>391.0</ele>
      </trkpt>
      <trkpt lat="45.632505" lon="10.567904">
        <ele>391.0</ele>
      </trkpt>
      <trkpt lat="45.632575" lon="10.567801">
        <ele>392.0</ele>
      </trkpt>
      <trkpt lat="45.63262" lon="10.567672">
        <ele>392.0</ele>
      </trkpt>
      <trkpt lat="45.632593" lon="10.567533">
        <ele>393.0</ele>
      </trkpt>
      <trkpt lat="45.632554" lon="10.567401">
        <ele>394.0</ele>
      </trkpt>
      <trkpt lat="45.632531" lon="10.567269">
        <ele>395.0</ele>
      </trkpt>
      <trkpt lat="45.632522" lon="10.567132">
        <ele>396.0</ele>
      </trkpt>
      <trkpt lat="45.632547" lon="10.567006">
        <ele>397.0</ele>
      </trkpt>
      <trkpt lat="45.632575" lon="10.566873">
        <ele>399.0</ele>
      </trkpt>
      <trkpt lat="45.632607" lon="10.566743">
        <ele>400.0</ele>
      </trkpt>
      <trkpt lat="45.632631" lon="10.566591">
        <ele>402.0</ele>
      </trkpt>
      <trkpt lat="45.632611" lon="10.566451">
        <ele>403.0</ele>
      </trkpt>
      <trkpt lat="45.632568" lon="10.566327">
        <ele>403.0</ele>
      </trkpt>
      <trkpt lat="45.632538" lon="10.566198">
        <ele>404.0</ele>
      </trkpt>
      <trkpt lat="45.632507" lon="10.566073">
        <ele>405.0</ele>
      </trkpt>
      <trkpt lat="45.632458" lon="10.565945">
        <ele>405.0</ele>
      </trkpt>
      <trkpt lat="45.63243" lon="10.565816">
        <ele>406.0</ele>
      </trkpt>
      <trkpt lat="45.632417" lon="10.565674">
        <ele>407.0</ele>
      </trkpt>
      <trkpt lat="45.632403" lon="10.565526">
        <ele>408.0</ele>
      </trkpt>
      <trkpt lat="45.632411" lon="10.56539">
        <ele>408.0</ele>
      </trkpt>
      <trkpt lat="45.63239" lon="10.565249">
        <ele>408.0</ele>
      </trkpt>
      <trkpt lat="45.632394" lon="10.565112">
        <ele>409.0</ele>
      </trkpt>
      <trkpt lat="45.632412" lon="10.564978">
        <ele>410.0</ele>
      </trkpt>
      <trkpt lat="45.632421" lon="10.564841">
        <ele>410.0</ele>
      </trkpt>
      <trkpt lat="45.632426" lon="10.564706">
        <ele>410.0</ele>
      </trkpt>
      <trkpt lat="45.632466" lon="10.564585">
        <ele>410.0</ele>
      </trkpt>
      <trkpt lat="45.632533" lon="10.564477">
        <ele>411.0</ele>
      </trkpt>
      <trkpt lat="45.632658" lon="10.56426">
        <ele>411.0</ele>
      </trkpt>
      <trkpt lat="45.632698" lon="10.564143">
        <ele>412.0</ele>
      </trkpt>
      <trkpt lat="45.632719" lon="10.564016">
        <ele>413.0</ele>
      </trkpt>
      <trkpt lat="45.632749" lon="10.563892">
        <ele>414.0</ele>
      </trkpt>
      <trkpt lat="45.632743" lon="10.56376">
        <ele>415.0</ele>
      </trkpt>
      <trkpt lat="45.632725" lon="10.563628">
        <ele>416.0</ele>
      </trkpt>
      <trkpt lat="45.632671" lon="10.563503">
        <ele>417.0</ele>
      </trkpt>
      <trkpt lat="45.632629" lon="10.563357">
        <ele>418.0</ele>
      </trkpt>
      <trkpt lat="45.632588" lon="10.563234">
        <ele>420.0</ele>
      </trkpt>
      <trkpt lat="45.632577" lon="10.563098">
        <ele>421.0</ele>
      </trkpt>
      <trkpt lat="45.632589" lon="10.562964">
        <ele>423.0</ele>
      </trkpt>
      <trkpt lat="45.632583" lon="10.562803">
        <ele>424.0</ele>
      </trkpt>
      <trkpt lat="45.632625" lon="10.562688">
        <ele>425.0</ele>
      </trkpt>
      <trkpt lat="45.632694" lon="10.562603">
        <ele>427.0</ele>
      </trkpt>
      <trkpt lat="45.632746" lon="10.562491">
        <ele>427.0</ele>
      </trkpt>
      <trkpt lat="45.632799" lon="10.562374">
        <ele>427.0</ele>
      </trkpt>
      <trkpt lat="45.632843" lon="10.56226">
        <ele>427.0</ele>
      </trkpt>
      <trkpt lat="45.632844" lon="10.562096">
        <ele>427.0</ele>
      </trkpt>
      <trkpt lat="45.63286" lon="10.561839">
        <ele>429.0</ele>
      </trkpt>
      <trkpt lat="45.632832" lon="10.561716">
        <ele>430.0</ele>
      </trkpt>
      <trkpt lat="45.632787" lon="10.561573">
        <ele>431.0</ele>
      </trkpt>
      <trkpt lat="45.632764" lon="10.561441">
        <ele>431.0</ele>
      </trkpt>
      <trkpt lat="45.632682" lon="10.561206">
        <ele>434.0</ele>
      </trkpt>
      <trkpt lat="45.632651" lon="10.561079">
        <ele>435.0</ele>
      </trkpt>
      <trkpt lat="45.632658" lon="10.560936">
        <ele>436.0</ele>
      </trkpt>
      <trkpt lat="45.632656" lon="10.560792">
        <ele>436.0</ele>
      </trkpt>
      <trkpt lat="45.632678" lon="10.560658">
        <ele>436.0</ele>
      </trkpt>
      <trkpt lat="45.632679" lon="10.56052">
        <ele>436.0</ele>
      </trkpt>
      <trkpt lat="45.632699" lon="10.560394">
        <ele>437.0</ele>
      </trkpt>
      <trkpt lat="45.632709" lon="10.560251">
        <ele>436.0</ele>
      </trkpt>
      <trkpt lat="45.632716" lon="10.560121">
        <ele>437.0</ele>
      </trkpt>
      <trkpt lat="45.632707" lon="10.559955">
        <ele>437.0</ele>
      </trkpt>
      <trkpt lat="45.632706" lon="10.559772">
        <ele>437.0</ele>
      </trkpt>
      <trkpt lat="45.632694" lon="10.559643">
        <ele>437.0</ele>
      </trkpt>
      <trkpt lat="45.632674" lon="10.559505">
        <ele>438.0</ele>
      </trkpt>
      <trkpt lat="45.632634" lon="10.559374">
        <ele>438.0</ele>
      </trkpt>
      <trkpt lat="45.632616" lon="10.559242">
        <ele>439.0</ele>
      </trkpt>
      <trkpt lat="45.632612" lon="10.559108">
        <ele>440.0</ele>
      </trkpt>
      <trkpt lat="45.632614" lon="10.558969">
        <ele>441.0</ele>
      </trkpt>
      <trkpt lat="45.632578" lon="10.558844">
        <ele>440.0</ele>
      </trkpt>
      <trkpt lat="45.632526" lon="10.558699">
        <ele>441.0</ele>
      </trkpt>
      <trkpt lat="45.632511" lon="10.558557">
        <ele>441.0</ele>
      </trkpt>
      <trkpt lat="45.632475" lon="10.558394">
        <ele>441.0</ele>
      </trkpt>
      <trkpt lat="45.632447" lon="10.558255">
        <ele>441.0</ele>
      </trkpt>
      <trkpt lat="45.632411" lon="10.558093">
        <ele>442.0</ele>
      </trkpt>
      <trkpt lat="45.632408" lon="10.557955">
        <ele>443.0</ele>
      </trkpt>
      <trkpt lat="45.632391" lon="10.55782">
        <ele>445.0</ele>
      </trkpt>
      <trkpt lat="45.632393" lon="10.557678">
        <ele>446.0</ele>
      </trkpt>
      <trkpt lat="45.63237" lon="10.557539">
        <ele>446.0</ele>
      </trkpt>
      <trkpt lat="45.632345" lon="10.557413">
        <ele>447.0</ele>
      </trkpt>
      <trkpt lat="45.63232" lon="10.557285">
        <ele>447.0</ele>
      </trkpt>
      <trkpt lat="45.632333" lon="10.557145">
        <ele>448.0</ele>
      </trkpt>
      <trkpt lat="45.632355" lon="10.55701">
        <ele>449.0</ele>
      </trkpt>
      <trkpt lat="45.632366" lon="10.556879">
        <ele>449.0</ele>
      </trkpt>
      <trkpt lat="45.632404" lon="10.556731">
        <ele>449.0</ele>
      </trkpt>
      <trkpt lat="45.632397" lon="10.556581">
        <ele>449.0</ele>
      </trkpt>
      <trkpt lat="45.632389" lon="10.556452">
        <ele>449.0</ele>
      </trkpt>
      <trkpt lat="45.632336" lon="10.556334">
        <ele>450.0</ele>
      </trkpt>
      <trkpt lat="45.632308" lon="10.556197">
        <ele>450.0</ele>
      </trkpt>
      <trkpt lat="45.632272" lon="10.556078">
        <ele>451.0</ele>
      </trkpt>
      <trkpt lat="45.632263" lon="10.55594">
        <ele>451.0</ele>
      </trkpt>
      <trkpt lat="45.632259" lon="10.555808">
        <ele>450.0</ele>
      </trkpt>
      <trkpt lat="45.632248" lon="10.555676">
        <ele>450.0</ele>
      </trkpt>
      <trkpt lat="45.632227" lon="10.555542">
        <ele>451.0</ele>
      </trkpt>
      <trkpt lat="45.632233" lon="10.555394">
        <ele>451.0</ele>
      </trkpt>
      <trkpt lat="45.632227" lon="10.555257">
        <ele>451.0</ele>
      </trkpt>
      <trkpt lat="45.632227" lon="10.555122">
        <ele>452.0</ele>
      </trkpt>
      <trkpt lat="45.63219" lon="10.554998">
        <ele>452.0</ele>
      </trkpt>
      <trkpt lat="45.632164" lon="10.554858">
        <ele>452.0</ele>
      </trkpt>
      <trkpt lat="45.632151" lon="10.55472">
        <ele>452.0</ele>
      </trkpt>
      <trkpt lat="45.632174" lon="10.554588">
        <ele>453.0</ele>
      </trkpt>
      <trkpt lat="45.632185" lon="10.554453">
        <ele>453.0</ele>
      </trkpt>
      <trkpt lat="45.632228" lon="10.554324">
        <ele>453.0</ele>
      </trkpt>
      <trkpt lat="45.63226" lon="10.554202">
        <ele>453.0</ele>
      </trkpt>
      <trkpt lat="45.63231" lon="10.554086">
        <ele>453.0</ele>
      </trkpt>
      <trkpt lat="45.632336" lon="10.553958">
        <ele>453.0</ele>
      </trkpt>
      <trkpt lat="45.632404" lon="10.553864">
        <ele>454.0</ele>
      </trkpt>
      <trkpt lat="45.632449" lon="10.553718">
        <ele>454.0</ele>
      </trkpt>
      <trkpt lat="45.63251" lon="10.553615">
        <ele>454.0</ele>
      </trkpt>
      <trkpt lat="45.632561" lon="10.553508">
        <ele>454.0</ele>
      </trkpt>
      <trkpt lat="45.632617" lon="10.553397">
        <ele>454.0</ele>
      </trkpt>
      <trkpt lat="45.632657" lon="10.553276">
        <ele>454.0</ele>
      </trkpt>
      <trkpt lat="45.632698" lon="10.553148">
        <ele>454.0</ele>
      </trkpt>
      <trkpt lat="45.632718" lon="10.553021">
        <ele>455.0</ele>
      </trkpt>
      <trkpt lat="45.632766" lon="10.552911">
        <ele>455.0</ele>
      </trkpt>
      <trkpt lat="45.632831" lon="10.552811">
        <ele>456.0</ele>
      </trkpt>
      <trkpt lat="45.632848" lon="10.552682">
        <ele>455.0</ele>
      </trkpt>
      <trkpt lat="45.632868" lon="10.552539">
        <ele>455.0</ele>
      </trkpt>
      <trkpt lat="45.632855" lon="10.552407">
        <ele>455.0</ele>
      </trkpt>
      <trkpt lat="45.632819" lon="10.552284">
        <ele>454.0</ele>
      </trkpt>
      <trkpt lat="45.63274" lon="10.552207">
        <ele>453.0</ele>
      </trkpt>
      <trkpt lat="45.632643" lon="10.5522">
        <ele>452.0</ele>
      </trkpt>
      <trkpt lat="45.632531" lon="10.552196">
        <ele>452.0</ele>
      </trkpt>
      <trkpt lat="45.632448" lon="10.552139">
        <ele>451.0</ele>
      </trkpt>
      <trkpt lat="45.632358" lon="10.552187">
        <ele>450.0</ele>
      </trkpt>
      <trkpt lat="45.632297" lon="10.552299">
        <ele>449.0</ele>
      </trkpt>
      <trkpt lat="45.632198" lon="10.552305">
        <ele>449.0</ele>
      </trkpt>
      <trkpt lat="45.632136" lon="10.552211">
        <ele>449.0</ele>
      </trkpt>
      <trkpt lat="45.632085" lon="10.552085">
        <ele>449.0</ele>
      </trkpt>
      <trkpt lat="45.631984" lon="10.552022">
        <ele>449.0</ele>
      </trkpt>
      <trkpt lat="45.63189" lon="10.552006">
        <ele>451.0</ele>
      </trkpt>
      <trkpt lat="45.631809" lon="10.551911">
        <ele>454.0</ele>
      </trkpt>
      <trkpt lat="45.63171" lon="10.551909">
        <ele>454.0</ele>
      </trkpt>
      <trkpt lat="45.63181" lon="10.551912">
        <ele>456.0</ele>
      </trkpt>
      <trkpt lat="45.631892" lon="10.552007">
        <ele>456.0</ele>
      </trkpt>
      <trkpt lat="45.631987" lon="10.552023">
        <ele>456.0</ele>
      </trkpt>
      <trkpt lat="45.632087" lon="10.552088">
        <ele>456.0</ele>
      </trkpt>
      <trkpt lat="45.632138" lon="10.552216">
        <ele>457.0</ele>
      </trkpt>
      <trkpt lat="45.632205" lon="10.552304">
        <ele>457.0</ele>
      </trkpt>
      <trkpt lat="45.632297" lon="10.5523">
        <ele>456.0</ele>
      </trkpt>
      <trkpt lat="45.632359" lon="10.552187">
        <ele>457.0</ele>
      </trkpt>
      <trkpt lat="45.632449" lon="10.55214">
        <ele>457.0</ele>
      </trkpt>
      <trkpt lat="45.632535" lon="10.552196">
        <ele>457.0</ele>
      </trkpt>
      <trkpt lat="45.632647" lon="10.552199">
        <ele>457.0</ele>
      </trkpt>
      <trkpt lat="45.632742" lon="10.552211">
        <ele>458.0</ele>
      </trkpt>
      <trkpt lat="45.63282" lon="10.552288">
        <ele>458.0</ele>
      </trkpt>
      <trkpt lat="45.632857" lon="10.552408">
        <ele>457.0</ele>
      </trkpt>
      <trkpt lat="45.632867" lon="10.552541">
        <ele>450.0</ele>
      </trkpt>
      <trkpt lat="45.632982" lon="10.552532">
        <ele>454.0</ele>
      </trkpt>
      <trkpt lat="45.633026" lon="10.552412">
        <ele>454.0</ele>
      </trkpt>
      <trkpt lat="45.633083" lon="10.552306">
        <ele>454.0</ele>
      </trkpt>
      <trkpt lat="45.633164" lon="10.552204">
        <ele>453.0</ele>
      </trkpt>
      <trkpt lat="45.633257" lon="10.552159">
        <ele>453.0</ele>
      </trkpt>
      <trkpt lat="45.633352" lon="10.552071">
        <ele>453.0</ele>
      </trkpt>
      <trkpt lat="45.633434" lon="10.551973">
        <ele>452.0</ele>
      </trkpt>
      <trkpt lat="45.633499" lon="10.551871">
        <ele>452.0</ele>
      </trkpt>
      <trkpt lat="45.633593" lon="10.551795">
        <ele>452.0</ele>
      </trkpt>
      <trkpt lat="45.633665" lon="10.551705">
        <ele>452.0</ele>
      </trkpt>
      <trkpt lat="45.633739" lon="10.551596">
        <ele>452.0</ele>
      </trkpt>
      <trkpt lat="45.633837" lon="10.55152">
        <ele>452.0</ele>
      </trkpt>
      <trkpt lat="45.633934" lon="10.551475">
        <ele>452.0</ele>
      </trkpt>
      <trkpt lat="45.634011" lon="10.551398">
        <ele>451.0</ele>
      </trkpt>
      <trkpt lat="45.634096" lon="10.551346">
        <ele>450.0</ele>
      </trkpt>
      <trkpt lat="45.634191" lon="10.5513">
        <ele>450.0</ele>
      </trkpt>
      <trkpt lat="45.634278" lon="10.551254">
        <ele>450.0</ele>
      </trkpt>
      <trkpt lat="45.634362" lon="10.551179">
        <ele>449.0</ele>
      </trkpt>
      <trkpt lat="45.63445" lon="10.551138">
        <ele>449.0</ele>
      </trkpt>
      <trkpt lat="45.634552" lon="10.55109">
        <ele>448.0</ele>
      </trkpt>
      <trkpt lat="45.634642" lon="10.551014">
        <ele>447.0</ele>
      </trkpt>
      <trkpt lat="45.634707" lon="10.550919">
        <ele>447.0</ele>
      </trkpt>
      <trkpt lat="45.63477" lon="10.550819">
        <ele>447.0</ele>
      </trkpt>
      <trkpt lat="45.634857" lon="10.550774">
        <ele>446.0</ele>
      </trkpt>
      <trkpt lat="45.634993" lon="10.550697">
        <ele>444.0</ele>
      </trkpt>
      <trkpt lat="45.635083" lon="10.550654">
        <ele>443.0</ele>
      </trkpt>
      <trkpt lat="45.635195" lon="10.550607">
        <ele>442.0</ele>
      </trkpt>
      <trkpt lat="45.63532" lon="10.550533">
        <ele>440.0</ele>
      </trkpt>
      <trkpt lat="45.635373" lon="10.550424">
        <ele>436.0</ele>
      </trkpt>
      <trkpt lat="45.635463" lon="10.550367">
        <ele>434.0</ele>
      </trkpt>
      <trkpt lat="45.635554" lon="10.550349">
        <ele>433.0</ele>
      </trkpt>
      <trkpt lat="45.635636" lon="10.550294">
        <ele>432.0</ele>
      </trkpt>
      <trkpt lat="45.635585" lon="10.550158">
        <ele>431.0</ele>
      </trkpt>
      <trkpt lat="45.635492" lon="10.550131">
        <ele>425.0</ele>
      </trkpt>
      <trkpt lat="45.635421" lon="10.550042">
        <ele>422.0</ele>
      </trkpt>
      <trkpt lat="45.635322" lon="10.550008">
        <ele>421.0</ele>
      </trkpt>
      <trkpt lat="45.63522" lon="10.549984">
        <ele>421.0</ele>
      </trkpt>
      <trkpt lat="45.635302" lon="10.549924">
        <ele>423.0</ele>
      </trkpt>
      <trkpt lat="45.635319" lon="10.549794">
        <ele>423.0</ele>
      </trkpt>
      <trkpt lat="45.635383" lon="10.549701">
        <ele>423.0</ele>
      </trkpt>
      <trkpt lat="45.635457" lon="10.549617">
        <ele>424.0</ele>
      </trkpt>
      <trkpt lat="45.63554" lon="10.54949">
        <ele>424.0</ele>
      </trkpt>
      <trkpt lat="45.635594" lon="10.54935">
        <ele>424.0</ele>
      </trkpt>
      <trkpt lat="45.63565" lon="10.549228">
        <ele>425.0</ele>
      </trkpt>
      <trkpt lat="45.63567" lon="10.549098">
        <ele>426.0</ele>
      </trkpt>
      <trkpt lat="45.635658" lon="10.548962">
        <ele>425.0</ele>
      </trkpt>
      <trkpt lat="45.635658" lon="10.548824">
        <ele>424.0</ele>
      </trkpt>
      <trkpt lat="45.635661" lon="10.548688">
        <ele>423.0</ele>
      </trkpt>
      <trkpt lat="45.635616" lon="10.548539">
        <ele>422.0</ele>
      </trkpt>
      <trkpt lat="45.635625" lon="10.5484">
        <ele>420.0</ele>
      </trkpt>
      <trkpt lat="45.63562" lon="10.548268">
        <ele>419.0</ele>
      </trkpt>
      <trkpt lat="45.635607" lon="10.548127">
        <ele>417.0</ele>
      </trkpt>
      <trkpt lat="45.635646" lon="10.548003">
        <ele>417.0</ele>
      </trkpt>
      <trkpt lat="45.635653" lon="10.547871">
        <ele>417.0</ele>
      </trkpt>
      <trkpt lat="45.635712" lon="10.547768">
        <ele>417.0</ele>
      </trkpt>
      <trkpt lat="45.63581" lon="10.547714">
        <ele>415.0</ele>
      </trkpt>
      <trkpt lat="45.635888" lon="10.547632">
        <ele>413.0</ele>
      </trkpt>
      <trkpt lat="45.635952" lon="10.547541">
        <ele>412.0</ele>
      </trkpt>
      <trkpt lat="45.636048" lon="10.547462">
        <ele>411.0</ele>
      </trkpt>
      <trkpt lat="45.636129" lon="10.547383">
        <ele>411.0</ele>
      </trkpt>
      <trkpt lat="45.636256" lon="10.547346">
        <ele>411.0</ele>
      </trkpt>
      <trkpt lat="45.636322" lon="10.547257">
        <ele>411.0</ele>
      </trkpt>
      <trkpt lat="45.636402" lon="10.547176">
        <ele>411.0</ele>
      </trkpt>
      <trkpt lat="45.636523" lon="10.547152">
        <ele>410.0</ele>
      </trkpt>
      <trkpt lat="45.636608" lon="10.547072">
        <ele>408.0</ele>
      </trkpt>
      <trkpt lat="45.636674" lon="10.546963">
        <ele>409.0</ele>
      </trkpt>
      <trkpt lat="45.636696" lon="10.546814">
        <ele>409.0</ele>
      </trkpt>
      <trkpt lat="45.636687" lon="10.546681">
        <ele>410.0</ele>
      </trkpt>
      <trkpt lat="45.636616" lon="10.54657">
        <ele>411.0</ele>
      </trkpt>
      <trkpt lat="45.636541" lon="10.546474">
        <ele>413.0</ele>
      </trkpt>
      <trkpt lat="45.636433" lon="10.546391">
        <ele>414.0</ele>
      </trkpt>
      <trkpt lat="45.636343" lon="10.546303">
        <ele>417.0</ele>
      </trkpt>
      <trkpt lat="45.636251" lon="10.54621">
        <ele>418.0</ele>
      </trkpt>
      <trkpt lat="45.636178" lon="10.54607">
        <ele>419.0</ele>
      </trkpt>
      <trkpt lat="45.636137" lon="10.545939">
        <ele>420.0</ele>
      </trkpt>
      <trkpt lat="45.636077" lon="10.545838">
        <ele>421.0</ele>
      </trkpt>
      <trkpt lat="45.636045" lon="10.545711">
        <ele>422.0</ele>
      </trkpt>
      <trkpt lat="45.636019" lon="10.545582">
        <ele>424.0</ele>
      </trkpt>
      <trkpt lat="45.635976" lon="10.54542">
        <ele>424.0</ele>
      </trkpt>
      <trkpt lat="45.635929" lon="10.545294">
        <ele>426.0</ele>
      </trkpt>
      <trkpt lat="45.635869" lon="10.545189">
        <ele>426.0</ele>
      </trkpt>
      <trkpt lat="45.635829" lon="10.545069">
        <ele>427.0</ele>
      </trkpt>
      <trkpt lat="45.635765" lon="10.544967">
        <ele>429.0</ele>
      </trkpt>
      <trkpt lat="45.635719" lon="10.544847">
        <ele>431.0</ele>
      </trkpt>
      <trkpt lat="45.635674" lon="10.544723">
        <ele>431.0</ele>
      </trkpt>
      <trkpt lat="45.635624" lon="10.544599">
        <ele>432.0</ele>
      </trkpt>
      <trkpt lat="45.63557" lon="10.544438">
        <ele>433.0</ele>
      </trkpt>
      <trkpt lat="45.635501" lon="10.544348">
        <ele>432.0</ele>
      </trkpt>
      <trkpt lat="45.635456" lon="10.544227">
        <ele>431.0</ele>
      </trkpt>
      <trkpt lat="45.635395" lon="10.543982">
        <ele>432.0</ele>
      </trkpt>
      <trkpt lat="45.635406" lon="10.543846">
        <ele>432.0</ele>
      </trkpt>
      <trkpt lat="45.635414" lon="10.543712">
        <ele>432.0</ele>
      </trkpt>
      <trkpt lat="45.635379" lon="10.543582">
        <ele>432.0</ele>
      </trkpt>
      <trkpt lat="45.635325" lon="10.543472">
        <ele>432.0</ele>
      </trkpt>
      <trkpt lat="45.635223" lon="10.543476">
        <ele>432.0</ele>
      </trkpt>
      <trkpt lat="45.635131" lon="10.543537">
        <ele>432.0</ele>
      </trkpt>
      <trkpt lat="45.635052" lon="10.543617">
        <ele>431.0</ele>
      </trkpt>
      <trkpt lat="45.634979" lon="10.543717">
        <ele>431.0</ele>
      </trkpt>
      <trkpt lat="45.6349" lon="10.543854">
        <ele>430.0</ele>
      </trkpt>
      <trkpt lat="45.634868" lon="10.543975">
        <ele>430.0</ele>
      </trkpt>
      <trkpt lat="45.634811" lon="10.544082">
        <ele>430.0</ele>
      </trkpt>
      <trkpt lat="45.63473" lon="10.544155">
        <ele>430.0</ele>
      </trkpt>
      <trkpt lat="45.634645" lon="10.544225">
        <ele>430.0</ele>
      </trkpt>
      <trkpt lat="45.634557" lon="10.544319">
        <ele>430.0</ele>
      </trkpt>
      <trkpt lat="45.634438" lon="10.544367">
        <ele>429.0</ele>
      </trkpt>
      <trkpt lat="45.634346" lon="10.544418">
        <ele>429.0</ele>
      </trkpt>
      <trkpt lat="45.634253" lon="10.544466">
        <ele>429.0</ele>
      </trkpt>
      <trkpt lat="45.634164" lon="10.544524">
        <ele>429.0</ele>
      </trkpt>
      <trkpt lat="45.634073" lon="10.54455">
        <ele>430.0</ele>
      </trkpt>
      <trkpt lat="45.633975" lon="10.544549">
        <ele>431.0</ele>
      </trkpt>
      <trkpt lat="45.633885" lon="10.544522">
        <ele>434.0</ele>
      </trkpt>
      <trkpt lat="45.633781" lon="10.544481">
        <ele>435.0</ele>
      </trkpt>
      <trkpt lat="45.633713" lon="10.544393">
        <ele>436.0</ele>
      </trkpt>
      <trkpt lat="45.633667" lon="10.544275">
        <ele>437.0</ele>
      </trkpt>
      <trkpt lat="45.633627" lon="10.544126">
        <ele>440.0</ele>
      </trkpt>
      <trkpt lat="45.633638" lon="10.543975">
        <ele>441.0</ele>
      </trkpt>
      <trkpt lat="45.633656" lon="10.543845">
        <ele>442.0</ele>
      </trkpt>
      <trkpt lat="45.633674" lon="10.543704">
        <ele>443.0</ele>
      </trkpt>
      <trkpt lat="45.633664" lon="10.543573">
        <ele>444.0</ele>
      </trkpt>
      <trkpt lat="45.63363" lon="10.543444">
        <ele>443.0</ele>
      </trkpt>
      <trkpt lat="45.633596" lon="10.543317">
        <ele>442.0</ele>
      </trkpt>
      <trkpt lat="45.633587" lon="10.543177">
        <ele>441.0</ele>
      </trkpt>
      <trkpt lat="45.63359" lon="10.543014">
        <ele>439.0</ele>
      </trkpt>
      <trkpt lat="45.633564" lon="10.542883">
        <ele>439.0</ele>
      </trkpt>
      <trkpt lat="45.633575" lon="10.542736">
        <ele>439.0</ele>
      </trkpt>
      <trkpt lat="45.633577" lon="10.542605">
        <ele>439.0</ele>
      </trkpt>
      <trkpt lat="45.633533" lon="10.542455">
        <ele>440.0</ele>
      </trkpt>
      <trkpt lat="45.633493" lon="10.542328">
        <ele>440.0</ele>
      </trkpt>
      <trkpt lat="45.633446" lon="10.542213">
        <ele>440.0</ele>
      </trkpt>
      <trkpt lat="45.633416" lon="10.542078">
        <ele>439.0</ele>
      </trkpt>
      <trkpt lat="45.633336" lon="10.541925">
        <ele>439.0</ele>
      </trkpt>
      <trkpt lat="45.633246" lon="10.541821">
        <ele>438.0</ele>
      </trkpt>
      <trkpt lat="45.633172" lon="10.541739">
        <ele>438.0</ele>
      </trkpt>
      <trkpt lat="45.633081" lon="10.541708">
        <ele>437.0</ele>
      </trkpt>
      <trkpt lat="45.632998" lon="10.541625">
        <ele>435.0</ele>
      </trkpt>
      <trkpt lat="45.632919" lon="10.541559">
        <ele>435.0</ele>
      </trkpt>
      <trkpt lat="45.632866" lon="10.541442">
        <ele>434.0</ele>
      </trkpt>
      <trkpt lat="45.6328" lon="10.5413">
        <ele>432.0</ele>
      </trkpt>
      <trkpt lat="45.632757" lon="10.541176">
        <ele>431.0</ele>
      </trkpt>
      <trkpt lat="45.632697" lon="10.541053">
        <ele>431.0</ele>
      </trkpt>
      <trkpt lat="45.632694" lon="10.540918">
        <ele>431.0</ele>
      </trkpt>
      <trkpt lat="45.632694" lon="10.540781">
        <ele>432.0</ele>
      </trkpt>
      <trkpt lat="45.632709" lon="10.540643">
        <ele>432.0</ele>
      </trkpt>
      <trkpt lat="45.63277" lon="10.540516">
        <ele>432.0</ele>
      </trkpt>
      <trkpt lat="45.632847" lon="10.54042">
        <ele>432.0</ele>
      </trkpt>
      <trkpt lat="45.632917" lon="10.540335">
        <ele>432.0</ele>
      </trkpt>
      <trkpt lat="45.632982" lon="10.540224">
        <ele>432.0</ele>
      </trkpt>
      <trkpt lat="45.633062" lon="10.540069">
        <ele>432.0</ele>
      </trkpt>
      <trkpt lat="45.633096" lon="10.539946">
        <ele>431.0</ele>
      </trkpt>
      <trkpt lat="45.633026" lon="10.539847">
        <ele>431.0</ele>
      </trkpt>
      <trkpt lat="45.632938" lon="10.53981">
        <ele>432.0</ele>
      </trkpt>
      <trkpt lat="45.63285" lon="10.539858">
        <ele>432.0</ele>
      </trkpt>
      <trkpt lat="45.632726" lon="10.539912">
        <ele>432.0</ele>
      </trkpt>
      <trkpt lat="45.632613" lon="10.539989">
        <ele>432.0</ele>
      </trkpt>
      <trkpt lat="45.632513" lon="10.54002">
        <ele>432.0</ele>
      </trkpt>
      <trkpt lat="45.632415" lon="10.540047">
        <ele>431.0</ele>
      </trkpt>
      <trkpt lat="45.632329" lon="10.54009">
        <ele>430.0</ele>
      </trkpt>
      <trkpt lat="45.63224" lon="10.540121">
        <ele>428.0</ele>
      </trkpt>
      <trkpt lat="45.632141" lon="10.540147">
        <ele>428.0</ele>
      </trkpt>
      <trkpt lat="45.632038" lon="10.54017">
        <ele>427.0</ele>
      </trkpt>
      <trkpt lat="45.631929" lon="10.54014">
        <ele>427.0</ele>
      </trkpt>
      <trkpt lat="45.631821" lon="10.540111">
        <ele>429.0</ele>
      </trkpt>
      <trkpt lat="45.631698" lon="10.540055">
        <ele>429.0</ele>
      </trkpt>
      <trkpt lat="45.631623" lon="10.539965">
        <ele>429.0</ele>
      </trkpt>
      <trkpt lat="45.631504" lon="10.539975">
        <ele>430.0</ele>
      </trkpt>
      <trkpt lat="45.631407" lon="10.539998">
        <ele>431.0</ele>
      </trkpt>
      <trkpt lat="45.631299" lon="10.540035">
        <ele>430.0</ele>
      </trkpt>
      <trkpt lat="45.631181" lon="10.540102">
        <ele>431.0</ele>
      </trkpt>
      <trkpt lat="45.63109" lon="10.540109">
        <ele>430.0</ele>
      </trkpt>
      <trkpt lat="45.630999" lon="10.540119">
        <ele>431.0</ele>
      </trkpt>
      <trkpt lat="45.630915" lon="10.540036">
        <ele>431.0</ele>
      </trkpt>
      <trkpt lat="45.630814" lon="10.539931">
        <ele>432.0</ele>
      </trkpt>
      <trkpt lat="45.630753" lon="10.539833">
        <ele>433.0</ele>
      </trkpt>
      <trkpt lat="45.630663" lon="10.539782">
        <ele>435.0</ele>
      </trkpt>
      <trkpt lat="45.630568" lon="10.539763">
        <ele>435.0</ele>
      </trkpt>
      <trkpt lat="45.630462" lon="10.539745">
        <ele>435.0</ele>
      </trkpt>
      <trkpt lat="45.630369" lon="10.539753">
        <ele>435.0</ele>
      </trkpt>
      <trkpt lat="45.630251" lon="10.539768">
        <ele>435.0</ele>
      </trkpt>
      <trkpt lat="45.630145" lon="10.539784">
        <ele>433.0</ele>
      </trkpt>
      <trkpt lat="45.630073" lon="10.539878">
        <ele>432.0</ele>
      </trkpt>
      <trkpt lat="45.630025" lon="10.540007">
        <ele>432.0</ele>
      </trkpt>
      <trkpt lat="45.630007" lon="10.540166">
        <ele>433.0</ele>
      </trkpt>
      <trkpt lat="45.629956" lon="10.540291">
        <ele>434.0</ele>
      </trkpt>
      <trkpt lat="45.629922" lon="10.540426">
        <ele>434.0</ele>
      </trkpt>
      <trkpt lat="45.62986" lon="10.540525">
        <ele>434.0</ele>
      </trkpt>
      <trkpt lat="45.629776" lon="10.540627">
        <ele>434.0</ele>
      </trkpt>
      <trkpt lat="45.629707" lon="10.540714">
        <ele>435.0</ele>
      </trkpt>
      <trkpt lat="45.629621" lon="10.540775">
        <ele>435.0</ele>
      </trkpt>
      <trkpt lat="45.629536" lon="10.540858">
        <ele>436.0</ele>
      </trkpt>
      <trkpt lat="45.629459" lon="10.540965">
        <ele>437.0</ele>
      </trkpt>
      <trkpt lat="45.629416" lon="10.541083">
        <ele>439.0</ele>
      </trkpt>
      <trkpt lat="45.629376" lon="10.541201">
        <ele>441.0</ele>
      </trkpt>
      <trkpt lat="45.629333" lon="10.541322">
        <ele>442.0</ele>
      </trkpt>
      <trkpt lat="45.62928" lon="10.541432">
        <ele>442.0</ele>
      </trkpt>
      <trkpt lat="45.629207" lon="10.541512">
        <ele>443.0</ele>
      </trkpt>
      <trkpt lat="45.62912" lon="10.541612">
        <ele>444.0</ele>
      </trkpt>
      <trkpt lat="45.629015" lon="10.541721">
        <ele>445.0</ele>
      </trkpt>
      <trkpt lat="45.628939" lon="10.541799">
        <ele>447.0</ele>
      </trkpt>
      <trkpt lat="45.628857" lon="10.541868">
        <ele>447.0</ele>
      </trkpt>
      <trkpt lat="45.628769" lon="10.541896">
        <ele>448.0</ele>
      </trkpt>
      <trkpt lat="45.628676" lon="10.541905">
        <ele>448.0</ele>
      </trkpt>
      <trkpt lat="45.628584" lon="10.541884">
        <ele>449.0</ele>
      </trkpt>
      <trkpt lat="45.628493" lon="10.541846">
        <ele>450.0</ele>
      </trkpt>
      <trkpt lat="45.628396" lon="10.541823">
        <ele>451.0</ele>
      </trkpt>
      <trkpt lat="45.628327" lon="10.541736">
        <ele>451.0</ele>
      </trkpt>
      <trkpt lat="45.628251" lon="10.541657">
        <ele>452.0</ele>
      </trkpt>
      <trkpt lat="45.628208" lon="10.54154">
        <ele>453.0</ele>
      </trkpt>
      <trkpt lat="45.628158" lon="10.541426">
        <ele>454.0</ele>
      </trkpt>
      <trkpt lat="45.62825" lon="10.541306">
        <ele>453.0</ele>
      </trkpt>
      <trkpt lat="45.628316" lon="10.541216">
        <ele>453.0</ele>
      </trkpt>
      <trkpt lat="45.628363" lon="10.541105">
        <ele>453.0</ele>
      </trkpt>
      <trkpt lat="45.628413" lon="10.540991">
        <ele>453.0</ele>
      </trkpt>
      <trkpt lat="45.628467" lon="10.540887">
        <ele>454.0</ele>
      </trkpt>
      <trkpt lat="45.628508" lon="10.540763">
        <ele>455.0</ele>
      </trkpt>
      <trkpt lat="45.628556" lon="10.540647">
        <ele>456.0</ele>
      </trkpt>
      <trkpt lat="45.628621" lon="10.540548">
        <ele>458.0</ele>
      </trkpt>
      <trkpt lat="45.628657" lon="10.540397">
        <ele>459.0</ele>
      </trkpt>
      <trkpt lat="45.62875" lon="10.540404">
        <ele>462.0</ele>
      </trkpt>
      <trkpt lat="45.628836" lon="10.540455">
        <ele>466.0</ele>
      </trkpt>
      <trkpt lat="45.628867" lon="10.540603">
        <ele>472.0</ele>
      </trkpt>
      <trkpt lat="45.628868" lon="10.540749">
        <ele>472.0</ele>
      </trkpt>
      <trkpt lat="45.628908" lon="10.540873">
        <ele>469.0</ele>
      </trkpt>
      <trkpt lat="45.628868" lon="10.540748">
        <ele>469.0</ele>
      </trkpt>
      <trkpt lat="45.628867" lon="10.540598">
        <ele>470.0</ele>
      </trkpt>
      <trkpt lat="45.628832" lon="10.540453">
        <ele>472.0</ele>
      </trkpt>
      <trkpt lat="45.628746" lon="10.540402">
        <ele>473.0</ele>
      </trkpt>
      <trkpt lat="45.628649" lon="10.540397">
        <ele>473.0</ele>
      </trkpt>
      <trkpt lat="45.628627" lon="10.540268">
        <ele>472.0</ele>
      </trkpt>
      <trkpt lat="45.62856" lon="10.540171">
        <ele>471.0</ele>
      </trkpt>
      <trkpt lat="45.628526" lon="10.540045">
        <ele>471.0</ele>
      </trkpt>
      <trkpt lat="45.628488" lon="10.539922">
        <ele>471.0</ele>
      </trkpt>
      <trkpt lat="45.62833" lon="10.539999">
        <ele>470.0</ele>
      </trkpt>
      <trkpt lat="45.628232" lon="10.539937">
        <ele>470.0</ele>
      </trkpt>
      <trkpt lat="45.628149" lon="10.539858">
        <ele>470.0</ele>
      </trkpt>
      <trkpt lat="45.628081" lon="10.539767">
        <ele>470.0</ele>
      </trkpt>
      <trkpt lat="45.628027" lon="10.539659">
        <ele>469.0</ele>
      </trkpt>
      <trkpt lat="45.627964" lon="10.539559">
        <ele>469.0</ele>
      </trkpt>
      <trkpt lat="45.627911" lon="10.539449">
        <ele>470.0</ele>
      </trkpt>
      <trkpt lat="45.627866" lon="10.539326">
        <ele>470.0</ele>
      </trkpt>
      <trkpt lat="45.627829" lon="10.539206">
        <ele>469.0</ele>
      </trkpt>
      <trkpt lat="45.627795" lon="10.539077">
        <ele>468.0</ele>
      </trkpt>
      <trkpt lat="45.627754" lon="10.538954">
        <ele>469.0</ele>
      </trkpt>
      <trkpt lat="45.62768" lon="10.538857">
        <ele>468.0</ele>
      </trkpt>
      <trkpt lat="45.627637" lon="10.53874">
        <ele>468.0</ele>
      </trkpt>
      <trkpt lat="45.627613" lon="10.538595">
        <ele>466.0</ele>
      </trkpt>
      <trkpt lat="45.627576" lon="10.538455">
        <ele>465.0</ele>
      </trkpt>
      <trkpt lat="45.627539" lon="10.538327">
        <ele>465.0</ele>
      </trkpt>
      <trkpt lat="45.627541" lon="10.538195">
        <ele>466.0</ele>
      </trkpt>
      <trkpt lat="45.627524" lon="10.538055">
        <ele>467.0</ele>
      </trkpt>
      <trkpt lat="45.627503" lon="10.537915">
        <ele>470.0</ele>
      </trkpt>
      <trkpt lat="45.627495" lon="10.53774">
        <ele>472.0</ele>
      </trkpt>
      <trkpt lat="45.627512" lon="10.537602">
        <ele>475.0</ele>
      </trkpt>
      <trkpt lat="45.627542" lon="10.537477">
        <ele>477.0</ele>
      </trkpt>
      <trkpt lat="45.627522" lon="10.537343">
        <ele>478.0</ele>
      </trkpt>
      <trkpt lat="45.627442" lon="10.537199">
        <ele>482.0</ele>
      </trkpt>
      <trkpt lat="45.62738" lon="10.537096">
        <ele>482.0</ele>
      </trkpt>
      <trkpt lat="45.6273" lon="10.537012">
        <ele>483.0</ele>
      </trkpt>
      <trkpt lat="45.627207" lon="10.536919">
        <ele>484.0</ele>
      </trkpt>
      <trkpt lat="45.627133" lon="10.536836">
        <ele>485.0</ele>
      </trkpt>
      <trkpt lat="45.627075" lon="10.536722">
        <ele>486.0</ele>
      </trkpt>
      <trkpt lat="45.627031" lon="10.536602">
        <ele>488.0</ele>
      </trkpt>
      <trkpt lat="45.627088" lon="10.536471">
        <ele>488.0</ele>
      </trkpt>
      <trkpt lat="45.627136" lon="10.536358">
        <ele>489.0</ele>
      </trkpt>
      <trkpt lat="45.627222" lon="10.536293">
        <ele>490.0</ele>
      </trkpt>
      <trkpt lat="45.627259" lon="10.536164">
        <ele>491.0</ele>
      </trkpt>
      <trkpt lat="45.627265" lon="10.536033">
        <ele>493.0</ele>
      </trkpt>
      <trkpt lat="45.62725" lon="10.535901">
        <ele>496.0</ele>
      </trkpt>
      <trkpt lat="45.627217" lon="10.53577">
        <ele>498.0</ele>
      </trkpt>
      <trkpt lat="45.62718" lon="10.535635">
        <ele>499.0</ele>
      </trkpt>
      <trkpt lat="45.627118" lon="10.535531">
        <ele>501.0</ele>
      </trkpt>
      <trkpt lat="45.627057" lon="10.535432">
        <ele>502.0</ele>
      </trkpt>
      <trkpt lat="45.62698" lon="10.535343">
        <ele>505.0</ele>
      </trkpt>
      <trkpt lat="45.626887" lon="10.535291">
        <ele>506.0</ele>
      </trkpt>
      <trkpt lat="45.626783" lon="10.535273">
        <ele>508.0</ele>
      </trkpt>
      <trkpt lat="45.626674" lon="10.535249">
        <ele>509.0</ele>
      </trkpt>
      <trkpt lat="45.626576" lon="10.535224">
        <ele>510.0</ele>
      </trkpt>
      <trkpt lat="45.626504" lon="10.53514">
        <ele>511.0</ele>
      </trkpt>
      <trkpt lat="45.626388" lon="10.535059">
        <ele>513.0</ele>
      </trkpt>
      <trkpt lat="45.626302" lon="10.534992">
        <ele>513.0</ele>
      </trkpt>
      <trkpt lat="45.626214" lon="10.534963">
        <ele>516.0</ele>
      </trkpt>
      <trkpt lat="45.626111" lon="10.534967">
        <ele>520.0</ele>
      </trkpt>
      <trkpt lat="45.626002" lon="10.534976">
        <ele>523.0</ele>
      </trkpt>
      <trkpt lat="45.625912" lon="10.534951">
        <ele>525.0</ele>
      </trkpt>
      <trkpt lat="45.62582" lon="10.534905">
        <ele>530.0</ele>
      </trkpt>
      <trkpt lat="45.625721" lon="10.534917">
        <ele>532.0</ele>
      </trkpt>
      <trkpt lat="45.625621" lon="10.534894">
        <ele>535.0</ele>
      </trkpt>
      <trkpt lat="45.625543" lon="10.534962">
        <ele>537.0</ele>
      </trkpt>
      <trkpt lat="45.625448" lon="10.534985">
        <ele>540.0</ele>
      </trkpt>
      <trkpt lat="45.625366" lon="10.535049">
        <ele>544.0</ele>
      </trkpt>
      <trkpt lat="45.625261" lon="10.535059">
        <ele>544.0</ele>
      </trkpt>
      <trkpt lat="45.625145" lon="10.535115">
        <ele>545.0</ele>
      </trkpt>
      <trkpt lat="45.625029" lon="10.535105">
        <ele>545.0</ele>
      </trkpt>
      <trkpt lat="45.624933" lon="10.535068">
        <ele>546.0</ele>
      </trkpt>
      <trkpt lat="45.624823" lon="10.535013">
        <ele>546.0</ele>
      </trkpt>
      <trkpt lat="45.624702" lon="10.535042">
        <ele>547.0</ele>
      </trkpt>
      <trkpt lat="45.624609" lon="10.535049">
        <ele>547.0</ele>
      </trkpt>
      <trkpt lat="45.624505" lon="10.53494">
        <ele>548.0</ele>
      </trkpt>
      <trkpt lat="45.624415" lon="10.534897">
        <ele>548.0</ele>
      </trkpt>
      <trkpt lat="45.624331" lon="10.534849">
        <ele>548.0</ele>
      </trkpt>
      <trkpt lat="45.624211" lon="10.534811">
        <ele>549.0</ele>
      </trkpt>
      <trkpt lat="45.624146" lon="10.534709">
        <ele>550.0</ele>
      </trkpt>
      <trkpt lat="45.624106" lon="10.534584">
        <ele>548.0</ele>
      </trkpt>
      <trkpt lat="45.624056" lon="10.53444">
        <ele>549.0</ele>
      </trkpt>
      <trkpt lat="45.624052" lon="10.534304">
        <ele>549.0</ele>
      </trkpt>
      <trkpt lat="45.624042" lon="10.534165">
        <ele>549.0</ele>
      </trkpt>
      <trkpt lat="45.624011" lon="10.53404">
        <ele>549.0</ele>
      </trkpt>
      <trkpt lat="45.623927" lon="10.533964">
        <ele>550.0</ele>
      </trkpt>
      <trkpt lat="45.623867" lon="10.533844">
        <ele>550.0</ele>
      </trkpt>
      <trkpt lat="45.623794" lon="10.533764">
        <ele>550.0</ele>
      </trkpt>
      <trkpt lat="45.62372" lon="10.533689">
        <ele>552.0</ele>
      </trkpt>
      <trkpt lat="45.623643" lon="10.53362">
        <ele>553.0</ele>
      </trkpt>
      <trkpt lat="45.62356" lon="10.533554">
        <ele>554.0</ele>
      </trkpt>
      <trkpt lat="45.623465" lon="10.53349">
        <ele>554.0</ele>
      </trkpt>
      <trkpt lat="45.623406" lon="10.53339">
        <ele>554.0</ele>
      </trkpt>
      <trkpt lat="45.62334" lon="10.533272">
        <ele>555.0</ele>
      </trkpt>
      <trkpt lat="45.623294" lon="10.533153">
        <ele>555.0</ele>
      </trkpt>
      <trkpt lat="45.623228" lon="10.533">
        <ele>555.0</ele>
      </trkpt>
      <trkpt lat="45.623132" lon="10.532911">
        <ele>555.0</ele>
      </trkpt>
      <trkpt lat="45.623043" lon="10.53286">
        <ele>555.0</ele>
      </trkpt>
      <trkpt lat="45.622949" lon="10.532842">
        <ele>555.0</ele>
      </trkpt>
      <trkpt lat="45.622854" lon="10.532855">
        <ele>555.0</ele>
      </trkpt>
      <trkpt lat="45.622752" lon="10.532868">
        <ele>555.0</ele>
      </trkpt>
      <trkpt lat="45.62266" lon="10.532876">
        <ele>555.0</ele>
      </trkpt>
      <trkpt lat="45.622561" lon="10.532885">
        <ele>555.0</ele>
      </trkpt>
      <trkpt lat="45.62247" lon="10.532882">
        <ele>554.0</ele>
      </trkpt>
      <trkpt lat="45.622377" lon="10.532869">
        <ele>553.0</ele>
      </trkpt>
      <trkpt lat="45.622283" lon="10.532906">
        <ele>552.0</ele>
      </trkpt>
      <trkpt lat="45.622191" lon="10.532917">
        <ele>552.0</ele>
      </trkpt>
      <trkpt lat="45.622096" lon="10.53297">
        <ele>552.0</ele>
      </trkpt>
      <trkpt lat="45.622002" lon="10.532974">
        <ele>552.0</ele>
      </trkpt>
      <trkpt lat="45.62191" lon="10.533023">
        <ele>552.0</ele>
      </trkpt>
      <trkpt lat="45.621808" lon="10.533077">
        <ele>553.0</ele>
      </trkpt>
      <trkpt lat="45.621713" lon="10.533092">
        <ele>553.0</ele>
      </trkpt>
      <trkpt lat="45.621615" lon="10.533128">
        <ele>553.0</ele>
      </trkpt>
      <trkpt lat="45.621526" lon="10.533157">
        <ele>553.0</ele>
      </trkpt>
      <trkpt lat="45.621431" lon="10.533179">
        <ele>553.0</ele>
      </trkpt>
      <trkpt lat="45.621295" lon="10.53318">
        <ele>553.0</ele>
      </trkpt>
      <trkpt lat="45.621176" lon="10.533182">
        <ele>553.0</ele>
      </trkpt>
      <trkpt lat="45.621073" lon="10.53325">
        <ele>553.0</ele>
      </trkpt>
      <trkpt lat="45.620954" lon="10.533268">
        <ele>554.0</ele>
      </trkpt>
      <trkpt lat="45.620867" lon="10.533207">
        <ele>555.0</ele>
      </trkpt>
      <trkpt lat="45.620775" lon="10.533171">
        <ele>555.0</ele>
      </trkpt>
      <trkpt lat="45.620683" lon="10.533088">
        <ele>555.0</ele>
      </trkpt>
      <trkpt lat="45.620598" lon="10.533019">
        <ele>556.0</ele>
      </trkpt>
      <trkpt lat="45.620493" lon="10.532992">
        <ele>556.0</ele>
      </trkpt>
      <trkpt lat="45.620391" lon="10.532988">
        <ele>556.0</ele>
      </trkpt>
      <trkpt lat="45.620295" lon="10.533009">
        <ele>556.0</ele>
      </trkpt>
      <trkpt lat="45.620283" lon="10.532881">
        <ele>556.0</ele>
      </trkpt>
      <trkpt lat="45.620373" lon="10.532743">
        <ele>554.0</ele>
      </trkpt>
      <trkpt lat="45.620463" lon="10.532619">
        <ele>552.0</ele>
      </trkpt>
      <trkpt lat="45.620596" lon="10.532424">
        <ele>550.0</ele>
      </trkpt>
      <trkpt lat="45.620631" lon="10.532272">
        <ele>549.0</ele>
      </trkpt>
      <trkpt lat="45.620619" lon="10.532132">
        <ele>548.0</ele>
      </trkpt>
      <trkpt lat="45.620546" lon="10.531993">
        <ele>546.0</ele>
      </trkpt>
      <trkpt lat="45.620532" lon="10.531859">
        <ele>546.0</ele>
      </trkpt>
      <trkpt lat="45.62052" lon="10.531727">
        <ele>545.0</ele>
      </trkpt>
      <trkpt lat="45.620462" lon="10.531588">
        <ele>545.0</ele>
      </trkpt>
      <trkpt lat="45.620398" lon="10.531486">
        <ele>544.0</ele>
      </trkpt>
      <trkpt lat="45.620332" lon="10.531391">
        <ele>544.0</ele>
      </trkpt>
      <trkpt lat="45.620245" lon="10.531328">
        <ele>545.0</ele>
      </trkpt>
      <trkpt lat="45.620161" lon="10.531247">
        <ele>542.0</ele>
      </trkpt>
      <trkpt lat="45.620098" lon="10.531145">
        <ele>541.0</ele>
      </trkpt>
      <trkpt lat="45.62002" lon="10.531002">
        <ele>539.0</ele>
      </trkpt>
      <trkpt lat="45.619972" lon="10.530865">
        <ele>538.0</ele>
      </trkpt>
      <trkpt lat="45.619925" lon="10.530738">
        <ele>537.0</ele>
      </trkpt>
      <trkpt lat="45.619906" lon="10.530601">
        <ele>536.0</ele>
      </trkpt>
      <trkpt lat="45.619853" lon="10.530457">
        <ele>535.0</ele>
      </trkpt>
      <trkpt lat="45.619815" lon="10.530329">
        <ele>534.0</ele>
      </trkpt>
      <trkpt lat="45.61975" lon="10.530207">
        <ele>534.0</ele>
      </trkpt>
      <trkpt lat="45.619682" lon="10.530106">
        <ele>533.0</ele>
      </trkpt>
      <trkpt lat="45.619599" lon="10.52999">
        <ele>532.0</ele>
      </trkpt>
      <trkpt lat="45.619525" lon="10.529891">
        <ele>533.0</ele>
      </trkpt>
      <trkpt lat="45.619451" lon="10.529796">
        <ele>533.0</ele>
      </trkpt>
      <trkpt lat="45.619391" lon="10.529681">
        <ele>525.0</ele>
      </trkpt>
      <trkpt lat="45.619408" lon="10.529545">
        <ele>524.0</ele>
      </trkpt>
      <trkpt lat="45.619349" lon="10.529421">
        <ele>524.0</ele>
      </trkpt>
      <trkpt lat="45.619297" lon="10.529312">
        <ele>525.0</ele>
      </trkpt>
      <trkpt lat="45.619268" lon="10.529188">
        <ele>525.0</ele>
      </trkpt>
      <trkpt lat="45.619176" lon="10.528947">
        <ele>526.0</ele>
      </trkpt>
      <trkpt lat="45.619113" lon="10.528833">
        <ele>528.0</ele>
      </trkpt>
      <trkpt lat="45.619087" lon="10.528706">
        <ele>529.0</ele>
      </trkpt>
      <trkpt lat="45.619056" lon="10.528584">
        <ele>530.0</ele>
      </trkpt>
      <trkpt lat="45.619031" lon="10.528436">
        <ele>531.0</ele>
      </trkpt>
      <trkpt lat="45.618972" lon="10.528338">
        <ele>531.0</ele>
      </trkpt>
      <trkpt lat="45.618937" lon="10.528216">
        <ele>531.0</ele>
      </trkpt>
      <trkpt lat="45.618888" lon="10.528106">
        <ele>531.0</ele>
      </trkpt>
      <trkpt lat="45.618846" lon="10.527941">
        <ele>530.0</ele>
      </trkpt>
      <trkpt lat="45.618771" lon="10.527835">
        <ele>530.0</ele>
      </trkpt>
      <trkpt lat="45.618724" lon="10.527715">
        <ele>529.0</ele>
      </trkpt>
      <trkpt lat="45.618717" lon="10.527586">
        <ele>530.0</ele>
      </trkpt>
      <trkpt lat="45.618712" lon="10.527449">
        <ele>531.0</ele>
      </trkpt>
      <trkpt lat="45.618717" lon="10.527293">
        <ele>531.0</ele>
      </trkpt>
      <trkpt lat="45.618629" lon="10.527204">
        <ele>530.0</ele>
      </trkpt>
      <trkpt lat="45.618533" lon="10.527184">
        <ele>531.0</ele>
      </trkpt>
      <trkpt lat="45.618464" lon="10.527098">
        <ele>531.0</ele>
      </trkpt>
      <trkpt lat="45.618399" lon="10.526985">
        <ele>531.0</ele>
      </trkpt>
      <trkpt lat="45.618342" lon="10.526881">
        <ele>531.0</ele>
      </trkpt>
      <trkpt lat="45.618271" lon="10.526801">
        <ele>530.0</ele>
      </trkpt>
      <trkpt lat="45.618183" lon="10.526743">
        <ele>531.0</ele>
      </trkpt>
      <trkpt lat="45.618144" lon="10.526622">
        <ele>532.0</ele>
      </trkpt>
      <trkpt lat="45.618104" lon="10.526504">
        <ele>531.0</ele>
      </trkpt>
      <trkpt lat="45.61805" lon="10.526396">
        <ele>531.0</ele>
      </trkpt>
      <trkpt lat="45.617962" lon="10.526335">
        <ele>530.0</ele>
      </trkpt>
      <trkpt lat="45.61787" lon="10.526351">
        <ele>530.0</ele>
      </trkpt>
      <trkpt lat="45.617813" lon="10.52646">
        <ele>531.0</ele>
      </trkpt>
      <trkpt lat="45.617753" lon="10.526567">
        <ele>532.0</ele>
      </trkpt>
      <trkpt lat="45.617675" lon="10.52664">
        <ele>532.0</ele>
      </trkpt>
      <trkpt lat="45.617599" lon="10.526711">
        <ele>531.0</ele>
      </trkpt>
      <trkpt lat="45.617515" lon="10.526773">
        <ele>531.0</ele>
      </trkpt>
      <trkpt lat="45.617397" lon="10.526709">
        <ele>526.0</ele>
      </trkpt>
      <trkpt lat="45.617299" lon="10.52669">
        <ele>523.0</ele>
      </trkpt>
      <trkpt lat="45.6172" lon="10.526735">
        <ele>522.0</ele>
      </trkpt>
      <trkpt lat="45.617106" lon="10.526671">
        <ele>522.0</ele>
      </trkpt>
      <trkpt lat="45.617009" lon="10.526682">
        <ele>521.0</ele>
      </trkpt>
      <trkpt lat="45.616918" lon="10.526677">
        <ele>519.0</ele>
      </trkpt>
      <trkpt lat="45.616836" lon="10.52661">
        <ele>519.0</ele>
      </trkpt>
      <trkpt lat="45.616742" lon="10.526583">
        <ele>518.0</ele>
      </trkpt>
      <trkpt lat="45.616648" lon="10.526621">
        <ele>518.0</ele>
      </trkpt>
      <trkpt lat="45.616553" lon="10.526645">
        <ele>517.0</ele>
      </trkpt>
      <trkpt lat="45.616444" lon="10.526644">
        <ele>517.0</ele>
      </trkpt>
      <trkpt lat="45.616347" lon="10.526646">
        <ele>511.0</ele>
      </trkpt>
      <trkpt lat="45.616262" lon="10.526732">
        <ele>509.0</ele>
      </trkpt>
      <trkpt lat="45.616218" lon="10.526883">
        <ele>508.0</ele>
      </trkpt>
      <trkpt lat="45.616138" lon="10.526991">
        <ele>508.0</ele>
      </trkpt>
      <trkpt lat="45.616074" lon="10.527126">
        <ele>508.0</ele>
      </trkpt>
      <trkpt lat="45.616002" lon="10.527249">
        <ele>508.0</ele>
      </trkpt>
      <trkpt lat="45.615945" lon="10.52736">
        <ele>504.0</ele>
      </trkpt>
      <trkpt lat="45.615849" lon="10.527415">
        <ele>498.0</ele>
      </trkpt>
      <trkpt lat="45.615748" lon="10.527483">
        <ele>495.0</ele>
      </trkpt>
      <trkpt lat="45.615659" lon="10.527512">
        <ele>487.0</ele>
      </trkpt>
      <trkpt lat="45.615606" lon="10.527405">
        <ele>484.0</ele>
      </trkpt>
      <trkpt lat="45.615537" lon="10.527302">
        <ele>481.0</ele>
      </trkpt>
      <trkpt lat="45.6155" lon="10.52718">
        <ele>476.0</ele>
      </trkpt>
      <trkpt lat="45.615448" lon="10.527058">
        <ele>468.0</ele>
      </trkpt>
      <trkpt lat="45.615406" lon="10.526932">
        <ele>468.0</ele>
      </trkpt>
      <trkpt lat="45.615372" lon="10.526803">
        <ele>468.0</ele>
      </trkpt>
      <trkpt lat="45.615366" lon="10.526674">
        <ele>468.0</ele>
      </trkpt>
      <trkpt lat="45.615363" lon="10.526522">
        <ele>470.0</ele>
      </trkpt>
      <trkpt lat="45.615348" lon="10.526375">
        <ele>470.0</ele>
      </trkpt>
      <trkpt lat="45.615299" lon="10.526264">
        <ele>471.0</ele>
      </trkpt>
      <trkpt lat="45.615224" lon="10.526104">
        <ele>470.0</ele>
      </trkpt>
      <trkpt lat="45.615184" lon="10.52598">
        <ele>468.0</ele>
      </trkpt>
      <trkpt lat="45.61511" lon="10.525809">
        <ele>466.0</ele>
      </trkpt>
      <trkpt lat="45.615057" lon="10.525684">
        <ele>466.0</ele>
      </trkpt>
      <trkpt lat="45.614982" lon="10.525595">
        <ele>467.0</ele>
      </trkpt>
      <trkpt lat="45.614896" lon="10.525476">
        <ele>466.0</ele>
      </trkpt>
      <trkpt lat="45.614846" lon="10.525366">
        <ele>465.0</ele>
      </trkpt>
      <trkpt lat="45.614808" lon="10.525157">
        <ele>464.0</ele>
      </trkpt>
      <trkpt lat="45.614722" lon="10.525213">
        <ele>462.0</ele>
      </trkpt>
      <trkpt lat="45.614613" lon="10.525266">
        <ele>460.0</ele>
      </trkpt>
      <trkpt lat="45.614722" lon="10.525216">
        <ele>459.0</ele>
      </trkpt>
      <trkpt lat="45.614811" lon="10.525157">
        <ele>457.0</ele>
      </trkpt>
      <trkpt lat="45.61477" lon="10.524963">
        <ele>456.0</ele>
      </trkpt>
      <trkpt lat="45.614723" lon="10.524836">
        <ele>456.0</ele>
      </trkpt>
      <trkpt lat="45.614657" lon="10.524729">
        <ele>455.0</ele>
      </trkpt>
      <trkpt lat="45.614635" lon="10.524583">
        <ele>454.0</ele>
      </trkpt>
      <trkpt lat="45.614636" lon="10.524453">
        <ele>454.0</ele>
      </trkpt>
      <trkpt lat="45.614637" lon="10.524271">
        <ele>452.0</ele>
      </trkpt>
      <trkpt lat="45.614559" lon="10.524165">
        <ele>454.0</ele>
      </trkpt>
      <trkpt lat="45.614515" lon="10.524049">
        <ele>454.0</ele>
      </trkpt>
      <trkpt lat="45.614499" lon="10.523911">
        <ele>454.0</ele>
      </trkpt>
      <trkpt lat="45.614448" lon="10.5238">
        <ele>450.0</ele>
      </trkpt>
      <trkpt lat="45.614352" lon="10.523744">
        <ele>446.0</ele>
      </trkpt>
      <trkpt lat="45.614285" lon="10.523655">
        <ele>446.0</ele>
      </trkpt>
      <trkpt lat="45.614192" lon="10.523675">
        <ele>442.0</ele>
      </trkpt>
      <trkpt lat="45.61412" lon="10.523587">
        <ele>436.0</ele>
      </trkpt>
      <trkpt lat="45.614021" lon="10.52356">
        <ele>432.0</ele>
      </trkpt>
      <trkpt lat="45.613931" lon="10.523523">
        <ele>430.0</ele>
      </trkpt>
      <trkpt lat="45.613853" lon="10.523446">
        <ele>428.0</ele>
      </trkpt>
      <trkpt lat="45.613761" lon="10.523386">
        <ele>423.0</ele>
      </trkpt>
      <trkpt lat="45.613682" lon="10.52332">
        <ele>418.0</ele>
      </trkpt>
      <trkpt lat="45.613592" lon="10.523346">
        <ele>409.0</ele>
      </trkpt>
      <trkpt lat="45.613502" lon="10.523311">
        <ele>403.0</ele>
      </trkpt>
      <trkpt lat="45.613422" lon="10.523252">
        <ele>400.0</ele>
      </trkpt>
      <trkpt lat="45.613353" lon="10.523141">
        <ele>385.0</ele>
      </trkpt>
      <trkpt lat="45.613311" lon="10.523024">
        <ele>381.0</ele>
      </trkpt>
      <trkpt lat="45.613279" lon="10.522903">
        <ele>380.0</ele>
      </trkpt>
      <trkpt lat="45.613262" lon="10.522761">
        <ele>379.0</ele>
      </trkpt>
      <trkpt lat="45.613253" lon="10.52263">
        <ele>378.0</ele>
      </trkpt>
      <trkpt lat="45.613225" lon="10.522503">
        <ele>376.0</ele>
      </trkpt>
      <trkpt lat="45.613159" lon="10.522407">
        <ele>373.0</ele>
      </trkpt>
      <trkpt lat="45.613149" lon="10.522261">
        <ele>370.0</ele>
      </trkpt>
      <trkpt lat="45.613103" lon="10.522142">
        <ele>361.0</ele>
      </trkpt>
      <trkpt lat="45.613016" lon="10.522183">
        <ele>360.0</ele>
      </trkpt>
      <trkpt lat="45.61297" lon="10.522304">
        <ele>355.0</ele>
      </trkpt>
      <trkpt lat="45.612927" lon="10.522431">
        <ele>352.0</ele>
      </trkpt>
      <trkpt lat="45.612839" lon="10.522396">
        <ele>349.0</ele>
      </trkpt>
      <trkpt lat="45.61276" lon="10.522497">
        <ele>342.0</ele>
      </trkpt>
      <trkpt lat="45.612747" lon="10.522666">
        <ele>337.0</ele>
      </trkpt>
      <trkpt lat="45.612653" lon="10.52265">
        <ele>331.0</ele>
      </trkpt>
      <trkpt lat="45.612535" lon="10.522606">
        <ele>327.0</ele>
      </trkpt>
      <trkpt lat="45.612497" lon="10.522734">
        <ele>316.0</ele>
      </trkpt>
      <trkpt lat="45.612405" lon="10.522777">
        <ele>310.0</ele>
      </trkpt>
      <trkpt lat="45.612304" lon="10.522713">
        <ele>306.0</ele>
      </trkpt>
      <trkpt lat="45.612242" lon="10.522612">
        <ele>302.0</ele>
      </trkpt>
      <trkpt lat="45.612212" lon="10.522473">
        <ele>298.0</ele>
      </trkpt>
      <trkpt lat="45.612213" lon="10.522342">
        <ele>296.0</ele>
      </trkpt>
      <trkpt lat="45.612109" lon="10.522362">
        <ele>292.0</ele>
      </trkpt>
      <trkpt lat="45.612056" lon="10.522478">
        <ele>287.0</ele>
      </trkpt>
      <trkpt lat="45.611946" lon="10.522426">
        <ele>282.0</ele>
      </trkpt>
      <trkpt lat="45.611853" lon="10.522357">
        <ele>271.0</ele>
      </trkpt>
      <trkpt lat="45.611799" lon="10.522238">
        <ele>269.0</ele>
      </trkpt>
      <trkpt lat="45.611716" lon="10.522178">
        <ele>268.0</ele>
      </trkpt>
      <trkpt lat="45.611619" lon="10.522159">
        <ele>265.0</ele>
      </trkpt>
      <trkpt lat="45.61153" lon="10.522118">
        <ele>263.0</ele>
      </trkpt>
      <trkpt lat="45.611527" lon="10.522251">
        <ele>256.0</ele>
      </trkpt>
      <trkpt lat="45.611433" lon="10.522243">
        <ele>248.0</ele>
      </trkpt>
      <trkpt lat="45.611366" lon="10.522156">
        <ele>245.0</ele>
      </trkpt>
      <trkpt lat="45.611366" lon="10.522019">
        <ele>244.0</ele>
      </trkpt>
      <trkpt lat="45.611507" lon="10.521852">
        <ele>241.0</ele>
      </trkpt>
      <trkpt lat="45.61158" lon="10.521759">
        <ele>240.0</ele>
      </trkpt>
      <trkpt lat="45.611629" lon="10.521639">
        <ele>238.0</ele>
      </trkpt>
      <trkpt lat="45.611658" lon="10.521506">
        <ele>237.0</ele>
      </trkpt>
      <trkpt lat="45.611696" lon="10.521384">
        <ele>236.0</ele>
      </trkpt>
      <trkpt lat="45.611752" lon="10.521277">
        <ele>235.0</ele>
      </trkpt>
      <trkpt lat="45.611833" lon="10.521152">
        <ele>235.0</ele>
      </trkpt>
      <trkpt lat="45.611887" lon="10.521027">
        <ele>235.0</ele>
      </trkpt>
      <trkpt lat="45.611951" lon="10.520903">
        <ele>235.0</ele>
      </trkpt>
      <trkpt lat="45.61199" lon="10.520781">
        <ele>235.0</ele>
      </trkpt>
      <trkpt lat="45.612032" lon="10.520666">
        <ele>235.0</ele>
      </trkpt>
      <trkpt lat="45.612083" lon="10.520532">
        <ele>235.0</ele>
      </trkpt>
      <trkpt lat="45.612132" lon="10.520411">
        <ele>235.0</ele>
      </trkpt>
      <trkpt lat="45.612172" lon="10.520278">
        <ele>234.0</ele>
      </trkpt>
      <trkpt lat="45.612219" lon="10.520139">
        <ele>234.0</ele>
      </trkpt>
      <trkpt lat="45.612259" lon="10.520008">
        <ele>234.0</ele>
      </trkpt>
      <trkpt lat="45.612303" lon="10.519885">
        <ele>233.0</ele>
      </trkpt>
      <trkpt lat="45.612317" lon="10.519756">
        <ele>231.0</ele>
      </trkpt>
      <trkpt lat="45.612336" lon="10.519617">
        <ele>231.0</ele>
      </trkpt>
      <trkpt lat="45.61234" lon="10.519471">
        <ele>230.0</ele>
      </trkpt>
      <trkpt lat="45.612324" lon="10.519327">
        <ele>230.0</ele>
      </trkpt>
      <trkpt lat="45.612339" lon="10.519199">
        <ele>229.0</ele>
      </trkpt>
      <trkpt lat="45.612359" lon="10.519065">
        <ele>228.0</ele>
      </trkpt>
      <trkpt lat="45.612381" lon="10.518935">
        <ele>227.0</ele>
      </trkpt>
      <trkpt lat="45.612426" lon="10.518815">
        <ele>227.0</ele>
      </trkpt>
      <trkpt lat="45.612499" lon="10.518736">
        <ele>226.0</ele>
      </trkpt>
      <trkpt lat="45.612582" lon="10.518643">
        <ele>225.0</ele>
      </trkpt>
      <trkpt lat="45.612616" lon="10.518487">
        <ele>225.0</ele>
      </trkpt>
      <trkpt lat="45.612665" lon="10.518355">
        <ele>224.0</ele>
      </trkpt>
      <trkpt lat="45.612727" lon="10.51823">
        <ele>224.0</ele>
      </trkpt>
      <trkpt lat="45.612744" lon="10.518103">
        <ele>223.0</ele>
      </trkpt>
      <trkpt lat="45.612707" lon="10.517975">
        <ele>222.0</ele>
      </trkpt>
      <trkpt lat="45.612633" lon="10.517895">
        <ele>221.0</ele>
      </trkpt>
      <trkpt lat="45.612533" lon="10.517868">
        <ele>220.0</ele>
      </trkpt>
      <trkpt lat="45.612443" lon="10.517845">
        <ele>218.0</ele>
      </trkpt>
      <trkpt lat="45.612353" lon="10.517814">
        <ele>217.0</ele>
      </trkpt>
      <trkpt lat="45.612259" lon="10.51779">
        <ele>215.0</ele>
      </trkpt>
      <trkpt lat="45.61216" lon="10.517765">
        <ele>214.0</ele>
      </trkpt>
      <trkpt lat="45.612069" lon="10.517798">
        <ele>213.0</ele>
      </trkpt>
      <trkpt lat="45.611971" lon="10.517834">
        <ele>212.0</ele>
      </trkpt>
      <trkpt lat="45.611874" lon="10.517786">
        <ele>210.0</ele>
      </trkpt>
      <trkpt lat="45.611788" lon="10.51774">
        <ele>209.0</ele>
      </trkpt>
      <trkpt lat="45.611703" lon="10.517683">
        <ele>203.0</ele>
      </trkpt>
      <trkpt lat="45.611611" lon="10.517687">
        <ele>198.0</ele>
      </trkpt>
      <trkpt lat="45.611515" lon="10.517718">
        <ele>195.0</ele>
      </trkpt>
      <trkpt lat="45.61145" lon="10.517811">
        <ele>193.0</ele>
      </trkpt>
      <trkpt lat="45.611399" lon="10.517925">
        <ele>191.0</ele>
      </trkpt>
      <trkpt lat="45.611317" lon="10.518023">
        <ele>190.0</ele>
      </trkpt>
      <trkpt lat="45.611249" lon="10.518114">
        <ele>188.0</ele>
      </trkpt>
      <trkpt lat="45.611193" lon="10.518231">
        <ele>187.0</ele>
      </trkpt>
      <trkpt lat="45.611138" lon="10.518338">
        <ele>185.0</ele>
      </trkpt>
      <trkpt lat="45.611085" lon="10.518486">
        <ele>183.0</ele>
      </trkpt>
      <trkpt lat="45.611031" lon="10.518607">
        <ele>181.0</ele>
      </trkpt>
      <trkpt lat="45.610983" lon="10.518728">
        <ele>180.0</ele>
      </trkpt>
      <trkpt lat="45.610909" lon="10.518807">
        <ele>178.0</ele>
      </trkpt>
      <trkpt lat="45.610844" lon="10.518904">
        <ele>177.0</ele>
      </trkpt>
      <trkpt lat="45.610796" lon="10.51905">
        <ele>177.0</ele>
      </trkpt>
      <trkpt lat="45.610736" lon="10.519152">
        <ele>177.0</ele>
      </trkpt>
      <trkpt lat="45.610674" lon="10.519271">
        <ele>176.0</ele>
      </trkpt>
      <trkpt lat="45.610604" lon="10.519379">
        <ele>176.0</ele>
      </trkpt>
      <trkpt lat="45.610544" lon="10.519482">
        <ele>176.0</ele>
      </trkpt>
      <trkpt lat="45.610432" lon="10.519691">
        <ele>174.0</ele>
      </trkpt>
      <trkpt lat="45.610377" lon="10.519799">
        <ele>173.0</ele>
      </trkpt>
      <trkpt lat="45.610283" lon="10.519876">
        <ele>171.0</ele>
      </trkpt>
      <trkpt lat="45.610202" lon="10.519934">
        <ele>170.0</ele>
      </trkpt>
      <trkpt lat="45.610117" lon="10.520016">
        <ele>170.0</ele>
      </trkpt>
      <trkpt lat="45.610046" lon="10.520098">
        <ele>170.0</ele>
      </trkpt>
      <trkpt lat="45.609969" lon="10.520172">
        <ele>170.0</ele>
      </trkpt>
      <trkpt lat="45.609887" lon="10.520244">
        <ele>169.0</ele>
      </trkpt>
      <trkpt lat="45.609801" lon="10.520307">
        <ele>168.0</ele>
      </trkpt>
      <trkpt lat="45.609716" lon="10.520369">
        <ele>167.0</ele>
      </trkpt>
      <trkpt lat="45.609617" lon="10.520387">
        <ele>166.0</ele>
      </trkpt>
      <trkpt lat="45.609511" lon="10.520402">
        <ele>163.0</ele>
      </trkpt>
      <trkpt lat="45.609326" lon="10.52035">
        <ele>162.0</ele>
      </trkpt>
      <trkpt lat="45.609245" lon="10.520418">
        <ele>160.0</ele>
      </trkpt>
      <trkpt lat="45.609153" lon="10.520452">
        <ele>158.0</ele>
      </trkpt>
      <trkpt lat="45.608979" lon="10.520569">
        <ele>156.0</ele>
      </trkpt>
      <trkpt lat="45.608888" lon="10.52054">
        <ele>155.0</ele>
      </trkpt>
      <trkpt lat="45.608857" lon="10.520407">
        <ele>155.0</ele>
      </trkpt>
      <trkpt lat="45.608903" lon="10.520277">
        <ele>154.0</ele>
      </trkpt>
      <trkpt lat="45.60894" lon="10.520153">
        <ele>153.0</ele>
      </trkpt>
      <trkpt lat="45.609015" lon="10.520056">
        <ele>152.0</ele>
      </trkpt>
      <trkpt lat="45.609059" lon="10.519941">
        <ele>151.0</ele>
      </trkpt>
      <trkpt lat="45.60914" lon="10.519828">
        <ele>149.0</ele>
      </trkpt>
      <trkpt lat="45.609212" lon="10.519725">
        <ele>148.0</ele>
      </trkpt>
      <trkpt lat="45.609279" lon="10.519629">
        <ele>147.0</ele>
      </trkpt>
      <trkpt lat="45.609346" lon="10.519519">
        <ele>146.0</ele>
      </trkpt>
      <trkpt lat="45.60935" lon="10.519374">
        <ele>145.0</ele>
      </trkpt>
      <trkpt lat="45.609304" lon="10.519263">
        <ele>144.0</ele>
      </trkpt>
      <trkpt lat="45.609126" lon="10.519156">
        <ele>144.0</ele>
      </trkpt>
      <trkpt lat="45.609029" lon="10.51911">
        <ele>143.0</ele>
      </trkpt>
      <trkpt lat="45.60892" lon="10.519058">
        <ele>142.0</ele>
      </trkpt>
      <trkpt lat="45.60882" lon="10.518998">
        <ele>140.0</ele>
      </trkpt>
      <trkpt lat="45.608704" lon="10.518956">
        <ele>140.0</ele>
      </trkpt>
      <trkpt lat="45.608602" lon="10.518917">
        <ele>139.0</ele>
      </trkpt>
      <trkpt lat="45.608503" lon="10.518865">
        <ele>139.0</ele>
      </trkpt>
      <trkpt lat="45.608403" lon="10.518832">
        <ele>138.0</ele>
      </trkpt>
      <trkpt lat="45.608305" lon="10.518799">
        <ele>138.0</ele>
      </trkpt>
      <trkpt lat="45.608211" lon="10.518749">
        <ele>138.0</ele>
      </trkpt>
      <trkpt lat="45.608143" lon="10.518658">
        <ele>138.0</ele>
      </trkpt>
      <trkpt lat="45.608066" lon="10.518589">
        <ele>139.0</ele>
      </trkpt>
      <trkpt lat="45.607988" lon="10.518518">
        <ele>139.0</ele>
      </trkpt>
      <trkpt lat="45.60791" lon="10.518439">
        <ele>139.0</ele>
      </trkpt>
      <trkpt lat="45.607826" lon="10.518383">
        <ele>138.0</ele>
      </trkpt>
      <trkpt lat="45.607739" lon="10.518343">
        <ele>138.0</ele>
      </trkpt>
      <trkpt lat="45.607647" lon="10.51831">
        <ele>137.0</ele>
      </trkpt>
      <trkpt lat="45.607553" lon="10.518337">
        <ele>134.0</ele>
      </trkpt>
      <trkpt lat="45.607562" lon="10.518485">
        <ele>134.0</ele>
      </trkpt>
      <trkpt lat="45.607517" lon="10.518649">
        <ele>134.0</ele>
      </trkpt>
      <trkpt lat="45.607521" lon="10.518856">
        <ele>133.0</ele>
      </trkpt>
      <trkpt lat="45.607484" lon="10.519022">
        <ele>133.0</ele>
      </trkpt>
      <trkpt lat="45.607481" lon="10.519227">
        <ele>131.0</ele>
      </trkpt>
      <trkpt lat="45.607443" lon="10.519383">
        <ele>136.0</ele>
      </trkpt>
      <trkpt lat="45.60741" lon="10.519625">
        <ele>138.0</ele>
      </trkpt>
      <trkpt lat="45.607401" lon="10.51985">
        <ele>138.0</ele>
      </trkpt>
      <trkpt lat="45.607373" lon="10.520039">
        <ele>138.0</ele>
      </trkpt>
      <trkpt lat="45.607352" lon="10.520169">
        <ele>138.0</ele>
      </trkpt>
      <trkpt lat="45.607335" lon="10.520329">
        <ele>136.0</ele>
      </trkpt>
      <trkpt lat="45.60731" lon="10.520524">
        <ele>136.0</ele>
      </trkpt>
      <trkpt lat="45.607286" lon="10.520678">
        <ele>135.0</ele>
      </trkpt>
      <trkpt lat="45.607265" lon="10.520825">
        <ele>133.0</ele>
      </trkpt>
      <trkpt lat="45.60724" lon="10.520983">
        <ele>133.0</ele>
      </trkpt>
      <trkpt lat="45.607211" lon="10.521165">
        <ele>132.0</ele>
      </trkpt>
      <trkpt lat="45.607174" lon="10.521393">
        <ele>132.0</ele>
      </trkpt>
      <trkpt lat="45.607141" lon="10.521612">
        <ele>133.0</ele>
      </trkpt>
      <trkpt lat="45.607133" lon="10.521807">
        <ele>133.0</ele>
      </trkpt>
      <trkpt lat="45.607095" lon="10.521979">
        <ele>133.0</ele>
      </trkpt>
      <trkpt lat="45.607021" lon="10.522103">
        <ele>133.0</ele>
      </trkpt>
      <trkpt lat="45.606922" lon="10.522192">
        <ele>133.0</ele>
      </trkpt>
    </trkseg>
  </trk>
  <trk>
    <name>Deviazione</name>
    <trkseg>
      <trkpt lat="45.667264" lon="10.637214">
        <ele>280.0</ele>
      </trkpt>
      <trkpt lat="45.66732" lon="10.637061">
        <ele>281.0</ele>
      </trkpt>
      <trkpt lat="45.667381" lon="10.636964">
        <ele>281.0</ele>
      </trkpt>
      <trkpt lat="45.667451" lon="10.636852">
        <ele>282.0</ele>
      </trkpt>
      <trkpt lat="45.667552" lon="10.636778">
        <ele>283.0</ele>
      </trkpt>
      <trkpt lat="45.667635" lon="10.63678">
        <ele>284.0</ele>
      </trkpt>
      <trkpt lat="45.667726" lon="10.636746">
        <ele>289.0</ele>
      </trkpt>
      <trkpt lat="45.667817" lon="10.636813">
        <ele>291.0</ele>
      </trkpt>
      <trkpt lat="45.667855" lon="10.636914">
        <ele>292.0</ele>
      </trkpt>
      <trkpt lat="45.667944" lon="10.636959">
        <ele>292.0</ele>
      </trkpt>
      <trkpt lat="45.668037" lon="10.636971">
        <ele>292.0</ele>
      </trkpt>
      <trkpt lat="45.668154" lon="10.636972">
        <ele>293.0</ele>
      </trkpt>
      <trkpt lat="45.668252" lon="10.636943">
        <ele>295.0</ele>
      </trkpt>
      <trkpt lat="45.668348" lon="10.636939">
        <ele>296.0</ele>
      </trkpt>
      <trkpt lat="45.66845" lon="10.636931">
        <ele>297.0</ele>
      </trkpt>
      <trkpt lat="45.668545" lon="10.636913">
        <ele>297.0</ele>
      </trkpt>
      <trkpt lat="45.668635" lon="10.63689">
        <ele>297.0</ele>
      </trkpt>
      <trkpt lat="45.668726" lon="10.636883">
        <ele>298.0</ele>
      </trkpt>
      <trkpt lat="45.668823" lon="10.636847">
        <ele>300.0</ele>
      </trkpt>
      <trkpt lat="45.668919" lon="10.636813">
        <ele>301.0</ele>
      </trkpt>
      <trkpt lat="45.669041" lon="10.636813">
        <ele>301.0</ele>
      </trkpt>
      <trkpt lat="45.669136" lon="10.636797">
        <ele>301.0</ele>
      </trkpt>
      <trkpt lat="45.669227" lon="10.636787">
        <ele>301.0</ele>
      </trkpt>
      <trkpt lat="45.669294" lon="10.636874">
        <ele>302.0</ele>
      </trkpt>
      <trkpt lat="45.669378" lon="10.637001">
        <ele>303.0</ele>
      </trkpt>
      <trkpt lat="45.669433" lon="10.63714">
        <ele>304.0</ele>
      </trkpt>
      <trkpt lat="45.669546" lon="10.637138">
        <ele>306.0</ele>
      </trkpt>
    </trkseg>
  </trk>
</gpx>
