<?xml version="1.0" encoding="UTF-8"?>
<gpx version="1.1" creator="ETC" xmlns="http://www.topografix.com/GPX/1/1" xmlns:xsi="http://www.w3.org/2001/XMLSchema-instance" xsi:schemaLocation="http://www.topografix.com/GPX/1/1 http://www.topografix.com/GPX/1/1/gpx.xsd">
  <metadata>
    <name>Quinta tappa</name>
  </metadata>
  <wpt lat="45.606913" lon="10.522207">
    <ele>82.0</ele>
    <name>Salò</name>
  </wpt>
  <wpt lat="45.604483" lon="10.515082">
    <ele>74.0</ele>
    <name>Salò</name>
  </wpt>
  <wpt lat="45.607397" lon="10.524009">
    <ele>91.0</ele>
    <name>Salò</name>
  </wpt>
  <wpt lat="45.602478" lon="10.517267">
    <ele>72.0</ele>
    <name>Rotonda dritti</name>
  </wpt>
  <wpt lat="45.600899" lon="10.51077">
    <ele>89.0</ele>
    <name>Bivio sx</name>
  </wpt>
  <wpt lat="45.595445" lon="10.510078">
    <ele>133.0</ele>
    <name>Incrocio sx</name>
  </wpt>
  <wpt lat="45.591277" lon="10.522607">
    <ele>152.0</ele>
    <name>Rotonda</name>
  </wpt>
  <wpt lat="45.58363" lon="10.532736">
    <ele>165.0</ele>
    <name>Attraversamento dritti</name>
  </wpt>
  <wpt lat="45.583039" lon="10.533743">
    <ele>168.0</ele>
    <name>Bivio dx</name>
  </wpt>
  <wpt lat="45.580677" lon="10.534509">
    <ele>164.0</ele>
    <name>Bivio sx</name>
  </wpt>
  <wpt lat="45.576333" lon="10.5377">
    <ele>140.0</ele>
    <name>Bivio dritti</name>
  </wpt>
  <wpt lat="45.569939" lon="10.538783">
    <ele>132.0</ele>
    <name>Incrocio leggermente sx</name>
  </wpt>
  <wpt lat="45.569061" lon="10.539143">
    <ele>132.0</ele>
    <name>Bivio sx</name>
  </wpt>
  <wpt lat="45.566052" lon="10.543928">
    <ele>93.0</ele>
    <name>Bivio dritti</name>
  </wpt>
  <wpt lat="45.564497" lon="10.545807">
    <ele>75.0</ele>
    <name>Bivio dx e sx</name>
  </wpt>
  <wpt lat="45.561655" lon="10.55039">
    <ele>71.0</ele>
    <name>Incrocio leggermente dx</name>
  </wpt>
  <wpt lat="45.560741" lon="10.555138">
    <ele>67.0</ele>
    <name>Ponticello</name>
  </wpt>
  <wpt lat="45.559328" lon="10.555494">
    <ele>69.0</ele>
    <name>Bivio sx</name>
  </wpt>
  <wpt lat="45.560188" lon="10.556602">
    <ele>70.0</ele>
    <name>Bivio dx</name>
  </wpt>
  <wpt lat="45.559864" lon="10.558692">
    <ele>67.0</ele>
    <name>Incrocio dritti</name>
  </wpt>
  <wpt lat="45.55745" lon="10.561465">
    <ele>76.0</ele>
    <name>Bivio sx</name>
  </wpt>
  <wpt lat="45.554742" lon="10.566192">
    <ele>128.0</ele>
    <name>Bivio sx</name>
  </wpt>
  <wpt lat="45.556507" lon="10.568952">
    <ele>146.0</ele>
    <name>Museo Civico Archeologico</name>
  </wpt>
  <wpt lat="45.557608" lon="10.572067">
    <ele>207.0</ele>
    <name>Rocca di Manerba</name>
  </wpt>
  <wpt lat="45.55856" lon="10.576452">
    <ele>148.0</ele>
    <name>Sasso</name>
  </wpt>
  <wpt lat="45.550424" lon="10.575918">
    <ele>115.0</ele>
    <name>Bivio sx</name>
  </wpt>
  <wpt lat="45.544245" lon="10.563079">
    <ele>87.0</ele>
    <name>Bivio dx</name>
  </wpt>
  <wpt lat="45.545919" lon="10.559277">
    <ele>120.0</ele>
    <name>Bivio sx</name>
  </wpt>
  <wpt lat="45.541262" lon="10.5567">
    <ele>101.0</ele>
    <name>Bivio sx</name>
  </wpt>
  <wpt lat="45.539188" lon="10.554618">
    <ele>94.0</ele>
    <name>Bivio dx</name>
  </wpt>
  <wpt lat="45.54116" lon="10.551596">
    <ele>114.0</ele>
    <name>Bivio sx e dx</name>
  </wpt>
  <wpt lat="45.537577" lon="10.548475">
    <ele>121.0</ele>
    <name>Bivio sx</name>
  </wpt>
  <wpt lat="45.536953" lon="10.549073">
    <ele>116.0</ele>
    <name>Bivio dx</name>
  </wpt>
  <wpt lat="45.531921" lon="10.550067">
    <ele>109.0</ele>
    <name>Bivio sx</name>
  </wpt>
  <wpt lat="45.531296" lon="10.551353">
    <ele>102.0</ele>
    <name>Bivio dx</name>
  </wpt>
  <wpt lat="45.529748" lon="10.550233">
    <ele>103.0</ele>
    <name>Bivio dritti</name>
  </wpt>
  <wpt lat="45.528169" lon="10.546875">
    <ele>105.0</ele>
    <name>Bivio sx</name>
  </wpt>
  <wpt lat="45.526496" lon="10.543602">
    <ele>101.0</ele>
    <name>Bivio sx</name>
  </wpt>
  <wpt lat="45.498994" lon="10.510837">
    <ele>65.0</ele>
    <name>Bivio dx</name>
  </wpt>
  <wpt lat="45.49893" lon="10.509355">
    <ele>74.0</ele>
    <name>Bivio sx</name>
  </wpt>
  <wpt lat="45.495365" lon="10.510627">
    <ele>77.0</ele>
    <name>Attraversamento</name>
  </wpt>
  <wpt lat="45.492741" lon="10.512573">
    <ele>73.0</ele>
    <name>Attraversamento</name>
  </wpt>
  <wpt lat="45.469862" lon="10.541289">
    <ele>72.0</ele>
    <name>Desenzano del Garda</name>
  </wpt>
  <wpt lat="45.469258" lon="10.542176">
    <ele>76.0</ele>
    <name>Desenzano del Garda</name>
  </wpt>
  <trk>
    <name>Percorso </name>
    <trkseg>
      <trkpt lat="45.606915" lon="10.522192">
        <ele>114.0</ele>
      </trkpt>
      <trkpt lat="45.606803" lon="10.5223">
        <ele>114.0</ele>
      </trkpt>
      <trkpt lat="45.606678" lon="10.52242">
        <ele>113.0</ele>
      </trkpt>
      <trkpt lat="45.606509" lon="10.522565">
        <ele>119.0</ele>
      </trkpt>
      <trkpt lat="45.606373" lon="10.522726">
        <ele>119.0</ele>
      </trkpt>
      <trkpt lat="45.606215" lon="10.522984">
        <ele>120.0</ele>
      </trkpt>
      <trkpt lat="45.606058" lon="10.523161">
        <ele>120.0</ele>
      </trkpt>
      <trkpt lat="45.605936" lon="10.523373">
        <ele>120.0</ele>
      </trkpt>
      <trkpt lat="45.605846" lon="10.523583">
        <ele>121.0</ele>
      </trkpt>
      <trkpt lat="45.605716" lon="10.523897">
        <ele>121.0</ele>
      </trkpt>
      <trkpt lat="45.605631" lon="10.524123">
        <ele>121.0</ele>
      </trkpt>
      <trkpt lat="45.605406" lon="10.524034">
        <ele>121.0</ele>
      </trkpt>
      <trkpt lat="45.605214" lon="10.523929">
        <ele>121.0</ele>
      </trkpt>
      <trkpt lat="45.605265" lon="10.523647">
        <ele>121.0</ele>
      </trkpt>
      <trkpt lat="45.605107" lon="10.523437">
        <ele>121.0</ele>
      </trkpt>
      <trkpt lat="45.604989" lon="10.52326">
        <ele>121.0</ele>
      </trkpt>
      <trkpt lat="45.604893" lon="10.522978">
        <ele>121.0</ele>
      </trkpt>
      <trkpt lat="45.604723" lon="10.522849">
        <ele>121.0</ele>
      </trkpt>
      <trkpt lat="45.604611" lon="10.522655">
        <ele>121.0</ele>
      </trkpt>
      <trkpt lat="45.60456" lon="10.522389">
        <ele>121.0</ele>
      </trkpt>
      <trkpt lat="45.604549" lon="10.522075">
        <ele>121.0</ele>
      </trkpt>
      <trkpt lat="45.604616" lon="10.521793">
        <ele>121.0</ele>
      </trkpt>
      <trkpt lat="45.604633" lon="10.521422">
        <ele>121.0</ele>
      </trkpt>
      <trkpt lat="45.60452" lon="10.5211">
        <ele>121.0</ele>
      </trkpt>
      <trkpt lat="45.604391" lon="10.520834">
        <ele>121.0</ele>
      </trkpt>
      <trkpt lat="45.604216" lon="10.520624">
        <ele>121.0</ele>
      </trkpt>
      <trkpt lat="45.604069" lon="10.52039">
        <ele>121.0</ele>
      </trkpt>
      <trkpt lat="45.603911" lon="10.520189">
        <ele>121.0</ele>
      </trkpt>
      <trkpt lat="45.603736" lon="10.520092">
        <ele>121.0</ele>
      </trkpt>
      <trkpt lat="45.603573" lon="10.520044">
        <ele>121.0</ele>
      </trkpt>
      <trkpt lat="45.603404" lon="10.519995">
        <ele>121.0</ele>
      </trkpt>
      <trkpt lat="45.603291" lon="10.519858">
        <ele>121.0</ele>
      </trkpt>
      <trkpt lat="45.603139" lon="10.519842">
        <ele>121.0</ele>
      </trkpt>
      <trkpt lat="45.603017" lon="10.51989">
        <ele>121.0</ele>
      </trkpt>
      <trkpt lat="45.602874" lon="10.519894">
        <ele>120.0</ele>
      </trkpt>
      <trkpt lat="45.602868" lon="10.519713">
        <ele>120.0</ele>
      </trkpt>
      <trkpt lat="45.602862" lon="10.51958">
        <ele>119.0</ele>
      </trkpt>
      <trkpt lat="45.602843" lon="10.51937">
        <ele>119.0</ele>
      </trkpt>
      <trkpt lat="45.602789" lon="10.519237">
        <ele>119.0</ele>
      </trkpt>
      <trkpt lat="45.602747" lon="10.519088">
        <ele>119.0</ele>
      </trkpt>
      <trkpt lat="45.60269" lon="10.518947">
        <ele>118.0</ele>
      </trkpt>
      <trkpt lat="45.602637" lon="10.518766">
        <ele>117.0</ele>
      </trkpt>
      <trkpt lat="45.602597" lon="10.518601">
        <ele>117.0</ele>
      </trkpt>
      <trkpt lat="45.602552" lon="10.518468">
        <ele>118.0</ele>
      </trkpt>
      <trkpt lat="45.60251" lon="10.518314">
        <ele>118.0</ele>
      </trkpt>
      <trkpt lat="45.602569" lon="10.518169">
        <ele>118.0</ele>
      </trkpt>
      <trkpt lat="45.602637" lon="10.518016">
        <ele>118.0</ele>
      </trkpt>
      <trkpt lat="45.602524" lon="10.517907">
        <ele>118.0</ele>
      </trkpt>
      <trkpt lat="45.602451" lon="10.517734">
        <ele>118.0</ele>
      </trkpt>
      <trkpt lat="45.602521" lon="10.517673">
        <ele>118.0</ele>
      </trkpt>
      <trkpt lat="45.602577" lon="10.517597">
        <ele>118.0</ele>
      </trkpt>
      <trkpt lat="45.602527" lon="10.517379">
        <ele>117.0</ele>
      </trkpt>
      <trkpt lat="45.602453" lon="10.517307">
        <ele>117.0</ele>
      </trkpt>
      <trkpt lat="45.602348" lon="10.517266">
        <ele>117.0</ele>
      </trkpt>
      <trkpt lat="45.602303" lon="10.517125">
        <ele>117.0</ele>
      </trkpt>
      <trkpt lat="45.60228" lon="10.516998">
        <ele>117.0</ele>
      </trkpt>
      <trkpt lat="45.602253" lon="10.516875">
        <ele>117.0</ele>
      </trkpt>
      <trkpt lat="45.602214" lon="10.516741">
        <ele>117.0</ele>
      </trkpt>
      <trkpt lat="45.602167" lon="10.516609">
        <ele>116.0</ele>
      </trkpt>
      <trkpt lat="45.602141" lon="10.516461">
        <ele>117.0</ele>
      </trkpt>
      <trkpt lat="45.602109" lon="10.51624">
        <ele>116.0</ele>
      </trkpt>
      <trkpt lat="45.602097" lon="10.516106">
        <ele>116.0</ele>
      </trkpt>
      <trkpt lat="45.602055" lon="10.515952">
        <ele>113.0</ele>
      </trkpt>
      <trkpt lat="45.602043" lon="10.515774">
        <ele>113.0</ele>
      </trkpt>
      <trkpt lat="45.602019" lon="10.515528">
        <ele>115.0</ele>
      </trkpt>
      <trkpt lat="45.602045" lon="10.515402">
        <ele>116.0</ele>
      </trkpt>
      <trkpt lat="45.602057" lon="10.515266">
        <ele>116.0</ele>
      </trkpt>
      <trkpt lat="45.602013" lon="10.51515">
        <ele>116.0</ele>
      </trkpt>
      <trkpt lat="45.601932" lon="10.515084">
        <ele>116.0</ele>
      </trkpt>
      <trkpt lat="45.601848" lon="10.515012">
        <ele>116.0</ele>
      </trkpt>
      <trkpt lat="45.601765" lon="10.514947">
        <ele>117.0</ele>
      </trkpt>
      <trkpt lat="45.601707" lon="10.514836">
        <ele>117.0</ele>
      </trkpt>
      <trkpt lat="45.60165" lon="10.514715">
        <ele>118.0</ele>
      </trkpt>
      <trkpt lat="45.601614" lon="10.514584">
        <ele>118.0</ele>
      </trkpt>
      <trkpt lat="45.601544" lon="10.514481">
        <ele>118.0</ele>
      </trkpt>
      <trkpt lat="45.601495" lon="10.514366">
        <ele>118.0</ele>
      </trkpt>
      <trkpt lat="45.60146" lon="10.514239">
        <ele>119.0</ele>
      </trkpt>
      <trkpt lat="45.601399" lon="10.514108">
        <ele>119.0</ele>
      </trkpt>
      <trkpt lat="45.601357" lon="10.513979">
        <ele>120.0</ele>
      </trkpt>
      <trkpt lat="45.601307" lon="10.513857">
        <ele>121.0</ele>
      </trkpt>
      <trkpt lat="45.60126" lon="10.513745">
        <ele>122.0</ele>
      </trkpt>
      <trkpt lat="45.601226" lon="10.513619">
        <ele>122.0</ele>
      </trkpt>
      <trkpt lat="45.60121" lon="10.513479">
        <ele>123.0</ele>
      </trkpt>
      <trkpt lat="45.60118" lon="10.513348">
        <ele>123.0</ele>
      </trkpt>
      <trkpt lat="45.60114" lon="10.513221">
        <ele>123.0</ele>
      </trkpt>
      <trkpt lat="45.601096" lon="10.513087">
        <ele>122.0</ele>
      </trkpt>
      <trkpt lat="45.60106" lon="10.512952">
        <ele>122.0</ele>
      </trkpt>
      <trkpt lat="45.60102" lon="10.512689">
        <ele>122.0</ele>
      </trkpt>
      <trkpt lat="45.601024" lon="10.512446">
        <ele>123.0</ele>
      </trkpt>
      <trkpt lat="45.601023" lon="10.51231">
        <ele>123.0</ele>
      </trkpt>
      <trkpt lat="45.601018" lon="10.512171">
        <ele>125.0</ele>
      </trkpt>
      <trkpt lat="45.601035" lon="10.512039">
        <ele>126.0</ele>
      </trkpt>
      <trkpt lat="45.601038" lon="10.511903">
        <ele>128.0</ele>
      </trkpt>
      <trkpt lat="45.601068" lon="10.511763">
        <ele>128.0</ele>
      </trkpt>
      <trkpt lat="45.601064" lon="10.511612">
        <ele>129.0</ele>
      </trkpt>
      <trkpt lat="45.60106" lon="10.511475">
        <ele>129.0</ele>
      </trkpt>
      <trkpt lat="45.601036" lon="10.511346">
        <ele>130.0</ele>
      </trkpt>
      <trkpt lat="45.601034" lon="10.511208">
        <ele>131.0</ele>
      </trkpt>
      <trkpt lat="45.601024" lon="10.511071">
        <ele>131.0</ele>
      </trkpt>
      <trkpt lat="45.600995" lon="10.510948">
        <ele>132.0</ele>
      </trkpt>
      <trkpt lat="45.600969" lon="10.510807">
        <ele>133.0</ele>
      </trkpt>
      <trkpt lat="45.600882" lon="10.510767">
        <ele>134.0</ele>
      </trkpt>
      <trkpt lat="45.600793" lon="10.510738">
        <ele>135.0</ele>
      </trkpt>
      <trkpt lat="45.600695" lon="10.510729">
        <ele>136.0</ele>
      </trkpt>
      <trkpt lat="45.600594" lon="10.510724">
        <ele>137.0</ele>
      </trkpt>
      <trkpt lat="45.600499" lon="10.510709">
        <ele>137.0</ele>
      </trkpt>
      <trkpt lat="45.600413" lon="10.510753">
        <ele>138.0</ele>
      </trkpt>
      <trkpt lat="45.60031" lon="10.510732">
        <ele>139.0</ele>
      </trkpt>
      <trkpt lat="45.600209" lon="10.510747">
        <ele>139.0</ele>
      </trkpt>
      <trkpt lat="45.600115" lon="10.510769">
        <ele>140.0</ele>
      </trkpt>
      <trkpt lat="45.600023" lon="10.510794">
        <ele>140.0</ele>
      </trkpt>
      <trkpt lat="45.599929" lon="10.510835">
        <ele>141.0</ele>
      </trkpt>
      <trkpt lat="45.599833" lon="10.510841">
        <ele>141.0</ele>
      </trkpt>
      <trkpt lat="45.599741" lon="10.510853">
        <ele>141.0</ele>
      </trkpt>
      <trkpt lat="45.599639" lon="10.51088">
        <ele>141.0</ele>
      </trkpt>
      <trkpt lat="45.599542" lon="10.510875">
        <ele>141.0</ele>
      </trkpt>
      <trkpt lat="45.599441" lon="10.510863">
        <ele>141.0</ele>
      </trkpt>
      <trkpt lat="45.599343" lon="10.510845">
        <ele>141.0</ele>
      </trkpt>
      <trkpt lat="45.599253" lon="10.510838">
        <ele>141.0</ele>
      </trkpt>
      <trkpt lat="45.599164" lon="10.51081">
        <ele>141.0</ele>
      </trkpt>
      <trkpt lat="45.599068" lon="10.510832">
        <ele>141.0</ele>
      </trkpt>
      <trkpt lat="45.598975" lon="10.510847">
        <ele>140.0</ele>
      </trkpt>
      <trkpt lat="45.598886" lon="10.510878">
        <ele>139.0</ele>
      </trkpt>
      <trkpt lat="45.598787" lon="10.510942">
        <ele>139.0</ele>
      </trkpt>
      <trkpt lat="45.598694" lon="10.510984">
        <ele>139.0</ele>
      </trkpt>
      <trkpt lat="45.598604" lon="10.511004">
        <ele>139.0</ele>
      </trkpt>
      <trkpt lat="45.598517" lon="10.51106">
        <ele>140.0</ele>
      </trkpt>
      <trkpt lat="45.598427" lon="10.511115">
        <ele>140.0</ele>
      </trkpt>
      <trkpt lat="45.598334" lon="10.511147">
        <ele>140.0</ele>
      </trkpt>
      <trkpt lat="45.598249" lon="10.511079">
        <ele>141.0</ele>
      </trkpt>
      <trkpt lat="45.598173" lon="10.511003">
        <ele>142.0</ele>
      </trkpt>
      <trkpt lat="45.598088" lon="10.510955">
        <ele>143.0</ele>
      </trkpt>
      <trkpt lat="45.598003" lon="10.510891">
        <ele>144.0</ele>
      </trkpt>
      <trkpt lat="45.597907" lon="10.510875">
        <ele>145.0</ele>
      </trkpt>
      <trkpt lat="45.597812" lon="10.510824">
        <ele>145.0</ele>
      </trkpt>
      <trkpt lat="45.597703" lon="10.510834">
        <ele>146.0</ele>
      </trkpt>
      <trkpt lat="45.597611" lon="10.510818">
        <ele>147.0</ele>
      </trkpt>
      <trkpt lat="45.597518" lon="10.510856">
        <ele>147.0</ele>
      </trkpt>
      <trkpt lat="45.597429" lon="10.510877">
        <ele>148.0</ele>
      </trkpt>
      <trkpt lat="45.59734" lon="10.510857">
        <ele>148.0</ele>
      </trkpt>
      <trkpt lat="45.597227" lon="10.510855">
        <ele>148.0</ele>
      </trkpt>
      <trkpt lat="45.59714" lon="10.510806">
        <ele>149.0</ele>
      </trkpt>
      <trkpt lat="45.597079" lon="10.510684">
        <ele>151.0</ele>
      </trkpt>
      <trkpt lat="45.597029" lon="10.510573">
        <ele>152.0</ele>
      </trkpt>
      <trkpt lat="45.596961" lon="10.510465">
        <ele>154.0</ele>
      </trkpt>
      <trkpt lat="45.596926" lon="10.510336">
        <ele>155.0</ele>
      </trkpt>
      <trkpt lat="45.596904" lon="10.510208">
        <ele>156.0</ele>
      </trkpt>
      <trkpt lat="45.596876" lon="10.510078">
        <ele>157.0</ele>
      </trkpt>
      <trkpt lat="45.596857" lon="10.509938">
        <ele>158.0</ele>
      </trkpt>
      <trkpt lat="45.596799" lon="10.509823">
        <ele>159.0</ele>
      </trkpt>
      <trkpt lat="45.596758" lon="10.509695">
        <ele>160.0</ele>
      </trkpt>
      <trkpt lat="45.596707" lon="10.509583">
        <ele>161.0</ele>
      </trkpt>
      <trkpt lat="45.596644" lon="10.509474">
        <ele>162.0</ele>
      </trkpt>
      <trkpt lat="45.596605" lon="10.509344">
        <ele>163.0</ele>
      </trkpt>
      <trkpt lat="45.596547" lon="10.509241">
        <ele>164.0</ele>
      </trkpt>
      <trkpt lat="45.596467" lon="10.509143">
        <ele>164.0</ele>
      </trkpt>
      <trkpt lat="45.596393" lon="10.509057">
        <ele>165.0</ele>
      </trkpt>
      <trkpt lat="45.596298" lon="10.509034">
        <ele>166.0</ele>
      </trkpt>
      <trkpt lat="45.596199" lon="10.509037">
        <ele>166.0</ele>
      </trkpt>
      <trkpt lat="45.596096" lon="10.50907">
        <ele>167.0</ele>
      </trkpt>
      <trkpt lat="45.596012" lon="10.509134">
        <ele>167.0</ele>
      </trkpt>
      <trkpt lat="45.595933" lon="10.509204">
        <ele>168.0</ele>
      </trkpt>
      <trkpt lat="45.595879" lon="10.509327">
        <ele>169.0</ele>
      </trkpt>
      <trkpt lat="45.595827" lon="10.509439">
        <ele>170.0</ele>
      </trkpt>
      <trkpt lat="45.595764" lon="10.50956">
        <ele>171.0</ele>
      </trkpt>
      <trkpt lat="45.595707" lon="10.509678">
        <ele>171.0</ele>
      </trkpt>
      <trkpt lat="45.595655" lon="10.509803">
        <ele>172.0</ele>
      </trkpt>
      <trkpt lat="45.595613" lon="10.509918">
        <ele>174.0</ele>
      </trkpt>
      <trkpt lat="45.5955" lon="10.50992">
        <ele>174.0</ele>
      </trkpt>
      <trkpt lat="45.595406" lon="10.50992">
        <ele>177.0</ele>
      </trkpt>
      <trkpt lat="45.595383" lon="10.510045">
        <ele>177.0</ele>
      </trkpt>
      <trkpt lat="45.595314" lon="10.510133">
        <ele>177.0</ele>
      </trkpt>
      <trkpt lat="45.595296" lon="10.510268">
        <ele>177.0</ele>
      </trkpt>
      <trkpt lat="45.595225" lon="10.510352">
        <ele>177.0</ele>
      </trkpt>
      <trkpt lat="45.595089" lon="10.510598">
        <ele>177.0</ele>
      </trkpt>
      <trkpt lat="45.595036" lon="10.510703">
        <ele>177.0</ele>
      </trkpt>
      <trkpt lat="45.59497" lon="10.510809">
        <ele>176.0</ele>
      </trkpt>
      <trkpt lat="45.59488" lon="10.510932">
        <ele>176.0</ele>
      </trkpt>
      <trkpt lat="45.594788" lon="10.511006">
        <ele>176.0</ele>
      </trkpt>
      <trkpt lat="45.594699" lon="10.511032">
        <ele>177.0</ele>
      </trkpt>
      <trkpt lat="45.594606" lon="10.511086">
        <ele>177.0</ele>
      </trkpt>
      <trkpt lat="45.59452" lon="10.511143">
        <ele>176.0</ele>
      </trkpt>
      <trkpt lat="45.594422" lon="10.511192">
        <ele>177.0</ele>
      </trkpt>
      <trkpt lat="45.59433" lon="10.511236">
        <ele>177.0</ele>
      </trkpt>
      <trkpt lat="45.594239" lon="10.511274">
        <ele>178.0</ele>
      </trkpt>
      <trkpt lat="45.594148" lon="10.511334">
        <ele>178.0</ele>
      </trkpt>
      <trkpt lat="45.594064" lon="10.511392">
        <ele>179.0</ele>
      </trkpt>
      <trkpt lat="45.593977" lon="10.51143">
        <ele>179.0</ele>
      </trkpt>
      <trkpt lat="45.593886" lon="10.511469">
        <ele>179.0</ele>
      </trkpt>
      <trkpt lat="45.593791" lon="10.511529">
        <ele>180.0</ele>
      </trkpt>
      <trkpt lat="45.593708" lon="10.511581">
        <ele>179.0</ele>
      </trkpt>
      <trkpt lat="45.593617" lon="10.511636">
        <ele>179.0</ele>
      </trkpt>
      <trkpt lat="45.593527" lon="10.511681">
        <ele>179.0</ele>
      </trkpt>
      <trkpt lat="45.593454" lon="10.511771">
        <ele>178.0</ele>
      </trkpt>
      <trkpt lat="45.593391" lon="10.511897">
        <ele>178.0</ele>
      </trkpt>
      <trkpt lat="45.593301" lon="10.511976">
        <ele>178.0</ele>
      </trkpt>
      <trkpt lat="45.593227" lon="10.512064">
        <ele>177.0</ele>
      </trkpt>
      <trkpt lat="45.593166" lon="10.512177">
        <ele>177.0</ele>
      </trkpt>
      <trkpt lat="45.593118" lon="10.512312">
        <ele>178.0</ele>
      </trkpt>
      <trkpt lat="45.593083" lon="10.512436">
        <ele>178.0</ele>
      </trkpt>
      <trkpt lat="45.59307" lon="10.512579">
        <ele>179.0</ele>
      </trkpt>
      <trkpt lat="45.59305" lon="10.512873">
        <ele>181.0</ele>
      </trkpt>
      <trkpt lat="45.593059" lon="10.513028">
        <ele>181.0</ele>
      </trkpt>
      <trkpt lat="45.593079" lon="10.513158">
        <ele>182.0</ele>
      </trkpt>
      <trkpt lat="45.593104" lon="10.513284">
        <ele>182.0</ele>
      </trkpt>
      <trkpt lat="45.593123" lon="10.513413">
        <ele>182.0</ele>
      </trkpt>
      <trkpt lat="45.593147" lon="10.513537">
        <ele>183.0</ele>
      </trkpt>
      <trkpt lat="45.59318" lon="10.513659">
        <ele>183.0</ele>
      </trkpt>
      <trkpt lat="45.59322" lon="10.513796">
        <ele>184.0</ele>
      </trkpt>
      <trkpt lat="45.593228" lon="10.513927">
        <ele>185.0</ele>
      </trkpt>
      <trkpt lat="45.593239" lon="10.514063">
        <ele>185.0</ele>
      </trkpt>
      <trkpt lat="45.593264" lon="10.514195">
        <ele>186.0</ele>
      </trkpt>
      <trkpt lat="45.593301" lon="10.514317">
        <ele>186.0</ele>
      </trkpt>
      <trkpt lat="45.593323" lon="10.51446">
        <ele>187.0</ele>
      </trkpt>
      <trkpt lat="45.593394" lon="10.514735">
        <ele>188.0</ele>
      </trkpt>
      <trkpt lat="45.593421" lon="10.514861">
        <ele>188.0</ele>
      </trkpt>
      <trkpt lat="45.593445" lon="10.514997">
        <ele>189.0</ele>
      </trkpt>
      <trkpt lat="45.593488" lon="10.515135">
        <ele>189.0</ele>
      </trkpt>
      <trkpt lat="45.593516" lon="10.515281">
        <ele>189.0</ele>
      </trkpt>
      <trkpt lat="45.593521" lon="10.515415">
        <ele>189.0</ele>
      </trkpt>
      <trkpt lat="45.593574" lon="10.515526">
        <ele>188.0</ele>
      </trkpt>
      <trkpt lat="45.593613" lon="10.515657">
        <ele>188.0</ele>
      </trkpt>
      <trkpt lat="45.593609" lon="10.515793">
        <ele>188.0</ele>
      </trkpt>
      <trkpt lat="45.593618" lon="10.515928">
        <ele>189.0</ele>
      </trkpt>
      <trkpt lat="45.593603" lon="10.516077">
        <ele>189.0</ele>
      </trkpt>
      <trkpt lat="45.593578" lon="10.516222">
        <ele>187.0</ele>
      </trkpt>
      <trkpt lat="45.593573" lon="10.516366">
        <ele>186.0</ele>
      </trkpt>
      <trkpt lat="45.593541" lon="10.516503">
        <ele>184.0</ele>
      </trkpt>
      <trkpt lat="45.593517" lon="10.516629">
        <ele>184.0</ele>
      </trkpt>
      <trkpt lat="45.593493" lon="10.516766">
        <ele>185.0</ele>
      </trkpt>
      <trkpt lat="45.593471" lon="10.516901">
        <ele>186.0</ele>
      </trkpt>
      <trkpt lat="45.593442" lon="10.517027">
        <ele>186.0</ele>
      </trkpt>
      <trkpt lat="45.593387" lon="10.517134">
        <ele>187.0</ele>
      </trkpt>
      <trkpt lat="45.593351" lon="10.517267">
        <ele>188.0</ele>
      </trkpt>
      <trkpt lat="45.593324" lon="10.517403">
        <ele>188.0</ele>
      </trkpt>
      <trkpt lat="45.593307" lon="10.51753">
        <ele>188.0</ele>
      </trkpt>
      <trkpt lat="45.593288" lon="10.517656">
        <ele>188.0</ele>
      </trkpt>
      <trkpt lat="45.59326" lon="10.517787">
        <ele>189.0</ele>
      </trkpt>
      <trkpt lat="45.593217" lon="10.517906">
        <ele>189.0</ele>
      </trkpt>
      <trkpt lat="45.593173" lon="10.518042">
        <ele>190.0</ele>
      </trkpt>
      <trkpt lat="45.593147" lon="10.518167">
        <ele>190.0</ele>
      </trkpt>
      <trkpt lat="45.593146" lon="10.518301">
        <ele>191.0</ele>
      </trkpt>
      <trkpt lat="45.593146" lon="10.518431">
        <ele>192.0</ele>
      </trkpt>
      <trkpt lat="45.593133" lon="10.518576">
        <ele>193.0</ele>
      </trkpt>
      <trkpt lat="45.593088" lon="10.518706">
        <ele>194.0</ele>
      </trkpt>
      <trkpt lat="45.593048" lon="10.518834">
        <ele>194.0</ele>
      </trkpt>
      <trkpt lat="45.593009" lon="10.51896">
        <ele>195.0</ele>
      </trkpt>
      <trkpt lat="45.593009" lon="10.519089">
        <ele>195.0</ele>
      </trkpt>
      <trkpt lat="45.592992" lon="10.519219">
        <ele>196.0</ele>
      </trkpt>
      <trkpt lat="45.592973" lon="10.519352">
        <ele>196.0</ele>
      </trkpt>
      <trkpt lat="45.592944" lon="10.519486">
        <ele>196.0</ele>
      </trkpt>
      <trkpt lat="45.592921" lon="10.519632">
        <ele>196.0</ele>
      </trkpt>
      <trkpt lat="45.592898" lon="10.519771">
        <ele>196.0</ele>
      </trkpt>
      <trkpt lat="45.592863" lon="10.51991">
        <ele>196.0</ele>
      </trkpt>
      <trkpt lat="45.592821" lon="10.52004">
        <ele>196.0</ele>
      </trkpt>
      <trkpt lat="45.592782" lon="10.520162">
        <ele>196.0</ele>
      </trkpt>
      <trkpt lat="45.592746" lon="10.520301">
        <ele>196.0</ele>
      </trkpt>
      <trkpt lat="45.592709" lon="10.520429">
        <ele>196.0</ele>
      </trkpt>
      <trkpt lat="45.592645" lon="10.520537">
        <ele>195.0</ele>
      </trkpt>
      <trkpt lat="45.592595" lon="10.520651">
        <ele>194.0</ele>
      </trkpt>
      <trkpt lat="45.592544" lon="10.520776">
        <ele>193.0</ele>
      </trkpt>
      <trkpt lat="45.592472" lon="10.520872">
        <ele>192.0</ele>
      </trkpt>
      <trkpt lat="45.592411" lon="10.520972">
        <ele>192.0</ele>
      </trkpt>
      <trkpt lat="45.592309" lon="10.521198">
        <ele>190.0</ele>
      </trkpt>
      <trkpt lat="45.592243" lon="10.521291">
        <ele>190.0</ele>
      </trkpt>
      <trkpt lat="45.592207" lon="10.52141">
        <ele>190.0</ele>
      </trkpt>
      <trkpt lat="45.592144" lon="10.521511">
        <ele>190.0</ele>
      </trkpt>
      <trkpt lat="45.592089" lon="10.521613">
        <ele>189.0</ele>
      </trkpt>
      <trkpt lat="45.592035" lon="10.521724">
        <ele>188.0</ele>
      </trkpt>
      <trkpt lat="45.591976" lon="10.521832">
        <ele>188.0</ele>
      </trkpt>
      <trkpt lat="45.591912" lon="10.521941">
        <ele>187.0</ele>
      </trkpt>
      <trkpt lat="45.591847" lon="10.522043">
        <ele>186.0</ele>
      </trkpt>
      <trkpt lat="45.591779" lon="10.522146">
        <ele>187.0</ele>
      </trkpt>
      <trkpt lat="45.591708" lon="10.522236">
        <ele>188.0</ele>
      </trkpt>
      <trkpt lat="45.591651" lon="10.522351">
        <ele>190.0</ele>
      </trkpt>
      <trkpt lat="45.591586" lon="10.522463">
        <ele>191.0</ele>
      </trkpt>
      <trkpt lat="45.59151" lon="10.522595">
        <ele>193.0</ele>
      </trkpt>
      <trkpt lat="45.591415" lon="10.522664">
        <ele>194.0</ele>
      </trkpt>
      <trkpt lat="45.591318" lon="10.522627">
        <ele>197.0</ele>
      </trkpt>
      <trkpt lat="45.59124" lon="10.522558">
        <ele>198.0</ele>
      </trkpt>
      <trkpt lat="45.591171" lon="10.522472">
        <ele>198.0</ele>
      </trkpt>
      <trkpt lat="45.591077" lon="10.522514">
        <ele>199.0</ele>
      </trkpt>
      <trkpt lat="45.59106" lon="10.522643">
        <ele>200.0</ele>
      </trkpt>
      <trkpt lat="45.590968" lon="10.522777">
        <ele>201.0</ele>
      </trkpt>
      <trkpt lat="45.5909" lon="10.52288">
        <ele>201.0</ele>
      </trkpt>
      <trkpt lat="45.590859" lon="10.523">
        <ele>201.0</ele>
      </trkpt>
      <trkpt lat="45.590857" lon="10.52313">
        <ele>200.0</ele>
      </trkpt>
      <trkpt lat="45.590911" lon="10.523237">
        <ele>200.0</ele>
      </trkpt>
      <trkpt lat="45.591004" lon="10.523248">
        <ele>201.0</ele>
      </trkpt>
      <trkpt lat="45.591097" lon="10.523298">
        <ele>201.0</ele>
      </trkpt>
      <trkpt lat="45.590996" lon="10.52332">
        <ele>201.0</ele>
      </trkpt>
      <trkpt lat="45.590888" lon="10.523295">
        <ele>201.0</ele>
      </trkpt>
      <trkpt lat="45.590775" lon="10.523333">
        <ele>202.0</ele>
      </trkpt>
      <trkpt lat="45.590598" lon="10.523284">
        <ele>204.0</ele>
      </trkpt>
      <trkpt lat="45.590504" lon="10.523294">
        <ele>204.0</ele>
      </trkpt>
      <trkpt lat="45.590412" lon="10.523275">
        <ele>205.0</ele>
      </trkpt>
      <trkpt lat="45.59032" lon="10.523322">
        <ele>204.0</ele>
      </trkpt>
      <trkpt lat="45.59023" lon="10.523358">
        <ele>203.0</ele>
      </trkpt>
      <trkpt lat="45.590169" lon="10.523455">
        <ele>203.0</ele>
      </trkpt>
      <trkpt lat="45.590101" lon="10.523567">
        <ele>202.0</ele>
      </trkpt>
      <trkpt lat="45.590037" lon="10.523668">
        <ele>202.0</ele>
      </trkpt>
      <trkpt lat="45.589971" lon="10.52377">
        <ele>203.0</ele>
      </trkpt>
      <trkpt lat="45.589891" lon="10.523866">
        <ele>205.0</ele>
      </trkpt>
      <trkpt lat="45.589837" lon="10.52398">
        <ele>207.0</ele>
      </trkpt>
      <trkpt lat="45.589769" lon="10.524079">
        <ele>207.0</ele>
      </trkpt>
      <trkpt lat="45.589686" lon="10.524157">
        <ele>207.0</ele>
      </trkpt>
      <trkpt lat="45.589588" lon="10.524198">
        <ele>207.0</ele>
      </trkpt>
      <trkpt lat="45.589518" lon="10.524281">
        <ele>207.0</ele>
      </trkpt>
      <trkpt lat="45.589445" lon="10.524369">
        <ele>206.0</ele>
      </trkpt>
      <trkpt lat="45.589358" lon="10.524443">
        <ele>206.0</ele>
      </trkpt>
      <trkpt lat="45.589263" lon="10.524478">
        <ele>206.0</ele>
      </trkpt>
      <trkpt lat="45.589172" lon="10.524527">
        <ele>206.0</ele>
      </trkpt>
      <trkpt lat="45.589089" lon="10.524593">
        <ele>206.0</ele>
      </trkpt>
      <trkpt lat="45.589004" lon="10.524666">
        <ele>207.0</ele>
      </trkpt>
      <trkpt lat="45.588936" lon="10.524773">
        <ele>207.0</ele>
      </trkpt>
      <trkpt lat="45.588859" lon="10.524856">
        <ele>208.0</ele>
      </trkpt>
      <trkpt lat="45.588783" lon="10.524936">
        <ele>208.0</ele>
      </trkpt>
      <trkpt lat="45.588703" lon="10.524999">
        <ele>209.0</ele>
      </trkpt>
      <trkpt lat="45.588633" lon="10.525085">
        <ele>209.0</ele>
      </trkpt>
      <trkpt lat="45.588556" lon="10.525176">
        <ele>209.0</ele>
      </trkpt>
      <trkpt lat="45.588491" lon="10.525282">
        <ele>209.0</ele>
      </trkpt>
      <trkpt lat="45.588436" lon="10.525386">
        <ele>209.0</ele>
      </trkpt>
      <trkpt lat="45.588397" lon="10.525514">
        <ele>207.0</ele>
      </trkpt>
      <trkpt lat="45.588336" lon="10.525611">
        <ele>207.0</ele>
      </trkpt>
      <trkpt lat="45.588263" lon="10.525759">
        <ele>206.0</ele>
      </trkpt>
      <trkpt lat="45.588209" lon="10.525882">
        <ele>206.0</ele>
      </trkpt>
      <trkpt lat="45.588084" lon="10.526078">
        <ele>208.0</ele>
      </trkpt>
      <trkpt lat="45.588025" lon="10.526194">
        <ele>208.0</ele>
      </trkpt>
      <trkpt lat="45.587965" lon="10.526296">
        <ele>208.0</ele>
      </trkpt>
      <trkpt lat="45.587903" lon="10.52641">
        <ele>208.0</ele>
      </trkpt>
      <trkpt lat="45.587861" lon="10.52654">
        <ele>209.0</ele>
      </trkpt>
      <trkpt lat="45.587822" lon="10.526676">
        <ele>209.0</ele>
      </trkpt>
      <trkpt lat="45.587768" lon="10.526788">
        <ele>209.0</ele>
      </trkpt>
      <trkpt lat="45.587719" lon="10.5269">
        <ele>209.0</ele>
      </trkpt>
      <trkpt lat="45.587658" lon="10.527005">
        <ele>208.0</ele>
      </trkpt>
      <trkpt lat="45.587598" lon="10.527104">
        <ele>208.0</ele>
      </trkpt>
      <trkpt lat="45.58754" lon="10.527205">
        <ele>207.0</ele>
      </trkpt>
      <trkpt lat="45.587492" lon="10.527316">
        <ele>207.0</ele>
      </trkpt>
      <trkpt lat="45.587426" lon="10.527425">
        <ele>206.0</ele>
      </trkpt>
      <trkpt lat="45.587375" lon="10.52756">
        <ele>205.0</ele>
      </trkpt>
      <trkpt lat="45.587322" lon="10.527665">
        <ele>205.0</ele>
      </trkpt>
      <trkpt lat="45.587277" lon="10.527786">
        <ele>203.0</ele>
      </trkpt>
      <trkpt lat="45.587227" lon="10.527905">
        <ele>202.0</ele>
      </trkpt>
      <trkpt lat="45.587177" lon="10.528012">
        <ele>201.0</ele>
      </trkpt>
      <trkpt lat="45.587126" lon="10.528123">
        <ele>200.0</ele>
      </trkpt>
      <trkpt lat="45.587079" lon="10.528238">
        <ele>199.0</ele>
      </trkpt>
      <trkpt lat="45.587023" lon="10.528358">
        <ele>198.0</ele>
      </trkpt>
      <trkpt lat="45.586963" lon="10.528483">
        <ele>197.0</ele>
      </trkpt>
      <trkpt lat="45.58692" lon="10.528615">
        <ele>196.0</ele>
      </trkpt>
      <trkpt lat="45.586874" lon="10.528728">
        <ele>196.0</ele>
      </trkpt>
      <trkpt lat="45.586818" lon="10.52884">
        <ele>196.0</ele>
      </trkpt>
      <trkpt lat="45.586762" lon="10.528958">
        <ele>195.0</ele>
      </trkpt>
      <trkpt lat="45.586711" lon="10.529096">
        <ele>196.0</ele>
      </trkpt>
      <trkpt lat="45.586653" lon="10.529205">
        <ele>196.0</ele>
      </trkpt>
      <trkpt lat="45.586606" lon="10.529327">
        <ele>197.0</ele>
      </trkpt>
      <trkpt lat="45.586566" lon="10.529447">
        <ele>198.0</ele>
      </trkpt>
      <trkpt lat="45.586526" lon="10.529582">
        <ele>198.0</ele>
      </trkpt>
      <trkpt lat="45.586493" lon="10.529705">
        <ele>198.0</ele>
      </trkpt>
      <trkpt lat="45.58646" lon="10.529825">
        <ele>198.0</ele>
      </trkpt>
      <trkpt lat="45.586399" lon="10.529943">
        <ele>198.0</ele>
      </trkpt>
      <trkpt lat="45.586343" lon="10.530046">
        <ele>197.0</ele>
      </trkpt>
      <trkpt lat="45.586281" lon="10.53015">
        <ele>197.0</ele>
      </trkpt>
      <trkpt lat="45.586218" lon="10.530247">
        <ele>197.0</ele>
      </trkpt>
      <trkpt lat="45.586141" lon="10.530339">
        <ele>198.0</ele>
      </trkpt>
      <trkpt lat="45.586061" lon="10.530411">
        <ele>197.0</ele>
      </trkpt>
      <trkpt lat="45.585987" lon="10.530498">
        <ele>197.0</ele>
      </trkpt>
      <trkpt lat="45.58591" lon="10.530603">
        <ele>196.0</ele>
      </trkpt>
      <trkpt lat="45.585827" lon="10.530679">
        <ele>195.0</ele>
      </trkpt>
      <trkpt lat="45.585733" lon="10.530748">
        <ele>195.0</ele>
      </trkpt>
      <trkpt lat="45.585645" lon="10.530831">
        <ele>195.0</ele>
      </trkpt>
      <trkpt lat="45.585559" lon="10.530908">
        <ele>195.0</ele>
      </trkpt>
      <trkpt lat="45.585469" lon="10.530971">
        <ele>196.0</ele>
      </trkpt>
      <trkpt lat="45.585396" lon="10.531048">
        <ele>197.0</ele>
      </trkpt>
      <trkpt lat="45.585307" lon="10.531125">
        <ele>198.0</ele>
      </trkpt>
      <trkpt lat="45.585224" lon="10.531214">
        <ele>199.0</ele>
      </trkpt>
      <trkpt lat="45.585141" lon="10.531272">
        <ele>200.0</ele>
      </trkpt>
      <trkpt lat="45.585063" lon="10.53135">
        <ele>201.0</ele>
      </trkpt>
      <trkpt lat="45.58497" lon="10.531414">
        <ele>202.0</ele>
      </trkpt>
      <trkpt lat="45.58489" lon="10.531476">
        <ele>203.0</ele>
      </trkpt>
      <trkpt lat="45.584811" lon="10.531542">
        <ele>204.0</ele>
      </trkpt>
      <trkpt lat="45.584725" lon="10.531611">
        <ele>204.0</ele>
      </trkpt>
      <trkpt lat="45.584647" lon="10.531685">
        <ele>205.0</ele>
      </trkpt>
      <trkpt lat="45.584555" lon="10.531751">
        <ele>206.0</ele>
      </trkpt>
      <trkpt lat="45.584475" lon="10.531815">
        <ele>206.0</ele>
      </trkpt>
      <trkpt lat="45.584401" lon="10.531898">
        <ele>206.0</ele>
      </trkpt>
      <trkpt lat="45.584266" lon="10.532009">
        <ele>208.0</ele>
      </trkpt>
      <trkpt lat="45.584203" lon="10.532111">
        <ele>210.0</ele>
      </trkpt>
      <trkpt lat="45.584143" lon="10.532215">
        <ele>210.0</ele>
      </trkpt>
      <trkpt lat="45.584063" lon="10.532282">
        <ele>210.0</ele>
      </trkpt>
      <trkpt lat="45.583992" lon="10.532369">
        <ele>210.0</ele>
      </trkpt>
      <trkpt lat="45.583907" lon="10.532458">
        <ele>209.0</ele>
      </trkpt>
      <trkpt lat="45.583827" lon="10.532528">
        <ele>209.0</ele>
      </trkpt>
      <trkpt lat="45.583746" lon="10.532616">
        <ele>209.0</ele>
      </trkpt>
      <trkpt lat="45.583666" lon="10.532698">
        <ele>210.0</ele>
      </trkpt>
      <trkpt lat="45.583588" lon="10.532779">
        <ele>210.0</ele>
      </trkpt>
      <trkpt lat="45.583526" lon="10.532883">
        <ele>211.0</ele>
      </trkpt>
      <trkpt lat="45.583499" lon="10.53302">
        <ele>211.0</ele>
      </trkpt>
      <trkpt lat="45.583453" lon="10.53315">
        <ele>211.0</ele>
      </trkpt>
      <trkpt lat="45.583392" lon="10.533252">
        <ele>210.0</ele>
      </trkpt>
      <trkpt lat="45.583307" lon="10.533332">
        <ele>210.0</ele>
      </trkpt>
      <trkpt lat="45.583214" lon="10.533403">
        <ele>209.0</ele>
      </trkpt>
      <trkpt lat="45.583131" lon="10.53348">
        <ele>209.0</ele>
      </trkpt>
      <trkpt lat="45.583087" lon="10.533614">
        <ele>208.0</ele>
      </trkpt>
      <trkpt lat="45.583061" lon="10.533759">
        <ele>208.0</ele>
      </trkpt>
      <trkpt lat="45.582959" lon="10.533768">
        <ele>214.0</ele>
      </trkpt>
      <trkpt lat="45.582868" lon="10.533816">
        <ele>214.0</ele>
      </trkpt>
      <trkpt lat="45.582769" lon="10.533835">
        <ele>215.0</ele>
      </trkpt>
      <trkpt lat="45.582668" lon="10.533858">
        <ele>215.0</ele>
      </trkpt>
      <trkpt lat="45.582575" lon="10.533885">
        <ele>214.0</ele>
      </trkpt>
      <trkpt lat="45.58248" lon="10.533912">
        <ele>214.0</ele>
      </trkpt>
      <trkpt lat="45.582376" lon="10.533929">
        <ele>214.0</ele>
      </trkpt>
      <trkpt lat="45.582284" lon="10.533957">
        <ele>213.0</ele>
      </trkpt>
      <trkpt lat="45.582191" lon="10.533998">
        <ele>212.0</ele>
      </trkpt>
      <trkpt lat="45.582098" lon="10.534031">
        <ele>212.0</ele>
      </trkpt>
      <trkpt lat="45.582009" lon="10.534075">
        <ele>211.0</ele>
      </trkpt>
      <trkpt lat="45.58192" lon="10.53413">
        <ele>211.0</ele>
      </trkpt>
      <trkpt lat="45.581825" lon="10.53417">
        <ele>211.0</ele>
      </trkpt>
      <trkpt lat="45.581722" lon="10.534184">
        <ele>211.0</ele>
      </trkpt>
      <trkpt lat="45.581626" lon="10.534231">
        <ele>210.0</ele>
      </trkpt>
      <trkpt lat="45.58152" lon="10.534288">
        <ele>210.0</ele>
      </trkpt>
      <trkpt lat="45.581417" lon="10.534284">
        <ele>210.0</ele>
      </trkpt>
      <trkpt lat="45.581325" lon="10.534309">
        <ele>210.0</ele>
      </trkpt>
      <trkpt lat="45.58125" lon="10.534383">
        <ele>210.0</ele>
      </trkpt>
      <trkpt lat="45.581153" lon="10.534388">
        <ele>210.0</ele>
      </trkpt>
      <trkpt lat="45.58106" lon="10.534437">
        <ele>210.0</ele>
      </trkpt>
      <trkpt lat="45.580968" lon="10.534426">
        <ele>210.0</ele>
      </trkpt>
      <trkpt lat="45.580869" lon="10.534457">
        <ele>210.0</ele>
      </trkpt>
      <trkpt lat="45.580772" lon="10.534478">
        <ele>209.0</ele>
      </trkpt>
      <trkpt lat="45.580681" lon="10.534506">
        <ele>209.0</ele>
      </trkpt>
      <trkpt lat="45.580589" lon="10.534546">
        <ele>209.0</ele>
      </trkpt>
      <trkpt lat="45.580512" lon="10.53463">
        <ele>209.0</ele>
      </trkpt>
      <trkpt lat="45.58044" lon="10.534709">
        <ele>206.0</ele>
      </trkpt>
      <trkpt lat="45.580362" lon="10.534785">
        <ele>206.0</ele>
      </trkpt>
      <trkpt lat="45.580267" lon="10.534901">
        <ele>205.0</ele>
      </trkpt>
      <trkpt lat="45.580199" lon="10.53499">
        <ele>204.0</ele>
      </trkpt>
      <trkpt lat="45.580144" lon="10.535102">
        <ele>203.0</ele>
      </trkpt>
      <trkpt lat="45.580078" lon="10.535194">
        <ele>201.0</ele>
      </trkpt>
      <trkpt lat="45.579993" lon="10.535254">
        <ele>199.0</ele>
      </trkpt>
      <trkpt lat="45.579903" lon="10.53533">
        <ele>198.0</ele>
      </trkpt>
      <trkpt lat="45.579818" lon="10.535408">
        <ele>197.0</ele>
      </trkpt>
      <trkpt lat="45.579732" lon="10.53548">
        <ele>196.0</ele>
      </trkpt>
      <trkpt lat="45.579642" lon="10.535555">
        <ele>195.0</ele>
      </trkpt>
      <trkpt lat="45.57956" lon="10.535654">
        <ele>195.0</ele>
      </trkpt>
      <trkpt lat="45.579476" lon="10.535711">
        <ele>194.0</ele>
      </trkpt>
      <trkpt lat="45.57937" lon="10.535737">
        <ele>194.0</ele>
      </trkpt>
      <trkpt lat="45.579271" lon="10.535751">
        <ele>195.0</ele>
      </trkpt>
      <trkpt lat="45.579175" lon="10.535716">
        <ele>196.0</ele>
      </trkpt>
      <trkpt lat="45.579084" lon="10.535702">
        <ele>197.0</ele>
      </trkpt>
      <trkpt lat="45.578993" lon="10.535688">
        <ele>197.0</ele>
      </trkpt>
      <trkpt lat="45.578909" lon="10.535641">
        <ele>197.0</ele>
      </trkpt>
      <trkpt lat="45.578821" lon="10.535597">
        <ele>198.0</ele>
      </trkpt>
      <trkpt lat="45.578731" lon="10.535554">
        <ele>198.0</ele>
      </trkpt>
      <trkpt lat="45.578639" lon="10.535571">
        <ele>197.0</ele>
      </trkpt>
      <trkpt lat="45.578553" lon="10.535632">
        <ele>196.0</ele>
      </trkpt>
      <trkpt lat="45.578468" lon="10.535691">
        <ele>196.0</ele>
      </trkpt>
      <trkpt lat="45.5784" lon="10.535783">
        <ele>195.0</ele>
      </trkpt>
      <trkpt lat="45.578319" lon="10.535863">
        <ele>195.0</ele>
      </trkpt>
      <trkpt lat="45.578238" lon="10.535932">
        <ele>194.0</ele>
      </trkpt>
      <trkpt lat="45.578164" lon="10.536012">
        <ele>193.0</ele>
      </trkpt>
      <trkpt lat="45.578085" lon="10.536093">
        <ele>192.0</ele>
      </trkpt>
      <trkpt lat="45.578026" lon="10.536192">
        <ele>190.0</ele>
      </trkpt>
      <trkpt lat="45.577992" lon="10.536323">
        <ele>189.0</ele>
      </trkpt>
      <trkpt lat="45.577956" lon="10.536445">
        <ele>188.0</ele>
      </trkpt>
      <trkpt lat="45.577932" lon="10.536575">
        <ele>187.0</ele>
      </trkpt>
      <trkpt lat="45.577912" lon="10.536708">
        <ele>186.0</ele>
      </trkpt>
      <trkpt lat="45.577871" lon="10.53684">
        <ele>186.0</ele>
      </trkpt>
      <trkpt lat="45.577818" lon="10.536944">
        <ele>185.0</ele>
      </trkpt>
      <trkpt lat="45.577753" lon="10.537054">
        <ele>184.0</ele>
      </trkpt>
      <trkpt lat="45.577693" lon="10.537161">
        <ele>183.0</ele>
      </trkpt>
      <trkpt lat="45.577608" lon="10.537221">
        <ele>183.0</ele>
      </trkpt>
      <trkpt lat="45.577516" lon="10.537279">
        <ele>182.0</ele>
      </trkpt>
      <trkpt lat="45.577419" lon="10.537299">
        <ele>181.0</ele>
      </trkpt>
      <trkpt lat="45.577317" lon="10.537285">
        <ele>181.0</ele>
      </trkpt>
      <trkpt lat="45.577211" lon="10.537314">
        <ele>181.0</ele>
      </trkpt>
      <trkpt lat="45.577125" lon="10.537361">
        <ele>181.0</ele>
      </trkpt>
      <trkpt lat="45.577024" lon="10.537412">
        <ele>182.0</ele>
      </trkpt>
      <trkpt lat="45.576935" lon="10.537454">
        <ele>182.0</ele>
      </trkpt>
      <trkpt lat="45.576839" lon="10.537509">
        <ele>183.0</ele>
      </trkpt>
      <trkpt lat="45.576743" lon="10.537497">
        <ele>184.0</ele>
      </trkpt>
      <trkpt lat="45.576655" lon="10.53754">
        <ele>184.0</ele>
      </trkpt>
      <trkpt lat="45.576563" lon="10.537566">
        <ele>184.0</ele>
      </trkpt>
      <trkpt lat="45.576462" lon="10.537621">
        <ele>184.0</ele>
      </trkpt>
      <trkpt lat="45.576367" lon="10.537664">
        <ele>184.0</ele>
      </trkpt>
      <trkpt lat="45.576283" lon="10.537722">
        <ele>185.0</ele>
      </trkpt>
      <trkpt lat="45.576183" lon="10.537716">
        <ele>185.0</ele>
      </trkpt>
      <trkpt lat="45.576091" lon="10.537723">
        <ele>185.0</ele>
      </trkpt>
      <trkpt lat="45.575992" lon="10.53772">
        <ele>185.0</ele>
      </trkpt>
      <trkpt lat="45.575891" lon="10.537725">
        <ele>185.0</ele>
      </trkpt>
      <trkpt lat="45.575795" lon="10.537741">
        <ele>184.0</ele>
      </trkpt>
      <trkpt lat="45.575688" lon="10.537723">
        <ele>185.0</ele>
      </trkpt>
      <trkpt lat="45.575593" lon="10.537724">
        <ele>184.0</ele>
      </trkpt>
      <trkpt lat="45.575481" lon="10.537743">
        <ele>184.0</ele>
      </trkpt>
      <trkpt lat="45.575379" lon="10.537759">
        <ele>184.0</ele>
      </trkpt>
      <trkpt lat="45.575273" lon="10.537775">
        <ele>184.0</ele>
      </trkpt>
      <trkpt lat="45.57518" lon="10.537794">
        <ele>184.0</ele>
      </trkpt>
      <trkpt lat="45.575086" lon="10.537808">
        <ele>184.0</ele>
      </trkpt>
      <trkpt lat="45.574996" lon="10.537836">
        <ele>184.0</ele>
      </trkpt>
      <trkpt lat="45.574905" lon="10.53787">
        <ele>183.0</ele>
      </trkpt>
      <trkpt lat="45.574807" lon="10.537904">
        <ele>183.0</ele>
      </trkpt>
      <trkpt lat="45.574712" lon="10.537939">
        <ele>182.0</ele>
      </trkpt>
      <trkpt lat="45.574615" lon="10.53797">
        <ele>182.0</ele>
      </trkpt>
      <trkpt lat="45.574518" lon="10.537985">
        <ele>181.0</ele>
      </trkpt>
      <trkpt lat="45.574428" lon="10.538007">
        <ele>181.0</ele>
      </trkpt>
      <trkpt lat="45.574332" lon="10.538058">
        <ele>181.0</ele>
      </trkpt>
      <trkpt lat="45.574241" lon="10.538105">
        <ele>180.0</ele>
      </trkpt>
      <trkpt lat="45.574147" lon="10.538149">
        <ele>180.0</ele>
      </trkpt>
      <trkpt lat="45.573966" lon="10.538205">
        <ele>179.0</ele>
      </trkpt>
      <trkpt lat="45.573877" lon="10.538232">
        <ele>179.0</ele>
      </trkpt>
      <trkpt lat="45.57378" lon="10.53826">
        <ele>178.0</ele>
      </trkpt>
      <trkpt lat="45.573678" lon="10.538297">
        <ele>178.0</ele>
      </trkpt>
      <trkpt lat="45.573591" lon="10.538335">
        <ele>178.0</ele>
      </trkpt>
      <trkpt lat="45.573504" lon="10.538368">
        <ele>178.0</ele>
      </trkpt>
      <trkpt lat="45.573406" lon="10.538384">
        <ele>178.0</ele>
      </trkpt>
      <trkpt lat="45.57331" lon="10.538393">
        <ele>177.0</ele>
      </trkpt>
      <trkpt lat="45.573208" lon="10.538414">
        <ele>177.0</ele>
      </trkpt>
      <trkpt lat="45.573116" lon="10.538427">
        <ele>178.0</ele>
      </trkpt>
      <trkpt lat="45.573018" lon="10.538443">
        <ele>178.0</ele>
      </trkpt>
      <trkpt lat="45.572923" lon="10.538462">
        <ele>178.0</ele>
      </trkpt>
      <trkpt lat="45.572825" lon="10.538473">
        <ele>178.0</ele>
      </trkpt>
      <trkpt lat="45.572725" lon="10.5385">
        <ele>177.0</ele>
      </trkpt>
      <trkpt lat="45.572622" lon="10.538497">
        <ele>177.0</ele>
      </trkpt>
      <trkpt lat="45.572519" lon="10.538503">
        <ele>177.0</ele>
      </trkpt>
      <trkpt lat="45.572429" lon="10.538457">
        <ele>177.0</ele>
      </trkpt>
      <trkpt lat="45.572337" lon="10.538417">
        <ele>177.0</ele>
      </trkpt>
      <trkpt lat="45.572245" lon="10.538406">
        <ele>178.0</ele>
      </trkpt>
      <trkpt lat="45.572152" lon="10.538442">
        <ele>177.0</ele>
      </trkpt>
      <trkpt lat="45.572051" lon="10.538414">
        <ele>177.0</ele>
      </trkpt>
      <trkpt lat="45.571957" lon="10.538441">
        <ele>177.0</ele>
      </trkpt>
      <trkpt lat="45.571858" lon="10.53844">
        <ele>177.0</ele>
      </trkpt>
      <trkpt lat="45.571763" lon="10.538454">
        <ele>177.0</ele>
      </trkpt>
      <trkpt lat="45.571655" lon="10.538474">
        <ele>177.0</ele>
      </trkpt>
      <trkpt lat="45.571561" lon="10.538519">
        <ele>177.0</ele>
      </trkpt>
      <trkpt lat="45.571472" lon="10.538568">
        <ele>177.0</ele>
      </trkpt>
      <trkpt lat="45.571374" lon="10.53861">
        <ele>177.0</ele>
      </trkpt>
      <trkpt lat="45.57128" lon="10.538652">
        <ele>177.0</ele>
      </trkpt>
      <trkpt lat="45.571179" lon="10.538691">
        <ele>177.0</ele>
      </trkpt>
      <trkpt lat="45.571004" lon="10.538766">
        <ele>177.0</ele>
      </trkpt>
      <trkpt lat="45.57091" lon="10.538809">
        <ele>177.0</ele>
      </trkpt>
      <trkpt lat="45.570818" lon="10.538841">
        <ele>177.0</ele>
      </trkpt>
      <trkpt lat="45.570726" lon="10.538875">
        <ele>177.0</ele>
      </trkpt>
      <trkpt lat="45.570625" lon="10.538927">
        <ele>179.0</ele>
      </trkpt>
      <trkpt lat="45.570532" lon="10.53894">
        <ele>179.0</ele>
      </trkpt>
      <trkpt lat="45.570439" lon="10.538946">
        <ele>179.0</ele>
      </trkpt>
      <trkpt lat="45.570341" lon="10.538952">
        <ele>178.0</ele>
      </trkpt>
      <trkpt lat="45.570238" lon="10.538945">
        <ele>178.0</ele>
      </trkpt>
      <trkpt lat="45.570144" lon="10.538897">
        <ele>178.0</ele>
      </trkpt>
      <trkpt lat="45.570049" lon="10.538861">
        <ele>178.0</ele>
      </trkpt>
      <trkpt lat="45.569935" lon="10.538761">
        <ele>177.0</ele>
      </trkpt>
      <trkpt lat="45.569847" lon="10.538847">
        <ele>177.0</ele>
      </trkpt>
      <trkpt lat="45.569699" lon="10.53895">
        <ele>176.0</ele>
      </trkpt>
      <trkpt lat="45.569605" lon="10.538972">
        <ele>176.0</ele>
      </trkpt>
      <trkpt lat="45.569503" lon="10.538994">
        <ele>177.0</ele>
      </trkpt>
      <trkpt lat="45.569407" lon="10.539025">
        <ele>178.0</ele>
      </trkpt>
      <trkpt lat="45.569311" lon="10.539041">
        <ele>177.0</ele>
      </trkpt>
      <trkpt lat="45.569218" lon="10.539075">
        <ele>177.0</ele>
      </trkpt>
      <trkpt lat="45.569127" lon="10.539107">
        <ele>177.0</ele>
      </trkpt>
      <trkpt lat="45.569036" lon="10.539154">
        <ele>177.0</ele>
      </trkpt>
      <trkpt lat="45.568948" lon="10.539199">
        <ele>177.0</ele>
      </trkpt>
      <trkpt lat="45.568859" lon="10.539265">
        <ele>177.0</ele>
      </trkpt>
      <trkpt lat="45.568773" lon="10.539306">
        <ele>177.0</ele>
      </trkpt>
      <trkpt lat="45.56868" lon="10.539359">
        <ele>177.0</ele>
      </trkpt>
      <trkpt lat="45.568602" lon="10.539452">
        <ele>176.0</ele>
      </trkpt>
      <trkpt lat="45.568518" lon="10.539525">
        <ele>175.0</ele>
      </trkpt>
      <trkpt lat="45.568445" lon="10.539607">
        <ele>174.0</ele>
      </trkpt>
      <trkpt lat="45.568363" lon="10.539701">
        <ele>173.0</ele>
      </trkpt>
      <trkpt lat="45.568294" lon="10.539796">
        <ele>172.0</ele>
      </trkpt>
      <trkpt lat="45.568239" lon="10.539906">
        <ele>171.0</ele>
      </trkpt>
      <trkpt lat="45.568185" lon="10.540013">
        <ele>170.0</ele>
      </trkpt>
      <trkpt lat="45.568124" lon="10.540117">
        <ele>169.0</ele>
      </trkpt>
      <trkpt lat="45.568079" lon="10.540234">
        <ele>168.0</ele>
      </trkpt>
      <trkpt lat="45.568028" lon="10.540344">
        <ele>168.0</ele>
      </trkpt>
      <trkpt lat="45.567962" lon="10.54048">
        <ele>168.0</ele>
      </trkpt>
      <trkpt lat="45.567903" lon="10.540593">
        <ele>168.0</ele>
      </trkpt>
      <trkpt lat="45.567872" lon="10.540722">
        <ele>167.0</ele>
      </trkpt>
      <trkpt lat="45.567824" lon="10.540836">
        <ele>167.0</ele>
      </trkpt>
      <trkpt lat="45.567767" lon="10.540942">
        <ele>167.0</ele>
      </trkpt>
      <trkpt lat="45.567715" lon="10.541051">
        <ele>166.0</ele>
      </trkpt>
      <trkpt lat="45.567633" lon="10.541149">
        <ele>166.0</ele>
      </trkpt>
      <trkpt lat="45.567541" lon="10.541247">
        <ele>165.0</ele>
      </trkpt>
      <trkpt lat="45.567463" lon="10.541333">
        <ele>165.0</ele>
      </trkpt>
      <trkpt lat="45.567392" lon="10.541428">
        <ele>164.0</ele>
      </trkpt>
      <trkpt lat="45.567329" lon="10.541524">
        <ele>164.0</ele>
      </trkpt>
      <trkpt lat="45.567272" lon="10.541633">
        <ele>164.0</ele>
      </trkpt>
      <trkpt lat="45.567231" lon="10.541762">
        <ele>163.0</ele>
      </trkpt>
      <trkpt lat="45.567187" lon="10.541877">
        <ele>162.0</ele>
      </trkpt>
      <trkpt lat="45.56715" lon="10.541995">
        <ele>162.0</ele>
      </trkpt>
      <trkpt lat="45.567105" lon="10.542113">
        <ele>161.0</ele>
      </trkpt>
      <trkpt lat="45.567037" lon="10.542214">
        <ele>160.0</ele>
      </trkpt>
      <trkpt lat="45.566955" lon="10.542287">
        <ele>159.0</ele>
      </trkpt>
      <trkpt lat="45.56688" lon="10.542375">
        <ele>158.0</ele>
      </trkpt>
      <trkpt lat="45.566828" lon="10.542484">
        <ele>157.0</ele>
      </trkpt>
      <trkpt lat="45.566796" lon="10.542613">
        <ele>156.0</ele>
      </trkpt>
      <trkpt lat="45.566755" lon="10.542742">
        <ele>154.0</ele>
      </trkpt>
      <trkpt lat="45.566699" lon="10.542849">
        <ele>152.0</ele>
      </trkpt>
      <trkpt lat="45.566624" lon="10.542927">
        <ele>151.0</ele>
      </trkpt>
      <trkpt lat="45.566542" lon="10.542995">
        <ele>150.0</ele>
      </trkpt>
      <trkpt lat="45.566467" lon="10.543096">
        <ele>149.0</ele>
      </trkpt>
      <trkpt lat="45.566407" lon="10.54321">
        <ele>148.0</ele>
      </trkpt>
      <trkpt lat="45.566371" lon="10.543332">
        <ele>146.0</ele>
      </trkpt>
      <trkpt lat="45.566331" lon="10.543464">
        <ele>144.0</ele>
      </trkpt>
      <trkpt lat="45.566296" lon="10.543602">
        <ele>143.0</ele>
      </trkpt>
      <trkpt lat="45.566261" lon="10.54373">
        <ele>142.0</ele>
      </trkpt>
      <trkpt lat="45.566184" lon="10.543824">
        <ele>141.0</ele>
      </trkpt>
      <trkpt lat="45.566098" lon="10.543889">
        <ele>140.0</ele>
      </trkpt>
      <trkpt lat="45.56602" lon="10.543966">
        <ele>138.0</ele>
      </trkpt>
      <trkpt lat="45.56596" lon="10.544074">
        <ele>136.0</ele>
      </trkpt>
      <trkpt lat="45.565897" lon="10.544168">
        <ele>135.0</ele>
      </trkpt>
      <trkpt lat="45.565829" lon="10.544276">
        <ele>134.0</ele>
      </trkpt>
      <trkpt lat="45.565764" lon="10.54438">
        <ele>133.0</ele>
      </trkpt>
      <trkpt lat="45.565691" lon="10.544484">
        <ele>133.0</ele>
      </trkpt>
      <trkpt lat="45.565624" lon="10.544579">
        <ele>132.0</ele>
      </trkpt>
      <trkpt lat="45.565551" lon="10.54466">
        <ele>132.0</ele>
      </trkpt>
      <trkpt lat="45.565461" lon="10.544724">
        <ele>131.0</ele>
      </trkpt>
      <trkpt lat="45.565383" lon="10.544817">
        <ele>131.0</ele>
      </trkpt>
      <trkpt lat="45.5653" lon="10.544894">
        <ele>130.0</ele>
      </trkpt>
      <trkpt lat="45.565213" lon="10.544995">
        <ele>129.0</ele>
      </trkpt>
      <trkpt lat="45.565129" lon="10.545057">
        <ele>128.0</ele>
      </trkpt>
      <trkpt lat="45.565025" lon="10.545023">
        <ele>125.0</ele>
      </trkpt>
      <trkpt lat="45.564947" lon="10.544956">
        <ele>125.0</ele>
      </trkpt>
      <trkpt lat="45.564852" lon="10.544967">
        <ele>125.0</ele>
      </trkpt>
      <trkpt lat="45.564766" lon="10.545032">
        <ele>125.0</ele>
      </trkpt>
      <trkpt lat="45.564698" lon="10.545128">
        <ele>123.0</ele>
      </trkpt>
      <trkpt lat="45.564655" lon="10.545248">
        <ele>123.0</ele>
      </trkpt>
      <trkpt lat="45.564592" lon="10.545351">
        <ele>123.0</ele>
      </trkpt>
      <trkpt lat="45.564534" lon="10.545471">
        <ele>122.0</ele>
      </trkpt>
      <trkpt lat="45.564491" lon="10.545603">
        <ele>122.0</ele>
      </trkpt>
      <trkpt lat="45.564464" lon="10.545731">
        <ele>121.0</ele>
      </trkpt>
      <trkpt lat="45.564512" lon="10.545847">
        <ele>120.0</ele>
      </trkpt>
      <trkpt lat="45.564423" lon="10.54591">
        <ele>121.0</ele>
      </trkpt>
      <trkpt lat="45.564326" lon="10.54593">
        <ele>121.0</ele>
      </trkpt>
      <trkpt lat="45.564229" lon="10.545919">
        <ele>121.0</ele>
      </trkpt>
      <trkpt lat="45.564134" lon="10.545911">
        <ele>122.0</ele>
      </trkpt>
      <trkpt lat="45.564023" lon="10.545887">
        <ele>122.0</ele>
      </trkpt>
      <trkpt lat="45.563921" lon="10.545903">
        <ele>123.0</ele>
      </trkpt>
      <trkpt lat="45.563882" lon="10.546023">
        <ele>123.0</ele>
      </trkpt>
      <trkpt lat="45.563826" lon="10.546178">
        <ele>122.0</ele>
      </trkpt>
      <trkpt lat="45.563731" lon="10.546404">
        <ele>122.0</ele>
      </trkpt>
      <trkpt lat="45.563681" lon="10.546515">
        <ele>122.0</ele>
      </trkpt>
      <trkpt lat="45.563634" lon="10.546628">
        <ele>122.0</ele>
      </trkpt>
      <trkpt lat="45.563579" lon="10.546733">
        <ele>122.0</ele>
      </trkpt>
      <trkpt lat="45.563517" lon="10.546833">
        <ele>121.0</ele>
      </trkpt>
      <trkpt lat="45.563458" lon="10.546948">
        <ele>121.0</ele>
      </trkpt>
      <trkpt lat="45.563385" lon="10.547082">
        <ele>121.0</ele>
      </trkpt>
      <trkpt lat="45.563324" lon="10.547199">
        <ele>121.0</ele>
      </trkpt>
      <trkpt lat="45.563256" lon="10.547284">
        <ele>121.0</ele>
      </trkpt>
      <trkpt lat="45.563188" lon="10.547388">
        <ele>121.0</ele>
      </trkpt>
      <trkpt lat="45.563123" lon="10.54749">
        <ele>120.0</ele>
      </trkpt>
      <trkpt lat="45.56306" lon="10.5476">
        <ele>119.0</ele>
      </trkpt>
      <trkpt lat="45.562993" lon="10.547691">
        <ele>119.0</ele>
      </trkpt>
      <trkpt lat="45.562925" lon="10.547793">
        <ele>118.0</ele>
      </trkpt>
      <trkpt lat="45.562829" lon="10.547859">
        <ele>118.0</ele>
      </trkpt>
      <trkpt lat="45.562765" lon="10.547955">
        <ele>118.0</ele>
      </trkpt>
      <trkpt lat="45.562694" lon="10.548079">
        <ele>118.0</ele>
      </trkpt>
      <trkpt lat="45.562625" lon="10.548199">
        <ele>118.0</ele>
      </trkpt>
      <trkpt lat="45.562564" lon="10.5483">
        <ele>118.0</ele>
      </trkpt>
      <trkpt lat="45.562506" lon="10.548406">
        <ele>118.0</ele>
      </trkpt>
      <trkpt lat="45.562432" lon="10.548503">
        <ele>118.0</ele>
      </trkpt>
      <trkpt lat="45.562371" lon="10.548605">
        <ele>118.0</ele>
      </trkpt>
      <trkpt lat="45.562304" lon="10.548714">
        <ele>118.0</ele>
      </trkpt>
      <trkpt lat="45.562234" lon="10.548833">
        <ele>118.0</ele>
      </trkpt>
      <trkpt lat="45.562163" lon="10.548931">
        <ele>118.0</ele>
      </trkpt>
      <trkpt lat="45.562095" lon="10.549025">
        <ele>118.0</ele>
      </trkpt>
      <trkpt lat="45.562039" lon="10.549126">
        <ele>118.0</ele>
      </trkpt>
      <trkpt lat="45.561962" lon="10.549221">
        <ele>117.0</ele>
      </trkpt>
      <trkpt lat="45.561912" lon="10.549333">
        <ele>117.0</ele>
      </trkpt>
      <trkpt lat="45.561906" lon="10.549466">
        <ele>117.0</ele>
      </trkpt>
      <trkpt lat="45.561861" lon="10.549584">
        <ele>118.0</ele>
      </trkpt>
      <trkpt lat="45.561797" lon="10.549704">
        <ele>118.0</ele>
      </trkpt>
      <trkpt lat="45.561761" lon="10.549822">
        <ele>119.0</ele>
      </trkpt>
      <trkpt lat="45.561719" lon="10.549954">
        <ele>119.0</ele>
      </trkpt>
      <trkpt lat="45.561691" lon="10.550078">
        <ele>118.0</ele>
      </trkpt>
      <trkpt lat="45.561652" lon="10.550211">
        <ele>118.0</ele>
      </trkpt>
      <trkpt lat="45.561662" lon="10.550348">
        <ele>116.0</ele>
      </trkpt>
      <trkpt lat="45.561626" lon="10.550488">
        <ele>116.0</ele>
      </trkpt>
      <trkpt lat="45.561574" lon="10.550606">
        <ele>116.0</ele>
      </trkpt>
      <trkpt lat="45.561556" lon="10.550743">
        <ele>116.0</ele>
      </trkpt>
      <trkpt lat="45.561523" lon="10.550868">
        <ele>116.0</ele>
      </trkpt>
      <trkpt lat="45.561481" lon="10.550999">
        <ele>113.0</ele>
      </trkpt>
      <trkpt lat="45.561458" lon="10.551139">
        <ele>113.0</ele>
      </trkpt>
      <trkpt lat="45.561411" lon="10.551255">
        <ele>114.0</ele>
      </trkpt>
      <trkpt lat="45.561373" lon="10.551372">
        <ele>114.0</ele>
      </trkpt>
      <trkpt lat="45.561329" lon="10.551491">
        <ele>114.0</ele>
      </trkpt>
      <trkpt lat="45.561284" lon="10.551607">
        <ele>114.0</ele>
      </trkpt>
      <trkpt lat="45.561247" lon="10.551735">
        <ele>114.0</ele>
      </trkpt>
      <trkpt lat="45.561193" lon="10.551857">
        <ele>114.0</ele>
      </trkpt>
      <trkpt lat="45.56115" lon="10.551972">
        <ele>115.0</ele>
      </trkpt>
      <trkpt lat="45.561137" lon="10.552113">
        <ele>114.0</ele>
      </trkpt>
      <trkpt lat="45.561162" lon="10.552239">
        <ele>114.0</ele>
      </trkpt>
      <trkpt lat="45.561232" lon="10.552344">
        <ele>115.0</ele>
      </trkpt>
      <trkpt lat="45.56127" lon="10.552461">
        <ele>115.0</ele>
      </trkpt>
      <trkpt lat="45.561297" lon="10.552601">
        <ele>116.0</ele>
      </trkpt>
      <trkpt lat="45.56128" lon="10.55274">
        <ele>117.0</ele>
      </trkpt>
      <trkpt lat="45.561265" lon="10.552872">
        <ele>117.0</ele>
      </trkpt>
      <trkpt lat="45.561249" lon="10.553009">
        <ele>117.0</ele>
      </trkpt>
      <trkpt lat="45.561203" lon="10.553254">
        <ele>116.0</ele>
      </trkpt>
      <trkpt lat="45.561171" lon="10.553387">
        <ele>116.0</ele>
      </trkpt>
      <trkpt lat="45.561158" lon="10.553525">
        <ele>116.0</ele>
      </trkpt>
      <trkpt lat="45.561136" lon="10.553651">
        <ele>116.0</ele>
      </trkpt>
      <trkpt lat="45.561101" lon="10.553774">
        <ele>116.0</ele>
      </trkpt>
      <trkpt lat="45.561036" lon="10.553884">
        <ele>116.0</ele>
      </trkpt>
      <trkpt lat="45.560982" lon="10.553993">
        <ele>115.0</ele>
      </trkpt>
      <trkpt lat="45.560921" lon="10.554127">
        <ele>115.0</ele>
      </trkpt>
      <trkpt lat="45.560893" lon="10.554271">
        <ele>115.0</ele>
      </trkpt>
      <trkpt lat="45.560842" lon="10.554395">
        <ele>114.0</ele>
      </trkpt>
      <trkpt lat="45.560801" lon="10.554525">
        <ele>114.0</ele>
      </trkpt>
      <trkpt lat="45.560815" lon="10.55467">
        <ele>115.0</ele>
      </trkpt>
      <trkpt lat="45.560799" lon="10.554799">
        <ele>114.0</ele>
      </trkpt>
      <trkpt lat="45.560789" lon="10.554946">
        <ele>115.0</ele>
      </trkpt>
      <trkpt lat="45.560799" lon="10.5551">
        <ele>113.0</ele>
      </trkpt>
      <trkpt lat="45.56065" lon="10.555049">
        <ele>113.0</ele>
      </trkpt>
      <trkpt lat="45.560569" lon="10.554961">
        <ele>114.0</ele>
      </trkpt>
      <trkpt lat="45.560493" lon="10.554875">
        <ele>113.0</ele>
      </trkpt>
      <trkpt lat="45.560424" lon="10.55479">
        <ele>114.0</ele>
      </trkpt>
      <trkpt lat="45.560351" lon="10.554701">
        <ele>114.0</ele>
      </trkpt>
      <trkpt lat="45.560268" lon="10.554643">
        <ele>115.0</ele>
      </trkpt>
      <trkpt lat="45.560182" lon="10.554565">
        <ele>115.0</ele>
      </trkpt>
      <trkpt lat="45.560107" lon="10.554486">
        <ele>116.0</ele>
      </trkpt>
      <trkpt lat="45.560019" lon="10.554424">
        <ele>117.0</ele>
      </trkpt>
      <trkpt lat="45.559934" lon="10.554352">
        <ele>117.0</ele>
      </trkpt>
      <trkpt lat="45.55984" lon="10.554305">
        <ele>117.0</ele>
      </trkpt>
      <trkpt lat="45.559742" lon="10.554314">
        <ele>118.0</ele>
      </trkpt>
      <trkpt lat="45.55969" lon="10.554419">
        <ele>117.0</ele>
      </trkpt>
      <trkpt lat="45.559638" lon="10.554554">
        <ele>117.0</ele>
      </trkpt>
      <trkpt lat="45.559587" lon="10.554669">
        <ele>117.0</ele>
      </trkpt>
      <trkpt lat="45.559538" lon="10.554796">
        <ele>116.0</ele>
      </trkpt>
      <trkpt lat="45.559504" lon="10.554925">
        <ele>116.0</ele>
      </trkpt>
      <trkpt lat="45.559473" lon="10.555051">
        <ele>116.0</ele>
      </trkpt>
      <trkpt lat="45.55943" lon="10.555192">
        <ele>116.0</ele>
      </trkpt>
      <trkpt lat="45.559381" lon="10.555321">
        <ele>116.0</ele>
      </trkpt>
      <trkpt lat="45.559362" lon="10.555452">
        <ele>116.0</ele>
      </trkpt>
      <trkpt lat="45.559313" lon="10.555567">
        <ele>114.0</ele>
      </trkpt>
      <trkpt lat="45.559389" lon="10.555643">
        <ele>114.0</ele>
      </trkpt>
      <trkpt lat="45.559471" lon="10.555726">
        <ele>114.0</ele>
      </trkpt>
      <trkpt lat="45.559529" lon="10.555827">
        <ele>114.0</ele>
      </trkpt>
      <trkpt lat="45.559597" lon="10.555919">
        <ele>114.0</ele>
      </trkpt>
      <trkpt lat="45.559682" lon="10.555977">
        <ele>113.0</ele>
      </trkpt>
      <trkpt lat="45.559772" lon="10.556054">
        <ele>113.0</ele>
      </trkpt>
      <trkpt lat="45.559817" lon="10.556175">
        <ele>114.0</ele>
      </trkpt>
      <trkpt lat="45.559879" lon="10.556274">
        <ele>114.0</ele>
      </trkpt>
      <trkpt lat="45.559959" lon="10.556366">
        <ele>115.0</ele>
      </trkpt>
      <trkpt lat="45.56005" lon="10.556439">
        <ele>115.0</ele>
      </trkpt>
      <trkpt lat="45.560131" lon="10.556498">
        <ele>114.0</ele>
      </trkpt>
      <trkpt lat="45.560188" lon="10.556602">
        <ele>115.0</ele>
      </trkpt>
      <trkpt lat="45.5602" lon="10.556733">
        <ele>115.0</ele>
      </trkpt>
      <trkpt lat="45.560171" lon="10.556866">
        <ele>114.0</ele>
      </trkpt>
      <trkpt lat="45.56014" lon="10.556992">
        <ele>114.0</ele>
      </trkpt>
      <trkpt lat="45.560102" lon="10.557125">
        <ele>114.0</ele>
      </trkpt>
      <trkpt lat="45.560076" lon="10.55726">
        <ele>113.0</ele>
      </trkpt>
      <trkpt lat="45.560045" lon="10.557411">
        <ele>113.0</ele>
      </trkpt>
      <trkpt lat="45.560038" lon="10.557542">
        <ele>112.0</ele>
      </trkpt>
      <trkpt lat="45.560028" lon="10.557675">
        <ele>112.0</ele>
      </trkpt>
      <trkpt lat="45.560019" lon="10.557814">
        <ele>112.0</ele>
      </trkpt>
      <trkpt lat="45.559993" lon="10.557961">
        <ele>112.0</ele>
      </trkpt>
      <trkpt lat="45.559981" lon="10.558108">
        <ele>112.0</ele>
      </trkpt>
      <trkpt lat="45.559949" lon="10.558243">
        <ele>113.0</ele>
      </trkpt>
      <trkpt lat="45.559901" lon="10.558352">
        <ele>113.0</ele>
      </trkpt>
      <trkpt lat="45.559886" lon="10.558482">
        <ele>113.0</ele>
      </trkpt>
      <trkpt lat="45.559943" lon="10.558595">
        <ele>112.0</ele>
      </trkpt>
      <trkpt lat="45.55987" lon="10.558677">
        <ele>112.0</ele>
      </trkpt>
      <trkpt lat="45.559821" lon="10.55879">
        <ele>112.0</ele>
      </trkpt>
      <trkpt lat="45.559756" lon="10.558898">
        <ele>112.0</ele>
      </trkpt>
      <trkpt lat="45.559689" lon="10.558989">
        <ele>112.0</ele>
      </trkpt>
      <trkpt lat="45.559631" lon="10.559093">
        <ele>112.0</ele>
      </trkpt>
      <trkpt lat="45.55957" lon="10.559204">
        <ele>112.0</ele>
      </trkpt>
      <trkpt lat="45.559544" lon="10.559342">
        <ele>113.0</ele>
      </trkpt>
      <trkpt lat="45.559469" lon="10.559446">
        <ele>113.0</ele>
      </trkpt>
      <trkpt lat="45.559417" lon="10.559556">
        <ele>113.0</ele>
      </trkpt>
      <trkpt lat="45.559337" lon="10.559655">
        <ele>112.0</ele>
      </trkpt>
      <trkpt lat="45.5593" lon="10.559796">
        <ele>112.0</ele>
      </trkpt>
      <trkpt lat="45.559246" lon="10.559932">
        <ele>111.0</ele>
      </trkpt>
      <trkpt lat="45.559191" lon="10.560039">
        <ele>111.0</ele>
      </trkpt>
      <trkpt lat="45.559126" lon="10.56014">
        <ele>111.0</ele>
      </trkpt>
      <trkpt lat="45.559088" lon="10.560265">
        <ele>112.0</ele>
      </trkpt>
      <trkpt lat="45.559013" lon="10.560356">
        <ele>112.0</ele>
      </trkpt>
      <trkpt lat="45.558924" lon="10.560478">
        <ele>112.0</ele>
      </trkpt>
      <trkpt lat="45.558835" lon="10.560565">
        <ele>112.0</ele>
      </trkpt>
      <trkpt lat="45.55874" lon="10.56059">
        <ele>112.0</ele>
      </trkpt>
      <trkpt lat="45.558649" lon="10.560593">
        <ele>112.0</ele>
      </trkpt>
      <trkpt lat="45.558587" lon="10.560689">
        <ele>112.0</ele>
      </trkpt>
      <trkpt lat="45.55849" lon="10.560729">
        <ele>113.0</ele>
      </trkpt>
      <trkpt lat="45.558403" lon="10.560786">
        <ele>113.0</ele>
      </trkpt>
      <trkpt lat="45.558294" lon="10.560786">
        <ele>113.0</ele>
      </trkpt>
      <trkpt lat="45.558196" lon="10.560801">
        <ele>114.0</ele>
      </trkpt>
      <trkpt lat="45.558103" lon="10.560795">
        <ele>114.0</ele>
      </trkpt>
      <trkpt lat="45.558008" lon="10.560798">
        <ele>116.0</ele>
      </trkpt>
      <trkpt lat="45.557928" lon="10.560857">
        <ele>116.0</ele>
      </trkpt>
      <trkpt lat="45.557851" lon="10.560947">
        <ele>117.0</ele>
      </trkpt>
      <trkpt lat="45.557795" lon="10.561073">
        <ele>118.0</ele>
      </trkpt>
      <trkpt lat="45.557744" lon="10.561179">
        <ele>118.0</ele>
      </trkpt>
      <trkpt lat="45.557693" lon="10.561292">
        <ele>119.0</ele>
      </trkpt>
      <trkpt lat="45.55762" lon="10.561381">
        <ele>119.0</ele>
      </trkpt>
      <trkpt lat="45.557539" lon="10.56146">
        <ele>120.0</ele>
      </trkpt>
      <trkpt lat="45.557441" lon="10.561475">
        <ele>121.0</ele>
      </trkpt>
      <trkpt lat="45.557399" lon="10.5616">
        <ele>122.0</ele>
      </trkpt>
      <trkpt lat="45.557321" lon="10.561673">
        <ele>123.0</ele>
      </trkpt>
      <trkpt lat="45.557227" lon="10.561719">
        <ele>123.0</ele>
      </trkpt>
      <trkpt lat="45.557129" lon="10.561751">
        <ele>124.0</ele>
      </trkpt>
      <trkpt lat="45.557031" lon="10.561775">
        <ele>125.0</ele>
      </trkpt>
      <trkpt lat="45.556945" lon="10.56184">
        <ele>126.0</ele>
      </trkpt>
      <trkpt lat="45.556873" lon="10.56192">
        <ele>127.0</ele>
      </trkpt>
      <trkpt lat="45.556789" lon="10.561976">
        <ele>127.0</ele>
      </trkpt>
      <trkpt lat="45.556715" lon="10.56206">
        <ele>127.0</ele>
      </trkpt>
      <trkpt lat="45.556646" lon="10.562154">
        <ele>127.0</ele>
      </trkpt>
      <trkpt lat="45.556591" lon="10.562271">
        <ele>128.0</ele>
      </trkpt>
      <trkpt lat="45.556525" lon="10.562382">
        <ele>129.0</ele>
      </trkpt>
      <trkpt lat="45.556439" lon="10.562455">
        <ele>131.0</ele>
      </trkpt>
      <trkpt lat="45.556401" lon="10.562595">
        <ele>134.0</ele>
      </trkpt>
      <trkpt lat="45.556313" lon="10.562684">
        <ele>135.0</ele>
      </trkpt>
      <trkpt lat="45.556233" lon="10.562774">
        <ele>136.0</ele>
      </trkpt>
      <trkpt lat="45.556141" lon="10.562836">
        <ele>137.0</ele>
      </trkpt>
      <trkpt lat="45.556067" lon="10.562916">
        <ele>138.0</ele>
      </trkpt>
      <trkpt lat="45.555998" lon="10.56301">
        <ele>138.0</ele>
      </trkpt>
      <trkpt lat="45.555843" lon="10.563169">
        <ele>141.0</ele>
      </trkpt>
      <trkpt lat="45.555777" lon="10.563269">
        <ele>142.0</ele>
      </trkpt>
      <trkpt lat="45.555722" lon="10.563375">
        <ele>143.0</ele>
      </trkpt>
      <trkpt lat="45.555646" lon="10.563461">
        <ele>144.0</ele>
      </trkpt>
      <trkpt lat="45.555587" lon="10.563559">
        <ele>145.0</ele>
      </trkpt>
      <trkpt lat="45.555516" lon="10.563639">
        <ele>146.0</ele>
      </trkpt>
      <trkpt lat="45.555446" lon="10.563725">
        <ele>147.0</ele>
      </trkpt>
      <trkpt lat="45.555377" lon="10.563825">
        <ele>147.0</ele>
      </trkpt>
      <trkpt lat="45.555317" lon="10.563945">
        <ele>148.0</ele>
      </trkpt>
      <trkpt lat="45.555265" lon="10.564071">
        <ele>149.0</ele>
      </trkpt>
      <trkpt lat="45.555218" lon="10.564194">
        <ele>151.0</ele>
      </trkpt>
      <trkpt lat="45.55518" lon="10.564329">
        <ele>151.0</ele>
      </trkpt>
      <trkpt lat="45.55518" lon="10.56447">
        <ele>152.0</ele>
      </trkpt>
      <trkpt lat="45.555188" lon="10.564606">
        <ele>153.0</ele>
      </trkpt>
      <trkpt lat="45.555134" lon="10.564731">
        <ele>154.0</ele>
      </trkpt>
      <trkpt lat="45.55508" lon="10.564861">
        <ele>155.0</ele>
      </trkpt>
      <trkpt lat="45.555032" lon="10.564977">
        <ele>156.0</ele>
      </trkpt>
      <trkpt lat="45.55499" lon="10.56512">
        <ele>158.0</ele>
      </trkpt>
      <trkpt lat="45.554973" lon="10.565248">
        <ele>159.0</ele>
      </trkpt>
      <trkpt lat="45.554948" lon="10.565387">
        <ele>160.0</ele>
      </trkpt>
      <trkpt lat="45.554938" lon="10.565518">
        <ele>161.0</ele>
      </trkpt>
      <trkpt lat="45.554942" lon="10.56565">
        <ele>163.0</ele>
      </trkpt>
      <trkpt lat="45.554933" lon="10.565783">
        <ele>164.0</ele>
      </trkpt>
      <trkpt lat="45.5549" lon="10.565929">
        <ele>165.0</ele>
      </trkpt>
      <trkpt lat="45.554843" lon="10.56605">
        <ele>166.0</ele>
      </trkpt>
      <trkpt lat="45.554742" lon="10.566192">
        <ele>173.0</ele>
      </trkpt>
      <trkpt lat="45.554753" lon="10.566326">
        <ele>173.0</ele>
      </trkpt>
      <trkpt lat="45.554799" lon="10.566446">
        <ele>173.0</ele>
      </trkpt>
      <trkpt lat="45.554859" lon="10.566554">
        <ele>173.0</ele>
      </trkpt>
      <trkpt lat="45.554922" lon="10.566664">
        <ele>174.0</ele>
      </trkpt>
      <trkpt lat="45.554995" lon="10.56676">
        <ele>175.0</ele>
      </trkpt>
      <trkpt lat="45.555071" lon="10.566851">
        <ele>175.0</ele>
      </trkpt>
      <trkpt lat="45.555142" lon="10.566943">
        <ele>176.0</ele>
      </trkpt>
      <trkpt lat="45.555292" lon="10.567087">
        <ele>178.0</ele>
      </trkpt>
      <trkpt lat="45.555361" lon="10.567177">
        <ele>179.0</ele>
      </trkpt>
      <trkpt lat="45.555454" lon="10.567238">
        <ele>179.0</ele>
      </trkpt>
      <trkpt lat="45.555543" lon="10.567287">
        <ele>179.0</ele>
      </trkpt>
      <trkpt lat="45.555626" lon="10.567359">
        <ele>179.0</ele>
      </trkpt>
      <trkpt lat="45.555711" lon="10.567413">
        <ele>179.0</ele>
      </trkpt>
      <trkpt lat="45.555796" lon="10.567473">
        <ele>179.0</ele>
      </trkpt>
      <trkpt lat="45.55587" lon="10.567552">
        <ele>179.0</ele>
      </trkpt>
      <trkpt lat="45.555926" lon="10.567677">
        <ele>180.0</ele>
      </trkpt>
      <trkpt lat="45.555974" lon="10.567792">
        <ele>180.0</ele>
      </trkpt>
      <trkpt lat="45.556044" lon="10.567887">
        <ele>181.0</ele>
      </trkpt>
      <trkpt lat="45.556092" lon="10.568001">
        <ele>181.0</ele>
      </trkpt>
      <trkpt lat="45.556152" lon="10.568119">
        <ele>182.0</ele>
      </trkpt>
      <trkpt lat="45.556211" lon="10.568221">
        <ele>183.0</ele>
      </trkpt>
      <trkpt lat="45.556231" lon="10.568371">
        <ele>183.0</ele>
      </trkpt>
      <trkpt lat="45.556269" lon="10.568499">
        <ele>184.0</ele>
      </trkpt>
      <trkpt lat="45.55634" lon="10.568604">
        <ele>185.0</ele>
      </trkpt>
      <trkpt lat="45.556404" lon="10.568703">
        <ele>189.0</ele>
      </trkpt>
      <trkpt lat="45.55648" lon="10.568773">
        <ele>189.0</ele>
      </trkpt>
      <trkpt lat="45.55653" lon="10.568885">
        <ele>190.0</ele>
      </trkpt>
      <trkpt lat="45.55647" lon="10.568981">
        <ele>191.0</ele>
      </trkpt>
      <trkpt lat="45.556437" lon="10.569105">
        <ele>195.0</ele>
      </trkpt>
      <trkpt lat="45.556478" lon="10.569222">
        <ele>196.0</ele>
      </trkpt>
      <trkpt lat="45.556548" lon="10.569307">
        <ele>197.0</ele>
      </trkpt>
      <trkpt lat="45.55663" lon="10.569361">
        <ele>198.0</ele>
      </trkpt>
      <trkpt lat="45.556718" lon="10.569408">
        <ele>199.0</ele>
      </trkpt>
      <trkpt lat="45.556803" lon="10.569502">
        <ele>200.0</ele>
      </trkpt>
      <trkpt lat="45.556857" lon="10.569616">
        <ele>201.0</ele>
      </trkpt>
      <trkpt lat="45.556987" lon="10.569777">
        <ele>205.0</ele>
      </trkpt>
      <trkpt lat="45.557055" lon="10.569885">
        <ele>207.0</ele>
      </trkpt>
      <trkpt lat="45.556966" lon="10.569854">
        <ele>206.0</ele>
      </trkpt>
      <trkpt lat="45.556828" lon="10.569867">
        <ele>206.0</ele>
      </trkpt>
      <trkpt lat="45.556725" lon="10.5699">
        <ele>206.0</ele>
      </trkpt>
      <trkpt lat="45.55663" lon="10.569903">
        <ele>206.0</ele>
      </trkpt>
      <trkpt lat="45.556528" lon="10.569974">
        <ele>208.0</ele>
      </trkpt>
      <trkpt lat="45.55656" lon="10.570098">
        <ele>210.0</ele>
      </trkpt>
      <trkpt lat="45.556638" lon="10.570189">
        <ele>214.0</ele>
      </trkpt>
      <trkpt lat="45.556723" lon="10.570249">
        <ele>215.0</ele>
      </trkpt>
      <trkpt lat="45.556802" lon="10.57032">
        <ele>217.0</ele>
      </trkpt>
      <trkpt lat="45.556893" lon="10.570372">
        <ele>218.0</ele>
      </trkpt>
      <trkpt lat="45.556959" lon="10.570471">
        <ele>220.0</ele>
      </trkpt>
      <trkpt lat="45.556974" lon="10.570603">
        <ele>224.0</ele>
      </trkpt>
      <trkpt lat="45.557047" lon="10.570708">
        <ele>225.0</ele>
      </trkpt>
      <trkpt lat="45.557119" lon="10.570804">
        <ele>227.0</ele>
      </trkpt>
      <trkpt lat="45.557206" lon="10.570875">
        <ele>228.0</ele>
      </trkpt>
      <trkpt lat="45.557304" lon="10.570835">
        <ele>229.0</ele>
      </trkpt>
      <trkpt lat="45.557401" lon="10.570964">
        <ele>230.0</ele>
      </trkpt>
      <trkpt lat="45.557459" lon="10.571076">
        <ele>231.0</ele>
      </trkpt>
      <trkpt lat="45.557475" lon="10.571205">
        <ele>232.0</ele>
      </trkpt>
      <trkpt lat="45.557459" lon="10.571335">
        <ele>236.0</ele>
      </trkpt>
      <trkpt lat="45.55737" lon="10.571447">
        <ele>237.0</ele>
      </trkpt>
      <trkpt lat="45.557318" lon="10.571586">
        <ele>240.0</ele>
      </trkpt>
      <trkpt lat="45.557334" lon="10.571722">
        <ele>242.0</ele>
      </trkpt>
      <trkpt lat="45.557356" lon="10.571851">
        <ele>244.0</ele>
      </trkpt>
      <trkpt lat="45.557429" lon="10.571937">
        <ele>246.0</ele>
      </trkpt>
      <trkpt lat="45.557508" lon="10.572024">
        <ele>248.0</ele>
      </trkpt>
      <trkpt lat="45.557588" lon="10.572089">
        <ele>251.0</ele>
      </trkpt>
      <trkpt lat="45.557661" lon="10.572168">
        <ele>255.0</ele>
      </trkpt>
      <trkpt lat="45.557568" lon="10.572076">
        <ele>260.0</ele>
      </trkpt>
      <trkpt lat="45.557562" lon="10.572278">
        <ele>259.0</ele>
      </trkpt>
      <trkpt lat="45.557657" lon="10.572347">
        <ele>261.0</ele>
      </trkpt>
      <trkpt lat="45.557756" lon="10.572335">
        <ele>261.0</ele>
      </trkpt>
      <trkpt lat="45.557845" lon="10.572306">
        <ele>261.0</ele>
      </trkpt>
      <trkpt lat="45.557867" lon="10.572432">
        <ele>261.0</ele>
      </trkpt>
      <trkpt lat="45.557845" lon="10.572569">
        <ele>253.0</ele>
      </trkpt>
      <trkpt lat="45.557871" lon="10.572702">
        <ele>249.0</ele>
      </trkpt>
      <trkpt lat="45.557841" lon="10.57283">
        <ele>243.0</ele>
      </trkpt>
      <trkpt lat="45.557913" lon="10.572968">
        <ele>238.0</ele>
      </trkpt>
      <trkpt lat="45.557952" lon="10.573085">
        <ele>236.0</ele>
      </trkpt>
      <trkpt lat="45.558021" lon="10.572991">
        <ele>223.0</ele>
      </trkpt>
      <trkpt lat="45.558087" lon="10.572892">
        <ele>220.0</ele>
      </trkpt>
      <trkpt lat="45.558176" lon="10.572932">
        <ele>217.0</ele>
      </trkpt>
      <trkpt lat="45.558159" lon="10.573086">
        <ele>214.0</ele>
      </trkpt>
      <trkpt lat="45.558079" lon="10.573216">
        <ele>211.0</ele>
      </trkpt>
      <trkpt lat="45.557982" lon="10.573222">
        <ele>210.0</ele>
      </trkpt>
      <trkpt lat="45.557893" lon="10.573191">
        <ele>207.0</ele>
      </trkpt>
      <trkpt lat="45.557812" lon="10.573127">
        <ele>206.0</ele>
      </trkpt>
      <trkpt lat="45.557727" lon="10.573171">
        <ele>205.0</ele>
      </trkpt>
      <trkpt lat="45.557659" lon="10.573261">
        <ele>202.0</ele>
      </trkpt>
      <trkpt lat="45.557703" lon="10.57338">
        <ele>197.0</ele>
      </trkpt>
      <trkpt lat="45.557644" lon="10.57348">
        <ele>194.0</ele>
      </trkpt>
      <trkpt lat="45.557598" lon="10.573596">
        <ele>189.0</ele>
      </trkpt>
      <trkpt lat="45.557547" lon="10.573737">
        <ele>186.0</ele>
      </trkpt>
      <trkpt lat="45.557523" lon="10.573878">
        <ele>184.0</ele>
      </trkpt>
      <trkpt lat="45.557519" lon="10.574016">
        <ele>178.0</ele>
      </trkpt>
      <trkpt lat="45.557507" lon="10.574144">
        <ele>177.0</ele>
      </trkpt>
      <trkpt lat="45.557571" lon="10.574254">
        <ele>177.0</ele>
      </trkpt>
      <trkpt lat="45.557497" lon="10.574343">
        <ele>176.0</ele>
      </trkpt>
      <trkpt lat="45.557494" lon="10.574489">
        <ele>175.0</ele>
      </trkpt>
      <trkpt lat="45.55757" lon="10.574563">
        <ele>175.0</ele>
      </trkpt>
      <trkpt lat="45.557654" lon="10.574618">
        <ele>175.0</ele>
      </trkpt>
      <trkpt lat="45.557682" lon="10.574792">
        <ele>175.0</ele>
      </trkpt>
      <trkpt lat="45.557724" lon="10.574917">
        <ele>175.0</ele>
      </trkpt>
      <trkpt lat="45.557803" lon="10.575003">
        <ele>175.0</ele>
      </trkpt>
      <trkpt lat="45.557815" lon="10.57514">
        <ele>175.0</ele>
      </trkpt>
      <trkpt lat="45.557878" lon="10.575248">
        <ele>176.0</ele>
      </trkpt>
      <trkpt lat="45.55795" lon="10.575339">
        <ele>177.0</ele>
      </trkpt>
      <trkpt lat="45.558046" lon="10.575357">
        <ele>179.0</ele>
      </trkpt>
      <trkpt lat="45.558128" lon="10.575427">
        <ele>180.0</ele>
      </trkpt>
      <trkpt lat="45.558167" lon="10.575552">
        <ele>181.0</ele>
      </trkpt>
      <trkpt lat="45.558209" lon="10.575667">
        <ele>182.0</ele>
      </trkpt>
      <trkpt lat="45.558213" lon="10.575797">
        <ele>183.0</ele>
      </trkpt>
      <trkpt lat="45.558274" lon="10.575893">
        <ele>185.0</ele>
      </trkpt>
      <trkpt lat="45.558333" lon="10.576009">
        <ele>187.0</ele>
      </trkpt>
      <trkpt lat="45.558355" lon="10.576143">
        <ele>188.0</ele>
      </trkpt>
      <trkpt lat="45.558424" lon="10.576267">
        <ele>189.0</ele>
      </trkpt>
      <trkpt lat="45.558498" lon="10.576351">
        <ele>191.0</ele>
      </trkpt>
      <trkpt lat="45.55856" lon="10.576452">
        <ele>193.0</ele>
      </trkpt>
      <trkpt lat="45.558437" lon="10.576471">
        <ele>202.0</ele>
      </trkpt>
      <trkpt lat="45.558342" lon="10.576499">
        <ele>202.0</ele>
      </trkpt>
      <trkpt lat="45.558249" lon="10.576506">
        <ele>202.0</ele>
      </trkpt>
      <trkpt lat="45.558158" lon="10.576498">
        <ele>200.0</ele>
      </trkpt>
      <trkpt lat="45.558017" lon="10.576544">
        <ele>200.0</ele>
      </trkpt>
      <trkpt lat="45.557928" lon="10.576588">
        <ele>198.0</ele>
      </trkpt>
      <trkpt lat="45.557845" lon="10.576638">
        <ele>196.0</ele>
      </trkpt>
      <trkpt lat="45.557805" lon="10.576765">
        <ele>195.0</ele>
      </trkpt>
      <trkpt lat="45.557726" lon="10.576851">
        <ele>195.0</ele>
      </trkpt>
      <trkpt lat="45.557643" lon="10.576915">
        <ele>193.0</ele>
      </trkpt>
      <trkpt lat="45.557552" lon="10.577018">
        <ele>193.0</ele>
      </trkpt>
      <trkpt lat="45.557455" lon="10.577099">
        <ele>192.0</ele>
      </trkpt>
      <trkpt lat="45.557425" lon="10.57723">
        <ele>191.0</ele>
      </trkpt>
      <trkpt lat="45.557331" lon="10.577255">
        <ele>191.0</ele>
      </trkpt>
      <trkpt lat="45.557253" lon="10.577354">
        <ele>190.0</ele>
      </trkpt>
      <trkpt lat="45.557177" lon="10.577485">
        <ele>189.0</ele>
      </trkpt>
      <trkpt lat="45.557085" lon="10.577575">
        <ele>188.0</ele>
      </trkpt>
      <trkpt lat="45.556996" lon="10.577612">
        <ele>187.0</ele>
      </trkpt>
      <trkpt lat="45.556877" lon="10.57762">
        <ele>184.0</ele>
      </trkpt>
      <trkpt lat="45.556761" lon="10.577658">
        <ele>184.0</ele>
      </trkpt>
      <trkpt lat="45.556672" lon="10.577703">
        <ele>182.0</ele>
      </trkpt>
      <trkpt lat="45.556595" lon="10.577774">
        <ele>181.0</ele>
      </trkpt>
      <trkpt lat="45.55651" lon="10.5777">
        <ele>180.0</ele>
      </trkpt>
      <trkpt lat="45.556412" lon="10.577718">
        <ele>180.0</ele>
      </trkpt>
      <trkpt lat="45.556319" lon="10.577707">
        <ele>179.0</ele>
      </trkpt>
      <trkpt lat="45.556222" lon="10.577665">
        <ele>176.0</ele>
      </trkpt>
      <trkpt lat="45.55613" lon="10.577736">
        <ele>174.0</ele>
      </trkpt>
      <trkpt lat="45.556034" lon="10.577704">
        <ele>173.0</ele>
      </trkpt>
      <trkpt lat="45.555926" lon="10.577711">
        <ele>172.0</ele>
      </trkpt>
      <trkpt lat="45.555842" lon="10.577765">
        <ele>171.0</ele>
      </trkpt>
      <trkpt lat="45.555798" lon="10.57789">
        <ele>171.0</ele>
      </trkpt>
      <trkpt lat="45.555707" lon="10.577864">
        <ele>171.0</ele>
      </trkpt>
      <trkpt lat="45.55563" lon="10.577768">
        <ele>172.0</ele>
      </trkpt>
      <trkpt lat="45.555542" lon="10.577718">
        <ele>172.0</ele>
      </trkpt>
      <trkpt lat="45.555447" lon="10.577745">
        <ele>172.0</ele>
      </trkpt>
      <trkpt lat="45.555357" lon="10.577715">
        <ele>171.0</ele>
      </trkpt>
      <trkpt lat="45.555262" lon="10.57767">
        <ele>171.0</ele>
      </trkpt>
      <trkpt lat="45.555164" lon="10.577653">
        <ele>170.0</ele>
      </trkpt>
      <trkpt lat="45.555057" lon="10.57765">
        <ele>171.0</ele>
      </trkpt>
      <trkpt lat="45.554965" lon="10.577638">
        <ele>172.0</ele>
      </trkpt>
      <trkpt lat="45.554889" lon="10.577736">
        <ele>176.0</ele>
      </trkpt>
      <trkpt lat="45.554784" lon="10.577747">
        <ele>177.0</ele>
      </trkpt>
      <trkpt lat="45.554688" lon="10.577753">
        <ele>177.0</ele>
      </trkpt>
      <trkpt lat="45.554598" lon="10.577744">
        <ele>178.0</ele>
      </trkpt>
      <trkpt lat="45.554508" lon="10.577654">
        <ele>181.0</ele>
      </trkpt>
      <trkpt lat="45.554417" lon="10.577593">
        <ele>184.0</ele>
      </trkpt>
      <trkpt lat="45.554318" lon="10.577621">
        <ele>185.0</ele>
      </trkpt>
      <trkpt lat="45.554226" lon="10.577587">
        <ele>188.0</ele>
      </trkpt>
      <trkpt lat="45.55407" lon="10.577456">
        <ele>190.0</ele>
      </trkpt>
      <trkpt lat="45.553986" lon="10.577403">
        <ele>190.0</ele>
      </trkpt>
      <trkpt lat="45.553903" lon="10.577456">
        <ele>189.0</ele>
      </trkpt>
      <trkpt lat="45.553889" lon="10.57759">
        <ele>189.0</ele>
      </trkpt>
      <trkpt lat="45.553752" lon="10.577576">
        <ele>188.0</ele>
      </trkpt>
      <trkpt lat="45.553676" lon="10.577667">
        <ele>187.0</ele>
      </trkpt>
      <trkpt lat="45.553578" lon="10.577688">
        <ele>187.0</ele>
      </trkpt>
      <trkpt lat="45.553503" lon="10.577613">
        <ele>187.0</ele>
      </trkpt>
      <trkpt lat="45.553409" lon="10.577542">
        <ele>186.0</ele>
      </trkpt>
      <trkpt lat="45.553329" lon="10.577611">
        <ele>184.0</ele>
      </trkpt>
      <trkpt lat="45.55325" lon="10.577674">
        <ele>183.0</ele>
      </trkpt>
      <trkpt lat="45.5532" lon="10.577496">
        <ele>183.0</ele>
      </trkpt>
      <trkpt lat="45.553107" lon="10.577491">
        <ele>183.0</ele>
      </trkpt>
      <trkpt lat="45.553006" lon="10.577505">
        <ele>183.0</ele>
      </trkpt>
      <trkpt lat="45.55291" lon="10.577455">
        <ele>183.0</ele>
      </trkpt>
      <trkpt lat="45.552815" lon="10.577428">
        <ele>183.0</ele>
      </trkpt>
      <trkpt lat="45.552706" lon="10.577431">
        <ele>180.0</ele>
      </trkpt>
      <trkpt lat="45.552621" lon="10.577367">
        <ele>179.0</ele>
      </trkpt>
      <trkpt lat="45.552548" lon="10.577282">
        <ele>174.0</ele>
      </trkpt>
      <trkpt lat="45.552469" lon="10.577219">
        <ele>173.0</ele>
      </trkpt>
      <trkpt lat="45.552388" lon="10.577157">
        <ele>171.0</ele>
      </trkpt>
      <trkpt lat="45.552308" lon="10.577076">
        <ele>170.0</ele>
      </trkpt>
      <trkpt lat="45.552215" lon="10.577039">
        <ele>168.0</ele>
      </trkpt>
      <trkpt lat="45.552124" lon="10.576971">
        <ele>168.0</ele>
      </trkpt>
      <trkpt lat="45.552033" lon="10.576955">
        <ele>166.0</ele>
      </trkpt>
      <trkpt lat="45.551947" lon="10.5769">
        <ele>165.0</ele>
      </trkpt>
      <trkpt lat="45.551859" lon="10.576833">
        <ele>165.0</ele>
      </trkpt>
      <trkpt lat="45.551764" lon="10.576816">
        <ele>164.0</ele>
      </trkpt>
      <trkpt lat="45.551678" lon="10.576762">
        <ele>164.0</ele>
      </trkpt>
      <trkpt lat="45.551589" lon="10.576733">
        <ele>164.0</ele>
      </trkpt>
      <trkpt lat="45.551511" lon="10.576649">
        <ele>164.0</ele>
      </trkpt>
      <trkpt lat="45.551417" lon="10.576623">
        <ele>164.0</ele>
      </trkpt>
      <trkpt lat="45.551326" lon="10.576609">
        <ele>164.0</ele>
      </trkpt>
      <trkpt lat="45.551228" lon="10.576593">
        <ele>164.0</ele>
      </trkpt>
      <trkpt lat="45.551147" lon="10.576517">
        <ele>163.0</ele>
      </trkpt>
      <trkpt lat="45.551059" lon="10.576447">
        <ele>163.0</ele>
      </trkpt>
      <trkpt lat="45.550962" lon="10.576381">
        <ele>163.0</ele>
      </trkpt>
      <trkpt lat="45.550867" lon="10.576318">
        <ele>164.0</ele>
      </trkpt>
      <trkpt lat="45.550786" lon="10.576245">
        <ele>164.0</ele>
      </trkpt>
      <trkpt lat="45.550686" lon="10.576221">
        <ele>164.0</ele>
      </trkpt>
      <trkpt lat="45.550536" lon="10.576076">
        <ele>160.0</ele>
      </trkpt>
      <trkpt lat="45.550498" lon="10.575953">
        <ele>160.0</ele>
      </trkpt>
      <trkpt lat="45.55041" lon="10.575905">
        <ele>160.0</ele>
      </trkpt>
      <trkpt lat="45.5503" lon="10.575905">
        <ele>158.0</ele>
      </trkpt>
      <trkpt lat="45.55024" lon="10.575802">
        <ele>158.0</ele>
      </trkpt>
      <trkpt lat="45.550176" lon="10.575654">
        <ele>158.0</ele>
      </trkpt>
      <trkpt lat="45.55012" lon="10.575534">
        <ele>159.0</ele>
      </trkpt>
      <trkpt lat="45.55003" lon="10.575473">
        <ele>160.0</ele>
      </trkpt>
      <trkpt lat="45.549944" lon="10.575409">
        <ele>160.0</ele>
      </trkpt>
      <trkpt lat="45.549884" lon="10.575306">
        <ele>160.0</ele>
      </trkpt>
      <trkpt lat="45.549801" lon="10.575238">
        <ele>159.0</ele>
      </trkpt>
      <trkpt lat="45.549723" lon="10.575158">
        <ele>159.0</ele>
      </trkpt>
      <trkpt lat="45.549682" lon="10.575041">
        <ele>160.0</ele>
      </trkpt>
      <trkpt lat="45.549599" lon="10.574947">
        <ele>161.0</ele>
      </trkpt>
      <trkpt lat="45.549499" lon="10.574733">
        <ele>161.0</ele>
      </trkpt>
      <trkpt lat="45.549404" lon="10.574626">
        <ele>160.0</ele>
      </trkpt>
      <trkpt lat="45.549349" lon="10.574518">
        <ele>160.0</ele>
      </trkpt>
      <trkpt lat="45.549264" lon="10.574411">
        <ele>161.0</ele>
      </trkpt>
      <trkpt lat="45.549208" lon="10.574303">
        <ele>162.0</ele>
      </trkpt>
      <trkpt lat="45.549129" lon="10.574226">
        <ele>162.0</ele>
      </trkpt>
      <trkpt lat="45.549074" lon="10.574124">
        <ele>163.0</ele>
      </trkpt>
      <trkpt lat="45.549014" lon="10.574012">
        <ele>163.0</ele>
      </trkpt>
      <trkpt lat="45.548936" lon="10.573924">
        <ele>163.0</ele>
      </trkpt>
      <trkpt lat="45.548862" lon="10.573838">
        <ele>163.0</ele>
      </trkpt>
      <trkpt lat="45.548778" lon="10.573751">
        <ele>163.0</ele>
      </trkpt>
      <trkpt lat="45.548729" lon="10.573633">
        <ele>163.0</ele>
      </trkpt>
      <trkpt lat="45.548684" lon="10.573521">
        <ele>163.0</ele>
      </trkpt>
      <trkpt lat="45.548625" lon="10.573398">
        <ele>163.0</ele>
      </trkpt>
      <trkpt lat="45.548535" lon="10.573305">
        <ele>163.0</ele>
      </trkpt>
      <trkpt lat="45.548474" lon="10.573194">
        <ele>163.0</ele>
      </trkpt>
      <trkpt lat="45.548415" lon="10.57308">
        <ele>162.0</ele>
      </trkpt>
      <trkpt lat="45.548334" lon="10.572971">
        <ele>163.0</ele>
      </trkpt>
      <trkpt lat="45.548291" lon="10.57285">
        <ele>162.0</ele>
      </trkpt>
      <trkpt lat="45.548236" lon="10.572736">
        <ele>162.0</ele>
      </trkpt>
      <trkpt lat="45.548161" lon="10.572619">
        <ele>162.0</ele>
      </trkpt>
      <trkpt lat="45.548135" lon="10.57247">
        <ele>162.0</ele>
      </trkpt>
      <trkpt lat="45.548063" lon="10.572367">
        <ele>162.0</ele>
      </trkpt>
      <trkpt lat="45.548009" lon="10.572256">
        <ele>162.0</ele>
      </trkpt>
      <trkpt lat="45.547935" lon="10.572176">
        <ele>162.0</ele>
      </trkpt>
      <trkpt lat="45.547864" lon="10.572074">
        <ele>162.0</ele>
      </trkpt>
      <trkpt lat="45.547775" lon="10.571943">
        <ele>161.0</ele>
      </trkpt>
      <trkpt lat="45.547736" lon="10.571819">
        <ele>160.0</ele>
      </trkpt>
      <trkpt lat="45.547677" lon="10.571709">
        <ele>160.0</ele>
      </trkpt>
      <trkpt lat="45.547614" lon="10.571604">
        <ele>160.0</ele>
      </trkpt>
      <trkpt lat="45.547555" lon="10.571499">
        <ele>159.0</ele>
      </trkpt>
      <trkpt lat="45.547505" lon="10.571368">
        <ele>158.0</ele>
      </trkpt>
      <trkpt lat="45.547454" lon="10.571253">
        <ele>157.0</ele>
      </trkpt>
      <trkpt lat="45.547403" lon="10.571143">
        <ele>156.0</ele>
      </trkpt>
      <trkpt lat="45.547338" lon="10.571042">
        <ele>156.0</ele>
      </trkpt>
      <trkpt lat="45.547281" lon="10.570931">
        <ele>155.0</ele>
      </trkpt>
      <trkpt lat="45.547218" lon="10.570837">
        <ele>154.0</ele>
      </trkpt>
      <trkpt lat="45.547136" lon="10.570779">
        <ele>154.0</ele>
      </trkpt>
      <trkpt lat="45.54706" lon="10.570673">
        <ele>153.0</ele>
      </trkpt>
      <trkpt lat="45.546993" lon="10.570582">
        <ele>152.0</ele>
      </trkpt>
      <trkpt lat="45.546929" lon="10.570482">
        <ele>152.0</ele>
      </trkpt>
      <trkpt lat="45.546856" lon="10.570402">
        <ele>152.0</ele>
      </trkpt>
      <trkpt lat="45.546784" lon="10.57032">
        <ele>151.0</ele>
      </trkpt>
      <trkpt lat="45.546747" lon="10.570185">
        <ele>149.0</ele>
      </trkpt>
      <trkpt lat="45.546668" lon="10.570113">
        <ele>148.0</ele>
      </trkpt>
      <trkpt lat="45.546615" lon="10.570004">
        <ele>147.0</ele>
      </trkpt>
      <trkpt lat="45.546558" lon="10.569879">
        <ele>146.0</ele>
      </trkpt>
      <trkpt lat="45.546491" lon="10.56978">
        <ele>146.0</ele>
      </trkpt>
      <trkpt lat="45.546437" lon="10.569673">
        <ele>146.0</ele>
      </trkpt>
      <trkpt lat="45.546373" lon="10.569547">
        <ele>144.0</ele>
      </trkpt>
      <trkpt lat="45.546317" lon="10.569445">
        <ele>144.0</ele>
      </trkpt>
      <trkpt lat="45.546286" lon="10.569318">
        <ele>142.0</ele>
      </trkpt>
      <trkpt lat="45.546181" lon="10.569248">
        <ele>141.0</ele>
      </trkpt>
      <trkpt lat="45.546098" lon="10.569198">
        <ele>140.0</ele>
      </trkpt>
      <trkpt lat="45.546016" lon="10.569135">
        <ele>139.0</ele>
      </trkpt>
      <trkpt lat="45.545952" lon="10.569028">
        <ele>137.0</ele>
      </trkpt>
      <trkpt lat="45.545928" lon="10.568884">
        <ele>136.0</ele>
      </trkpt>
      <trkpt lat="45.545914" lon="10.568745">
        <ele>133.0</ele>
      </trkpt>
      <trkpt lat="45.545881" lon="10.568599">
        <ele>131.0</ele>
      </trkpt>
      <trkpt lat="45.545784" lon="10.568365">
        <ele>129.0</ele>
      </trkpt>
      <trkpt lat="45.545719" lon="10.568239">
        <ele>128.0</ele>
      </trkpt>
      <trkpt lat="45.545656" lon="10.568142">
        <ele>126.0</ele>
      </trkpt>
      <trkpt lat="45.545596" lon="10.568039">
        <ele>126.0</ele>
      </trkpt>
      <trkpt lat="45.545511" lon="10.567988">
        <ele>123.0</ele>
      </trkpt>
      <trkpt lat="45.545498" lon="10.567857">
        <ele>119.0</ele>
      </trkpt>
      <trkpt lat="45.545457" lon="10.567726">
        <ele>118.0</ele>
      </trkpt>
      <trkpt lat="45.545414" lon="10.567609">
        <ele>119.0</ele>
      </trkpt>
      <trkpt lat="45.545361" lon="10.567487">
        <ele>119.0</ele>
      </trkpt>
      <trkpt lat="45.545306" lon="10.567371">
        <ele>120.0</ele>
      </trkpt>
      <trkpt lat="45.545205" lon="10.567383">
        <ele>119.0</ele>
      </trkpt>
      <trkpt lat="45.545105" lon="10.567392">
        <ele>118.0</ele>
      </trkpt>
      <trkpt lat="45.54505" lon="10.567271">
        <ele>117.0</ele>
      </trkpt>
      <trkpt lat="45.545012" lon="10.567154">
        <ele>117.0</ele>
      </trkpt>
      <trkpt lat="45.544929" lon="10.566915">
        <ele>118.0</ele>
      </trkpt>
      <trkpt lat="45.544895" lon="10.566781">
        <ele>117.0</ele>
      </trkpt>
      <trkpt lat="45.544815" lon="10.566546">
        <ele>117.0</ele>
      </trkpt>
      <trkpt lat="45.544746" lon="10.566449">
        <ele>117.0</ele>
      </trkpt>
      <trkpt lat="45.544716" lon="10.566321">
        <ele>117.0</ele>
      </trkpt>
      <trkpt lat="45.544675" lon="10.566202">
        <ele>117.0</ele>
      </trkpt>
      <trkpt lat="45.544666" lon="10.566062">
        <ele>116.0</ele>
      </trkpt>
      <trkpt lat="45.544634" lon="10.56594">
        <ele>116.0</ele>
      </trkpt>
      <trkpt lat="45.5446" lon="10.565809">
        <ele>115.0</ele>
      </trkpt>
      <trkpt lat="45.544595" lon="10.565659">
        <ele>114.0</ele>
      </trkpt>
      <trkpt lat="45.544549" lon="10.565393">
        <ele>115.0</ele>
      </trkpt>
      <trkpt lat="45.544545" lon="10.56526">
        <ele>116.0</ele>
      </trkpt>
      <trkpt lat="45.544505" lon="10.565119">
        <ele>116.0</ele>
      </trkpt>
      <trkpt lat="45.544475" lon="10.564987">
        <ele>117.0</ele>
      </trkpt>
      <trkpt lat="45.544455" lon="10.564845">
        <ele>118.0</ele>
      </trkpt>
      <trkpt lat="45.544404" lon="10.564721">
        <ele>118.0</ele>
      </trkpt>
      <trkpt lat="45.544387" lon="10.564589">
        <ele>119.0</ele>
      </trkpt>
      <trkpt lat="45.544384" lon="10.564442">
        <ele>120.0</ele>
      </trkpt>
      <trkpt lat="45.544361" lon="10.564299">
        <ele>121.0</ele>
      </trkpt>
      <trkpt lat="45.544312" lon="10.564177">
        <ele>121.0</ele>
      </trkpt>
      <trkpt lat="45.544314" lon="10.564042">
        <ele>121.0</ele>
      </trkpt>
      <trkpt lat="45.54429" lon="10.56391">
        <ele>122.0</ele>
      </trkpt>
      <trkpt lat="45.544275" lon="10.563778">
        <ele>123.0</ele>
      </trkpt>
      <trkpt lat="45.544248" lon="10.563655">
        <ele>124.0</ele>
      </trkpt>
      <trkpt lat="45.544223" lon="10.563525">
        <ele>125.0</ele>
      </trkpt>
      <trkpt lat="45.544209" lon="10.563396">
        <ele>126.0</ele>
      </trkpt>
      <trkpt lat="45.544169" lon="10.563111">
        <ele>128.0</ele>
      </trkpt>
      <trkpt lat="45.544247" lon="10.562909">
        <ele>130.0</ele>
      </trkpt>
      <trkpt lat="45.544334" lon="10.562852">
        <ele>130.0</ele>
      </trkpt>
      <trkpt lat="45.544378" lon="10.562738">
        <ele>134.0</ele>
      </trkpt>
      <trkpt lat="45.544446" lon="10.562652">
        <ele>135.0</ele>
      </trkpt>
      <trkpt lat="45.544505" lon="10.562551">
        <ele>136.0</ele>
      </trkpt>
      <trkpt lat="45.544588" lon="10.562495">
        <ele>137.0</ele>
      </trkpt>
      <trkpt lat="45.544674" lon="10.562437">
        <ele>139.0</ele>
      </trkpt>
      <trkpt lat="45.544764" lon="10.562478">
        <ele>139.0</ele>
      </trkpt>
      <trkpt lat="45.544869" lon="10.562493">
        <ele>141.0</ele>
      </trkpt>
      <trkpt lat="45.544957" lon="10.562454">
        <ele>141.0</ele>
      </trkpt>
      <trkpt lat="45.545003" lon="10.562335">
        <ele>142.0</ele>
      </trkpt>
      <trkpt lat="45.545069" lon="10.562236">
        <ele>142.0</ele>
      </trkpt>
      <trkpt lat="45.545153" lon="10.562156">
        <ele>144.0</ele>
      </trkpt>
      <trkpt lat="45.545216" lon="10.562048">
        <ele>145.0</ele>
      </trkpt>
      <trkpt lat="45.545288" lon="10.561956">
        <ele>147.0</ele>
      </trkpt>
      <trkpt lat="45.545373" lon="10.561908">
        <ele>148.0</ele>
      </trkpt>
      <trkpt lat="45.545457" lon="10.561851">
        <ele>150.0</ele>
      </trkpt>
      <trkpt lat="45.545547" lon="10.561777">
        <ele>151.0</ele>
      </trkpt>
      <trkpt lat="45.545621" lon="10.561691">
        <ele>153.0</ele>
      </trkpt>
      <trkpt lat="45.54567" lon="10.561569">
        <ele>153.0</ele>
      </trkpt>
      <trkpt lat="45.545738" lon="10.561481">
        <ele>155.0</ele>
      </trkpt>
      <trkpt lat="45.545801" lon="10.561388">
        <ele>156.0</ele>
      </trkpt>
      <trkpt lat="45.545869" lon="10.561291">
        <ele>157.0</ele>
      </trkpt>
      <trkpt lat="45.545962" lon="10.561229">
        <ele>158.0</ele>
      </trkpt>
      <trkpt lat="45.546044" lon="10.561174">
        <ele>159.0</ele>
      </trkpt>
      <trkpt lat="45.546149" lon="10.561179">
        <ele>159.0</ele>
      </trkpt>
      <trkpt lat="45.546245" lon="10.561117">
        <ele>159.0</ele>
      </trkpt>
      <trkpt lat="45.546328" lon="10.561047">
        <ele>159.0</ele>
      </trkpt>
      <trkpt lat="45.546396" lon="10.560962">
        <ele>159.0</ele>
      </trkpt>
      <trkpt lat="45.546473" lon="10.56087">
        <ele>158.0</ele>
      </trkpt>
      <trkpt lat="45.546509" lon="10.560746">
        <ele>157.0</ele>
      </trkpt>
      <trkpt lat="45.546577" lon="10.560644">
        <ele>157.0</ele>
      </trkpt>
      <trkpt lat="45.546629" lon="10.560532">
        <ele>158.0</ele>
      </trkpt>
      <trkpt lat="45.546622" lon="10.560384">
        <ele>161.0</ele>
      </trkpt>
      <trkpt lat="45.546539" lon="10.560305">
        <ele>162.0</ele>
      </trkpt>
      <trkpt lat="45.546456" lon="10.560211">
        <ele>162.0</ele>
      </trkpt>
      <trkpt lat="45.546397" lon="10.560089">
        <ele>163.0</ele>
      </trkpt>
      <trkpt lat="45.546341" lon="10.559982">
        <ele>163.0</ele>
      </trkpt>
      <trkpt lat="45.546282" lon="10.55987">
        <ele>163.0</ele>
      </trkpt>
      <trkpt lat="45.546225" lon="10.559747">
        <ele>164.0</ele>
      </trkpt>
      <trkpt lat="45.546148" lon="10.559656">
        <ele>164.0</ele>
      </trkpt>
      <trkpt lat="45.546087" lon="10.559551">
        <ele>165.0</ele>
      </trkpt>
      <trkpt lat="45.546036" lon="10.559442">
        <ele>165.0</ele>
      </trkpt>
      <trkpt lat="45.545992" lon="10.559326">
        <ele>165.0</ele>
      </trkpt>
      <trkpt lat="45.545906" lon="10.559243">
        <ele>165.0</ele>
      </trkpt>
      <trkpt lat="45.545819" lon="10.559197">
        <ele>165.0</ele>
      </trkpt>
      <trkpt lat="45.545701" lon="10.559229">
        <ele>165.0</ele>
      </trkpt>
      <trkpt lat="45.545596" lon="10.559164">
        <ele>165.0</ele>
      </trkpt>
      <trkpt lat="45.545504" lon="10.559126">
        <ele>166.0</ele>
      </trkpt>
      <trkpt lat="45.545408" lon="10.559087">
        <ele>166.0</ele>
      </trkpt>
      <trkpt lat="45.545304" lon="10.559074">
        <ele>166.0</ele>
      </trkpt>
      <trkpt lat="45.545213" lon="10.559107">
        <ele>166.0</ele>
      </trkpt>
      <trkpt lat="45.545131" lon="10.559179">
        <ele>165.0</ele>
      </trkpt>
      <trkpt lat="45.545037" lon="10.559234">
        <ele>165.0</ele>
      </trkpt>
      <trkpt lat="45.544935" lon="10.559283">
        <ele>165.0</ele>
      </trkpt>
      <trkpt lat="45.54482" lon="10.559333">
        <ele>164.0</ele>
      </trkpt>
      <trkpt lat="45.54473" lon="10.55937">
        <ele>164.0</ele>
      </trkpt>
      <trkpt lat="45.544621" lon="10.559405">
        <ele>164.0</ele>
      </trkpt>
      <trkpt lat="45.544527" lon="10.559439">
        <ele>163.0</ele>
      </trkpt>
      <trkpt lat="45.544438" lon="10.5595">
        <ele>162.0</ele>
      </trkpt>
      <trkpt lat="45.544357" lon="10.559564">
        <ele>162.0</ele>
      </trkpt>
      <trkpt lat="45.544291" lon="10.55967">
        <ele>161.0</ele>
      </trkpt>
      <trkpt lat="45.544198" lon="10.559745">
        <ele>161.0</ele>
      </trkpt>
      <trkpt lat="45.544122" lon="10.559847">
        <ele>160.0</ele>
      </trkpt>
      <trkpt lat="45.544042" lon="10.559958">
        <ele>159.0</ele>
      </trkpt>
      <trkpt lat="45.543974" lon="10.560047">
        <ele>159.0</ele>
      </trkpt>
      <trkpt lat="45.543906" lon="10.560148">
        <ele>159.0</ele>
      </trkpt>
      <trkpt lat="45.543848" lon="10.560254">
        <ele>159.0</ele>
      </trkpt>
      <trkpt lat="45.543801" lon="10.560368">
        <ele>159.0</ele>
      </trkpt>
      <trkpt lat="45.54373" lon="10.560474">
        <ele>158.0</ele>
      </trkpt>
      <trkpt lat="45.54365" lon="10.560549">
        <ele>158.0</ele>
      </trkpt>
      <trkpt lat="45.543542" lon="10.560581">
        <ele>158.0</ele>
      </trkpt>
      <trkpt lat="45.543451" lon="10.560575">
        <ele>159.0</ele>
      </trkpt>
      <trkpt lat="45.543353" lon="10.560571">
        <ele>159.0</ele>
      </trkpt>
      <trkpt lat="45.543228" lon="10.560542">
        <ele>159.0</ele>
      </trkpt>
      <trkpt lat="45.543148" lon="10.560473">
        <ele>159.0</ele>
      </trkpt>
      <trkpt lat="45.543074" lon="10.560392">
        <ele>159.0</ele>
      </trkpt>
      <trkpt lat="45.543004" lon="10.560301">
        <ele>158.0</ele>
      </trkpt>
      <trkpt lat="45.542929" lon="10.560222">
        <ele>157.0</ele>
      </trkpt>
      <trkpt lat="45.542884" lon="10.560081">
        <ele>156.0</ele>
      </trkpt>
      <trkpt lat="45.542816" lon="10.559992">
        <ele>155.0</ele>
      </trkpt>
      <trkpt lat="45.542756" lon="10.559886">
        <ele>155.0</ele>
      </trkpt>
      <trkpt lat="45.542709" lon="10.55976">
        <ele>154.0</ele>
      </trkpt>
      <trkpt lat="45.542651" lon="10.559647">
        <ele>154.0</ele>
      </trkpt>
      <trkpt lat="45.542579" lon="10.559559">
        <ele>153.0</ele>
      </trkpt>
      <trkpt lat="45.542524" lon="10.559448">
        <ele>153.0</ele>
      </trkpt>
      <trkpt lat="45.542453" lon="10.559354">
        <ele>152.0</ele>
      </trkpt>
      <trkpt lat="45.542368" lon="10.559283">
        <ele>152.0</ele>
      </trkpt>
      <trkpt lat="45.542274" lon="10.559217">
        <ele>151.0</ele>
      </trkpt>
      <trkpt lat="45.542281" lon="10.559078">
        <ele>149.0</ele>
      </trkpt>
      <trkpt lat="45.542267" lon="10.55894">
        <ele>148.0</ele>
      </trkpt>
      <trkpt lat="45.542242" lon="10.558799">
        <ele>148.0</ele>
      </trkpt>
      <trkpt lat="45.542212" lon="10.558677">
        <ele>147.0</ele>
      </trkpt>
      <trkpt lat="45.54214" lon="10.558369">
        <ele>144.0</ele>
      </trkpt>
      <trkpt lat="45.54204" lon="10.558163">
        <ele>143.0</ele>
      </trkpt>
      <trkpt lat="45.54198" lon="10.558062">
        <ele>143.0</ele>
      </trkpt>
      <trkpt lat="45.541911" lon="10.557952">
        <ele>142.0</ele>
      </trkpt>
      <trkpt lat="45.54187" lon="10.557837">
        <ele>142.0</ele>
      </trkpt>
      <trkpt lat="45.541815" lon="10.557724">
        <ele>142.0</ele>
      </trkpt>
      <trkpt lat="45.541726" lon="10.557667">
        <ele>143.0</ele>
      </trkpt>
      <trkpt lat="45.54165" lon="10.557578">
        <ele>144.0</ele>
      </trkpt>
      <trkpt lat="45.541601" lon="10.557453">
        <ele>144.0</ele>
      </trkpt>
      <trkpt lat="45.541539" lon="10.557349">
        <ele>144.0</ele>
      </trkpt>
      <trkpt lat="45.54148" lon="10.55725">
        <ele>143.0</ele>
      </trkpt>
      <trkpt lat="45.541425" lon="10.557142">
        <ele>144.0</ele>
      </trkpt>
      <trkpt lat="45.54137" lon="10.557027">
        <ele>144.0</ele>
      </trkpt>
      <trkpt lat="45.541319" lon="10.556909">
        <ele>144.0</ele>
      </trkpt>
      <trkpt lat="45.541278" lon="10.556783">
        <ele>144.0</ele>
      </trkpt>
      <trkpt lat="45.541228" lon="10.556638">
        <ele>146.0</ele>
      </trkpt>
      <trkpt lat="45.541136" lon="10.556626">
        <ele>146.0</ele>
      </trkpt>
      <trkpt lat="45.541033" lon="10.556659">
        <ele>146.0</ele>
      </trkpt>
      <trkpt lat="45.540933" lon="10.556657">
        <ele>146.0</ele>
      </trkpt>
      <trkpt lat="45.540832" lon="10.556614">
        <ele>147.0</ele>
      </trkpt>
      <trkpt lat="45.540732" lon="10.556536">
        <ele>148.0</ele>
      </trkpt>
      <trkpt lat="45.54064" lon="10.556416">
        <ele>148.0</ele>
      </trkpt>
      <trkpt lat="45.540554" lon="10.556355">
        <ele>149.0</ele>
      </trkpt>
      <trkpt lat="45.540462" lon="10.556317">
        <ele>149.0</ele>
      </trkpt>
      <trkpt lat="45.540359" lon="10.556267">
        <ele>149.0</ele>
      </trkpt>
      <trkpt lat="45.540284" lon="10.556191">
        <ele>148.0</ele>
      </trkpt>
      <trkpt lat="45.540198" lon="10.556104">
        <ele>148.0</ele>
      </trkpt>
      <trkpt lat="45.540127" lon="10.556024">
        <ele>148.0</ele>
      </trkpt>
      <trkpt lat="45.540052" lon="10.555926">
        <ele>147.0</ele>
      </trkpt>
      <trkpt lat="45.539991" lon="10.555816">
        <ele>147.0</ele>
      </trkpt>
      <trkpt lat="45.539929" lon="10.555707">
        <ele>147.0</ele>
      </trkpt>
      <trkpt lat="45.53987" lon="10.555586">
        <ele>147.0</ele>
      </trkpt>
      <trkpt lat="45.539788" lon="10.555472">
        <ele>146.0</ele>
      </trkpt>
      <trkpt lat="45.539715" lon="10.555371">
        <ele>145.0</ele>
      </trkpt>
      <trkpt lat="45.53964" lon="10.555285">
        <ele>145.0</ele>
      </trkpt>
      <trkpt lat="45.539563" lon="10.555195">
        <ele>144.0</ele>
      </trkpt>
      <trkpt lat="45.539477" lon="10.555121">
        <ele>144.0</ele>
      </trkpt>
      <trkpt lat="45.539398" lon="10.555034">
        <ele>144.0</ele>
      </trkpt>
      <trkpt lat="45.539333" lon="10.554915">
        <ele>144.0</ele>
      </trkpt>
      <trkpt lat="45.539257" lon="10.554832">
        <ele>144.0</ele>
      </trkpt>
      <trkpt lat="45.539176" lon="10.554768">
        <ele>144.0</ele>
      </trkpt>
      <trkpt lat="45.53912" lon="10.554616">
        <ele>139.0</ele>
      </trkpt>
      <trkpt lat="45.539201" lon="10.554441">
        <ele>139.0</ele>
      </trkpt>
      <trkpt lat="45.539271" lon="10.554354">
        <ele>140.0</ele>
      </trkpt>
      <trkpt lat="45.539345" lon="10.554263">
        <ele>139.0</ele>
      </trkpt>
      <trkpt lat="45.539415" lon="10.554148">
        <ele>139.0</ele>
      </trkpt>
      <trkpt lat="45.539487" lon="10.554053">
        <ele>138.0</ele>
      </trkpt>
      <trkpt lat="45.539657" lon="10.553904">
        <ele>138.0</ele>
      </trkpt>
      <trkpt lat="45.539717" lon="10.553796">
        <ele>139.0</ele>
      </trkpt>
      <trkpt lat="45.539788" lon="10.553705">
        <ele>140.0</ele>
      </trkpt>
      <trkpt lat="45.539871" lon="10.553601">
        <ele>141.0</ele>
      </trkpt>
      <trkpt lat="45.539921" lon="10.553491">
        <ele>142.0</ele>
      </trkpt>
      <trkpt lat="45.539968" lon="10.553357">
        <ele>143.0</ele>
      </trkpt>
      <trkpt lat="45.54003" lon="10.553245">
        <ele>144.0</ele>
      </trkpt>
      <trkpt lat="45.540072" lon="10.553131">
        <ele>145.0</ele>
      </trkpt>
      <trkpt lat="45.540126" lon="10.553019">
        <ele>146.0</ele>
      </trkpt>
      <trkpt lat="45.540161" lon="10.552895">
        <ele>147.0</ele>
      </trkpt>
      <trkpt lat="45.540224" lon="10.552799">
        <ele>148.0</ele>
      </trkpt>
      <trkpt lat="45.540282" lon="10.552687">
        <ele>149.0</ele>
      </trkpt>
      <trkpt lat="45.540349" lon="10.552587">
        <ele>149.0</ele>
      </trkpt>
      <trkpt lat="45.540425" lon="10.55251">
        <ele>150.0</ele>
      </trkpt>
      <trkpt lat="45.540516" lon="10.552469">
        <ele>151.0</ele>
      </trkpt>
      <trkpt lat="45.540586" lon="10.552367">
        <ele>152.0</ele>
      </trkpt>
      <trkpt lat="45.540646" lon="10.552267">
        <ele>152.0</ele>
      </trkpt>
      <trkpt lat="45.540729" lon="10.552183">
        <ele>152.0</ele>
      </trkpt>
      <trkpt lat="45.540809" lon="10.552096">
        <ele>153.0</ele>
      </trkpt>
      <trkpt lat="45.54089" lon="10.552002">
        <ele>154.0</ele>
      </trkpt>
      <trkpt lat="45.540973" lon="10.551935">
        <ele>154.0</ele>
      </trkpt>
      <trkpt lat="45.54105" lon="10.551857">
        <ele>155.0</ele>
      </trkpt>
      <trkpt lat="45.541105" lon="10.551753">
        <ele>156.0</ele>
      </trkpt>
      <trkpt lat="45.541156" lon="10.551645">
        <ele>158.0</ele>
      </trkpt>
      <trkpt lat="45.541102" lon="10.551529">
        <ele>159.0</ele>
      </trkpt>
      <trkpt lat="45.541008" lon="10.551423">
        <ele>160.0</ele>
      </trkpt>
      <trkpt lat="45.540919" lon="10.551325">
        <ele>161.0</ele>
      </trkpt>
      <trkpt lat="45.540858" lon="10.551228">
        <ele>162.0</ele>
      </trkpt>
      <trkpt lat="45.540796" lon="10.551124">
        <ele>163.0</ele>
      </trkpt>
      <trkpt lat="45.540723" lon="10.551025">
        <ele>163.0</ele>
      </trkpt>
      <trkpt lat="45.540654" lon="10.550923">
        <ele>164.0</ele>
      </trkpt>
      <trkpt lat="45.540583" lon="10.550815">
        <ele>164.0</ele>
      </trkpt>
      <trkpt lat="45.540511" lon="10.55073">
        <ele>164.0</ele>
      </trkpt>
      <trkpt lat="45.540427" lon="10.55064">
        <ele>165.0</ele>
      </trkpt>
      <trkpt lat="45.540344" lon="10.550557">
        <ele>165.0</ele>
      </trkpt>
      <trkpt lat="45.540251" lon="10.550548">
        <ele>165.0</ele>
      </trkpt>
      <trkpt lat="45.540167" lon="10.550483">
        <ele>165.0</ele>
      </trkpt>
      <trkpt lat="45.540084" lon="10.550419">
        <ele>166.0</ele>
      </trkpt>
      <trkpt lat="45.539994" lon="10.550392">
        <ele>166.0</ele>
      </trkpt>
      <trkpt lat="45.539897" lon="10.550355">
        <ele>165.0</ele>
      </trkpt>
      <trkpt lat="45.539796" lon="10.550309">
        <ele>166.0</ele>
      </trkpt>
      <trkpt lat="45.539713" lon="10.550242">
        <ele>166.0</ele>
      </trkpt>
      <trkpt lat="45.539632" lon="10.550178">
        <ele>166.0</ele>
      </trkpt>
      <trkpt lat="45.539545" lon="10.550115">
        <ele>166.0</ele>
      </trkpt>
      <trkpt lat="45.539476" lon="10.550028">
        <ele>165.0</ele>
      </trkpt>
      <trkpt lat="45.539402" lon="10.549923">
        <ele>166.0</ele>
      </trkpt>
      <trkpt lat="45.539312" lon="10.549866">
        <ele>166.0</ele>
      </trkpt>
      <trkpt lat="45.539229" lon="10.549794">
        <ele>165.0</ele>
      </trkpt>
      <trkpt lat="45.539155" lon="10.549718">
        <ele>165.0</ele>
      </trkpt>
      <trkpt lat="45.539074" lon="10.549657">
        <ele>165.0</ele>
      </trkpt>
      <trkpt lat="45.538996" lon="10.549587">
        <ele>165.0</ele>
      </trkpt>
      <trkpt lat="45.538926" lon="10.549492">
        <ele>164.0</ele>
      </trkpt>
      <trkpt lat="45.538878" lon="10.549383">
        <ele>164.0</ele>
      </trkpt>
      <trkpt lat="45.538792" lon="10.549319">
        <ele>164.0</ele>
      </trkpt>
      <trkpt lat="45.538689" lon="10.549287">
        <ele>165.0</ele>
      </trkpt>
      <trkpt lat="45.5386" lon="10.549257">
        <ele>166.0</ele>
      </trkpt>
      <trkpt lat="45.53851" lon="10.549222">
        <ele>166.0</ele>
      </trkpt>
      <trkpt lat="45.538429" lon="10.549135">
        <ele>166.0</ele>
      </trkpt>
      <trkpt lat="45.538313" lon="10.549074">
        <ele>165.0</ele>
      </trkpt>
      <trkpt lat="45.538203" lon="10.548992">
        <ele>165.0</ele>
      </trkpt>
      <trkpt lat="45.538091" lon="10.548917">
        <ele>165.0</ele>
      </trkpt>
      <trkpt lat="45.538002" lon="10.548879">
        <ele>165.0</ele>
      </trkpt>
      <trkpt lat="45.537923" lon="10.548808">
        <ele>165.0</ele>
      </trkpt>
      <trkpt lat="45.537845" lon="10.548706">
        <ele>165.0</ele>
      </trkpt>
      <trkpt lat="45.53777" lon="10.54862">
        <ele>165.0</ele>
      </trkpt>
      <trkpt lat="45.537676" lon="10.548563">
        <ele>166.0</ele>
      </trkpt>
      <trkpt lat="45.537598" lon="10.548486">
        <ele>166.0</ele>
      </trkpt>
      <trkpt lat="45.537514" lon="10.548556">
        <ele>165.0</ele>
      </trkpt>
      <trkpt lat="45.537398" lon="10.548649">
        <ele>165.0</ele>
      </trkpt>
      <trkpt lat="45.537319" lon="10.548747">
        <ele>164.0</ele>
      </trkpt>
      <trkpt lat="45.537238" lon="10.548813">
        <ele>164.0</ele>
      </trkpt>
      <trkpt lat="45.537159" lon="10.548881">
        <ele>162.0</ele>
      </trkpt>
      <trkpt lat="45.537072" lon="10.548922">
        <ele>162.0</ele>
      </trkpt>
      <trkpt lat="45.537002" lon="10.549022">
        <ele>161.0</ele>
      </trkpt>
      <trkpt lat="45.536822" lon="10.549085">
        <ele>161.0</ele>
      </trkpt>
      <trkpt lat="45.536725" lon="10.549049">
        <ele>161.0</ele>
      </trkpt>
      <trkpt lat="45.536631" lon="10.549015">
        <ele>161.0</ele>
      </trkpt>
      <trkpt lat="45.536533" lon="10.548977">
        <ele>161.0</ele>
      </trkpt>
      <trkpt lat="45.536418" lon="10.5489">
        <ele>161.0</ele>
      </trkpt>
      <trkpt lat="45.536338" lon="10.548841">
        <ele>160.0</ele>
      </trkpt>
      <trkpt lat="45.536257" lon="10.548756">
        <ele>160.0</ele>
      </trkpt>
      <trkpt lat="45.536168" lon="10.548654">
        <ele>160.0</ele>
      </trkpt>
      <trkpt lat="45.536059" lon="10.548604">
        <ele>160.0</ele>
      </trkpt>
      <trkpt lat="45.535963" lon="10.548525">
        <ele>161.0</ele>
      </trkpt>
      <trkpt lat="45.535885" lon="10.548444">
        <ele>160.0</ele>
      </trkpt>
      <trkpt lat="45.535787" lon="10.548347">
        <ele>160.0</ele>
      </trkpt>
      <trkpt lat="45.535709" lon="10.54826">
        <ele>160.0</ele>
      </trkpt>
      <trkpt lat="45.535606" lon="10.548219">
        <ele>160.0</ele>
      </trkpt>
      <trkpt lat="45.535491" lon="10.548147">
        <ele>160.0</ele>
      </trkpt>
      <trkpt lat="45.535394" lon="10.548106">
        <ele>160.0</ele>
      </trkpt>
      <trkpt lat="45.53528" lon="10.548023">
        <ele>160.0</ele>
      </trkpt>
      <trkpt lat="45.535205" lon="10.547945">
        <ele>160.0</ele>
      </trkpt>
      <trkpt lat="45.53511" lon="10.547929">
        <ele>160.0</ele>
      </trkpt>
      <trkpt lat="45.535048" lon="10.548039">
        <ele>159.0</ele>
      </trkpt>
      <trkpt lat="45.534997" lon="10.548155">
        <ele>159.0</ele>
      </trkpt>
      <trkpt lat="45.534974" lon="10.548285">
        <ele>158.0</ele>
      </trkpt>
      <trkpt lat="45.534949" lon="10.548412">
        <ele>157.0</ele>
      </trkpt>
      <trkpt lat="45.534924" lon="10.54855">
        <ele>156.0</ele>
      </trkpt>
      <trkpt lat="45.534877" lon="10.548685">
        <ele>156.0</ele>
      </trkpt>
      <trkpt lat="45.534821" lon="10.548804">
        <ele>155.0</ele>
      </trkpt>
      <trkpt lat="45.534781" lon="10.548925">
        <ele>154.0</ele>
      </trkpt>
      <trkpt lat="45.534746" lon="10.549051">
        <ele>154.0</ele>
      </trkpt>
      <trkpt lat="45.5347" lon="10.549164">
        <ele>153.0</ele>
      </trkpt>
      <trkpt lat="45.534676" lon="10.549303">
        <ele>153.0</ele>
      </trkpt>
      <trkpt lat="45.534556" lon="10.549325">
        <ele>154.0</ele>
      </trkpt>
      <trkpt lat="45.534469" lon="10.549264">
        <ele>154.0</ele>
      </trkpt>
      <trkpt lat="45.534384" lon="10.5492">
        <ele>154.0</ele>
      </trkpt>
      <trkpt lat="45.534296" lon="10.549146">
        <ele>155.0</ele>
      </trkpt>
      <trkpt lat="45.534224" lon="10.549057">
        <ele>155.0</ele>
      </trkpt>
      <trkpt lat="45.53417" lon="10.548945">
        <ele>155.0</ele>
      </trkpt>
      <trkpt lat="45.53409" lon="10.548868">
        <ele>156.0</ele>
      </trkpt>
      <trkpt lat="45.534013" lon="10.548796">
        <ele>156.0</ele>
      </trkpt>
      <trkpt lat="45.533941" lon="10.548712">
        <ele>157.0</ele>
      </trkpt>
      <trkpt lat="45.533841" lon="10.548683">
        <ele>156.0</ele>
      </trkpt>
      <trkpt lat="45.533775" lon="10.548587">
        <ele>156.0</ele>
      </trkpt>
      <trkpt lat="45.53372" lon="10.548481">
        <ele>156.0</ele>
      </trkpt>
      <trkpt lat="45.533644" lon="10.548412">
        <ele>156.0</ele>
      </trkpt>
      <trkpt lat="45.533582" lon="10.548312">
        <ele>157.0</ele>
      </trkpt>
      <trkpt lat="45.533509" lon="10.548205">
        <ele>159.0</ele>
      </trkpt>
      <trkpt lat="45.533422" lon="10.548094">
        <ele>159.0</ele>
      </trkpt>
      <trkpt lat="45.533354" lon="10.548005">
        <ele>159.0</ele>
      </trkpt>
      <trkpt lat="45.533253" lon="10.547961">
        <ele>160.0</ele>
      </trkpt>
      <trkpt lat="45.533158" lon="10.547958">
        <ele>160.0</ele>
      </trkpt>
      <trkpt lat="45.533114" lon="10.548076">
        <ele>160.0</ele>
      </trkpt>
      <trkpt lat="45.533083" lon="10.548202">
        <ele>159.0</ele>
      </trkpt>
      <trkpt lat="45.53303" lon="10.548313">
        <ele>158.0</ele>
      </trkpt>
      <trkpt lat="45.532972" lon="10.54843">
        <ele>158.0</ele>
      </trkpt>
      <trkpt lat="45.532895" lon="10.548528">
        <ele>157.0</ele>
      </trkpt>
      <trkpt lat="45.53282" lon="10.548619">
        <ele>156.0</ele>
      </trkpt>
      <trkpt lat="45.532742" lon="10.548707">
        <ele>156.0</ele>
      </trkpt>
      <trkpt lat="45.532692" lon="10.548864">
        <ele>155.0</ele>
      </trkpt>
      <trkpt lat="45.532609" lon="10.548979">
        <ele>154.0</ele>
      </trkpt>
      <trkpt lat="45.532548" lon="10.549082">
        <ele>155.0</ele>
      </trkpt>
      <trkpt lat="45.53251" lon="10.549224">
        <ele>155.0</ele>
      </trkpt>
      <trkpt lat="45.532451" lon="10.549359">
        <ele>155.0</ele>
      </trkpt>
      <trkpt lat="45.532358" lon="10.549424">
        <ele>155.0</ele>
      </trkpt>
      <trkpt lat="45.532293" lon="10.54952">
        <ele>155.0</ele>
      </trkpt>
      <trkpt lat="45.532227" lon="10.549614">
        <ele>154.0</ele>
      </trkpt>
      <trkpt lat="45.532183" lon="10.549734">
        <ele>155.0</ele>
      </trkpt>
      <trkpt lat="45.532105" lon="10.549816">
        <ele>155.0</ele>
      </trkpt>
      <trkpt lat="45.532002" lon="10.549912">
        <ele>155.0</ele>
      </trkpt>
      <trkpt lat="45.531927" lon="10.549996">
        <ele>155.0</ele>
      </trkpt>
      <trkpt lat="45.531907" lon="10.55014">
        <ele>154.0</ele>
      </trkpt>
      <trkpt lat="45.531893" lon="10.550276">
        <ele>153.0</ele>
      </trkpt>
      <trkpt lat="45.53184" lon="10.550399">
        <ele>153.0</ele>
      </trkpt>
      <trkpt lat="45.531777" lon="10.550499">
        <ele>153.0</ele>
      </trkpt>
      <trkpt lat="45.531717" lon="10.55062">
        <ele>152.0</ele>
      </trkpt>
      <trkpt lat="45.531657" lon="10.550718">
        <ele>152.0</ele>
      </trkpt>
      <trkpt lat="45.531599" lon="10.550827">
        <ele>151.0</ele>
      </trkpt>
      <trkpt lat="45.531535" lon="10.550929">
        <ele>150.0</ele>
      </trkpt>
      <trkpt lat="45.5315" lon="10.551051">
        <ele>150.0</ele>
      </trkpt>
      <trkpt lat="45.531443" lon="10.551175">
        <ele>149.0</ele>
      </trkpt>
      <trkpt lat="45.531388" lon="10.551289">
        <ele>149.0</ele>
      </trkpt>
      <trkpt lat="45.531306" lon="10.551364">
        <ele>148.0</ele>
      </trkpt>
      <trkpt lat="45.531142" lon="10.551218">
        <ele>147.0</ele>
      </trkpt>
      <trkpt lat="45.531066" lon="10.551137">
        <ele>147.0</ele>
      </trkpt>
      <trkpt lat="45.530973" lon="10.551067">
        <ele>147.0</ele>
      </trkpt>
      <trkpt lat="45.53088" lon="10.551022">
        <ele>147.0</ele>
      </trkpt>
      <trkpt lat="45.530795" lon="10.55096">
        <ele>147.0</ele>
      </trkpt>
      <trkpt lat="45.530703" lon="10.550899">
        <ele>147.0</ele>
      </trkpt>
      <trkpt lat="45.530611" lon="10.55089">
        <ele>147.0</ele>
      </trkpt>
      <trkpt lat="45.53053" lon="10.550955">
        <ele>147.0</ele>
      </trkpt>
      <trkpt lat="45.530435" lon="10.551002">
        <ele>147.0</ele>
      </trkpt>
      <trkpt lat="45.53034" lon="10.550957">
        <ele>147.0</ele>
      </trkpt>
      <trkpt lat="45.530264" lon="10.55087">
        <ele>147.0</ele>
      </trkpt>
      <trkpt lat="45.530184" lon="10.550796">
        <ele>148.0</ele>
      </trkpt>
      <trkpt lat="45.530122" lon="10.550694">
        <ele>148.0</ele>
      </trkpt>
      <trkpt lat="45.530071" lon="10.550581">
        <ele>149.0</ele>
      </trkpt>
      <trkpt lat="45.529997" lon="10.550495">
        <ele>148.0</ele>
      </trkpt>
      <trkpt lat="45.529915" lon="10.550415">
        <ele>148.0</ele>
      </trkpt>
      <trkpt lat="45.529838" lon="10.550328">
        <ele>148.0</ele>
      </trkpt>
      <trkpt lat="45.529767" lon="10.550244">
        <ele>148.0</ele>
      </trkpt>
      <trkpt lat="45.529683" lon="10.550171">
        <ele>149.0</ele>
      </trkpt>
      <trkpt lat="45.529602" lon="10.550104">
        <ele>149.0</ele>
      </trkpt>
      <trkpt lat="45.529512" lon="10.550076">
        <ele>149.0</ele>
      </trkpt>
      <trkpt lat="45.529421" lon="10.550021">
        <ele>149.0</ele>
      </trkpt>
      <trkpt lat="45.529349" lon="10.549918">
        <ele>149.0</ele>
      </trkpt>
      <trkpt lat="45.529263" lon="10.549866">
        <ele>148.0</ele>
      </trkpt>
      <trkpt lat="45.529164" lon="10.549815">
        <ele>148.0</ele>
      </trkpt>
      <trkpt lat="45.529094" lon="10.54973">
        <ele>148.0</ele>
      </trkpt>
      <trkpt lat="45.529033" lon="10.549621">
        <ele>148.0</ele>
      </trkpt>
      <trkpt lat="45.528975" lon="10.549502">
        <ele>148.0</ele>
      </trkpt>
      <trkpt lat="45.528889" lon="10.549421">
        <ele>148.0</ele>
      </trkpt>
      <trkpt lat="45.528822" lon="10.549327">
        <ele>148.0</ele>
      </trkpt>
      <trkpt lat="45.528749" lon="10.549237">
        <ele>147.0</ele>
      </trkpt>
      <trkpt lat="45.528656" lon="10.549159">
        <ele>147.0</ele>
      </trkpt>
      <trkpt lat="45.528592" lon="10.549063">
        <ele>146.0</ele>
      </trkpt>
      <trkpt lat="45.528524" lon="10.548977">
        <ele>147.0</ele>
      </trkpt>
      <trkpt lat="45.528452" lon="10.548897">
        <ele>147.0</ele>
      </trkpt>
      <trkpt lat="45.528412" lon="10.548749">
        <ele>145.0</ele>
      </trkpt>
      <trkpt lat="45.528352" lon="10.548649">
        <ele>146.0</ele>
      </trkpt>
      <trkpt lat="45.528266" lon="10.548407">
        <ele>146.0</ele>
      </trkpt>
      <trkpt lat="45.52827" lon="10.548277">
        <ele>146.0</ele>
      </trkpt>
      <trkpt lat="45.528279" lon="10.548149">
        <ele>146.0</ele>
      </trkpt>
      <trkpt lat="45.528268" lon="10.548005">
        <ele>146.0</ele>
      </trkpt>
      <trkpt lat="45.528261" lon="10.547868">
        <ele>145.0</ele>
      </trkpt>
      <trkpt lat="45.528236" lon="10.547727">
        <ele>146.0</ele>
      </trkpt>
      <trkpt lat="45.528169" lon="10.54763">
        <ele>148.0</ele>
      </trkpt>
      <trkpt lat="45.528095" lon="10.547543">
        <ele>149.0</ele>
      </trkpt>
      <trkpt lat="45.528097" lon="10.547406">
        <ele>149.0</ele>
      </trkpt>
      <trkpt lat="45.528118" lon="10.547268">
        <ele>149.0</ele>
      </trkpt>
      <trkpt lat="45.528148" lon="10.547139">
        <ele>149.0</ele>
      </trkpt>
      <trkpt lat="45.528179" lon="10.546892">
        <ele>150.0</ele>
      </trkpt>
      <trkpt lat="45.528117" lon="10.546787">
        <ele>150.0</ele>
      </trkpt>
      <trkpt lat="45.528045" lon="10.5467">
        <ele>150.0</ele>
      </trkpt>
      <trkpt lat="45.527975" lon="10.546581">
        <ele>150.0</ele>
      </trkpt>
      <trkpt lat="45.527894" lon="10.546475">
        <ele>149.0</ele>
      </trkpt>
      <trkpt lat="45.527822" lon="10.546379">
        <ele>149.0</ele>
      </trkpt>
      <trkpt lat="45.527755" lon="10.546281">
        <ele>149.0</ele>
      </trkpt>
      <trkpt lat="45.527691" lon="10.546183">
        <ele>149.0</ele>
      </trkpt>
      <trkpt lat="45.527655" lon="10.546051">
        <ele>148.0</ele>
      </trkpt>
      <trkpt lat="45.527599" lon="10.545934">
        <ele>148.0</ele>
      </trkpt>
      <trkpt lat="45.527553" lon="10.54581">
        <ele>147.0</ele>
      </trkpt>
      <trkpt lat="45.527485" lon="10.545691">
        <ele>147.0</ele>
      </trkpt>
      <trkpt lat="45.527413" lon="10.545598">
        <ele>146.0</ele>
      </trkpt>
      <trkpt lat="45.527272" lon="10.545436">
        <ele>147.0</ele>
      </trkpt>
      <trkpt lat="45.527197" lon="10.545363">
        <ele>147.0</ele>
      </trkpt>
      <trkpt lat="45.527111" lon="10.545292">
        <ele>147.0</ele>
      </trkpt>
      <trkpt lat="45.527034" lon="10.545202">
        <ele>148.0</ele>
      </trkpt>
      <trkpt lat="45.526962" lon="10.545118">
        <ele>148.0</ele>
      </trkpt>
      <trkpt lat="45.526881" lon="10.545048">
        <ele>148.0</ele>
      </trkpt>
      <trkpt lat="45.526788" lon="10.544983">
        <ele>147.0</ele>
      </trkpt>
      <trkpt lat="45.52672" lon="10.544889">
        <ele>147.0</ele>
      </trkpt>
      <trkpt lat="45.526664" lon="10.544773">
        <ele>147.0</ele>
      </trkpt>
      <trkpt lat="45.526715" lon="10.544664">
        <ele>146.0</ele>
      </trkpt>
      <trkpt lat="45.526784" lon="10.544558">
        <ele>144.0</ele>
      </trkpt>
      <trkpt lat="45.526861" lon="10.544465">
        <ele>144.0</ele>
      </trkpt>
      <trkpt lat="45.526868" lon="10.544321">
        <ele>143.0</ele>
      </trkpt>
      <trkpt lat="45.526815" lon="10.544149">
        <ele>143.0</ele>
      </trkpt>
      <trkpt lat="45.52674" lon="10.544061">
        <ele>144.0</ele>
      </trkpt>
      <trkpt lat="45.526679" lon="10.543944">
        <ele>144.0</ele>
      </trkpt>
      <trkpt lat="45.526624" lon="10.543834">
        <ele>145.0</ele>
      </trkpt>
      <trkpt lat="45.526561" lon="10.543722">
        <ele>146.0</ele>
      </trkpt>
      <trkpt lat="45.526502" lon="10.543605">
        <ele>146.0</ele>
      </trkpt>
      <trkpt lat="45.526422" lon="10.543676">
        <ele>147.0</ele>
      </trkpt>
      <trkpt lat="45.526328" lon="10.54373">
        <ele>147.0</ele>
      </trkpt>
      <trkpt lat="45.526241" lon="10.543793">
        <ele>147.0</ele>
      </trkpt>
      <trkpt lat="45.526157" lon="10.54387">
        <ele>148.0</ele>
      </trkpt>
      <trkpt lat="45.52609" lon="10.54396">
        <ele>149.0</ele>
      </trkpt>
      <trkpt lat="45.526019" lon="10.544063">
        <ele>149.0</ele>
      </trkpt>
      <trkpt lat="45.525937" lon="10.544143">
        <ele>149.0</ele>
      </trkpt>
      <trkpt lat="45.525861" lon="10.544223">
        <ele>148.0</ele>
      </trkpt>
      <trkpt lat="45.52578" lon="10.544317">
        <ele>146.0</ele>
      </trkpt>
      <trkpt lat="45.525708" lon="10.544403">
        <ele>145.0</ele>
      </trkpt>
      <trkpt lat="45.525644" lon="10.54451">
        <ele>144.0</ele>
      </trkpt>
      <trkpt lat="45.52558" lon="10.54462">
        <ele>144.0</ele>
      </trkpt>
      <trkpt lat="45.525515" lon="10.544711">
        <ele>143.0</ele>
      </trkpt>
      <trkpt lat="45.52543" lon="10.544797">
        <ele>141.0</ele>
      </trkpt>
      <trkpt lat="45.525339" lon="10.54486">
        <ele>140.0</ele>
      </trkpt>
      <trkpt lat="45.525249" lon="10.544907">
        <ele>140.0</ele>
      </trkpt>
      <trkpt lat="45.525176" lon="10.544983">
        <ele>139.0</ele>
      </trkpt>
      <trkpt lat="45.525108" lon="10.545075">
        <ele>138.0</ele>
      </trkpt>
      <trkpt lat="45.525033" lon="10.545169">
        <ele>137.0</ele>
      </trkpt>
      <trkpt lat="45.524946" lon="10.54525">
        <ele>136.0</ele>
      </trkpt>
      <trkpt lat="45.524854" lon="10.54533">
        <ele>136.0</ele>
      </trkpt>
      <trkpt lat="45.524769" lon="10.545407">
        <ele>135.0</ele>
      </trkpt>
      <trkpt lat="45.524687" lon="10.545474">
        <ele>133.0</ele>
      </trkpt>
      <trkpt lat="45.524591" lon="10.545483">
        <ele>130.0</ele>
      </trkpt>
      <trkpt lat="45.5245" lon="10.545558">
        <ele>128.0</ele>
      </trkpt>
      <trkpt lat="45.524409" lon="10.545595">
        <ele>128.0</ele>
      </trkpt>
      <trkpt lat="45.524336" lon="10.545519">
        <ele>125.0</ele>
      </trkpt>
      <trkpt lat="45.524297" lon="10.545396">
        <ele>123.0</ele>
      </trkpt>
      <trkpt lat="45.524241" lon="10.545277">
        <ele>122.0</ele>
      </trkpt>
      <trkpt lat="45.524179" lon="10.545172">
        <ele>121.0</ele>
      </trkpt>
      <trkpt lat="45.524123" lon="10.545053">
        <ele>121.0</ele>
      </trkpt>
      <trkpt lat="45.524058" lon="10.544917">
        <ele>121.0</ele>
      </trkpt>
      <trkpt lat="45.524021" lon="10.544798">
        <ele>121.0</ele>
      </trkpt>
      <trkpt lat="45.523981" lon="10.544673">
        <ele>121.0</ele>
      </trkpt>
      <trkpt lat="45.523927" lon="10.54456">
        <ele>121.0</ele>
      </trkpt>
      <trkpt lat="45.523876" lon="10.544446">
        <ele>120.0</ele>
      </trkpt>
      <trkpt lat="45.523854" lon="10.54431">
        <ele>121.0</ele>
      </trkpt>
      <trkpt lat="45.523854" lon="10.544148">
        <ele>121.0</ele>
      </trkpt>
      <trkpt lat="45.523799" lon="10.544041">
        <ele>120.0</ele>
      </trkpt>
      <trkpt lat="45.523767" lon="10.543906">
        <ele>120.0</ele>
      </trkpt>
      <trkpt lat="45.523748" lon="10.543779">
        <ele>120.0</ele>
      </trkpt>
      <trkpt lat="45.523715" lon="10.543642">
        <ele>121.0</ele>
      </trkpt>
      <trkpt lat="45.523703" lon="10.543512">
        <ele>121.0</ele>
      </trkpt>
      <trkpt lat="45.523667" lon="10.543365">
        <ele>121.0</ele>
      </trkpt>
      <trkpt lat="45.523636" lon="10.543235">
        <ele>121.0</ele>
      </trkpt>
      <trkpt lat="45.523626" lon="10.543096">
        <ele>120.0</ele>
      </trkpt>
      <trkpt lat="45.523619" lon="10.542955">
        <ele>119.0</ele>
      </trkpt>
      <trkpt lat="45.523611" lon="10.542816">
        <ele>118.0</ele>
      </trkpt>
      <trkpt lat="45.523573" lon="10.542646">
        <ele>119.0</ele>
      </trkpt>
      <trkpt lat="45.523561" lon="10.542515">
        <ele>119.0</ele>
      </trkpt>
      <trkpt lat="45.523527" lon="10.542396">
        <ele>119.0</ele>
      </trkpt>
      <trkpt lat="45.52346" lon="10.542289">
        <ele>119.0</ele>
      </trkpt>
      <trkpt lat="45.523408" lon="10.542176">
        <ele>119.0</ele>
      </trkpt>
      <trkpt lat="45.52333" lon="10.54209">
        <ele>119.0</ele>
      </trkpt>
      <trkpt lat="45.52326" lon="10.542">
        <ele>120.0</ele>
      </trkpt>
      <trkpt lat="45.523203" lon="10.541856">
        <ele>120.0</ele>
      </trkpt>
      <trkpt lat="45.523168" lon="10.541727">
        <ele>119.0</ele>
      </trkpt>
      <trkpt lat="45.52311" lon="10.541607">
        <ele>119.0</ele>
      </trkpt>
      <trkpt lat="45.523071" lon="10.541476">
        <ele>119.0</ele>
      </trkpt>
      <trkpt lat="45.523023" lon="10.541359">
        <ele>119.0</ele>
      </trkpt>
      <trkpt lat="45.522954" lon="10.541258">
        <ele>118.0</ele>
      </trkpt>
      <trkpt lat="45.522899" lon="10.541155">
        <ele>118.0</ele>
      </trkpt>
      <trkpt lat="45.52284" lon="10.541018">
        <ele>118.0</ele>
      </trkpt>
      <trkpt lat="45.522772" lon="10.540899">
        <ele>118.0</ele>
      </trkpt>
      <trkpt lat="45.522708" lon="10.540795">
        <ele>118.0</ele>
      </trkpt>
      <trkpt lat="45.522656" lon="10.54068">
        <ele>118.0</ele>
      </trkpt>
      <trkpt lat="45.522589" lon="10.540586">
        <ele>118.0</ele>
      </trkpt>
      <trkpt lat="45.522544" lon="10.540462">
        <ele>118.0</ele>
      </trkpt>
      <trkpt lat="45.52249" lon="10.540357">
        <ele>118.0</ele>
      </trkpt>
      <trkpt lat="45.522445" lon="10.540237">
        <ele>118.0</ele>
      </trkpt>
      <trkpt lat="45.52233" lon="10.540109">
        <ele>115.0</ele>
      </trkpt>
      <trkpt lat="45.522285" lon="10.539987">
        <ele>115.0</ele>
      </trkpt>
      <trkpt lat="45.522194" lon="10.539935">
        <ele>117.0</ele>
      </trkpt>
      <trkpt lat="45.522102" lon="10.539914">
        <ele>117.0</ele>
      </trkpt>
      <trkpt lat="45.522014" lon="10.539849">
        <ele>118.0</ele>
      </trkpt>
      <trkpt lat="45.521947" lon="10.539758">
        <ele>119.0</ele>
      </trkpt>
      <trkpt lat="45.521887" lon="10.539654">
        <ele>120.0</ele>
      </trkpt>
      <trkpt lat="45.521822" lon="10.539564">
        <ele>120.0</ele>
      </trkpt>
      <trkpt lat="45.521723" lon="10.539495">
        <ele>120.0</ele>
      </trkpt>
      <trkpt lat="45.521645" lon="10.539422">
        <ele>120.0</ele>
      </trkpt>
      <trkpt lat="45.521634" lon="10.539291">
        <ele>120.0</ele>
      </trkpt>
      <trkpt lat="45.52168" lon="10.539179">
        <ele>120.0</ele>
      </trkpt>
      <trkpt lat="45.521692" lon="10.539034">
        <ele>120.0</ele>
      </trkpt>
      <trkpt lat="45.521677" lon="10.538907">
        <ele>119.0</ele>
      </trkpt>
      <trkpt lat="45.521648" lon="10.538783">
        <ele>119.0</ele>
      </trkpt>
      <trkpt lat="45.521638" lon="10.538645">
        <ele>119.0</ele>
      </trkpt>
      <trkpt lat="45.521596" lon="10.53851">
        <ele>119.0</ele>
      </trkpt>
      <trkpt lat="45.52155" lon="10.538396">
        <ele>119.0</ele>
      </trkpt>
      <trkpt lat="45.521512" lon="10.53827">
        <ele>119.0</ele>
      </trkpt>
      <trkpt lat="45.521461" lon="10.538161">
        <ele>120.0</ele>
      </trkpt>
      <trkpt lat="45.521402" lon="10.538057">
        <ele>121.0</ele>
      </trkpt>
      <trkpt lat="45.521358" lon="10.537936">
        <ele>122.0</ele>
      </trkpt>
      <trkpt lat="45.521315" lon="10.537819">
        <ele>122.0</ele>
      </trkpt>
      <trkpt lat="45.52124" lon="10.537726">
        <ele>123.0</ele>
      </trkpt>
      <trkpt lat="45.521154" lon="10.537656">
        <ele>124.0</ele>
      </trkpt>
      <trkpt lat="45.521071" lon="10.537587">
        <ele>124.0</ele>
      </trkpt>
      <trkpt lat="45.520998" lon="10.537489">
        <ele>123.0</ele>
      </trkpt>
      <trkpt lat="45.520931" lon="10.537384">
        <ele>123.0</ele>
      </trkpt>
      <trkpt lat="45.520833" lon="10.537158">
        <ele>122.0</ele>
      </trkpt>
      <trkpt lat="45.520777" lon="10.537042">
        <ele>122.0</ele>
      </trkpt>
      <trkpt lat="45.520713" lon="10.536937">
        <ele>122.0</ele>
      </trkpt>
      <trkpt lat="45.52064" lon="10.536849">
        <ele>122.0</ele>
      </trkpt>
      <trkpt lat="45.520566" lon="10.536753">
        <ele>121.0</ele>
      </trkpt>
      <trkpt lat="45.520489" lon="10.536686">
        <ele>120.0</ele>
      </trkpt>
      <trkpt lat="45.520443" lon="10.536569">
        <ele>119.0</ele>
      </trkpt>
      <trkpt lat="45.520395" lon="10.536441">
        <ele>119.0</ele>
      </trkpt>
      <trkpt lat="45.520345" lon="10.536316">
        <ele>119.0</ele>
      </trkpt>
      <trkpt lat="45.520288" lon="10.536198">
        <ele>120.0</ele>
      </trkpt>
      <trkpt lat="45.52023" lon="10.536095">
        <ele>118.0</ele>
      </trkpt>
      <trkpt lat="45.520133" lon="10.535998">
        <ele>118.0</ele>
      </trkpt>
      <trkpt lat="45.52004" lon="10.535908">
        <ele>118.0</ele>
      </trkpt>
      <trkpt lat="45.519958" lon="10.535801">
        <ele>118.0</ele>
      </trkpt>
      <trkpt lat="45.519873" lon="10.535702">
        <ele>118.0</ele>
      </trkpt>
      <trkpt lat="45.5198" lon="10.535618">
        <ele>118.0</ele>
      </trkpt>
      <trkpt lat="45.519721" lon="10.535517">
        <ele>118.0</ele>
      </trkpt>
      <trkpt lat="45.51965" lon="10.535434">
        <ele>118.0</ele>
      </trkpt>
      <trkpt lat="45.519566" lon="10.535363">
        <ele>119.0</ele>
      </trkpt>
      <trkpt lat="45.519471" lon="10.535287">
        <ele>119.0</ele>
      </trkpt>
      <trkpt lat="45.519372" lon="10.535207">
        <ele>119.0</ele>
      </trkpt>
      <trkpt lat="45.519297" lon="10.535111">
        <ele>119.0</ele>
      </trkpt>
      <trkpt lat="45.519231" lon="10.535">
        <ele>119.0</ele>
      </trkpt>
      <trkpt lat="45.51917" lon="10.534899">
        <ele>118.0</ele>
      </trkpt>
      <trkpt lat="45.519108" lon="10.5348">
        <ele>118.0</ele>
      </trkpt>
      <trkpt lat="45.519032" lon="10.534712">
        <ele>117.0</ele>
      </trkpt>
      <trkpt lat="45.518959" lon="10.534613">
        <ele>117.0</ele>
      </trkpt>
      <trkpt lat="45.518921" lon="10.534496">
        <ele>116.0</ele>
      </trkpt>
      <trkpt lat="45.518848" lon="10.5344">
        <ele>116.0</ele>
      </trkpt>
      <trkpt lat="45.518778" lon="10.534311">
        <ele>116.0</ele>
      </trkpt>
      <trkpt lat="45.518722" lon="10.5342">
        <ele>116.0</ele>
      </trkpt>
      <trkpt lat="45.518634" lon="10.53417">
        <ele>116.0</ele>
      </trkpt>
      <trkpt lat="45.518568" lon="10.534066">
        <ele>116.0</ele>
      </trkpt>
      <trkpt lat="45.518461" lon="10.533878">
        <ele>115.0</ele>
      </trkpt>
      <trkpt lat="45.518394" lon="10.533769">
        <ele>115.0</ele>
      </trkpt>
      <trkpt lat="45.518299" lon="10.533713">
        <ele>114.0</ele>
      </trkpt>
      <trkpt lat="45.518221" lon="10.533634">
        <ele>114.0</ele>
      </trkpt>
      <trkpt lat="45.518134" lon="10.533529">
        <ele>114.0</ele>
      </trkpt>
      <trkpt lat="45.518044" lon="10.533475">
        <ele>114.0</ele>
      </trkpt>
      <trkpt lat="45.51797" lon="10.533399">
        <ele>113.0</ele>
      </trkpt>
      <trkpt lat="45.517883" lon="10.533343">
        <ele>113.0</ele>
      </trkpt>
      <trkpt lat="45.517806" lon="10.533187">
        <ele>113.0</ele>
      </trkpt>
      <trkpt lat="45.517763" lon="10.533068">
        <ele>113.0</ele>
      </trkpt>
      <trkpt lat="45.517716" lon="10.532957">
        <ele>113.0</ele>
      </trkpt>
      <trkpt lat="45.517679" lon="10.532834">
        <ele>112.0</ele>
      </trkpt>
      <trkpt lat="45.517628" lon="10.532724">
        <ele>111.0</ele>
      </trkpt>
      <trkpt lat="45.517559" lon="10.532629">
        <ele>111.0</ele>
      </trkpt>
      <trkpt lat="45.517487" lon="10.532538">
        <ele>112.0</ele>
      </trkpt>
      <trkpt lat="45.517427" lon="10.53244">
        <ele>112.0</ele>
      </trkpt>
      <trkpt lat="45.517346" lon="10.532363">
        <ele>111.0</ele>
      </trkpt>
      <trkpt lat="45.517263" lon="10.532273">
        <ele>111.0</ele>
      </trkpt>
      <trkpt lat="45.517179" lon="10.532163">
        <ele>112.0</ele>
      </trkpt>
      <trkpt lat="45.517115" lon="10.532067">
        <ele>113.0</ele>
      </trkpt>
      <trkpt lat="45.517042" lon="10.531949">
        <ele>114.0</ele>
      </trkpt>
      <trkpt lat="45.517003" lon="10.531811">
        <ele>114.0</ele>
      </trkpt>
      <trkpt lat="45.516944" lon="10.531696">
        <ele>114.0</ele>
      </trkpt>
      <trkpt lat="45.516866" lon="10.531629">
        <ele>115.0</ele>
      </trkpt>
      <trkpt lat="45.516766" lon="10.531516">
        <ele>116.0</ele>
      </trkpt>
      <trkpt lat="45.516671" lon="10.531446">
        <ele>117.0</ele>
      </trkpt>
      <trkpt lat="45.516598" lon="10.531335">
        <ele>117.0</ele>
      </trkpt>
      <trkpt lat="45.516518" lon="10.531255">
        <ele>116.0</ele>
      </trkpt>
      <trkpt lat="45.516414" lon="10.531247">
        <ele>114.0</ele>
      </trkpt>
      <trkpt lat="45.51632" lon="10.53112">
        <ele>115.0</ele>
      </trkpt>
      <trkpt lat="45.516207" lon="10.531038">
        <ele>115.0</ele>
      </trkpt>
      <trkpt lat="45.516081" lon="10.530864">
        <ele>115.0</ele>
      </trkpt>
      <trkpt lat="45.516024" lon="10.530725">
        <ele>115.0</ele>
      </trkpt>
      <trkpt lat="45.515936" lon="10.530627">
        <ele>115.0</ele>
      </trkpt>
      <trkpt lat="45.515856" lon="10.530518">
        <ele>115.0</ele>
      </trkpt>
      <trkpt lat="45.515781" lon="10.53044">
        <ele>116.0</ele>
      </trkpt>
      <trkpt lat="45.51571" lon="10.530356">
        <ele>117.0</ele>
      </trkpt>
      <trkpt lat="45.51566" lon="10.530245">
        <ele>118.0</ele>
      </trkpt>
      <trkpt lat="45.515576" lon="10.530124">
        <ele>119.0</ele>
      </trkpt>
      <trkpt lat="45.515506" lon="10.530016">
        <ele>120.0</ele>
      </trkpt>
      <trkpt lat="45.515433" lon="10.529924">
        <ele>120.0</ele>
      </trkpt>
      <trkpt lat="45.515353" lon="10.529849">
        <ele>119.0</ele>
      </trkpt>
      <trkpt lat="45.51526" lon="10.529765">
        <ele>119.0</ele>
      </trkpt>
      <trkpt lat="45.515179" lon="10.529701">
        <ele>118.0</ele>
      </trkpt>
      <trkpt lat="45.515108" lon="10.529586">
        <ele>118.0</ele>
      </trkpt>
      <trkpt lat="45.515043" lon="10.529483">
        <ele>118.0</ele>
      </trkpt>
      <trkpt lat="45.514974" lon="10.529381">
        <ele>118.0</ele>
      </trkpt>
      <trkpt lat="45.514899" lon="10.529309">
        <ele>118.0</ele>
      </trkpt>
      <trkpt lat="45.514822" lon="10.529226">
        <ele>118.0</ele>
      </trkpt>
      <trkpt lat="45.514718" lon="10.529134">
        <ele>116.0</ele>
      </trkpt>
      <trkpt lat="45.514661" lon="10.529033">
        <ele>117.0</ele>
      </trkpt>
      <trkpt lat="45.514596" lon="10.528927">
        <ele>116.0</ele>
      </trkpt>
      <trkpt lat="45.514554" lon="10.528803">
        <ele>116.0</ele>
      </trkpt>
      <trkpt lat="45.51451" lon="10.528678">
        <ele>117.0</ele>
      </trkpt>
      <trkpt lat="45.514423" lon="10.528562">
        <ele>117.0</ele>
      </trkpt>
      <trkpt lat="45.514363" lon="10.528457">
        <ele>117.0</ele>
      </trkpt>
      <trkpt lat="45.514292" lon="10.528338">
        <ele>116.0</ele>
      </trkpt>
      <trkpt lat="45.514214" lon="10.528244">
        <ele>116.0</ele>
      </trkpt>
      <trkpt lat="45.514148" lon="10.528142">
        <ele>116.0</ele>
      </trkpt>
      <trkpt lat="45.514093" lon="10.528038">
        <ele>115.0</ele>
      </trkpt>
      <trkpt lat="45.514047" lon="10.527924">
        <ele>112.0</ele>
      </trkpt>
      <trkpt lat="45.513974" lon="10.52783">
        <ele>112.0</ele>
      </trkpt>
      <trkpt lat="45.513915" lon="10.527687">
        <ele>112.0</ele>
      </trkpt>
      <trkpt lat="45.513844" lon="10.527582">
        <ele>112.0</ele>
      </trkpt>
      <trkpt lat="45.513775" lon="10.527471">
        <ele>112.0</ele>
      </trkpt>
      <trkpt lat="45.513714" lon="10.527363">
        <ele>112.0</ele>
      </trkpt>
      <trkpt lat="45.513652" lon="10.527249">
        <ele>112.0</ele>
      </trkpt>
      <trkpt lat="45.513561" lon="10.527178">
        <ele>111.0</ele>
      </trkpt>
      <trkpt lat="45.513477" lon="10.527111">
        <ele>112.0</ele>
      </trkpt>
      <trkpt lat="45.513388" lon="10.527044">
        <ele>112.0</ele>
      </trkpt>
      <trkpt lat="45.513302" lon="10.526974">
        <ele>111.0</ele>
      </trkpt>
      <trkpt lat="45.513218" lon="10.526895">
        <ele>110.0</ele>
      </trkpt>
      <trkpt lat="45.513148" lon="10.526787">
        <ele>110.0</ele>
      </trkpt>
      <trkpt lat="45.513098" lon="10.526678">
        <ele>111.0</ele>
      </trkpt>
      <trkpt lat="45.513045" lon="10.526568">
        <ele>111.0</ele>
      </trkpt>
      <trkpt lat="45.512974" lon="10.526462">
        <ele>112.0</ele>
      </trkpt>
      <trkpt lat="45.512902" lon="10.526369">
        <ele>112.0</ele>
      </trkpt>
      <trkpt lat="45.512833" lon="10.526263">
        <ele>113.0</ele>
      </trkpt>
      <trkpt lat="45.512775" lon="10.526151">
        <ele>114.0</ele>
      </trkpt>
      <trkpt lat="45.512705" lon="10.526069">
        <ele>115.0</ele>
      </trkpt>
      <trkpt lat="45.512637" lon="10.52598">
        <ele>116.0</ele>
      </trkpt>
      <trkpt lat="45.512565" lon="10.525893">
        <ele>116.0</ele>
      </trkpt>
      <trkpt lat="45.512438" lon="10.525727">
        <ele>114.0</ele>
      </trkpt>
      <trkpt lat="45.512388" lon="10.525609">
        <ele>114.0</ele>
      </trkpt>
      <trkpt lat="45.512334" lon="10.525494">
        <ele>114.0</ele>
      </trkpt>
      <trkpt lat="45.512282" lon="10.525378">
        <ele>115.0</ele>
      </trkpt>
      <trkpt lat="45.512219" lon="10.525272">
        <ele>115.0</ele>
      </trkpt>
      <trkpt lat="45.512148" lon="10.525183">
        <ele>114.0</ele>
      </trkpt>
      <trkpt lat="45.512089" lon="10.525067">
        <ele>113.0</ele>
      </trkpt>
      <trkpt lat="45.512015" lon="10.524988">
        <ele>113.0</ele>
      </trkpt>
      <trkpt lat="45.511936" lon="10.5249">
        <ele>113.0</ele>
      </trkpt>
      <trkpt lat="45.511876" lon="10.524784">
        <ele>113.0</ele>
      </trkpt>
      <trkpt lat="45.511766" lon="10.524668">
        <ele>112.0</ele>
      </trkpt>
      <trkpt lat="45.511676" lon="10.524572">
        <ele>112.0</ele>
      </trkpt>
      <trkpt lat="45.511593" lon="10.524466">
        <ele>112.0</ele>
      </trkpt>
      <trkpt lat="45.511484" lon="10.524347">
        <ele>112.0</ele>
      </trkpt>
      <trkpt lat="45.511403" lon="10.524254">
        <ele>113.0</ele>
      </trkpt>
      <trkpt lat="45.511322" lon="10.524156">
        <ele>114.0</ele>
      </trkpt>
      <trkpt lat="45.511257" lon="10.524065">
        <ele>114.0</ele>
      </trkpt>
      <trkpt lat="45.511176" lon="10.523993">
        <ele>114.0</ele>
      </trkpt>
      <trkpt lat="45.5111" lon="10.523909">
        <ele>114.0</ele>
      </trkpt>
      <trkpt lat="45.511013" lon="10.523808">
        <ele>114.0</ele>
      </trkpt>
      <trkpt lat="45.510929" lon="10.523731">
        <ele>114.0</ele>
      </trkpt>
      <trkpt lat="45.510835" lon="10.523634">
        <ele>114.0</ele>
      </trkpt>
      <trkpt lat="45.510763" lon="10.52353">
        <ele>115.0</ele>
      </trkpt>
      <trkpt lat="45.510709" lon="10.52341">
        <ele>115.0</ele>
      </trkpt>
      <trkpt lat="45.510637" lon="10.523332">
        <ele>115.0</ele>
      </trkpt>
      <trkpt lat="45.510549" lon="10.523267">
        <ele>115.0</ele>
      </trkpt>
      <trkpt lat="45.510464" lon="10.523171">
        <ele>115.0</ele>
      </trkpt>
      <trkpt lat="45.510368" lon="10.523092">
        <ele>115.0</ele>
      </trkpt>
      <trkpt lat="45.51029" lon="10.522978">
        <ele>115.0</ele>
      </trkpt>
      <trkpt lat="45.510183" lon="10.522911">
        <ele>115.0</ele>
      </trkpt>
      <trkpt lat="45.510096" lon="10.522819">
        <ele>115.0</ele>
      </trkpt>
      <trkpt lat="45.510024" lon="10.522708">
        <ele>115.0</ele>
      </trkpt>
      <trkpt lat="45.509949" lon="10.522622">
        <ele>115.0</ele>
      </trkpt>
      <trkpt lat="45.509876" lon="10.522515">
        <ele>115.0</ele>
      </trkpt>
      <trkpt lat="45.509806" lon="10.522412">
        <ele>115.0</ele>
      </trkpt>
      <trkpt lat="45.509735" lon="10.522316">
        <ele>116.0</ele>
      </trkpt>
      <trkpt lat="45.509644" lon="10.522269">
        <ele>114.0</ele>
      </trkpt>
      <trkpt lat="45.50957" lon="10.52219">
        <ele>113.0</ele>
      </trkpt>
      <trkpt lat="45.509481" lon="10.522097">
        <ele>112.0</ele>
      </trkpt>
      <trkpt lat="45.509446" lon="10.521978">
        <ele>111.0</ele>
      </trkpt>
      <trkpt lat="45.509396" lon="10.52186">
        <ele>111.0</ele>
      </trkpt>
      <trkpt lat="45.509324" lon="10.521757">
        <ele>110.0</ele>
      </trkpt>
      <trkpt lat="45.509265" lon="10.521651">
        <ele>110.0</ele>
      </trkpt>
      <trkpt lat="45.509212" lon="10.521543">
        <ele>111.0</ele>
      </trkpt>
      <trkpt lat="45.509154" lon="10.521425">
        <ele>111.0</ele>
      </trkpt>
      <trkpt lat="45.509108" lon="10.52131">
        <ele>110.0</ele>
      </trkpt>
      <trkpt lat="45.509044" lon="10.52119">
        <ele>110.0</ele>
      </trkpt>
      <trkpt lat="45.509" lon="10.521048">
        <ele>110.0</ele>
      </trkpt>
      <trkpt lat="45.508938" lon="10.520929">
        <ele>110.0</ele>
      </trkpt>
      <trkpt lat="45.508886" lon="10.520818">
        <ele>110.0</ele>
      </trkpt>
      <trkpt lat="45.508805" lon="10.520738">
        <ele>111.0</ele>
      </trkpt>
      <trkpt lat="45.508737" lon="10.520642">
        <ele>111.0</ele>
      </trkpt>
      <trkpt lat="45.508666" lon="10.520532">
        <ele>110.0</ele>
      </trkpt>
      <trkpt lat="45.508591" lon="10.520442">
        <ele>110.0</ele>
      </trkpt>
      <trkpt lat="45.508545" lon="10.520321">
        <ele>109.0</ele>
      </trkpt>
      <trkpt lat="45.508473" lon="10.520236">
        <ele>108.0</ele>
      </trkpt>
      <trkpt lat="45.508406" lon="10.520148">
        <ele>108.0</ele>
      </trkpt>
      <trkpt lat="45.508327" lon="10.520068">
        <ele>109.0</ele>
      </trkpt>
      <trkpt lat="45.508251" lon="10.519969">
        <ele>109.0</ele>
      </trkpt>
      <trkpt lat="45.508195" lon="10.51986">
        <ele>109.0</ele>
      </trkpt>
      <trkpt lat="45.508143" lon="10.519752">
        <ele>109.0</ele>
      </trkpt>
      <trkpt lat="45.508068" lon="10.519648">
        <ele>110.0</ele>
      </trkpt>
      <trkpt lat="45.508035" lon="10.519512">
        <ele>110.0</ele>
      </trkpt>
      <trkpt lat="45.50801" lon="10.519362">
        <ele>110.0</ele>
      </trkpt>
      <trkpt lat="45.50794" lon="10.51925">
        <ele>110.0</ele>
      </trkpt>
      <trkpt lat="45.507877" lon="10.519154">
        <ele>110.0</ele>
      </trkpt>
      <trkpt lat="45.507808" lon="10.519051">
        <ele>110.0</ele>
      </trkpt>
      <trkpt lat="45.50773" lon="10.518951">
        <ele>110.0</ele>
      </trkpt>
      <trkpt lat="45.50767" lon="10.518852">
        <ele>108.0</ele>
      </trkpt>
      <trkpt lat="45.507618" lon="10.518716">
        <ele>107.0</ele>
      </trkpt>
      <trkpt lat="45.507549" lon="10.518631">
        <ele>105.0</ele>
      </trkpt>
      <trkpt lat="45.507481" lon="10.518514">
        <ele>104.0</ele>
      </trkpt>
      <trkpt lat="45.507433" lon="10.518403">
        <ele>104.0</ele>
      </trkpt>
      <trkpt lat="45.507374" lon="10.518287">
        <ele>105.0</ele>
      </trkpt>
      <trkpt lat="45.507303" lon="10.518169">
        <ele>105.0</ele>
      </trkpt>
      <trkpt lat="45.50724" lon="10.518069">
        <ele>107.0</ele>
      </trkpt>
      <trkpt lat="45.507162" lon="10.517988">
        <ele>108.0</ele>
      </trkpt>
      <trkpt lat="45.507066" lon="10.517906">
        <ele>109.0</ele>
      </trkpt>
      <trkpt lat="45.507003" lon="10.517806">
        <ele>110.0</ele>
      </trkpt>
      <trkpt lat="45.506941" lon="10.517709">
        <ele>110.0</ele>
      </trkpt>
      <trkpt lat="45.506877" lon="10.517614">
        <ele>112.0</ele>
      </trkpt>
      <trkpt lat="45.506816" lon="10.517501">
        <ele>112.0</ele>
      </trkpt>
      <trkpt lat="45.506757" lon="10.517386">
        <ele>112.0</ele>
      </trkpt>
      <trkpt lat="45.506688" lon="10.517278">
        <ele>111.0</ele>
      </trkpt>
      <trkpt lat="45.506608" lon="10.517212">
        <ele>111.0</ele>
      </trkpt>
      <trkpt lat="45.506535" lon="10.517128">
        <ele>112.0</ele>
      </trkpt>
      <trkpt lat="45.50645" lon="10.517037">
        <ele>112.0</ele>
      </trkpt>
      <trkpt lat="45.506391" lon="10.516929">
        <ele>112.0</ele>
      </trkpt>
      <trkpt lat="45.506362" lon="10.516794">
        <ele>112.0</ele>
      </trkpt>
      <trkpt lat="45.506281" lon="10.516694">
        <ele>112.0</ele>
      </trkpt>
      <trkpt lat="45.506212" lon="10.516598">
        <ele>112.0</ele>
      </trkpt>
      <trkpt lat="45.506148" lon="10.516506">
        <ele>112.0</ele>
      </trkpt>
      <trkpt lat="45.506079" lon="10.516421">
        <ele>111.0</ele>
      </trkpt>
      <trkpt lat="45.506003" lon="10.516337">
        <ele>111.0</ele>
      </trkpt>
      <trkpt lat="45.505947" lon="10.516225">
        <ele>111.0</ele>
      </trkpt>
      <trkpt lat="45.505861" lon="10.516174">
        <ele>111.0</ele>
      </trkpt>
      <trkpt lat="45.505799" lon="10.51606">
        <ele>112.0</ele>
      </trkpt>
      <trkpt lat="45.505744" lon="10.515958">
        <ele>112.0</ele>
      </trkpt>
      <trkpt lat="45.505658" lon="10.515867">
        <ele>112.0</ele>
      </trkpt>
      <trkpt lat="45.50558" lon="10.515796">
        <ele>112.0</ele>
      </trkpt>
      <trkpt lat="45.505493" lon="10.51573">
        <ele>112.0</ele>
      </trkpt>
      <trkpt lat="45.505402" lon="10.515662">
        <ele>111.0</ele>
      </trkpt>
      <trkpt lat="45.505321" lon="10.515584">
        <ele>110.0</ele>
      </trkpt>
      <trkpt lat="45.505259" lon="10.515471">
        <ele>109.0</ele>
      </trkpt>
      <trkpt lat="45.5052" lon="10.515364">
        <ele>109.0</ele>
      </trkpt>
      <trkpt lat="45.505134" lon="10.515258">
        <ele>108.0</ele>
      </trkpt>
      <trkpt lat="45.505058" lon="10.515164">
        <ele>109.0</ele>
      </trkpt>
      <trkpt lat="45.50498" lon="10.515086">
        <ele>109.0</ele>
      </trkpt>
      <trkpt lat="45.504898" lon="10.515005">
        <ele>109.0</ele>
      </trkpt>
      <trkpt lat="45.504809" lon="10.514937">
        <ele>109.0</ele>
      </trkpt>
      <trkpt lat="45.504739" lon="10.514856">
        <ele>109.0</ele>
      </trkpt>
      <trkpt lat="45.504661" lon="10.514776">
        <ele>110.0</ele>
      </trkpt>
      <trkpt lat="45.504576" lon="10.51469">
        <ele>110.0</ele>
      </trkpt>
      <trkpt lat="45.504485" lon="10.514638">
        <ele>111.0</ele>
      </trkpt>
      <trkpt lat="45.50433" lon="10.514493">
        <ele>112.0</ele>
      </trkpt>
      <trkpt lat="45.504256" lon="10.514399">
        <ele>112.0</ele>
      </trkpt>
      <trkpt lat="45.504162" lon="10.514339">
        <ele>112.0</ele>
      </trkpt>
      <trkpt lat="45.504078" lon="10.514277">
        <ele>112.0</ele>
      </trkpt>
      <trkpt lat="45.504" lon="10.514211">
        <ele>112.0</ele>
      </trkpt>
      <trkpt lat="45.503916" lon="10.51413">
        <ele>112.0</ele>
      </trkpt>
      <trkpt lat="45.503833" lon="10.514009">
        <ele>112.0</ele>
      </trkpt>
      <trkpt lat="45.503696" lon="10.513935">
        <ele>110.0</ele>
      </trkpt>
      <trkpt lat="45.503645" lon="10.51379">
        <ele>110.0</ele>
      </trkpt>
      <trkpt lat="45.503592" lon="10.513678">
        <ele>111.0</ele>
      </trkpt>
      <trkpt lat="45.503509" lon="10.513579">
        <ele>112.0</ele>
      </trkpt>
      <trkpt lat="45.503402" lon="10.513482">
        <ele>112.0</ele>
      </trkpt>
      <trkpt lat="45.503333" lon="10.513385">
        <ele>112.0</ele>
      </trkpt>
      <trkpt lat="45.50325" lon="10.513293">
        <ele>112.0</ele>
      </trkpt>
      <trkpt lat="45.503163" lon="10.513254">
        <ele>112.0</ele>
      </trkpt>
      <trkpt lat="45.503083" lon="10.513178">
        <ele>111.0</ele>
      </trkpt>
      <trkpt lat="45.502984" lon="10.513107">
        <ele>110.0</ele>
      </trkpt>
      <trkpt lat="45.502906" lon="10.513035">
        <ele>109.0</ele>
      </trkpt>
      <trkpt lat="45.502831" lon="10.512943">
        <ele>108.0</ele>
      </trkpt>
      <trkpt lat="45.502759" lon="10.512833">
        <ele>108.0</ele>
      </trkpt>
      <trkpt lat="45.502678" lon="10.512761">
        <ele>108.0</ele>
      </trkpt>
      <trkpt lat="45.5026" lon="10.512667">
        <ele>109.0</ele>
      </trkpt>
      <trkpt lat="45.502517" lon="10.5126">
        <ele>112.0</ele>
      </trkpt>
      <trkpt lat="45.502446" lon="10.512497">
        <ele>112.0</ele>
      </trkpt>
      <trkpt lat="45.502368" lon="10.512362">
        <ele>112.0</ele>
      </trkpt>
      <trkpt lat="45.502247" lon="10.51231">
        <ele>111.0</ele>
      </trkpt>
      <trkpt lat="45.502148" lon="10.512282">
        <ele>109.0</ele>
      </trkpt>
      <trkpt lat="45.502054" lon="10.512183">
        <ele>109.0</ele>
      </trkpt>
      <trkpt lat="45.501941" lon="10.512064">
        <ele>108.0</ele>
      </trkpt>
      <trkpt lat="45.501825" lon="10.51198">
        <ele>108.0</ele>
      </trkpt>
      <trkpt lat="45.501741" lon="10.511894">
        <ele>108.0</ele>
      </trkpt>
      <trkpt lat="45.50166" lon="10.511809">
        <ele>107.0</ele>
      </trkpt>
      <trkpt lat="45.501595" lon="10.511718">
        <ele>107.0</ele>
      </trkpt>
      <trkpt lat="45.501504" lon="10.51163">
        <ele>107.0</ele>
      </trkpt>
      <trkpt lat="45.501413" lon="10.511612">
        <ele>108.0</ele>
      </trkpt>
      <trkpt lat="45.501318" lon="10.511571">
        <ele>109.0</ele>
      </trkpt>
      <trkpt lat="45.501228" lon="10.511545">
        <ele>109.0</ele>
      </trkpt>
      <trkpt lat="45.501134" lon="10.511592">
        <ele>108.0</ele>
      </trkpt>
      <trkpt lat="45.500954" lon="10.511492">
        <ele>110.0</ele>
      </trkpt>
      <trkpt lat="45.500862" lon="10.511395">
        <ele>113.0</ele>
      </trkpt>
      <trkpt lat="45.50077" lon="10.51137">
        <ele>115.0</ele>
      </trkpt>
      <trkpt lat="45.500682" lon="10.511327">
        <ele>115.0</ele>
      </trkpt>
      <trkpt lat="45.500578" lon="10.511216">
        <ele>115.0</ele>
      </trkpt>
      <trkpt lat="45.500502" lon="10.511139">
        <ele>115.0</ele>
      </trkpt>
      <trkpt lat="45.500412" lon="10.511098">
        <ele>115.0</ele>
      </trkpt>
      <trkpt lat="45.500317" lon="10.511052">
        <ele>115.0</ele>
      </trkpt>
      <trkpt lat="45.500227" lon="10.511021">
        <ele>114.0</ele>
      </trkpt>
      <trkpt lat="45.500129" lon="10.510968">
        <ele>114.0</ele>
      </trkpt>
      <trkpt lat="45.500033" lon="10.510951">
        <ele>113.0</ele>
      </trkpt>
      <trkpt lat="45.499944" lon="10.510911">
        <ele>113.0</ele>
      </trkpt>
      <trkpt lat="45.499858" lon="10.510849">
        <ele>112.0</ele>
      </trkpt>
      <trkpt lat="45.499759" lon="10.51083">
        <ele>112.0</ele>
      </trkpt>
      <trkpt lat="45.49964" lon="10.510808">
        <ele>111.0</ele>
      </trkpt>
      <trkpt lat="45.499538" lon="10.51082">
        <ele>111.0</ele>
      </trkpt>
      <trkpt lat="45.499439" lon="10.510799">
        <ele>111.0</ele>
      </trkpt>
      <trkpt lat="45.499344" lon="10.51078">
        <ele>111.0</ele>
      </trkpt>
      <trkpt lat="45.499219" lon="10.510785">
        <ele>110.0</ele>
      </trkpt>
      <trkpt lat="45.49912" lon="10.510801">
        <ele>111.0</ele>
      </trkpt>
      <trkpt lat="45.499029" lon="10.510818">
        <ele>111.0</ele>
      </trkpt>
      <trkpt lat="45.498956" lon="10.510622">
        <ele>111.0</ele>
      </trkpt>
      <trkpt lat="45.498974" lon="10.510492">
        <ele>112.0</ele>
      </trkpt>
      <trkpt lat="45.498976" lon="10.510344">
        <ele>112.0</ele>
      </trkpt>
      <trkpt lat="45.498987" lon="10.510208">
        <ele>112.0</ele>
      </trkpt>
      <trkpt lat="45.49902" lon="10.510073">
        <ele>114.0</ele>
      </trkpt>
      <trkpt lat="45.499021" lon="10.509926">
        <ele>115.0</ele>
      </trkpt>
      <trkpt lat="45.499014" lon="10.509795">
        <ele>115.0</ele>
      </trkpt>
      <trkpt lat="45.498972" lon="10.509663">
        <ele>116.0</ele>
      </trkpt>
      <trkpt lat="45.498996" lon="10.5095">
        <ele>116.0</ele>
      </trkpt>
      <trkpt lat="45.498873" lon="10.509316">
        <ele>120.0</ele>
      </trkpt>
      <trkpt lat="45.498774" lon="10.509268">
        <ele>121.0</ele>
      </trkpt>
      <trkpt lat="45.498671" lon="10.509241">
        <ele>121.0</ele>
      </trkpt>
      <trkpt lat="45.49856" lon="10.50919">
        <ele>122.0</ele>
      </trkpt>
      <trkpt lat="45.498467" lon="10.50918">
        <ele>122.0</ele>
      </trkpt>
      <trkpt lat="45.498373" lon="10.509166">
        <ele>123.0</ele>
      </trkpt>
      <trkpt lat="45.498281" lon="10.509173">
        <ele>123.0</ele>
      </trkpt>
      <trkpt lat="45.498182" lon="10.509174">
        <ele>124.0</ele>
      </trkpt>
      <trkpt lat="45.498079" lon="10.509165">
        <ele>124.0</ele>
      </trkpt>
      <trkpt lat="45.497981" lon="10.509155">
        <ele>125.0</ele>
      </trkpt>
      <trkpt lat="45.497893" lon="10.509207">
        <ele>125.0</ele>
      </trkpt>
      <trkpt lat="45.49782" lon="10.509308">
        <ele>125.0</ele>
      </trkpt>
      <trkpt lat="45.497728" lon="10.509295">
        <ele>126.0</ele>
      </trkpt>
      <trkpt lat="45.497637" lon="10.509253">
        <ele>126.0</ele>
      </trkpt>
      <trkpt lat="45.497548" lon="10.509219">
        <ele>127.0</ele>
      </trkpt>
      <trkpt lat="45.497453" lon="10.50926">
        <ele>127.0</ele>
      </trkpt>
      <trkpt lat="45.497382" lon="10.509339">
        <ele>126.0</ele>
      </trkpt>
      <trkpt lat="45.497279" lon="10.509363">
        <ele>124.0</ele>
      </trkpt>
      <trkpt lat="45.497181" lon="10.509392">
        <ele>124.0</ele>
      </trkpt>
      <trkpt lat="45.497089" lon="10.509433">
        <ele>124.0</ele>
      </trkpt>
      <trkpt lat="45.496995" lon="10.509476">
        <ele>124.0</ele>
      </trkpt>
      <trkpt lat="45.496899" lon="10.509527">
        <ele>125.0</ele>
      </trkpt>
      <trkpt lat="45.496802" lon="10.509573">
        <ele>125.0</ele>
      </trkpt>
      <trkpt lat="45.496712" lon="10.509624">
        <ele>126.0</ele>
      </trkpt>
      <trkpt lat="45.496616" lon="10.509661">
        <ele>127.0</ele>
      </trkpt>
      <trkpt lat="45.496538" lon="10.509745">
        <ele>127.0</ele>
      </trkpt>
      <trkpt lat="45.496469" lon="10.509835">
        <ele>127.0</ele>
      </trkpt>
      <trkpt lat="45.496405" lon="10.509936">
        <ele>127.0</ele>
      </trkpt>
      <trkpt lat="45.496328" lon="10.510022">
        <ele>128.0</ele>
      </trkpt>
      <trkpt lat="45.496234" lon="10.510073">
        <ele>128.0</ele>
      </trkpt>
      <trkpt lat="45.496133" lon="10.510102">
        <ele>127.0</ele>
      </trkpt>
      <trkpt lat="45.496048" lon="10.51015">
        <ele>126.0</ele>
      </trkpt>
      <trkpt lat="45.495962" lon="10.510215">
        <ele>126.0</ele>
      </trkpt>
      <trkpt lat="45.495879" lon="10.510299">
        <ele>125.0</ele>
      </trkpt>
      <trkpt lat="45.495787" lon="10.510366">
        <ele>124.0</ele>
      </trkpt>
      <trkpt lat="45.495707" lon="10.510438">
        <ele>124.0</ele>
      </trkpt>
      <trkpt lat="45.495617" lon="10.510487">
        <ele>123.0</ele>
      </trkpt>
      <trkpt lat="45.495545" lon="10.510585">
        <ele>122.0</ele>
      </trkpt>
      <trkpt lat="45.495486" lon="10.51069">
        <ele>121.0</ele>
      </trkpt>
      <trkpt lat="45.495391" lon="10.510701">
        <ele>121.0</ele>
      </trkpt>
      <trkpt lat="45.495306" lon="10.51053">
        <ele>123.0</ele>
      </trkpt>
      <trkpt lat="45.495207" lon="10.510585">
        <ele>123.0</ele>
      </trkpt>
      <trkpt lat="45.495144" lon="10.510682">
        <ele>122.0</ele>
      </trkpt>
      <trkpt lat="45.495056" lon="10.510745">
        <ele>122.0</ele>
      </trkpt>
      <trkpt lat="45.494962" lon="10.510809">
        <ele>121.0</ele>
      </trkpt>
      <trkpt lat="45.494874" lon="10.510879">
        <ele>121.0</ele>
      </trkpt>
      <trkpt lat="45.494793" lon="10.510972">
        <ele>121.0</ele>
      </trkpt>
      <trkpt lat="45.494721" lon="10.511068">
        <ele>121.0</ele>
      </trkpt>
      <trkpt lat="45.494635" lon="10.511144">
        <ele>121.0</ele>
      </trkpt>
      <trkpt lat="45.494549" lon="10.511204">
        <ele>121.0</ele>
      </trkpt>
      <trkpt lat="45.494464" lon="10.511266">
        <ele>120.0</ele>
      </trkpt>
      <trkpt lat="45.494364" lon="10.511308">
        <ele>120.0</ele>
      </trkpt>
      <trkpt lat="45.494272" lon="10.511355">
        <ele>119.0</ele>
      </trkpt>
      <trkpt lat="45.494186" lon="10.511403">
        <ele>119.0</ele>
      </trkpt>
      <trkpt lat="45.494097" lon="10.511478">
        <ele>119.0</ele>
      </trkpt>
      <trkpt lat="45.494006" lon="10.51154">
        <ele>119.0</ele>
      </trkpt>
      <trkpt lat="45.493923" lon="10.511618">
        <ele>119.0</ele>
      </trkpt>
      <trkpt lat="45.493839" lon="10.511677">
        <ele>119.0</ele>
      </trkpt>
      <trkpt lat="45.493753" lon="10.51172">
        <ele>119.0</ele>
      </trkpt>
      <trkpt lat="45.493665" lon="10.511802">
        <ele>119.0</ele>
      </trkpt>
      <trkpt lat="45.493569" lon="10.511868">
        <ele>119.0</ele>
      </trkpt>
      <trkpt lat="45.493474" lon="10.511921">
        <ele>119.0</ele>
      </trkpt>
      <trkpt lat="45.493379" lon="10.511983">
        <ele>119.0</ele>
      </trkpt>
      <trkpt lat="45.493286" lon="10.512007">
        <ele>118.0</ele>
      </trkpt>
      <trkpt lat="45.493197" lon="10.512043">
        <ele>118.0</ele>
      </trkpt>
      <trkpt lat="45.493112" lon="10.512087">
        <ele>118.0</ele>
      </trkpt>
      <trkpt lat="45.493048" lon="10.512185">
        <ele>117.0</ele>
      </trkpt>
      <trkpt lat="45.492962" lon="10.512262">
        <ele>117.0</ele>
      </trkpt>
      <trkpt lat="45.492877" lon="10.512308">
        <ele>117.0</ele>
      </trkpt>
      <trkpt lat="45.492779" lon="10.512357">
        <ele>116.0</ele>
      </trkpt>
      <trkpt lat="45.492714" lon="10.512446">
        <ele>116.0</ele>
      </trkpt>
      <trkpt lat="45.492741" lon="10.512573">
        <ele>118.0</ele>
      </trkpt>
      <trkpt lat="45.492751" lon="10.51271">
        <ele>119.0</ele>
      </trkpt>
      <trkpt lat="45.492664" lon="10.512779">
        <ele>120.0</ele>
      </trkpt>
      <trkpt lat="45.492572" lon="10.51282">
        <ele>120.0</ele>
      </trkpt>
      <trkpt lat="45.49249" lon="10.512894">
        <ele>119.0</ele>
      </trkpt>
      <trkpt lat="45.492398" lon="10.512921">
        <ele>120.0</ele>
      </trkpt>
      <trkpt lat="45.492309" lon="10.512981">
        <ele>120.0</ele>
      </trkpt>
      <trkpt lat="45.492244" lon="10.51307">
        <ele>119.0</ele>
      </trkpt>
      <trkpt lat="45.492169" lon="10.513153">
        <ele>119.0</ele>
      </trkpt>
      <trkpt lat="45.492091" lon="10.513227">
        <ele>119.0</ele>
      </trkpt>
      <trkpt lat="45.491985" lon="10.513354">
        <ele>118.0</ele>
      </trkpt>
      <trkpt lat="45.49191" lon="10.513438">
        <ele>117.0</ele>
      </trkpt>
      <trkpt lat="45.491834" lon="10.513538">
        <ele>117.0</ele>
      </trkpt>
      <trkpt lat="45.491755" lon="10.513655">
        <ele>117.0</ele>
      </trkpt>
      <trkpt lat="45.491665" lon="10.513721">
        <ele>118.0</ele>
      </trkpt>
      <trkpt lat="45.491538" lon="10.513924">
        <ele>120.0</ele>
      </trkpt>
      <trkpt lat="45.491492" lon="10.514055">
        <ele>120.0</ele>
      </trkpt>
      <trkpt lat="45.491445" lon="10.514169">
        <ele>120.0</ele>
      </trkpt>
      <trkpt lat="45.491386" lon="10.514271">
        <ele>120.0</ele>
      </trkpt>
      <trkpt lat="45.491331" lon="10.514396">
        <ele>120.0</ele>
      </trkpt>
      <trkpt lat="45.491315" lon="10.514534">
        <ele>120.0</ele>
      </trkpt>
      <trkpt lat="45.491216" lon="10.514645">
        <ele>117.0</ele>
      </trkpt>
      <trkpt lat="45.491116" lon="10.514822">
        <ele>117.0</ele>
      </trkpt>
      <trkpt lat="45.491035" lon="10.51503">
        <ele>117.0</ele>
      </trkpt>
      <trkpt lat="45.490953" lon="10.515119">
        <ele>116.0</ele>
      </trkpt>
      <trkpt lat="45.490821" lon="10.515311">
        <ele>115.0</ele>
      </trkpt>
      <trkpt lat="45.490778" lon="10.51544">
        <ele>114.0</ele>
      </trkpt>
      <trkpt lat="45.490733" lon="10.515554">
        <ele>114.0</ele>
      </trkpt>
      <trkpt lat="45.490696" lon="10.515677">
        <ele>113.0</ele>
      </trkpt>
      <trkpt lat="45.490638" lon="10.515778">
        <ele>113.0</ele>
      </trkpt>
      <trkpt lat="45.490584" lon="10.515912">
        <ele>113.0</ele>
      </trkpt>
      <trkpt lat="45.490541" lon="10.516028">
        <ele>113.0</ele>
      </trkpt>
      <trkpt lat="45.490485" lon="10.516142">
        <ele>112.0</ele>
      </trkpt>
      <trkpt lat="45.490435" lon="10.516258">
        <ele>110.0</ele>
      </trkpt>
      <trkpt lat="45.490379" lon="10.516365">
        <ele>110.0</ele>
      </trkpt>
      <trkpt lat="45.490321" lon="10.51648">
        <ele>110.0</ele>
      </trkpt>
      <trkpt lat="45.490259" lon="10.516576">
        <ele>111.0</ele>
      </trkpt>
      <trkpt lat="45.490217" lon="10.516694">
        <ele>111.0</ele>
      </trkpt>
      <trkpt lat="45.490175" lon="10.516808">
        <ele>111.0</ele>
      </trkpt>
      <trkpt lat="45.49012" lon="10.516921">
        <ele>110.0</ele>
      </trkpt>
      <trkpt lat="45.490079" lon="10.517077">
        <ele>111.0</ele>
      </trkpt>
      <trkpt lat="45.490027" lon="10.517204">
        <ele>112.0</ele>
      </trkpt>
      <trkpt lat="45.489936" lon="10.517306">
        <ele>113.0</ele>
      </trkpt>
      <trkpt lat="45.489866" lon="10.517389">
        <ele>113.0</ele>
      </trkpt>
      <trkpt lat="45.489813" lon="10.517505">
        <ele>113.0</ele>
      </trkpt>
      <trkpt lat="45.489741" lon="10.51761">
        <ele>113.0</ele>
      </trkpt>
      <trkpt lat="45.489681" lon="10.517716">
        <ele>113.0</ele>
      </trkpt>
      <trkpt lat="45.489617" lon="10.517809">
        <ele>114.0</ele>
      </trkpt>
      <trkpt lat="45.489545" lon="10.518042">
        <ele>115.0</ele>
      </trkpt>
      <trkpt lat="45.489495" lon="10.518157">
        <ele>115.0</ele>
      </trkpt>
      <trkpt lat="45.489452" lon="10.518287">
        <ele>114.0</ele>
      </trkpt>
      <trkpt lat="45.489389" lon="10.518404">
        <ele>114.0</ele>
      </trkpt>
      <trkpt lat="45.489328" lon="10.518504">
        <ele>114.0</ele>
      </trkpt>
      <trkpt lat="45.489285" lon="10.518621">
        <ele>114.0</ele>
      </trkpt>
      <trkpt lat="45.489242" lon="10.518734">
        <ele>114.0</ele>
      </trkpt>
      <trkpt lat="45.489169" lon="10.518838">
        <ele>114.0</ele>
      </trkpt>
      <trkpt lat="45.489104" lon="10.518931">
        <ele>114.0</ele>
      </trkpt>
      <trkpt lat="45.489041" lon="10.51904">
        <ele>114.0</ele>
      </trkpt>
      <trkpt lat="45.488979" lon="10.519162">
        <ele>114.0</ele>
      </trkpt>
      <trkpt lat="45.488931" lon="10.519281">
        <ele>113.0</ele>
      </trkpt>
      <trkpt lat="45.488884" lon="10.519401">
        <ele>113.0</ele>
      </trkpt>
      <trkpt lat="45.488823" lon="10.519499">
        <ele>113.0</ele>
      </trkpt>
      <trkpt lat="45.488754" lon="10.519608">
        <ele>114.0</ele>
      </trkpt>
      <trkpt lat="45.488676" lon="10.519689">
        <ele>115.0</ele>
      </trkpt>
      <trkpt lat="45.488631" lon="10.519823">
        <ele>115.0</ele>
      </trkpt>
      <trkpt lat="45.488578" lon="10.519947">
        <ele>115.0</ele>
      </trkpt>
      <trkpt lat="45.488553" lon="10.520089">
        <ele>115.0</ele>
      </trkpt>
      <trkpt lat="45.488484" lon="10.520189">
        <ele>114.0</ele>
      </trkpt>
      <trkpt lat="45.488424" lon="10.520295">
        <ele>112.0</ele>
      </trkpt>
      <trkpt lat="45.488359" lon="10.520403">
        <ele>112.0</ele>
      </trkpt>
      <trkpt lat="45.488288" lon="10.520513">
        <ele>112.0</ele>
      </trkpt>
      <trkpt lat="45.488202" lon="10.520645">
        <ele>113.0</ele>
      </trkpt>
      <trkpt lat="45.48816" lon="10.520763">
        <ele>114.0</ele>
      </trkpt>
      <trkpt lat="45.488104" lon="10.520877">
        <ele>114.0</ele>
      </trkpt>
      <trkpt lat="45.488046" lon="10.52103">
        <ele>114.0</ele>
      </trkpt>
      <trkpt lat="45.487981" lon="10.521136">
        <ele>113.0</ele>
      </trkpt>
      <trkpt lat="45.487899" lon="10.521239">
        <ele>113.0</ele>
      </trkpt>
      <trkpt lat="45.487858" lon="10.521373">
        <ele>113.0</ele>
      </trkpt>
      <trkpt lat="45.487826" lon="10.521498">
        <ele>114.0</ele>
      </trkpt>
      <trkpt lat="45.487798" lon="10.521622">
        <ele>114.0</ele>
      </trkpt>
      <trkpt lat="45.487736" lon="10.521722">
        <ele>114.0</ele>
      </trkpt>
      <trkpt lat="45.487703" lon="10.521852">
        <ele>115.0</ele>
      </trkpt>
      <trkpt lat="45.487683" lon="10.521981">
        <ele>115.0</ele>
      </trkpt>
      <trkpt lat="45.487665" lon="10.522111">
        <ele>115.0</ele>
      </trkpt>
      <trkpt lat="45.487634" lon="10.52225">
        <ele>116.0</ele>
      </trkpt>
      <trkpt lat="45.487634" lon="10.522386">
        <ele>116.0</ele>
      </trkpt>
      <trkpt lat="45.487625" lon="10.522518">
        <ele>116.0</ele>
      </trkpt>
      <trkpt lat="45.48763" lon="10.522798">
        <ele>118.0</ele>
      </trkpt>
      <trkpt lat="45.487634" lon="10.522973">
        <ele>118.0</ele>
      </trkpt>
      <trkpt lat="45.487634" lon="10.523145">
        <ele>119.0</ele>
      </trkpt>
      <trkpt lat="45.487631" lon="10.52333">
        <ele>120.0</ele>
      </trkpt>
      <trkpt lat="45.487618" lon="10.523498">
        <ele>121.0</ele>
      </trkpt>
      <trkpt lat="45.487605" lon="10.523632">
        <ele>123.0</ele>
      </trkpt>
      <trkpt lat="45.487628" lon="10.523784">
        <ele>123.0</ele>
      </trkpt>
      <trkpt lat="45.48771" lon="10.523961">
        <ele>123.0</ele>
      </trkpt>
      <trkpt lat="45.487722" lon="10.5241">
        <ele>123.0</ele>
      </trkpt>
      <trkpt lat="45.487728" lon="10.52423">
        <ele>125.0</ele>
      </trkpt>
      <trkpt lat="45.487776" lon="10.524352">
        <ele>126.0</ele>
      </trkpt>
      <trkpt lat="45.487785" lon="10.524483">
        <ele>127.0</ele>
      </trkpt>
      <trkpt lat="45.487807" lon="10.524636">
        <ele>128.0</ele>
      </trkpt>
      <trkpt lat="45.487832" lon="10.524798">
        <ele>127.0</ele>
      </trkpt>
      <trkpt lat="45.487848" lon="10.524927">
        <ele>126.0</ele>
      </trkpt>
      <trkpt lat="45.487907" lon="10.525173">
        <ele>126.0</ele>
      </trkpt>
      <trkpt lat="45.487928" lon="10.525298">
        <ele>125.0</ele>
      </trkpt>
      <trkpt lat="45.487913" lon="10.525434">
        <ele>126.0</ele>
      </trkpt>
      <trkpt lat="45.487929" lon="10.525563">
        <ele>126.0</ele>
      </trkpt>
      <trkpt lat="45.487975" lon="10.525694">
        <ele>126.0</ele>
      </trkpt>
      <trkpt lat="45.488009" lon="10.525816">
        <ele>126.0</ele>
      </trkpt>
      <trkpt lat="45.488007" lon="10.525947">
        <ele>127.0</ele>
      </trkpt>
      <trkpt lat="45.487986" lon="10.52608">
        <ele>128.0</ele>
      </trkpt>
      <trkpt lat="45.488014" lon="10.526205">
        <ele>128.0</ele>
      </trkpt>
      <trkpt lat="45.488044" lon="10.526327">
        <ele>129.0</ele>
      </trkpt>
      <trkpt lat="45.488062" lon="10.52646">
        <ele>130.0</ele>
      </trkpt>
      <trkpt lat="45.48811" lon="10.526592">
        <ele>130.0</ele>
      </trkpt>
      <trkpt lat="45.488124" lon="10.526728">
        <ele>131.0</ele>
      </trkpt>
      <trkpt lat="45.488154" lon="10.526864">
        <ele>130.0</ele>
      </trkpt>
      <trkpt lat="45.488188" lon="10.526984">
        <ele>130.0</ele>
      </trkpt>
      <trkpt lat="45.488206" lon="10.527114">
        <ele>130.0</ele>
      </trkpt>
      <trkpt lat="45.488211" lon="10.52725">
        <ele>131.0</ele>
      </trkpt>
      <trkpt lat="45.48823" lon="10.527393">
        <ele>132.0</ele>
      </trkpt>
      <trkpt lat="45.488263" lon="10.527522">
        <ele>133.0</ele>
      </trkpt>
      <trkpt lat="45.488274" lon="10.527666">
        <ele>132.0</ele>
      </trkpt>
      <trkpt lat="45.488297" lon="10.527797">
        <ele>133.0</ele>
      </trkpt>
      <trkpt lat="45.488323" lon="10.527938">
        <ele>133.0</ele>
      </trkpt>
      <trkpt lat="45.488357" lon="10.528076">
        <ele>134.0</ele>
      </trkpt>
      <trkpt lat="45.488363" lon="10.52821">
        <ele>134.0</ele>
      </trkpt>
      <trkpt lat="45.488399" lon="10.528335">
        <ele>135.0</ele>
      </trkpt>
      <trkpt lat="45.48843" lon="10.528469">
        <ele>134.0</ele>
      </trkpt>
      <trkpt lat="45.488455" lon="10.528605">
        <ele>133.0</ele>
      </trkpt>
      <trkpt lat="45.488467" lon="10.528746">
        <ele>133.0</ele>
      </trkpt>
      <trkpt lat="45.488483" lon="10.528907">
        <ele>133.0</ele>
      </trkpt>
      <trkpt lat="45.488481" lon="10.529054">
        <ele>134.0</ele>
      </trkpt>
      <trkpt lat="45.488496" lon="10.529186">
        <ele>136.0</ele>
      </trkpt>
      <trkpt lat="45.488491" lon="10.529334">
        <ele>136.0</ele>
      </trkpt>
      <trkpt lat="45.488515" lon="10.529477">
        <ele>136.0</ele>
      </trkpt>
      <trkpt lat="45.488497" lon="10.52962">
        <ele>136.0</ele>
      </trkpt>
      <trkpt lat="45.488508" lon="10.529761">
        <ele>136.0</ele>
      </trkpt>
      <trkpt lat="45.488528" lon="10.529901">
        <ele>136.0</ele>
      </trkpt>
      <trkpt lat="45.488522" lon="10.530033">
        <ele>136.0</ele>
      </trkpt>
      <trkpt lat="45.488495" lon="10.530162">
        <ele>136.0</ele>
      </trkpt>
      <trkpt lat="45.48853" lon="10.530287">
        <ele>135.0</ele>
      </trkpt>
      <trkpt lat="45.488575" lon="10.530418">
        <ele>134.0</ele>
      </trkpt>
      <trkpt lat="45.488555" lon="10.530554">
        <ele>133.0</ele>
      </trkpt>
      <trkpt lat="45.488514" lon="10.530725">
        <ele>132.0</ele>
      </trkpt>
      <trkpt lat="45.488497" lon="10.530866">
        <ele>132.0</ele>
      </trkpt>
      <trkpt lat="45.488485" lon="10.531025">
        <ele>132.0</ele>
      </trkpt>
      <trkpt lat="45.488418" lon="10.531138">
        <ele>132.0</ele>
      </trkpt>
      <trkpt lat="45.488379" lon="10.531291">
        <ele>133.0</ele>
      </trkpt>
      <trkpt lat="45.48834" lon="10.531422">
        <ele>134.0</ele>
      </trkpt>
      <trkpt lat="45.488309" lon="10.531682">
        <ele>135.0</ele>
      </trkpt>
      <trkpt lat="45.488288" lon="10.531819">
        <ele>134.0</ele>
      </trkpt>
      <trkpt lat="45.488255" lon="10.531947">
        <ele>133.0</ele>
      </trkpt>
      <trkpt lat="45.488217" lon="10.532065">
        <ele>133.0</ele>
      </trkpt>
      <trkpt lat="45.48818" lon="10.532191">
        <ele>134.0</ele>
      </trkpt>
      <trkpt lat="45.488176" lon="10.532326">
        <ele>134.0</ele>
      </trkpt>
      <trkpt lat="45.488184" lon="10.532463">
        <ele>135.0</ele>
      </trkpt>
      <trkpt lat="45.488175" lon="10.532599">
        <ele>135.0</ele>
      </trkpt>
      <trkpt lat="45.48814" lon="10.53273">
        <ele>135.0</ele>
      </trkpt>
      <trkpt lat="45.488112" lon="10.532853">
        <ele>134.0</ele>
      </trkpt>
      <trkpt lat="45.488117" lon="10.533022">
        <ele>133.0</ele>
      </trkpt>
      <trkpt lat="45.488107" lon="10.533156">
        <ele>133.0</ele>
      </trkpt>
      <trkpt lat="45.488055" lon="10.533287">
        <ele>132.0</ele>
      </trkpt>
      <trkpt lat="45.488033" lon="10.533423">
        <ele>132.0</ele>
      </trkpt>
      <trkpt lat="45.487994" lon="10.533558">
        <ele>132.0</ele>
      </trkpt>
      <trkpt lat="45.487952" lon="10.533685">
        <ele>132.0</ele>
      </trkpt>
      <trkpt lat="45.487923" lon="10.533813">
        <ele>132.0</ele>
      </trkpt>
      <trkpt lat="45.487919" lon="10.533959">
        <ele>132.0</ele>
      </trkpt>
      <trkpt lat="45.487929" lon="10.534088">
        <ele>132.0</ele>
      </trkpt>
      <trkpt lat="45.487905" lon="10.534217">
        <ele>132.0</ele>
      </trkpt>
      <trkpt lat="45.487881" lon="10.534341">
        <ele>132.0</ele>
      </trkpt>
      <trkpt lat="45.487816" lon="10.534585">
        <ele>131.0</ele>
      </trkpt>
      <trkpt lat="45.48778" lon="10.534718">
        <ele>130.0</ele>
      </trkpt>
      <trkpt lat="45.48772" lon="10.534834">
        <ele>130.0</ele>
      </trkpt>
      <trkpt lat="45.487688" lon="10.534959">
        <ele>129.0</ele>
      </trkpt>
      <trkpt lat="45.487638" lon="10.535124">
        <ele>128.0</ele>
      </trkpt>
      <trkpt lat="45.487592" lon="10.535239">
        <ele>127.0</ele>
      </trkpt>
      <trkpt lat="45.487534" lon="10.535345">
        <ele>126.0</ele>
      </trkpt>
      <trkpt lat="45.487481" lon="10.535458">
        <ele>125.0</ele>
      </trkpt>
      <trkpt lat="45.487415" lon="10.535547">
        <ele>124.0</ele>
      </trkpt>
      <trkpt lat="45.487343" lon="10.535644">
        <ele>124.0</ele>
      </trkpt>
      <trkpt lat="45.487274" lon="10.535756">
        <ele>124.0</ele>
      </trkpt>
      <trkpt lat="45.487219" lon="10.535862">
        <ele>123.0</ele>
      </trkpt>
      <trkpt lat="45.487157" lon="10.536008">
        <ele>122.0</ele>
      </trkpt>
      <trkpt lat="45.487088" lon="10.53611">
        <ele>121.0</ele>
      </trkpt>
      <trkpt lat="45.487022" lon="10.536201">
        <ele>122.0</ele>
      </trkpt>
      <trkpt lat="45.486959" lon="10.536313">
        <ele>122.0</ele>
      </trkpt>
      <trkpt lat="45.486896" lon="10.536409">
        <ele>123.0</ele>
      </trkpt>
      <trkpt lat="45.486831" lon="10.536525">
        <ele>123.0</ele>
      </trkpt>
      <trkpt lat="45.486775" lon="10.536632">
        <ele>124.0</ele>
      </trkpt>
      <trkpt lat="45.486712" lon="10.536724">
        <ele>124.0</ele>
      </trkpt>
      <trkpt lat="45.486651" lon="10.536844">
        <ele>124.0</ele>
      </trkpt>
      <trkpt lat="45.486578" lon="10.536929">
        <ele>124.0</ele>
      </trkpt>
      <trkpt lat="45.486524" lon="10.537033">
        <ele>124.0</ele>
      </trkpt>
      <trkpt lat="45.486473" lon="10.53714">
        <ele>125.0</ele>
      </trkpt>
      <trkpt lat="45.48642" lon="10.537249">
        <ele>126.0</ele>
      </trkpt>
      <trkpt lat="45.486374" lon="10.537362">
        <ele>127.0</ele>
      </trkpt>
      <trkpt lat="45.486332" lon="10.537488">
        <ele>126.0</ele>
      </trkpt>
      <trkpt lat="45.486297" lon="10.537613">
        <ele>124.0</ele>
      </trkpt>
      <trkpt lat="45.486251" lon="10.53773">
        <ele>124.0</ele>
      </trkpt>
      <trkpt lat="45.486203" lon="10.537847">
        <ele>124.0</ele>
      </trkpt>
      <trkpt lat="45.486121" lon="10.537911">
        <ele>123.0</ele>
      </trkpt>
      <trkpt lat="45.486035" lon="10.53801">
        <ele>123.0</ele>
      </trkpt>
      <trkpt lat="45.485985" lon="10.538118">
        <ele>122.0</ele>
      </trkpt>
      <trkpt lat="45.485907" lon="10.538201">
        <ele>122.0</ele>
      </trkpt>
      <trkpt lat="45.485809" lon="10.538236">
        <ele>122.0</ele>
      </trkpt>
      <trkpt lat="45.485715" lon="10.538256">
        <ele>121.0</ele>
      </trkpt>
      <trkpt lat="45.485622" lon="10.538307">
        <ele>120.0</ele>
      </trkpt>
      <trkpt lat="45.485533" lon="10.538343">
        <ele>120.0</ele>
      </trkpt>
      <trkpt lat="45.485451" lon="10.538404">
        <ele>119.0</ele>
      </trkpt>
      <trkpt lat="45.485354" lon="10.538448">
        <ele>119.0</ele>
      </trkpt>
      <trkpt lat="45.485251" lon="10.538437">
        <ele>120.0</ele>
      </trkpt>
      <trkpt lat="45.485136" lon="10.538414">
        <ele>120.0</ele>
      </trkpt>
      <trkpt lat="45.485032" lon="10.538415">
        <ele>121.0</ele>
      </trkpt>
      <trkpt lat="45.484935" lon="10.538439">
        <ele>120.0</ele>
      </trkpt>
      <trkpt lat="45.484838" lon="10.538448">
        <ele>120.0</ele>
      </trkpt>
      <trkpt lat="45.484746" lon="10.538463">
        <ele>120.0</ele>
      </trkpt>
      <trkpt lat="45.484646" lon="10.538497">
        <ele>119.0</ele>
      </trkpt>
      <trkpt lat="45.484533" lon="10.538497">
        <ele>118.0</ele>
      </trkpt>
      <trkpt lat="45.484427" lon="10.538484">
        <ele>117.0</ele>
      </trkpt>
      <trkpt lat="45.484214" lon="10.538452">
        <ele>116.0</ele>
      </trkpt>
      <trkpt lat="45.484116" lon="10.538449">
        <ele>116.0</ele>
      </trkpt>
      <trkpt lat="45.484021" lon="10.538431">
        <ele>115.0</ele>
      </trkpt>
      <trkpt lat="45.483929" lon="10.538408">
        <ele>115.0</ele>
      </trkpt>
      <trkpt lat="45.483829" lon="10.53839">
        <ele>115.0</ele>
      </trkpt>
      <trkpt lat="45.483733" lon="10.538386">
        <ele>116.0</ele>
      </trkpt>
      <trkpt lat="45.483638" lon="10.538381">
        <ele>117.0</ele>
      </trkpt>
      <trkpt lat="45.483538" lon="10.538382">
        <ele>117.0</ele>
      </trkpt>
      <trkpt lat="45.48335" lon="10.538364">
        <ele>118.0</ele>
      </trkpt>
      <trkpt lat="45.483259" lon="10.538364">
        <ele>118.0</ele>
      </trkpt>
      <trkpt lat="45.483168" lon="10.538364">
        <ele>119.0</ele>
      </trkpt>
      <trkpt lat="45.483067" lon="10.538368">
        <ele>119.0</ele>
      </trkpt>
      <trkpt lat="45.482977" lon="10.538388">
        <ele>120.0</ele>
      </trkpt>
      <trkpt lat="45.48288" lon="10.538391">
        <ele>120.0</ele>
      </trkpt>
      <trkpt lat="45.482778" lon="10.538389">
        <ele>120.0</ele>
      </trkpt>
      <trkpt lat="45.482686" lon="10.538401">
        <ele>120.0</ele>
      </trkpt>
      <trkpt lat="45.482591" lon="10.538381">
        <ele>120.0</ele>
      </trkpt>
      <trkpt lat="45.4825" lon="10.538364">
        <ele>121.0</ele>
      </trkpt>
      <trkpt lat="45.482409" lon="10.538393">
        <ele>122.0</ele>
      </trkpt>
      <trkpt lat="45.482317" lon="10.538427">
        <ele>121.0</ele>
      </trkpt>
      <trkpt lat="45.482219" lon="10.538437">
        <ele>121.0</ele>
      </trkpt>
      <trkpt lat="45.482125" lon="10.538425">
        <ele>121.0</ele>
      </trkpt>
      <trkpt lat="45.482024" lon="10.538417">
        <ele>121.0</ele>
      </trkpt>
      <trkpt lat="45.481923" lon="10.538421">
        <ele>122.0</ele>
      </trkpt>
      <trkpt lat="45.481833" lon="10.538395">
        <ele>122.0</ele>
      </trkpt>
      <trkpt lat="45.481743" lon="10.53837">
        <ele>124.0</ele>
      </trkpt>
      <trkpt lat="45.481647" lon="10.538381">
        <ele>124.0</ele>
      </trkpt>
      <trkpt lat="45.481546" lon="10.538391">
        <ele>126.0</ele>
      </trkpt>
      <trkpt lat="45.481445" lon="10.538392">
        <ele>126.0</ele>
      </trkpt>
      <trkpt lat="45.48132" lon="10.538369">
        <ele>127.0</ele>
      </trkpt>
      <trkpt lat="45.4812" lon="10.538344">
        <ele>127.0</ele>
      </trkpt>
      <trkpt lat="45.481111" lon="10.538317">
        <ele>128.0</ele>
      </trkpt>
      <trkpt lat="45.481011" lon="10.538314">
        <ele>128.0</ele>
      </trkpt>
      <trkpt lat="45.480922" lon="10.538349">
        <ele>127.0</ele>
      </trkpt>
      <trkpt lat="45.480831" lon="10.538341">
        <ele>126.0</ele>
      </trkpt>
      <trkpt lat="45.480739" lon="10.538356">
        <ele>126.0</ele>
      </trkpt>
      <trkpt lat="45.480635" lon="10.538354">
        <ele>125.0</ele>
      </trkpt>
      <trkpt lat="45.480539" lon="10.538342">
        <ele>125.0</ele>
      </trkpt>
      <trkpt lat="45.480434" lon="10.538336">
        <ele>126.0</ele>
      </trkpt>
      <trkpt lat="45.480329" lon="10.538354">
        <ele>127.0</ele>
      </trkpt>
      <trkpt lat="45.480237" lon="10.538325">
        <ele>127.0</ele>
      </trkpt>
      <trkpt lat="45.480139" lon="10.53831">
        <ele>127.0</ele>
      </trkpt>
      <trkpt lat="45.480049" lon="10.538301">
        <ele>127.0</ele>
      </trkpt>
      <trkpt lat="45.479942" lon="10.538335">
        <ele>127.0</ele>
      </trkpt>
      <trkpt lat="45.479845" lon="10.538356">
        <ele>127.0</ele>
      </trkpt>
      <trkpt lat="45.479747" lon="10.538373">
        <ele>126.0</ele>
      </trkpt>
      <trkpt lat="45.479656" lon="10.538377">
        <ele>125.0</ele>
      </trkpt>
      <trkpt lat="45.479565" lon="10.538371">
        <ele>125.0</ele>
      </trkpt>
      <trkpt lat="45.479462" lon="10.53835">
        <ele>124.0</ele>
      </trkpt>
      <trkpt lat="45.479355" lon="10.538318">
        <ele>123.0</ele>
      </trkpt>
      <trkpt lat="45.479264" lon="10.538335">
        <ele>122.0</ele>
      </trkpt>
      <trkpt lat="45.479153" lon="10.53831">
        <ele>121.0</ele>
      </trkpt>
      <trkpt lat="45.479056" lon="10.538329">
        <ele>120.0</ele>
      </trkpt>
      <trkpt lat="45.478962" lon="10.538314">
        <ele>119.0</ele>
      </trkpt>
      <trkpt lat="45.478862" lon="10.538333">
        <ele>119.0</ele>
      </trkpt>
      <trkpt lat="45.47877" lon="10.538351">
        <ele>119.0</ele>
      </trkpt>
      <trkpt lat="45.47867" lon="10.538366">
        <ele>118.0</ele>
      </trkpt>
      <trkpt lat="45.478575" lon="10.538379">
        <ele>118.0</ele>
      </trkpt>
      <trkpt lat="45.478482" lon="10.53834">
        <ele>119.0</ele>
      </trkpt>
      <trkpt lat="45.478387" lon="10.538346">
        <ele>119.0</ele>
      </trkpt>
      <trkpt lat="45.47829" lon="10.538393">
        <ele>120.0</ele>
      </trkpt>
      <trkpt lat="45.478199" lon="10.538402">
        <ele>120.0</ele>
      </trkpt>
      <trkpt lat="45.478093" lon="10.538406">
        <ele>119.0</ele>
      </trkpt>
      <trkpt lat="45.478003" lon="10.538394">
        <ele>119.0</ele>
      </trkpt>
      <trkpt lat="45.477905" lon="10.5384">
        <ele>119.0</ele>
      </trkpt>
      <trkpt lat="45.477807" lon="10.538389">
        <ele>119.0</ele>
      </trkpt>
      <trkpt lat="45.477707" lon="10.538422">
        <ele>120.0</ele>
      </trkpt>
      <trkpt lat="45.477613" lon="10.538441">
        <ele>120.0</ele>
      </trkpt>
      <trkpt lat="45.477516" lon="10.538442">
        <ele>120.0</ele>
      </trkpt>
      <trkpt lat="45.477428" lon="10.53847">
        <ele>119.0</ele>
      </trkpt>
      <trkpt lat="45.477341" lon="10.538508">
        <ele>118.0</ele>
      </trkpt>
      <trkpt lat="45.47725" lon="10.538505">
        <ele>118.0</ele>
      </trkpt>
      <trkpt lat="45.477161" lon="10.538451">
        <ele>118.0</ele>
      </trkpt>
      <trkpt lat="45.477061" lon="10.53845">
        <ele>119.0</ele>
      </trkpt>
      <trkpt lat="45.476973" lon="10.538494">
        <ele>118.0</ele>
      </trkpt>
      <trkpt lat="45.476878" lon="10.538508">
        <ele>117.0</ele>
      </trkpt>
      <trkpt lat="45.476783" lon="10.538506">
        <ele>117.0</ele>
      </trkpt>
      <trkpt lat="45.476684" lon="10.538478">
        <ele>116.0</ele>
      </trkpt>
      <trkpt lat="45.476585" lon="10.538462">
        <ele>115.0</ele>
      </trkpt>
      <trkpt lat="45.476461" lon="10.538452">
        <ele>115.0</ele>
      </trkpt>
      <trkpt lat="45.476363" lon="10.538392">
        <ele>115.0</ele>
      </trkpt>
      <trkpt lat="45.476247" lon="10.538337">
        <ele>116.0</ele>
      </trkpt>
      <trkpt lat="45.476139" lon="10.538282">
        <ele>117.0</ele>
      </trkpt>
      <trkpt lat="45.476049" lon="10.538267">
        <ele>118.0</ele>
      </trkpt>
      <trkpt lat="45.475958" lon="10.538259">
        <ele>118.0</ele>
      </trkpt>
      <trkpt lat="45.475842" lon="10.538265">
        <ele>117.0</ele>
      </trkpt>
      <trkpt lat="45.475745" lon="10.538244">
        <ele>117.0</ele>
      </trkpt>
      <trkpt lat="45.475651" lon="10.538196">
        <ele>117.0</ele>
      </trkpt>
      <trkpt lat="45.475519" lon="10.538148">
        <ele>117.0</ele>
      </trkpt>
      <trkpt lat="45.475394" lon="10.538144">
        <ele>117.0</ele>
      </trkpt>
      <trkpt lat="45.475303" lon="10.53819">
        <ele>117.0</ele>
      </trkpt>
      <trkpt lat="45.475216" lon="10.538252">
        <ele>117.0</ele>
      </trkpt>
      <trkpt lat="45.475119" lon="10.538285">
        <ele>117.0</ele>
      </trkpt>
      <trkpt lat="45.475022" lon="10.53829">
        <ele>117.0</ele>
      </trkpt>
      <trkpt lat="45.47488" lon="10.538291">
        <ele>117.0</ele>
      </trkpt>
      <trkpt lat="45.474769" lon="10.538311">
        <ele>117.0</ele>
      </trkpt>
      <trkpt lat="45.474653" lon="10.538361">
        <ele>117.0</ele>
      </trkpt>
      <trkpt lat="45.474571" lon="10.538437">
        <ele>117.0</ele>
      </trkpt>
      <trkpt lat="45.474507" lon="10.538534">
        <ele>118.0</ele>
      </trkpt>
      <trkpt lat="45.474436" lon="10.538635">
        <ele>119.0</ele>
      </trkpt>
      <trkpt lat="45.474374" lon="10.538729">
        <ele>119.0</ele>
      </trkpt>
      <trkpt lat="45.474331" lon="10.538856">
        <ele>119.0</ele>
      </trkpt>
      <trkpt lat="45.474296" lon="10.53898">
        <ele>119.0</ele>
      </trkpt>
      <trkpt lat="45.474236" lon="10.539089">
        <ele>118.0</ele>
      </trkpt>
      <trkpt lat="45.474178" lon="10.539192">
        <ele>118.0</ele>
      </trkpt>
      <trkpt lat="45.474107" lon="10.539286">
        <ele>119.0</ele>
      </trkpt>
      <trkpt lat="45.474042" lon="10.539381">
        <ele>119.0</ele>
      </trkpt>
      <trkpt lat="45.473961" lon="10.539447">
        <ele>119.0</ele>
      </trkpt>
      <trkpt lat="45.473883" lon="10.539514">
        <ele>119.0</ele>
      </trkpt>
      <trkpt lat="45.473789" lon="10.539575">
        <ele>118.0</ele>
      </trkpt>
      <trkpt lat="45.473698" lon="10.539647">
        <ele>118.0</ele>
      </trkpt>
      <trkpt lat="45.473599" lon="10.539691">
        <ele>117.0</ele>
      </trkpt>
      <trkpt lat="45.473501" lon="10.5397">
        <ele>117.0</ele>
      </trkpt>
      <trkpt lat="45.473328" lon="10.539776">
        <ele>116.0</ele>
      </trkpt>
      <trkpt lat="45.473242" lon="10.539822">
        <ele>115.0</ele>
      </trkpt>
      <trkpt lat="45.473143" lon="10.539807">
        <ele>115.0</ele>
      </trkpt>
      <trkpt lat="45.473024" lon="10.539847">
        <ele>114.0</ele>
      </trkpt>
      <trkpt lat="45.472932" lon="10.539853">
        <ele>114.0</ele>
      </trkpt>
      <trkpt lat="45.47279" lon="10.539855">
        <ele>114.0</ele>
      </trkpt>
      <trkpt lat="45.472691" lon="10.539873">
        <ele>114.0</ele>
      </trkpt>
      <trkpt lat="45.472606" lon="10.539923">
        <ele>113.0</ele>
      </trkpt>
      <trkpt lat="45.472523" lon="10.539991">
        <ele>113.0</ele>
      </trkpt>
      <trkpt lat="45.472476" lon="10.540102">
        <ele>113.0</ele>
      </trkpt>
      <trkpt lat="45.472409" lon="10.540226">
        <ele>113.0</ele>
      </trkpt>
      <trkpt lat="45.472337" lon="10.540351">
        <ele>113.0</ele>
      </trkpt>
      <trkpt lat="45.47228" lon="10.540452">
        <ele>113.0</ele>
      </trkpt>
      <trkpt lat="45.472181" lon="10.540534">
        <ele>114.0</ele>
      </trkpt>
      <trkpt lat="45.472089" lon="10.540549">
        <ele>115.0</ele>
      </trkpt>
      <trkpt lat="45.472034" lon="10.540696">
        <ele>115.0</ele>
      </trkpt>
      <trkpt lat="45.471965" lon="10.540787">
        <ele>114.0</ele>
      </trkpt>
      <trkpt lat="45.471915" lon="10.540896">
        <ele>114.0</ele>
      </trkpt>
      <trkpt lat="45.471838" lon="10.540983">
        <ele>114.0</ele>
      </trkpt>
      <trkpt lat="45.471718" lon="10.540968">
        <ele>114.0</ele>
      </trkpt>
      <trkpt lat="45.471634" lon="10.540888">
        <ele>115.0</ele>
      </trkpt>
      <trkpt lat="45.471542" lon="10.540942">
        <ele>116.0</ele>
      </trkpt>
      <trkpt lat="45.471482" lon="10.541092">
        <ele>116.0</ele>
      </trkpt>
      <trkpt lat="45.471398" lon="10.54103">
        <ele>116.0</ele>
      </trkpt>
      <trkpt lat="45.471297" lon="10.540952">
        <ele>117.0</ele>
      </trkpt>
      <trkpt lat="45.471198" lon="10.540915">
        <ele>118.0</ele>
      </trkpt>
      <trkpt lat="45.471112" lon="10.540962">
        <ele>118.0</ele>
      </trkpt>
      <trkpt lat="45.471021" lon="10.541012">
        <ele>118.0</ele>
      </trkpt>
      <trkpt lat="45.470921" lon="10.540975">
        <ele>118.0</ele>
      </trkpt>
      <trkpt lat="45.470831" lon="10.540936">
        <ele>119.0</ele>
      </trkpt>
      <trkpt lat="45.470741" lon="10.54093">
        <ele>119.0</ele>
      </trkpt>
      <trkpt lat="45.470659" lon="10.540989">
        <ele>119.0</ele>
      </trkpt>
      <trkpt lat="45.470567" lon="10.541029">
        <ele>119.0</ele>
      </trkpt>
      <trkpt lat="45.470472" lon="10.541053">
        <ele>119.0</ele>
      </trkpt>
      <trkpt lat="45.470383" lon="10.541093">
        <ele>120.0</ele>
      </trkpt>
      <trkpt lat="45.470292" lon="10.541074">
        <ele>120.0</ele>
      </trkpt>
      <trkpt lat="45.470201" lon="10.541087">
        <ele>119.0</ele>
      </trkpt>
      <trkpt lat="45.470108" lon="10.541117">
        <ele>119.0</ele>
      </trkpt>
      <trkpt lat="45.470022" lon="10.541164">
        <ele>118.0</ele>
      </trkpt>
      <trkpt lat="45.469929" lon="10.541222">
        <ele>118.0</ele>
      </trkpt>
      <trkpt lat="45.469856" lon="10.541301">
        <ele>117.0</ele>
      </trkpt>
    </trkseg>
  </trk>
</gpx>
