<?xml version="1.0" encoding="UTF-8"?>
<gpx version="1.1" creator="ETC" xmlns="http://www.topografix.com/GPX/1/1" xmlns:xsi="http://www.w3.org/2001/XMLSchema-instance" xsi:schemaLocation="http://www.topografix.com/GPX/1/1 http://www.topografix.com/GPX/1/1/gpx.xsd">
  <metadata>
    <name>Terza tappa</name>
  </metadata>
  <wpt lat="45.754691" lon="10.750224">
    <ele>91.0</ele>
    <name>Campione del Garda</name>
  </wpt>
  <wpt lat="45.755454" lon="10.75021">
    <ele>91.0</ele>
    <name>Campione del Garda</name>
  </wpt>
  <wpt lat="45.753811" lon="10.745734">
    <ele>229.0</ele>
    <name>Bivio sx</name>
  </wpt>
  <wpt lat="45.753295" lon="10.740672">
    <ele>424.0</ele>
    <name>Bivio dritti</name>
  </wpt>
  <wpt lat="45.752171" lon="10.740712">
    <ele>456.0</ele>
    <name>Bivio sx</name>
  </wpt>
  <wpt lat="45.752523" lon="10.738949">
    <ele>488.0</ele>
    <name>Bivio tutto sx</name>
  </wpt>
  <wpt lat="45.75157" lon="10.736801">
    <ele>502.0</ele>
    <name>Bivio sx</name>
  </wpt>
  <wpt lat="45.752789" lon="10.731094">
    <ele>544.0</ele>
    <name>Prabione</name>
  </wpt>
  <wpt lat="45.75067" lon="10.737511">
    <ele>518.0</ele>
    <name>Bivio dx</name>
  </wpt>
  <wpt lat="45.747775" lon="10.741416">
    <ele>599.0</ele>
    <name>Bivio sx</name>
  </wpt>
  <wpt lat="45.746801" lon="10.739797">
    <ele>736.0</ele>
    <name>Bivio sx</name>
  </wpt>
  <wpt lat="45.746475" lon="10.740653">
    <ele>737.0</ele>
    <name>Punto panoramico</name>
  </wpt>
  <wpt lat="45.745003" lon="10.736785">
    <ele>760.0</ele>
    <name>Deviazione dx</name>
  </wpt>
  <wpt lat="45.744647" lon="10.735975">
    <ele>768.0</ele>
    <name>Monte Cas</name>
  </wpt>
  <wpt lat="45.741876" lon="10.733167">
    <ele>682.0</ele>
    <name>Santuario di Montecastello</name>
  </wpt>
  <wpt lat="45.739011" lon="10.723778">
    <ele>580.0</ele>
    <name>Bivio leggermente dx</name>
  </wpt>
  <wpt lat="45.739881" lon="10.720659">
    <ele>580.0</ele>
    <name>Tignale</name>
  </wpt>
  <wpt lat="45.74063" lon="10.72006">
    <ele>584.0</ele>
    <name>Bivio sx</name>
  </wpt>
  <wpt lat="45.738832" lon="10.711276">
    <ele>581.0</ele>
    <name>Ponte</name>
  </wpt>
  <wpt lat="45.737749" lon="10.709803">
    <ele>585.0</ele>
    <name>Bivio sx</name>
  </wpt>
  <wpt lat="45.737057" lon="10.710289">
    <ele>578.0</ele>
    <name>Aer</name>
  </wpt>
  <wpt lat="45.736723" lon="10.709732">
    <ele>580.0</ele>
    <name>Bivio dritti</name>
  </wpt>
  <wpt lat="45.734677" lon="10.706524">
    <ele>561.0</ele>
    <name>Bivio sx</name>
  </wpt>
  <wpt lat="45.730293" lon="10.701279">
    <ele>479.0</ele>
    <name>Bivio sx e dx</name>
  </wpt>
  <wpt lat="45.728392" lon="10.706331">
    <ele>451.0</ele>
    <name>Bivio sx</name>
  </wpt>
  <wpt lat="45.727933" lon="10.70675">
    <ele>445.0</ele>
    <name>Bivio dx</name>
  </wpt>
  <wpt lat="45.727228" lon="10.708263">
    <ele>443.0</ele>
    <name>Bivio sx e dx</name>
  </wpt>
  <wpt lat="45.726333" lon="10.709247">
    <ele>430.0</ele>
    <name>Piovere</name>
  </wpt>
  <wpt lat="45.725603" lon="10.708808">
    <ele>423.0</ele>
    <name>Bivio dx</name>
  </wpt>
  <wpt lat="45.711309" lon="10.692461">
    <ele>472.0</ele>
    <name>Muslone</name>
  </wpt>
  <wpt lat="45.70994" lon="10.690149">
    <ele>459.0</ele>
    <name>Bivio sx</name>
  </wpt>
  <wpt lat="45.70914" lon="10.688695">
    <ele>441.0</ele>
    <name>Bivio sx</name>
  </wpt>
  <wpt lat="45.707681" lon="10.685655">
    <ele>411.0</ele>
    <name>Attraversamento</name>
  </wpt>
  <wpt lat="45.69983" lon="10.671858">
    <ele>235.0</ele>
    <name>Bivio tutto sx</name>
  </wpt>
  <wpt lat="45.697517" lon="10.67051">
    <ele>180.0</ele>
    <name>Attraversamento</name>
  </wpt>
  <wpt lat="45.690876" lon="10.664849">
    <ele>101.0</ele>
    <name>Confluenza</name>
  </wpt>
  <wpt lat="45.690442" lon="10.66429">
    <ele>109.0</ele>
    <name>Bivio sx</name>
  </wpt>
  <wpt lat="45.687622" lon="10.661478">
    <ele>81.0</ele>
    <name>Gargnano</name>
  </wpt>
  <wpt lat="45.686517" lon="10.660282">
    <name>Gargnano</name>
  </wpt>
  <trk>
    <name>Percorso standard</name>
    <trkseg>
      <trkpt lat="45.75475" lon="10.750233">
        <ele>191.0</ele>
      </trkpt>
      <trkpt lat="45.7547" lon="10.750103">
        <ele>173.0</ele>
      </trkpt>
      <trkpt lat="45.754648" lon="10.749997">
        <ele>169.0</ele>
      </trkpt>
      <trkpt lat="45.754568" lon="10.749907">
        <ele>167.0</ele>
      </trkpt>
      <trkpt lat="45.754476" lon="10.749896">
        <ele>162.0</ele>
      </trkpt>
      <trkpt lat="45.75438" lon="10.749928">
        <ele>156.0</ele>
      </trkpt>
      <trkpt lat="45.754279" lon="10.749964">
        <ele>153.0</ele>
      </trkpt>
      <trkpt lat="45.754213" lon="10.74987">
        <ele>148.0</ele>
      </trkpt>
      <trkpt lat="45.754208" lon="10.749711">
        <ele>146.0</ele>
      </trkpt>
      <trkpt lat="45.754198" lon="10.749581">
        <ele>145.0</ele>
      </trkpt>
      <trkpt lat="45.754165" lon="10.749453">
        <ele>144.0</ele>
      </trkpt>
      <trkpt lat="45.754168" lon="10.74932">
        <ele>144.0</ele>
      </trkpt>
      <trkpt lat="45.754171" lon="10.749191">
        <ele>145.0</ele>
      </trkpt>
      <trkpt lat="45.754189" lon="10.749065">
        <ele>145.0</ele>
      </trkpt>
      <trkpt lat="45.75415" lon="10.748908">
        <ele>146.0</ele>
      </trkpt>
      <trkpt lat="45.754158" lon="10.748757">
        <ele>147.0</ele>
      </trkpt>
      <trkpt lat="45.75414" lon="10.748631">
        <ele>149.0</ele>
      </trkpt>
      <trkpt lat="45.754139" lon="10.748447">
        <ele>149.0</ele>
      </trkpt>
      <trkpt lat="45.754164" lon="10.748321">
        <ele>146.0</ele>
      </trkpt>
      <trkpt lat="45.754156" lon="10.748188">
        <ele>152.0</ele>
      </trkpt>
      <trkpt lat="45.754122" lon="10.748026">
        <ele>155.0</ele>
      </trkpt>
      <trkpt lat="45.754085" lon="10.747895">
        <ele>158.0</ele>
      </trkpt>
      <trkpt lat="45.754019" lon="10.747793">
        <ele>161.0</ele>
      </trkpt>
      <trkpt lat="45.753923" lon="10.7477">
        <ele>162.0</ele>
      </trkpt>
      <trkpt lat="45.753871" lon="10.747537">
        <ele>167.0</ele>
      </trkpt>
      <trkpt lat="45.753802" lon="10.74743">
        <ele>171.0</ele>
      </trkpt>
      <trkpt lat="45.753724" lon="10.747504">
        <ele>171.0</ele>
      </trkpt>
      <trkpt lat="45.753635" lon="10.747549">
        <ele>177.0</ele>
      </trkpt>
      <trkpt lat="45.753552" lon="10.747436">
        <ele>179.0</ele>
      </trkpt>
      <trkpt lat="45.753569" lon="10.747304">
        <ele>183.0</ele>
      </trkpt>
      <trkpt lat="45.753503" lon="10.747392">
        <ele>192.0</ele>
      </trkpt>
      <trkpt lat="45.753473" lon="10.747518">
        <ele>197.0</ele>
      </trkpt>
      <trkpt lat="45.753476" lon="10.747371">
        <ele>201.0</ele>
      </trkpt>
      <trkpt lat="45.753494" lon="10.747237">
        <ele>203.0</ele>
      </trkpt>
      <trkpt lat="45.7535" lon="10.747101">
        <ele>206.0</ele>
      </trkpt>
      <trkpt lat="45.753462" lon="10.746904">
        <ele>211.0</ele>
      </trkpt>
      <trkpt lat="45.75345" lon="10.746717">
        <ele>215.0</ele>
      </trkpt>
      <trkpt lat="45.753512" lon="10.746529">
        <ele>218.0</ele>
      </trkpt>
      <trkpt lat="45.753606" lon="10.746413">
        <ele>219.0</ele>
      </trkpt>
      <trkpt lat="45.75378" lon="10.746087">
        <ele>233.0</ele>
      </trkpt>
      <trkpt lat="45.753855" lon="10.745877">
        <ele>259.0</ele>
      </trkpt>
      <trkpt lat="45.753811" lon="10.745734">
        <ele>279.0</ele>
      </trkpt>
      <trkpt lat="45.753924" lon="10.745484">
        <ele>280.0</ele>
      </trkpt>
      <trkpt lat="45.753949" lon="10.745314">
        <ele>281.0</ele>
      </trkpt>
      <trkpt lat="45.753905" lon="10.745091">
        <ele>282.0</ele>
      </trkpt>
      <trkpt lat="45.753849" lon="10.745314">
        <ele>283.0</ele>
      </trkpt>
      <trkpt lat="45.753844" lon="10.745496">
        <ele>286.0</ele>
      </trkpt>
      <trkpt lat="45.753795" lon="10.745606">
        <ele>290.0</ele>
      </trkpt>
      <trkpt lat="45.753706" lon="10.745619">
        <ele>297.0</ele>
      </trkpt>
      <trkpt lat="45.753618" lon="10.745649">
        <ele>302.0</ele>
      </trkpt>
      <trkpt lat="45.753572" lon="10.745526">
        <ele>307.0</ele>
      </trkpt>
      <trkpt lat="45.753558" lon="10.745386">
        <ele>311.0</ele>
      </trkpt>
      <trkpt lat="45.753587" lon="10.745256">
        <ele>313.0</ele>
      </trkpt>
      <trkpt lat="45.753677" lon="10.745208">
        <ele>315.0</ele>
      </trkpt>
      <trkpt lat="45.753774" lon="10.745157">
        <ele>317.0</ele>
      </trkpt>
      <trkpt lat="45.753796" lon="10.744989">
        <ele>320.0</ele>
      </trkpt>
      <trkpt lat="45.753763" lon="10.744866">
        <ele>323.0</ele>
      </trkpt>
      <trkpt lat="45.753673" lon="10.744829">
        <ele>327.0</ele>
      </trkpt>
      <trkpt lat="45.753582" lon="10.744884">
        <ele>329.0</ele>
      </trkpt>
      <trkpt lat="45.753504" lon="10.744959">
        <ele>332.0</ele>
      </trkpt>
      <trkpt lat="45.753423" lon="10.745044">
        <ele>334.0</ele>
      </trkpt>
      <trkpt lat="45.753392" lon="10.74517">
        <ele>336.0</ele>
      </trkpt>
      <trkpt lat="45.753411" lon="10.745298">
        <ele>339.0</ele>
      </trkpt>
      <trkpt lat="45.75338" lon="10.745427">
        <ele>341.0</ele>
      </trkpt>
      <trkpt lat="45.753336" lon="10.745557">
        <ele>342.0</ele>
      </trkpt>
      <trkpt lat="45.753283" lon="10.745667">
        <ele>347.0</ele>
      </trkpt>
      <trkpt lat="45.753199" lon="10.74574">
        <ele>348.0</ele>
      </trkpt>
      <trkpt lat="45.753108" lon="10.745881">
        <ele>352.0</ele>
      </trkpt>
      <trkpt lat="45.753035" lon="10.745999">
        <ele>357.0</ele>
      </trkpt>
      <trkpt lat="45.752919" lon="10.746078">
        <ele>358.0</ele>
      </trkpt>
      <trkpt lat="45.752859" lon="10.746197">
        <ele>366.0</ele>
      </trkpt>
      <trkpt lat="45.752785" lon="10.746346">
        <ele>366.0</ele>
      </trkpt>
      <trkpt lat="45.752734" lon="10.74647">
        <ele>373.0</ele>
      </trkpt>
      <trkpt lat="45.752687" lon="10.746589">
        <ele>374.0</ele>
      </trkpt>
      <trkpt lat="45.752573" lon="10.74664">
        <ele>375.0</ele>
      </trkpt>
      <trkpt lat="45.752551" lon="10.746512">
        <ele>382.0</ele>
      </trkpt>
      <trkpt lat="45.752505" lon="10.74639">
        <ele>388.0</ele>
      </trkpt>
      <trkpt lat="45.752555" lon="10.746277">
        <ele>394.0</ele>
      </trkpt>
      <trkpt lat="45.752527" lon="10.746132">
        <ele>395.0</ele>
      </trkpt>
      <trkpt lat="45.752551" lon="10.746007">
        <ele>397.0</ele>
      </trkpt>
      <trkpt lat="45.752559" lon="10.745874">
        <ele>401.0</ele>
      </trkpt>
      <trkpt lat="45.752505" lon="10.745711">
        <ele>404.0</ele>
      </trkpt>
      <trkpt lat="45.752505" lon="10.745553">
        <ele>405.0</ele>
      </trkpt>
      <trkpt lat="45.752544" lon="10.745427">
        <ele>406.0</ele>
      </trkpt>
      <trkpt lat="45.752565" lon="10.745291">
        <ele>407.0</ele>
      </trkpt>
      <trkpt lat="45.752587" lon="10.745155">
        <ele>409.0</ele>
      </trkpt>
      <trkpt lat="45.75259" lon="10.745023">
        <ele>410.0</ele>
      </trkpt>
      <trkpt lat="45.752621" lon="10.744884">
        <ele>412.0</ele>
      </trkpt>
      <trkpt lat="45.752655" lon="10.744711">
        <ele>412.0</ele>
      </trkpt>
      <trkpt lat="45.752709" lon="10.744589">
        <ele>413.0</ele>
      </trkpt>
      <trkpt lat="45.752762" lon="10.744484">
        <ele>414.0</ele>
      </trkpt>
      <trkpt lat="45.752828" lon="10.74439">
        <ele>417.0</ele>
      </trkpt>
      <trkpt lat="45.752881" lon="10.744285">
        <ele>421.0</ele>
      </trkpt>
      <trkpt lat="45.752874" lon="10.74414">
        <ele>423.0</ele>
      </trkpt>
      <trkpt lat="45.752881" lon="10.744003">
        <ele>424.0</ele>
      </trkpt>
      <trkpt lat="45.752873" lon="10.743807">
        <ele>425.0</ele>
      </trkpt>
      <trkpt lat="45.752864" lon="10.743672">
        <ele>425.0</ele>
      </trkpt>
      <trkpt lat="45.752906" lon="10.743522">
        <ele>427.0</ele>
      </trkpt>
      <trkpt lat="45.752873" lon="10.743394">
        <ele>430.0</ele>
      </trkpt>
      <trkpt lat="45.752837" lon="10.743273">
        <ele>432.0</ele>
      </trkpt>
      <trkpt lat="45.752818" lon="10.743127">
        <ele>432.0</ele>
      </trkpt>
      <trkpt lat="45.752819" lon="10.742994">
        <ele>434.0</ele>
      </trkpt>
      <trkpt lat="45.75277" lon="10.74288">
        <ele>436.0</ele>
      </trkpt>
      <trkpt lat="45.752755" lon="10.742738">
        <ele>436.0</ele>
      </trkpt>
      <trkpt lat="45.752777" lon="10.742609">
        <ele>437.0</ele>
      </trkpt>
      <trkpt lat="45.752839" lon="10.742475">
        <ele>437.0</ele>
      </trkpt>
      <trkpt lat="45.752877" lon="10.742354">
        <ele>438.0</ele>
      </trkpt>
      <trkpt lat="45.752933" lon="10.742241">
        <ele>440.0</ele>
      </trkpt>
      <trkpt lat="45.753012" lon="10.742166">
        <ele>442.0</ele>
      </trkpt>
      <trkpt lat="45.753048" lon="10.742046">
        <ele>444.0</ele>
      </trkpt>
      <trkpt lat="45.753094" lon="10.741931">
        <ele>446.0</ele>
      </trkpt>
      <trkpt lat="45.753175" lon="10.741824">
        <ele>446.0</ele>
      </trkpt>
      <trkpt lat="45.753247" lon="10.741733">
        <ele>448.0</ele>
      </trkpt>
      <trkpt lat="45.753309" lon="10.741618">
        <ele>449.0</ele>
      </trkpt>
      <trkpt lat="45.753292" lon="10.74149">
        <ele>450.0</ele>
      </trkpt>
      <trkpt lat="45.753181" lon="10.74146">
        <ele>450.0</ele>
      </trkpt>
      <trkpt lat="45.753105" lon="10.741533">
        <ele>451.0</ele>
      </trkpt>
      <trkpt lat="45.753011" lon="10.741558">
        <ele>451.0</ele>
      </trkpt>
      <trkpt lat="45.752924" lon="10.741506">
        <ele>453.0</ele>
      </trkpt>
      <trkpt lat="45.752886" lon="10.741376">
        <ele>457.0</ele>
      </trkpt>
      <trkpt lat="45.752919" lon="10.741247">
        <ele>461.0</ele>
      </trkpt>
      <trkpt lat="45.752981" lon="10.741143">
        <ele>463.0</ele>
      </trkpt>
      <trkpt lat="45.753063" lon="10.741085">
        <ele>465.0</ele>
      </trkpt>
      <trkpt lat="45.753155" lon="10.741038">
        <ele>465.0</ele>
      </trkpt>
      <trkpt lat="45.75325" lon="10.740988">
        <ele>467.0</ele>
      </trkpt>
      <trkpt lat="45.753312" lon="10.740891">
        <ele>468.0</ele>
      </trkpt>
      <trkpt lat="45.753354" lon="10.740764">
        <ele>469.0</ele>
      </trkpt>
      <trkpt lat="45.753292" lon="10.740668">
        <ele>469.0</ele>
      </trkpt>
      <trkpt lat="45.753318" lon="10.740539">
        <ele>472.0</ele>
      </trkpt>
      <trkpt lat="45.753351" lon="10.740411">
        <ele>473.0</ele>
      </trkpt>
      <trkpt lat="45.753283" lon="10.740313">
        <ele>475.0</ele>
      </trkpt>
      <trkpt lat="45.753189" lon="10.740336">
        <ele>475.0</ele>
      </trkpt>
      <trkpt lat="45.753102" lon="10.740411">
        <ele>475.0</ele>
      </trkpt>
      <trkpt lat="45.75303" lon="10.740492">
        <ele>476.0</ele>
      </trkpt>
      <trkpt lat="45.752943" lon="10.740536">
        <ele>476.0</ele>
      </trkpt>
      <trkpt lat="45.752855" lon="10.740588">
        <ele>478.0</ele>
      </trkpt>
      <trkpt lat="45.752774" lon="10.740664">
        <ele>479.0</ele>
      </trkpt>
      <trkpt lat="45.752685" lon="10.740763">
        <ele>480.0</ele>
      </trkpt>
      <trkpt lat="45.752608" lon="10.74085">
        <ele>481.0</ele>
      </trkpt>
      <trkpt lat="45.752535" lon="10.740926">
        <ele>482.0</ele>
      </trkpt>
      <trkpt lat="45.752454" lon="10.740986">
        <ele>483.0</ele>
      </trkpt>
      <trkpt lat="45.752363" lon="10.741028">
        <ele>485.0</ele>
      </trkpt>
      <trkpt lat="45.752289" lon="10.740954">
        <ele>486.0</ele>
      </trkpt>
      <trkpt lat="45.752271" lon="10.74081">
        <ele>489.0</ele>
      </trkpt>
      <trkpt lat="45.752205" lon="10.740719">
        <ele>491.0</ele>
      </trkpt>
      <trkpt lat="45.752131" lon="10.740643">
        <ele>493.0</ele>
      </trkpt>
      <trkpt lat="45.752193" lon="10.740752">
        <ele>499.0</ele>
      </trkpt>
      <trkpt lat="45.75213" lon="10.740657">
        <ele>502.0</ele>
      </trkpt>
      <trkpt lat="45.752047" lon="10.740596">
        <ele>503.0</ele>
      </trkpt>
      <trkpt lat="45.751956" lon="10.740595">
        <ele>503.0</ele>
      </trkpt>
      <trkpt lat="45.75188" lon="10.740686">
        <ele>505.0</ele>
      </trkpt>
      <trkpt lat="45.751799" lon="10.740744">
        <ele>505.0</ele>
      </trkpt>
      <trkpt lat="45.751721" lon="10.740844">
        <ele>506.0</ele>
      </trkpt>
      <trkpt lat="45.751654" lon="10.740933">
        <ele>506.0</ele>
      </trkpt>
      <trkpt lat="45.751565" lon="10.741008">
        <ele>507.0</ele>
      </trkpt>
      <trkpt lat="45.751483" lon="10.741071">
        <ele>508.0</ele>
      </trkpt>
      <trkpt lat="45.751419" lon="10.740959">
        <ele>509.0</ele>
      </trkpt>
      <trkpt lat="45.751364" lon="10.740842">
        <ele>512.0</ele>
      </trkpt>
      <trkpt lat="45.751322" lon="10.740689">
        <ele>512.0</ele>
      </trkpt>
      <trkpt lat="45.751333" lon="10.740534">
        <ele>518.0</ele>
      </trkpt>
      <trkpt lat="45.751386" lon="10.740429">
        <ele>519.0</ele>
      </trkpt>
      <trkpt lat="45.751439" lon="10.740321">
        <ele>520.0</ele>
      </trkpt>
      <trkpt lat="45.751491" lon="10.740197">
        <ele>522.0</ele>
      </trkpt>
      <trkpt lat="45.751554" lon="10.7401">
        <ele>523.0</ele>
      </trkpt>
      <trkpt lat="45.751635" lon="10.740034">
        <ele>524.0</ele>
      </trkpt>
      <trkpt lat="45.751729" lon="10.739999">
        <ele>524.0</ele>
      </trkpt>
      <trkpt lat="45.75182" lon="10.739969">
        <ele>526.0</ele>
      </trkpt>
      <trkpt lat="45.751911" lon="10.739904">
        <ele>527.0</ele>
      </trkpt>
      <trkpt lat="45.751994" lon="10.739847">
        <ele>528.0</ele>
      </trkpt>
      <trkpt lat="45.752067" lon="10.739737">
        <ele>529.0</ele>
      </trkpt>
      <trkpt lat="45.752136" lon="10.739638">
        <ele>530.0</ele>
      </trkpt>
      <trkpt lat="45.752198" lon="10.73954">
        <ele>530.0</ele>
      </trkpt>
      <trkpt lat="45.752284" lon="10.739485">
        <ele>530.0</ele>
      </trkpt>
      <trkpt lat="45.752371" lon="10.739433">
        <ele>531.0</ele>
      </trkpt>
      <trkpt lat="45.752454" lon="10.739338">
        <ele>531.0</ele>
      </trkpt>
      <trkpt lat="45.752531" lon="10.739266">
        <ele>532.0</ele>
      </trkpt>
      <trkpt lat="45.752447" lon="10.739216">
        <ele>531.0</ele>
      </trkpt>
      <trkpt lat="45.752531" lon="10.739132">
        <ele>533.0</ele>
      </trkpt>
      <trkpt lat="45.752574" lon="10.739004">
        <ele>533.0</ele>
      </trkpt>
      <trkpt lat="45.752502" lon="10.738925">
        <ele>533.0</ele>
      </trkpt>
      <trkpt lat="45.75243" lon="10.738829">
        <ele>534.0</ele>
      </trkpt>
      <trkpt lat="45.752349" lon="10.738739">
        <ele>535.0</ele>
      </trkpt>
      <trkpt lat="45.752279" lon="10.738656">
        <ele>536.0</ele>
      </trkpt>
      <trkpt lat="45.752214" lon="10.738556">
        <ele>536.0</ele>
      </trkpt>
      <trkpt lat="45.752162" lon="10.738424">
        <ele>538.0</ele>
      </trkpt>
      <trkpt lat="45.752102" lon="10.738318">
        <ele>539.0</ele>
      </trkpt>
      <trkpt lat="45.752039" lon="10.73822">
        <ele>540.0</ele>
      </trkpt>
      <trkpt lat="45.751951" lon="10.738149">
        <ele>541.0</ele>
      </trkpt>
      <trkpt lat="45.751887" lon="10.73804">
        <ele>543.0</ele>
      </trkpt>
      <trkpt lat="45.751846" lon="10.737909">
        <ele>544.0</ele>
      </trkpt>
      <trkpt lat="45.751778" lon="10.737789">
        <ele>546.0</ele>
      </trkpt>
      <trkpt lat="45.751729" lon="10.737681">
        <ele>547.0</ele>
      </trkpt>
      <trkpt lat="45.751717" lon="10.737548">
        <ele>547.0</ele>
      </trkpt>
      <trkpt lat="45.751672" lon="10.737431">
        <ele>547.0</ele>
      </trkpt>
      <trkpt lat="45.751619" lon="10.73732">
        <ele>547.0</ele>
      </trkpt>
      <trkpt lat="45.751616" lon="10.737165">
        <ele>547.0</ele>
      </trkpt>
      <trkpt lat="45.751623" lon="10.737029">
        <ele>547.0</ele>
      </trkpt>
      <trkpt lat="45.751603" lon="10.736897">
        <ele>548.0</ele>
      </trkpt>
      <trkpt lat="45.751543" lon="10.736795">
        <ele>547.0</ele>
      </trkpt>
      <trkpt lat="45.751456" lon="10.736853">
        <ele>548.0</ele>
      </trkpt>
      <trkpt lat="45.751351" lon="10.73685">
        <ele>548.0</ele>
      </trkpt>
      <trkpt lat="45.751228" lon="10.736756">
        <ele>549.0</ele>
      </trkpt>
      <trkpt lat="45.751132" lon="10.736754">
        <ele>549.0</ele>
      </trkpt>
      <trkpt lat="45.751042" lon="10.736738">
        <ele>549.0</ele>
      </trkpt>
      <trkpt lat="45.750991" lon="10.73662">
        <ele>548.0</ele>
      </trkpt>
      <trkpt lat="45.75096" lon="10.736491">
        <ele>547.0</ele>
      </trkpt>
      <trkpt lat="45.750904" lon="10.736389">
        <ele>548.0</ele>
      </trkpt>
      <trkpt lat="45.750805" lon="10.736353">
        <ele>549.0</ele>
      </trkpt>
      <trkpt lat="45.7507" lon="10.736439">
        <ele>551.0</ele>
      </trkpt>
      <trkpt lat="45.750632" lon="10.736547">
        <ele>551.0</ele>
      </trkpt>
      <trkpt lat="45.75058" lon="10.736661">
        <ele>555.0</ele>
      </trkpt>
      <trkpt lat="45.750556" lon="10.736803">
        <ele>556.0</ele>
      </trkpt>
      <trkpt lat="45.750594" lon="10.736981">
        <ele>558.0</ele>
      </trkpt>
      <trkpt lat="45.75057" lon="10.737143">
        <ele>558.0</ele>
      </trkpt>
      <trkpt lat="45.750618" lon="10.737276">
        <ele>561.0</ele>
      </trkpt>
      <trkpt lat="45.750663" lon="10.737392">
        <ele>561.0</ele>
      </trkpt>
      <trkpt lat="45.750675" lon="10.737524">
        <ele>563.0</ele>
      </trkpt>
      <trkpt lat="45.75067" lon="10.737657">
        <ele>563.0</ele>
      </trkpt>
      <trkpt lat="45.750652" lon="10.737795">
        <ele>563.0</ele>
      </trkpt>
      <trkpt lat="45.750634" lon="10.737922">
        <ele>563.0</ele>
      </trkpt>
      <trkpt lat="45.750642" lon="10.738056">
        <ele>564.0</ele>
      </trkpt>
      <trkpt lat="45.75066" lon="10.738186">
        <ele>564.0</ele>
      </trkpt>
      <trkpt lat="45.750698" lon="10.738306">
        <ele>564.0</ele>
      </trkpt>
      <trkpt lat="45.750732" lon="10.738439">
        <ele>564.0</ele>
      </trkpt>
      <trkpt lat="45.750768" lon="10.738574">
        <ele>564.0</ele>
      </trkpt>
      <trkpt lat="45.750714" lon="10.738718">
        <ele>563.0</ele>
      </trkpt>
      <trkpt lat="45.750629" lon="10.738789">
        <ele>563.0</ele>
      </trkpt>
      <trkpt lat="45.750542" lon="10.73886">
        <ele>563.0</ele>
      </trkpt>
      <trkpt lat="45.75047" lon="10.73894">
        <ele>564.0</ele>
      </trkpt>
      <trkpt lat="45.750356" lon="10.73901">
        <ele>564.0</ele>
      </trkpt>
      <trkpt lat="45.750312" lon="10.739127">
        <ele>564.0</ele>
      </trkpt>
      <trkpt lat="45.750284" lon="10.739269">
        <ele>564.0</ele>
      </trkpt>
      <trkpt lat="45.750258" lon="10.739411">
        <ele>563.0</ele>
      </trkpt>
      <trkpt lat="45.750213" lon="10.739573">
        <ele>564.0</ele>
      </trkpt>
      <trkpt lat="45.75017" lon="10.739723">
        <ele>564.0</ele>
      </trkpt>
      <trkpt lat="45.750108" lon="10.739863">
        <ele>564.0</ele>
      </trkpt>
      <trkpt lat="45.750062" lon="10.739973">
        <ele>565.0</ele>
      </trkpt>
      <trkpt lat="45.750019" lon="10.740089">
        <ele>565.0</ele>
      </trkpt>
      <trkpt lat="45.749994" lon="10.740216">
        <ele>566.0</ele>
      </trkpt>
      <trkpt lat="45.749909" lon="10.740351">
        <ele>566.0</ele>
      </trkpt>
      <trkpt lat="45.749828" lon="10.740416">
        <ele>566.0</ele>
      </trkpt>
      <trkpt lat="45.749745" lon="10.74048">
        <ele>566.0</ele>
      </trkpt>
      <trkpt lat="45.749712" lon="10.740603">
        <ele>565.0</ele>
      </trkpt>
      <trkpt lat="45.749682" lon="10.740728">
        <ele>565.0</ele>
      </trkpt>
      <trkpt lat="45.74962" lon="10.740851">
        <ele>564.0</ele>
      </trkpt>
      <trkpt lat="45.749529" lon="10.740913">
        <ele>564.0</ele>
      </trkpt>
      <trkpt lat="45.749442" lon="10.740954">
        <ele>565.0</ele>
      </trkpt>
      <trkpt lat="45.749353" lon="10.740998">
        <ele>566.0</ele>
      </trkpt>
      <trkpt lat="45.749262" lon="10.741023">
        <ele>566.0</ele>
      </trkpt>
      <trkpt lat="45.749195" lon="10.741111">
        <ele>570.0</ele>
      </trkpt>
      <trkpt lat="45.749104" lon="10.741149">
        <ele>573.0</ele>
      </trkpt>
      <trkpt lat="45.749021" lon="10.741213">
        <ele>575.0</ele>
      </trkpt>
      <trkpt lat="45.748944" lon="10.741286">
        <ele>577.0</ele>
      </trkpt>
      <trkpt lat="45.748865" lon="10.741357">
        <ele>578.0</ele>
      </trkpt>
      <trkpt lat="45.748784" lon="10.741419">
        <ele>580.0</ele>
      </trkpt>
      <trkpt lat="45.748718" lon="10.741519">
        <ele>582.0</ele>
      </trkpt>
      <trkpt lat="45.748658" lon="10.741624">
        <ele>583.0</ele>
      </trkpt>
      <trkpt lat="45.748589" lon="10.741716">
        <ele>584.0</ele>
      </trkpt>
      <trkpt lat="45.748498" lon="10.741759">
        <ele>586.0</ele>
      </trkpt>
      <trkpt lat="45.748412" lon="10.741809">
        <ele>588.0</ele>
      </trkpt>
      <trkpt lat="45.748338" lon="10.741887">
        <ele>589.0</ele>
      </trkpt>
      <trkpt lat="45.748241" lon="10.741949">
        <ele>591.0</ele>
      </trkpt>
      <trkpt lat="45.748157" lon="10.741998">
        <ele>597.0</ele>
      </trkpt>
      <trkpt lat="45.748071" lon="10.742047">
        <ele>598.0</ele>
      </trkpt>
      <trkpt lat="45.747984" lon="10.742114">
        <ele>603.0</ele>
      </trkpt>
      <trkpt lat="45.747863" lon="10.742165">
        <ele>604.0</ele>
      </trkpt>
      <trkpt lat="45.747782" lon="10.742228">
        <ele>608.0</ele>
      </trkpt>
      <trkpt lat="45.747692" lon="10.742279">
        <ele>609.0</ele>
      </trkpt>
      <trkpt lat="45.747712" lon="10.742129">
        <ele>616.0</ele>
      </trkpt>
      <trkpt lat="45.74767" lon="10.742008">
        <ele>624.0</ele>
      </trkpt>
      <trkpt lat="45.747649" lon="10.741868">
        <ele>633.0</ele>
      </trkpt>
      <trkpt lat="45.747713" lon="10.74177">
        <ele>636.0</ele>
      </trkpt>
      <trkpt lat="45.747758" lon="10.741654">
        <ele>640.0</ele>
      </trkpt>
      <trkpt lat="45.747757" lon="10.741524">
        <ele>641.0</ele>
      </trkpt>
      <trkpt lat="45.747661" lon="10.741512">
        <ele>650.0</ele>
      </trkpt>
      <trkpt lat="45.747571" lon="10.741616">
        <ele>651.0</ele>
      </trkpt>
      <trkpt lat="45.747602" lon="10.741465">
        <ele>656.0</ele>
      </trkpt>
      <trkpt lat="45.747644" lon="10.741333">
        <ele>656.0</ele>
      </trkpt>
      <trkpt lat="45.747701" lon="10.741206">
        <ele>657.0</ele>
      </trkpt>
      <trkpt lat="45.747763" lon="10.741104">
        <ele>658.0</ele>
      </trkpt>
      <trkpt lat="45.74783" lon="10.741012">
        <ele>660.0</ele>
      </trkpt>
      <trkpt lat="45.747849" lon="10.740874">
        <ele>664.0</ele>
      </trkpt>
      <trkpt lat="45.747848" lon="10.740734">
        <ele>665.0</ele>
      </trkpt>
      <trkpt lat="45.74786" lon="10.740601">
        <ele>666.0</ele>
      </trkpt>
      <trkpt lat="45.747891" lon="10.740473">
        <ele>668.0</ele>
      </trkpt>
      <trkpt lat="45.747774" lon="10.740491">
        <ele>677.0</ele>
      </trkpt>
      <trkpt lat="45.747659" lon="10.740516">
        <ele>688.0</ele>
      </trkpt>
      <trkpt lat="45.747578" lon="10.740576">
        <ele>695.0</ele>
      </trkpt>
      <trkpt lat="45.747489" lon="10.740541">
        <ele>707.0</ele>
      </trkpt>
      <trkpt lat="45.747388" lon="10.74056">
        <ele>713.0</ele>
      </trkpt>
      <trkpt lat="45.747265" lon="10.740596">
        <ele>721.0</ele>
      </trkpt>
      <trkpt lat="45.747154" lon="10.740624">
        <ele>730.0</ele>
      </trkpt>
      <trkpt lat="45.747053" lon="10.74066">
        <ele>733.0</ele>
      </trkpt>
      <trkpt lat="45.7471" lon="10.740455">
        <ele>744.0</ele>
      </trkpt>
      <trkpt lat="45.747019" lon="10.740393">
        <ele>755.0</ele>
      </trkpt>
      <trkpt lat="45.746977" lon="10.740264">
        <ele>761.0</ele>
      </trkpt>
      <trkpt lat="45.746943" lon="10.740086">
        <ele>765.0</ele>
      </trkpt>
      <trkpt lat="45.746917" lon="10.739957">
        <ele>770.0</ele>
      </trkpt>
      <trkpt lat="45.746897" lon="10.739827">
        <ele>770.0</ele>
      </trkpt>
      <trkpt lat="45.746864" lon="10.739706">
        <ele>776.0</ele>
      </trkpt>
      <trkpt lat="45.746797" lon="10.739812">
        <ele>781.0</ele>
      </trkpt>
      <trkpt lat="45.746787" lon="10.739977">
        <ele>782.0</ele>
      </trkpt>
      <trkpt lat="45.746768" lon="10.740113">
        <ele>783.0</ele>
      </trkpt>
      <trkpt lat="45.746693" lon="10.740249">
        <ele>783.0</ele>
      </trkpt>
      <trkpt lat="45.74666" lon="10.740374">
        <ele>783.0</ele>
      </trkpt>
      <trkpt lat="45.746625" lon="10.740496">
        <ele>783.0</ele>
      </trkpt>
      <trkpt lat="45.746551" lon="10.740621">
        <ele>783.0</ele>
      </trkpt>
      <trkpt lat="45.746476" lon="10.740692">
        <ele>781.0</ele>
      </trkpt>
      <trkpt lat="45.746453" lon="10.74053">
        <ele>779.0</ele>
      </trkpt>
      <trkpt lat="45.746432" lon="10.740393">
        <ele>779.0</ele>
      </trkpt>
      <trkpt lat="45.746439" lon="10.74024">
        <ele>779.0</ele>
      </trkpt>
      <trkpt lat="45.746356" lon="10.740169">
        <ele>780.0</ele>
      </trkpt>
      <trkpt lat="45.746351" lon="10.740029">
        <ele>781.0</ele>
      </trkpt>
      <trkpt lat="45.746292" lon="10.739916">
        <ele>782.0</ele>
      </trkpt>
      <trkpt lat="45.746247" lon="10.739774">
        <ele>783.0</ele>
      </trkpt>
      <trkpt lat="45.746216" lon="10.739643">
        <ele>786.0</ele>
      </trkpt>
      <trkpt lat="45.746183" lon="10.73952">
        <ele>787.0</ele>
      </trkpt>
      <trkpt lat="45.746142" lon="10.739386">
        <ele>788.0</ele>
      </trkpt>
      <trkpt lat="45.74608" lon="10.739261">
        <ele>790.0</ele>
      </trkpt>
      <trkpt lat="45.746074" lon="10.739128">
        <ele>791.0</ele>
      </trkpt>
      <trkpt lat="45.746014" lon="10.738986">
        <ele>792.0</ele>
      </trkpt>
      <trkpt lat="45.745943" lon="10.73887">
        <ele>793.0</ele>
      </trkpt>
      <trkpt lat="45.745894" lon="10.738747">
        <ele>794.0</ele>
      </trkpt>
      <trkpt lat="45.745878" lon="10.738619">
        <ele>794.0</ele>
      </trkpt>
      <trkpt lat="45.745801" lon="10.7385">
        <ele>794.0</ele>
      </trkpt>
      <trkpt lat="45.745717" lon="10.738427">
        <ele>794.0</ele>
      </trkpt>
      <trkpt lat="45.745636" lon="10.738342">
        <ele>796.0</ele>
      </trkpt>
      <trkpt lat="45.74557" lon="10.738209">
        <ele>797.0</ele>
      </trkpt>
      <trkpt lat="45.74554" lon="10.738081">
        <ele>797.0</ele>
      </trkpt>
      <trkpt lat="45.745514" lon="10.737956">
        <ele>798.0</ele>
      </trkpt>
      <trkpt lat="45.745452" lon="10.737863">
        <ele>801.0</ele>
      </trkpt>
      <trkpt lat="45.745361" lon="10.737702">
        <ele>802.0</ele>
      </trkpt>
      <trkpt lat="45.745273" lon="10.737554">
        <ele>802.0</ele>
      </trkpt>
      <trkpt lat="45.745167" lon="10.737444">
        <ele>802.0</ele>
      </trkpt>
      <trkpt lat="45.745129" lon="10.737315">
        <ele>803.0</ele>
      </trkpt>
      <trkpt lat="45.74513" lon="10.737167">
        <ele>802.0</ele>
      </trkpt>
      <trkpt lat="45.745079" lon="10.737027">
        <ele>802.0</ele>
      </trkpt>
      <trkpt lat="45.745044" lon="10.736903">
        <ele>802.0</ele>
      </trkpt>
      <trkpt lat="45.745003" lon="10.736785">
        <ele>805.0</ele>
      </trkpt>
      <trkpt lat="45.744994" lon="10.736625">
        <ele>805.0</ele>
      </trkpt>
      <trkpt lat="45.744939" lon="10.736493">
        <ele>805.0</ele>
      </trkpt>
      <trkpt lat="45.74489" lon="10.736356">
        <ele>806.0</ele>
      </trkpt>
      <trkpt lat="45.744864" lon="10.736224">
        <ele>807.0</ele>
      </trkpt>
      <trkpt lat="45.744802" lon="10.736119">
        <ele>808.0</ele>
      </trkpt>
      <trkpt lat="45.744669" lon="10.735979">
        <ele>811.0</ele>
      </trkpt>
      <trkpt lat="45.744574" lon="10.735938">
        <ele>819.0</ele>
      </trkpt>
      <trkpt lat="45.744505" lon="10.735839">
        <ele>820.0</ele>
      </trkpt>
      <trkpt lat="45.744457" lon="10.735721">
        <ele>820.0</ele>
      </trkpt>
      <trkpt lat="45.744387" lon="10.735629">
        <ele>819.0</ele>
      </trkpt>
      <trkpt lat="45.744274" lon="10.73554">
        <ele>817.0</ele>
      </trkpt>
      <trkpt lat="45.744378" lon="10.735523">
        <ele>813.0</ele>
      </trkpt>
      <trkpt lat="45.744471" lon="10.735578">
        <ele>812.0</ele>
      </trkpt>
      <trkpt lat="45.744571" lon="10.735536">
        <ele>811.0</ele>
      </trkpt>
      <trkpt lat="45.744531" lon="10.735408">
        <ele>808.0</ele>
      </trkpt>
      <trkpt lat="45.744444" lon="10.735354">
        <ele>807.0</ele>
      </trkpt>
      <trkpt lat="45.744352" lon="10.73537">
        <ele>806.0</ele>
      </trkpt>
      <trkpt lat="45.744262" lon="10.735419">
        <ele>805.0</ele>
      </trkpt>
      <trkpt lat="45.744173" lon="10.735377">
        <ele>804.0</ele>
      </trkpt>
      <trkpt lat="45.744082" lon="10.735371">
        <ele>802.0</ele>
      </trkpt>
      <trkpt lat="45.743995" lon="10.735315">
        <ele>802.0</ele>
      </trkpt>
      <trkpt lat="45.743913" lon="10.735252">
        <ele>801.0</ele>
      </trkpt>
      <trkpt lat="45.743825" lon="10.73519">
        <ele>799.0</ele>
      </trkpt>
      <trkpt lat="45.743739" lon="10.735132">
        <ele>798.0</ele>
      </trkpt>
      <trkpt lat="45.743666" lon="10.735039">
        <ele>796.0</ele>
      </trkpt>
      <trkpt lat="45.743594" lon="10.734943">
        <ele>794.0</ele>
      </trkpt>
      <trkpt lat="45.743684" lon="10.734924">
        <ele>789.0</ele>
      </trkpt>
      <trkpt lat="45.743777" lon="10.734932">
        <ele>788.0</ele>
      </trkpt>
      <trkpt lat="45.743732" lon="10.734797">
        <ele>786.0</ele>
      </trkpt>
      <trkpt lat="45.743627" lon="10.734741">
        <ele>784.0</ele>
      </trkpt>
      <trkpt lat="45.743706" lon="10.73468">
        <ele>782.0</ele>
      </trkpt>
      <trkpt lat="45.743809" lon="10.734673">
        <ele>780.0</ele>
      </trkpt>
      <trkpt lat="45.74393" lon="10.734646">
        <ele>779.0</ele>
      </trkpt>
      <trkpt lat="45.744036" lon="10.734576">
        <ele>779.0</ele>
      </trkpt>
      <trkpt lat="45.744156" lon="10.734527">
        <ele>777.0</ele>
      </trkpt>
      <trkpt lat="45.744262" lon="10.734487">
        <ele>776.0</ele>
      </trkpt>
      <trkpt lat="45.744355" lon="10.734462">
        <ele>775.0</ele>
      </trkpt>
      <trkpt lat="45.744258" lon="10.734467">
        <ele>770.0</ele>
      </trkpt>
      <trkpt lat="45.744166" lon="10.734433">
        <ele>767.0</ele>
      </trkpt>
      <trkpt lat="45.744061" lon="10.73442">
        <ele>764.0</ele>
      </trkpt>
      <trkpt lat="45.743962" lon="10.734461">
        <ele>761.0</ele>
      </trkpt>
      <trkpt lat="45.743869" lon="10.734415">
        <ele>759.0</ele>
      </trkpt>
      <trkpt lat="45.743778" lon="10.734395">
        <ele>757.0</ele>
      </trkpt>
      <trkpt lat="45.743688" lon="10.734407">
        <ele>755.0</ele>
      </trkpt>
      <trkpt lat="45.743578" lon="10.734454">
        <ele>753.0</ele>
      </trkpt>
      <trkpt lat="45.74348" lon="10.734498">
        <ele>751.0</ele>
      </trkpt>
      <trkpt lat="45.74339" lon="10.734458">
        <ele>750.0</ele>
      </trkpt>
      <trkpt lat="45.743301" lon="10.734423">
        <ele>749.0</ele>
      </trkpt>
      <trkpt lat="45.743216" lon="10.734336">
        <ele>748.0</ele>
      </trkpt>
      <trkpt lat="45.743155" lon="10.734223">
        <ele>746.0</ele>
      </trkpt>
      <trkpt lat="45.743071" lon="10.734153">
        <ele>745.0</ele>
      </trkpt>
      <trkpt lat="45.742977" lon="10.734074">
        <ele>742.0</ele>
      </trkpt>
      <trkpt lat="45.742919" lon="10.733967">
        <ele>740.0</ele>
      </trkpt>
      <trkpt lat="45.742895" lon="10.733842">
        <ele>738.0</ele>
      </trkpt>
      <trkpt lat="45.742863" lon="10.73372">
        <ele>736.0</ele>
      </trkpt>
      <trkpt lat="45.742788" lon="10.733639">
        <ele>732.0</ele>
      </trkpt>
      <trkpt lat="45.742685" lon="10.733616">
        <ele>730.0</ele>
      </trkpt>
      <trkpt lat="45.742591" lon="10.733586">
        <ele>728.0</ele>
      </trkpt>
      <trkpt lat="45.742552" lon="10.733465">
        <ele>728.0</ele>
      </trkpt>
      <trkpt lat="45.742483" lon="10.733357">
        <ele>726.0</ele>
      </trkpt>
      <trkpt lat="45.74241" lon="10.733272">
        <ele>726.0</ele>
      </trkpt>
      <trkpt lat="45.742323" lon="10.733199">
        <ele>725.0</ele>
      </trkpt>
      <trkpt lat="45.742253" lon="10.733105">
        <ele>725.0</ele>
      </trkpt>
      <trkpt lat="45.742164" lon="10.733078">
        <ele>725.0</ele>
      </trkpt>
      <trkpt lat="45.742064" lon="10.733029">
        <ele>725.0</ele>
      </trkpt>
      <trkpt lat="45.741977" lon="10.732995">
        <ele>724.0</ele>
      </trkpt>
      <trkpt lat="45.74189" lon="10.73293">
        <ele>724.0</ele>
      </trkpt>
      <trkpt lat="45.741811" lon="10.732852">
        <ele>724.0</ele>
      </trkpt>
      <trkpt lat="45.741707" lon="10.732801">
        <ele>723.0</ele>
      </trkpt>
      <trkpt lat="45.741615" lon="10.732781">
        <ele>723.0</ele>
      </trkpt>
      <trkpt lat="45.741573" lon="10.732871">
        <ele>723.0</ele>
      </trkpt>
      <trkpt lat="45.741724" lon="10.73298">
        <ele>723.0</ele>
      </trkpt>
      <trkpt lat="45.741788" lon="10.733061">
        <ele>727.0</ele>
      </trkpt>
      <trkpt lat="45.741865" lon="10.733152">
        <ele>728.0</ele>
      </trkpt>
      <trkpt lat="45.741783" lon="10.733056">
        <ele>727.0</ele>
      </trkpt>
      <trkpt lat="45.74172" lon="10.732978">
        <ele>726.0</ele>
      </trkpt>
      <trkpt lat="45.741572" lon="10.73287">
        <ele>726.0</ele>
      </trkpt>
      <trkpt lat="45.741502" lon="10.732816">
        <ele>726.0</ele>
      </trkpt>
      <trkpt lat="45.741543" lon="10.732726">
        <ele>724.0</ele>
      </trkpt>
      <trkpt lat="45.741645" lon="10.732728">
        <ele>723.0</ele>
      </trkpt>
      <trkpt lat="45.741734" lon="10.732779">
        <ele>722.0</ele>
      </trkpt>
      <trkpt lat="45.741823" lon="10.732805">
        <ele>721.0</ele>
      </trkpt>
      <trkpt lat="45.741917" lon="10.732812">
        <ele>720.0</ele>
      </trkpt>
      <trkpt lat="45.742012" lon="10.73285">
        <ele>721.0</ele>
      </trkpt>
      <trkpt lat="45.742132" lon="10.73288">
        <ele>721.0</ele>
      </trkpt>
      <trkpt lat="45.742234" lon="10.732886">
        <ele>722.0</ele>
      </trkpt>
      <trkpt lat="45.742179" lon="10.73274">
        <ele>721.0</ele>
      </trkpt>
      <trkpt lat="45.742097" lon="10.732634">
        <ele>720.0</ele>
      </trkpt>
      <trkpt lat="45.742028" lon="10.73253">
        <ele>720.0</ele>
      </trkpt>
      <trkpt lat="45.741941" lon="10.732425">
        <ele>716.0</ele>
      </trkpt>
      <trkpt lat="45.74185" lon="10.732393">
        <ele>714.0</ele>
      </trkpt>
      <trkpt lat="45.741759" lon="10.732356">
        <ele>710.0</ele>
      </trkpt>
      <trkpt lat="45.741657" lon="10.732281">
        <ele>709.0</ele>
      </trkpt>
      <trkpt lat="45.741555" lon="10.732195">
        <ele>707.0</ele>
      </trkpt>
      <trkpt lat="45.741448" lon="10.732109">
        <ele>705.0</ele>
      </trkpt>
      <trkpt lat="45.741345" lon="10.732107">
        <ele>703.0</ele>
      </trkpt>
      <trkpt lat="45.741256" lon="10.732071">
        <ele>701.0</ele>
      </trkpt>
      <trkpt lat="45.741175" lon="10.732004">
        <ele>699.0</ele>
      </trkpt>
      <trkpt lat="45.74108" lon="10.732048">
        <ele>697.0</ele>
      </trkpt>
      <trkpt lat="45.740982" lon="10.732039">
        <ele>695.0</ele>
      </trkpt>
      <trkpt lat="45.740897" lon="10.732092">
        <ele>693.0</ele>
      </trkpt>
      <trkpt lat="45.740787" lon="10.732117">
        <ele>691.0</ele>
      </trkpt>
      <trkpt lat="45.74069" lon="10.732098">
        <ele>689.0</ele>
      </trkpt>
      <trkpt lat="45.740585" lon="10.732115">
        <ele>686.0</ele>
      </trkpt>
      <trkpt lat="45.740494" lon="10.73208">
        <ele>684.0</ele>
      </trkpt>
      <trkpt lat="45.7404" lon="10.73202">
        <ele>681.0</ele>
      </trkpt>
      <trkpt lat="45.740323" lon="10.731939">
        <ele>679.0</ele>
      </trkpt>
      <trkpt lat="45.740239" lon="10.731871">
        <ele>676.0</ele>
      </trkpt>
      <trkpt lat="45.740153" lon="10.731779">
        <ele>670.0</ele>
      </trkpt>
      <trkpt lat="45.740072" lon="10.731678">
        <ele>668.0</ele>
      </trkpt>
      <trkpt lat="45.73998" lon="10.731589">
        <ele>667.0</ele>
      </trkpt>
      <trkpt lat="45.739926" lon="10.731474">
        <ele>666.0</ele>
      </trkpt>
      <trkpt lat="45.740022" lon="10.731442">
        <ele>664.0</ele>
      </trkpt>
      <trkpt lat="45.740111" lon="10.731488">
        <ele>663.0</ele>
      </trkpt>
      <trkpt lat="45.740204" lon="10.731523">
        <ele>661.0</ele>
      </trkpt>
      <trkpt lat="45.740308" lon="10.731546">
        <ele>659.0</ele>
      </trkpt>
      <trkpt lat="45.740421" lon="10.731603">
        <ele>657.0</ele>
      </trkpt>
      <trkpt lat="45.740531" lon="10.731632">
        <ele>656.0</ele>
      </trkpt>
      <trkpt lat="45.740618" lon="10.731594">
        <ele>653.0</ele>
      </trkpt>
      <trkpt lat="45.74066" lon="10.731466">
        <ele>649.0</ele>
      </trkpt>
      <trkpt lat="45.740732" lon="10.731383">
        <ele>647.0</ele>
      </trkpt>
      <trkpt lat="45.740812" lon="10.731318">
        <ele>647.0</ele>
      </trkpt>
      <trkpt lat="45.740917" lon="10.731233">
        <ele>647.0</ele>
      </trkpt>
      <trkpt lat="45.741026" lon="10.731203">
        <ele>646.0</ele>
      </trkpt>
      <trkpt lat="45.74112" lon="10.731185">
        <ele>645.0</ele>
      </trkpt>
      <trkpt lat="45.741219" lon="10.731163">
        <ele>644.0</ele>
      </trkpt>
      <trkpt lat="45.741338" lon="10.731084">
        <ele>644.0</ele>
      </trkpt>
      <trkpt lat="45.741444" lon="10.731072">
        <ele>644.0</ele>
      </trkpt>
      <trkpt lat="45.741551" lon="10.731117">
        <ele>644.0</ele>
      </trkpt>
      <trkpt lat="45.741638" lon="10.731179">
        <ele>643.0</ele>
      </trkpt>
      <trkpt lat="45.74173" lon="10.731179">
        <ele>642.0</ele>
      </trkpt>
      <trkpt lat="45.741829" lon="10.731205">
        <ele>641.0</ele>
      </trkpt>
      <trkpt lat="45.741923" lon="10.731177">
        <ele>640.0</ele>
      </trkpt>
      <trkpt lat="45.742007" lon="10.731256">
        <ele>636.0</ele>
      </trkpt>
      <trkpt lat="45.742052" lon="10.731102">
        <ele>629.0</ele>
      </trkpt>
      <trkpt lat="45.742095" lon="10.730928">
        <ele>628.0</ele>
      </trkpt>
      <trkpt lat="45.742119" lon="10.730789">
        <ele>627.0</ele>
      </trkpt>
      <trkpt lat="45.742168" lon="10.730676">
        <ele>625.0</ele>
      </trkpt>
      <trkpt lat="45.742163" lon="10.730541">
        <ele>622.0</ele>
      </trkpt>
      <trkpt lat="45.742121" lon="10.730416">
        <ele>620.0</ele>
      </trkpt>
      <trkpt lat="45.742068" lon="10.730294">
        <ele>619.0</ele>
      </trkpt>
      <trkpt lat="45.742015" lon="10.730183">
        <ele>619.0</ele>
      </trkpt>
      <trkpt lat="45.741947" lon="10.730068">
        <ele>618.0</ele>
      </trkpt>
      <trkpt lat="45.74188" lon="10.729947">
        <ele>617.0</ele>
      </trkpt>
      <trkpt lat="45.741835" lon="10.729814">
        <ele>617.0</ele>
      </trkpt>
      <trkpt lat="45.741779" lon="10.729679">
        <ele>617.0</ele>
      </trkpt>
      <trkpt lat="45.741741" lon="10.729558">
        <ele>617.0</ele>
      </trkpt>
      <trkpt lat="45.741674" lon="10.729452">
        <ele>616.0</ele>
      </trkpt>
      <trkpt lat="45.741626" lon="10.729341">
        <ele>616.0</ele>
      </trkpt>
      <trkpt lat="45.741559" lon="10.729223">
        <ele>615.0</ele>
      </trkpt>
      <trkpt lat="45.741477" lon="10.729164">
        <ele>613.0</ele>
      </trkpt>
      <trkpt lat="45.741357" lon="10.729115">
        <ele>614.0</ele>
      </trkpt>
      <trkpt lat="45.741271" lon="10.729075">
        <ele>613.0</ele>
      </trkpt>
      <trkpt lat="45.741163" lon="10.729026">
        <ele>613.0</ele>
      </trkpt>
      <trkpt lat="45.741068" lon="10.728989">
        <ele>614.0</ele>
      </trkpt>
      <trkpt lat="45.740949" lon="10.728951">
        <ele>615.0</ele>
      </trkpt>
      <trkpt lat="45.740834" lon="10.728981">
        <ele>617.0</ele>
      </trkpt>
      <trkpt lat="45.740734" lon="10.72892">
        <ele>617.0</ele>
      </trkpt>
      <trkpt lat="45.740641" lon="10.728874">
        <ele>617.0</ele>
      </trkpt>
      <trkpt lat="45.740547" lon="10.72888">
        <ele>617.0</ele>
      </trkpt>
      <trkpt lat="45.740457" lon="10.728894">
        <ele>617.0</ele>
      </trkpt>
      <trkpt lat="45.740369" lon="10.728945">
        <ele>616.0</ele>
      </trkpt>
      <trkpt lat="45.740268" lon="10.728934">
        <ele>616.0</ele>
      </trkpt>
      <trkpt lat="45.740185" lon="10.728866">
        <ele>615.0</ele>
      </trkpt>
      <trkpt lat="45.740106" lon="10.728793">
        <ele>615.0</ele>
      </trkpt>
      <trkpt lat="45.740048" lon="10.728687">
        <ele>615.0</ele>
      </trkpt>
      <trkpt lat="45.739987" lon="10.728588">
        <ele>614.0</ele>
      </trkpt>
      <trkpt lat="45.739891" lon="10.728499">
        <ele>614.0</ele>
      </trkpt>
      <trkpt lat="45.739858" lon="10.728378">
        <ele>614.0</ele>
      </trkpt>
      <trkpt lat="45.739838" lon="10.728252">
        <ele>614.0</ele>
      </trkpt>
      <trkpt lat="45.739847" lon="10.72812">
        <ele>614.0</ele>
      </trkpt>
      <trkpt lat="45.739818" lon="10.727997">
        <ele>615.0</ele>
      </trkpt>
      <trkpt lat="45.739762" lon="10.727853">
        <ele>615.0</ele>
      </trkpt>
      <trkpt lat="45.73973" lon="10.727727">
        <ele>615.0</ele>
      </trkpt>
      <trkpt lat="45.739718" lon="10.727577">
        <ele>616.0</ele>
      </trkpt>
      <trkpt lat="45.739707" lon="10.727446">
        <ele>616.0</ele>
      </trkpt>
      <trkpt lat="45.739671" lon="10.727323">
        <ele>617.0</ele>
      </trkpt>
      <trkpt lat="45.739656" lon="10.727177">
        <ele>617.0</ele>
      </trkpt>
      <trkpt lat="45.739664" lon="10.727319">
        <ele>618.0</ele>
      </trkpt>
      <trkpt lat="45.73966" lon="10.727177">
        <ele>618.0</ele>
      </trkpt>
      <trkpt lat="45.739643" lon="10.727044">
        <ele>618.0</ele>
      </trkpt>
      <trkpt lat="45.739625" lon="10.726901">
        <ele>618.0</ele>
      </trkpt>
      <trkpt lat="45.739592" lon="10.726777">
        <ele>619.0</ele>
      </trkpt>
      <trkpt lat="45.739544" lon="10.726649">
        <ele>620.0</ele>
      </trkpt>
      <trkpt lat="45.739504" lon="10.726521">
        <ele>621.0</ele>
      </trkpt>
      <trkpt lat="45.739452" lon="10.7264">
        <ele>622.0</ele>
      </trkpt>
      <trkpt lat="45.739389" lon="10.726281">
        <ele>622.0</ele>
      </trkpt>
      <trkpt lat="45.739328" lon="10.72615">
        <ele>622.0</ele>
      </trkpt>
      <trkpt lat="45.739283" lon="10.726032">
        <ele>622.0</ele>
      </trkpt>
      <trkpt lat="45.739247" lon="10.725886">
        <ele>622.0</ele>
      </trkpt>
      <trkpt lat="45.739199" lon="10.725771">
        <ele>622.0</ele>
      </trkpt>
      <trkpt lat="45.739149" lon="10.725657">
        <ele>622.0</ele>
      </trkpt>
      <trkpt lat="45.739111" lon="10.725537">
        <ele>622.0</ele>
      </trkpt>
      <trkpt lat="45.739082" lon="10.72541">
        <ele>621.0</ele>
      </trkpt>
      <trkpt lat="45.739016" lon="10.72531">
        <ele>621.0</ele>
      </trkpt>
      <trkpt lat="45.738989" lon="10.725167">
        <ele>620.0</ele>
      </trkpt>
      <trkpt lat="45.738967" lon="10.725034">
        <ele>620.0</ele>
      </trkpt>
      <trkpt lat="45.738946" lon="10.724908">
        <ele>620.0</ele>
      </trkpt>
      <trkpt lat="45.738926" lon="10.724762">
        <ele>621.0</ele>
      </trkpt>
      <trkpt lat="45.738898" lon="10.724617">
        <ele>621.0</ele>
      </trkpt>
      <trkpt lat="45.738889" lon="10.72448">
        <ele>621.0</ele>
      </trkpt>
      <trkpt lat="45.738879" lon="10.724347">
        <ele>620.0</ele>
      </trkpt>
      <trkpt lat="45.738907" lon="10.72422">
        <ele>621.0</ele>
      </trkpt>
      <trkpt lat="45.738972" lon="10.724105">
        <ele>622.0</ele>
      </trkpt>
      <trkpt lat="45.739042" lon="10.724009">
        <ele>622.0</ele>
      </trkpt>
      <trkpt lat="45.739072" lon="10.723884">
        <ele>623.0</ele>
      </trkpt>
      <trkpt lat="45.739011" lon="10.723778">
        <ele>625.0</ele>
      </trkpt>
      <trkpt lat="45.739096" lon="10.723685">
        <ele>625.0</ele>
      </trkpt>
      <trkpt lat="45.739117" lon="10.723543">
        <ele>625.0</ele>
      </trkpt>
      <trkpt lat="45.739089" lon="10.723416">
        <ele>625.0</ele>
      </trkpt>
      <trkpt lat="45.739072" lon="10.723287">
        <ele>625.0</ele>
      </trkpt>
      <trkpt lat="45.739075" lon="10.723128">
        <ele>624.0</ele>
      </trkpt>
      <trkpt lat="45.739057" lon="10.722987">
        <ele>624.0</ele>
      </trkpt>
      <trkpt lat="45.739055" lon="10.722836">
        <ele>624.0</ele>
      </trkpt>
      <trkpt lat="45.739047" lon="10.722704">
        <ele>624.0</ele>
      </trkpt>
      <trkpt lat="45.739068" lon="10.722567">
        <ele>624.0</ele>
      </trkpt>
      <trkpt lat="45.739052" lon="10.722428">
        <ele>624.0</ele>
      </trkpt>
      <trkpt lat="45.739012" lon="10.722304">
        <ele>624.0</ele>
      </trkpt>
      <trkpt lat="45.739007" lon="10.722167">
        <ele>624.0</ele>
      </trkpt>
      <trkpt lat="45.738999" lon="10.722029">
        <ele>625.0</ele>
      </trkpt>
      <trkpt lat="45.738966" lon="10.721896">
        <ele>625.0</ele>
      </trkpt>
      <trkpt lat="45.738945" lon="10.72177">
        <ele>625.0</ele>
      </trkpt>
      <trkpt lat="45.738951" lon="10.721633">
        <ele>625.0</ele>
      </trkpt>
      <trkpt lat="45.738955" lon="10.7215">
        <ele>624.0</ele>
      </trkpt>
      <trkpt lat="45.739005" lon="10.721393">
        <ele>624.0</ele>
      </trkpt>
      <trkpt lat="45.739088" lon="10.721343">
        <ele>624.0</ele>
      </trkpt>
      <trkpt lat="45.73918" lon="10.721287">
        <ele>624.0</ele>
      </trkpt>
      <trkpt lat="45.739271" lon="10.721242">
        <ele>624.0</ele>
      </trkpt>
      <trkpt lat="45.739383" lon="10.721154">
        <ele>624.0</ele>
      </trkpt>
      <trkpt lat="45.739469" lon="10.721095">
        <ele>625.0</ele>
      </trkpt>
      <trkpt lat="45.73956" lon="10.721079">
        <ele>625.0</ele>
      </trkpt>
      <trkpt lat="45.739656" lon="10.7211">
        <ele>625.0</ele>
      </trkpt>
      <trkpt lat="45.739732" lon="10.721024">
        <ele>626.0</ele>
      </trkpt>
      <trkpt lat="45.739772" lon="10.720892">
        <ele>626.0</ele>
      </trkpt>
      <trkpt lat="45.739785" lon="10.720764">
        <ele>625.0</ele>
      </trkpt>
      <trkpt lat="45.739859" lon="10.720689">
        <ele>625.0</ele>
      </trkpt>
      <trkpt lat="45.739937" lon="10.720606">
        <ele>625.0</ele>
      </trkpt>
      <trkpt lat="45.740028" lon="10.720604">
        <ele>625.0</ele>
      </trkpt>
      <trkpt lat="45.740131" lon="10.720605">
        <ele>625.0</ele>
      </trkpt>
      <trkpt lat="45.740226" lon="10.72057">
        <ele>625.0</ele>
      </trkpt>
      <trkpt lat="45.740337" lon="10.720494">
        <ele>625.0</ele>
      </trkpt>
      <trkpt lat="45.74043" lon="10.720393">
        <ele>626.0</ele>
      </trkpt>
      <trkpt lat="45.740491" lon="10.72029">
        <ele>627.0</ele>
      </trkpt>
      <trkpt lat="45.740574" lon="10.720239">
        <ele>628.0</ele>
      </trkpt>
      <trkpt lat="45.74063" lon="10.720096">
        <ele>629.0</ele>
      </trkpt>
      <trkpt lat="45.740627" lon="10.719956">
        <ele>630.0</ele>
      </trkpt>
      <trkpt lat="45.740638" lon="10.719799">
        <ele>630.0</ele>
      </trkpt>
      <trkpt lat="45.740624" lon="10.719671">
        <ele>631.0</ele>
      </trkpt>
      <trkpt lat="45.740629" lon="10.719533">
        <ele>631.0</ele>
      </trkpt>
      <trkpt lat="45.740652" lon="10.719405">
        <ele>630.0</ele>
      </trkpt>
      <trkpt lat="45.740674" lon="10.719239">
        <ele>629.0</ele>
      </trkpt>
      <trkpt lat="45.740677" lon="10.719109">
        <ele>629.0</ele>
      </trkpt>
      <trkpt lat="45.740698" lon="10.718975">
        <ele>628.0</ele>
      </trkpt>
      <trkpt lat="45.740742" lon="10.71884">
        <ele>628.0</ele>
      </trkpt>
      <trkpt lat="45.740745" lon="10.718704">
        <ele>629.0</ele>
      </trkpt>
      <trkpt lat="45.740743" lon="10.718556">
        <ele>629.0</ele>
      </trkpt>
      <trkpt lat="45.740701" lon="10.718431">
        <ele>628.0</ele>
      </trkpt>
      <trkpt lat="45.740672" lon="10.718306">
        <ele>627.0</ele>
      </trkpt>
      <trkpt lat="45.740608" lon="10.718194">
        <ele>627.0</ele>
      </trkpt>
      <trkpt lat="45.74056" lon="10.71808">
        <ele>628.0</ele>
      </trkpt>
      <trkpt lat="45.740567" lon="10.717922">
        <ele>628.0</ele>
      </trkpt>
      <trkpt lat="45.740635" lon="10.717808">
        <ele>628.0</ele>
      </trkpt>
      <trkpt lat="45.740739" lon="10.717791">
        <ele>629.0</ele>
      </trkpt>
      <trkpt lat="45.740838" lon="10.71778">
        <ele>630.0</ele>
      </trkpt>
      <trkpt lat="45.74093" lon="10.717745">
        <ele>631.0</ele>
      </trkpt>
      <trkpt lat="45.740998" lon="10.717658">
        <ele>631.0</ele>
      </trkpt>
      <trkpt lat="45.741088" lon="10.717559">
        <ele>630.0</ele>
      </trkpt>
      <trkpt lat="45.741188" lon="10.71752">
        <ele>629.0</ele>
      </trkpt>
      <trkpt lat="45.741308" lon="10.717569">
        <ele>629.0</ele>
      </trkpt>
      <trkpt lat="45.741387" lon="10.717445">
        <ele>629.0</ele>
      </trkpt>
      <trkpt lat="45.741469" lon="10.717379">
        <ele>629.0</ele>
      </trkpt>
      <trkpt lat="45.741498" lon="10.71724">
        <ele>630.0</ele>
      </trkpt>
      <trkpt lat="45.74144" lon="10.7171">
        <ele>630.0</ele>
      </trkpt>
      <trkpt lat="45.741361" lon="10.717012">
        <ele>630.0</ele>
      </trkpt>
      <trkpt lat="45.741263" lon="10.716943">
        <ele>631.0</ele>
      </trkpt>
      <trkpt lat="45.741168" lon="10.716896">
        <ele>632.0</ele>
      </trkpt>
      <trkpt lat="45.741078" lon="10.716825">
        <ele>632.0</ele>
      </trkpt>
      <trkpt lat="45.741024" lon="10.716713">
        <ele>633.0</ele>
      </trkpt>
      <trkpt lat="45.741066" lon="10.716582">
        <ele>632.0</ele>
      </trkpt>
      <trkpt lat="45.741132" lon="10.716495">
        <ele>632.0</ele>
      </trkpt>
      <trkpt lat="45.741097" lon="10.716368">
        <ele>634.0</ele>
      </trkpt>
      <trkpt lat="45.740984" lon="10.716291">
        <ele>635.0</ele>
      </trkpt>
      <trkpt lat="45.74088" lon="10.716283">
        <ele>635.0</ele>
      </trkpt>
      <trkpt lat="45.740787" lon="10.716261">
        <ele>635.0</ele>
      </trkpt>
      <trkpt lat="45.740683" lon="10.716205">
        <ele>636.0</ele>
      </trkpt>
      <trkpt lat="45.740623" lon="10.7161">
        <ele>636.0</ele>
      </trkpt>
      <trkpt lat="45.740557" lon="10.715992">
        <ele>636.0</ele>
      </trkpt>
      <trkpt lat="45.74049" lon="10.715878">
        <ele>636.0</ele>
      </trkpt>
      <trkpt lat="45.740431" lon="10.715765">
        <ele>637.0</ele>
      </trkpt>
      <trkpt lat="45.740335" lon="10.715713">
        <ele>637.0</ele>
      </trkpt>
      <trkpt lat="45.74027" lon="10.715615">
        <ele>637.0</ele>
      </trkpt>
      <trkpt lat="45.740205" lon="10.715507">
        <ele>635.0</ele>
      </trkpt>
      <trkpt lat="45.740148" lon="10.715395">
        <ele>634.0</ele>
      </trkpt>
      <trkpt lat="45.740064" lon="10.715317">
        <ele>634.0</ele>
      </trkpt>
      <trkpt lat="45.739972" lon="10.715304">
        <ele>635.0</ele>
      </trkpt>
      <trkpt lat="45.739879" lon="10.715283">
        <ele>635.0</ele>
      </trkpt>
      <trkpt lat="45.7398" lon="10.715209">
        <ele>636.0</ele>
      </trkpt>
      <trkpt lat="45.739723" lon="10.71513">
        <ele>636.0</ele>
      </trkpt>
      <trkpt lat="45.739647" lon="10.715057">
        <ele>635.0</ele>
      </trkpt>
      <trkpt lat="45.73957" lon="10.714988">
        <ele>634.0</ele>
      </trkpt>
      <trkpt lat="45.739467" lon="10.714864">
        <ele>634.0</ele>
      </trkpt>
      <trkpt lat="45.739377" lon="10.714827">
        <ele>635.0</ele>
      </trkpt>
      <trkpt lat="45.739308" lon="10.714739">
        <ele>635.0</ele>
      </trkpt>
      <trkpt lat="45.739282" lon="10.714595">
        <ele>637.0</ele>
      </trkpt>
      <trkpt lat="45.739206" lon="10.714513">
        <ele>638.0</ele>
      </trkpt>
      <trkpt lat="45.73913" lon="10.714411">
        <ele>639.0</ele>
      </trkpt>
      <trkpt lat="45.739054" lon="10.714307">
        <ele>640.0</ele>
      </trkpt>
      <trkpt lat="45.738999" lon="10.714206">
        <ele>641.0</ele>
      </trkpt>
      <trkpt lat="45.738925" lon="10.714101">
        <ele>641.0</ele>
      </trkpt>
      <trkpt lat="45.738867" lon="10.713993">
        <ele>642.0</ele>
      </trkpt>
      <trkpt lat="45.738796" lon="10.713885">
        <ele>643.0</ele>
      </trkpt>
      <trkpt lat="45.738746" lon="10.713772">
        <ele>644.0</ele>
      </trkpt>
      <trkpt lat="45.738649" lon="10.713726">
        <ele>643.0</ele>
      </trkpt>
      <trkpt lat="45.738607" lon="10.713597">
        <ele>641.0</ele>
      </trkpt>
      <trkpt lat="45.738597" lon="10.713449">
        <ele>640.0</ele>
      </trkpt>
      <trkpt lat="45.738595" lon="10.713296">
        <ele>638.0</ele>
      </trkpt>
      <trkpt lat="45.738582" lon="10.713149">
        <ele>637.0</ele>
      </trkpt>
      <trkpt lat="45.738572" lon="10.713013">
        <ele>635.0</ele>
      </trkpt>
      <trkpt lat="45.738573" lon="10.712862">
        <ele>634.0</ele>
      </trkpt>
      <trkpt lat="45.738571" lon="10.712727">
        <ele>634.0</ele>
      </trkpt>
      <trkpt lat="45.738579" lon="10.712588">
        <ele>632.0</ele>
      </trkpt>
      <trkpt lat="45.738591" lon="10.712454">
        <ele>631.0</ele>
      </trkpt>
      <trkpt lat="45.738601" lon="10.712311">
        <ele>631.0</ele>
      </trkpt>
      <trkpt lat="45.738635" lon="10.712173">
        <ele>630.0</ele>
      </trkpt>
      <trkpt lat="45.738679" lon="10.712039">
        <ele>629.0</ele>
      </trkpt>
      <trkpt lat="45.738708" lon="10.711917">
        <ele>628.0</ele>
      </trkpt>
      <trkpt lat="45.738746" lon="10.711781">
        <ele>627.0</ele>
      </trkpt>
      <trkpt lat="45.738799" lon="10.711626">
        <ele>627.0</ele>
      </trkpt>
      <trkpt lat="45.738835" lon="10.711489">
        <ele>627.0</ele>
      </trkpt>
      <trkpt lat="45.73887" lon="10.711369">
        <ele>627.0</ele>
      </trkpt>
      <trkpt lat="45.738809" lon="10.711265">
        <ele>626.0</ele>
      </trkpt>
      <trkpt lat="45.738718" lon="10.711316">
        <ele>627.0</ele>
      </trkpt>
      <trkpt lat="45.738628" lon="10.711314">
        <ele>627.0</ele>
      </trkpt>
      <trkpt lat="45.738541" lon="10.711238">
        <ele>627.0</ele>
      </trkpt>
      <trkpt lat="45.738482" lon="10.711107">
        <ele>628.0</ele>
      </trkpt>
      <trkpt lat="45.738437" lon="10.710969">
        <ele>628.0</ele>
      </trkpt>
      <trkpt lat="45.738394" lon="10.710841">
        <ele>629.0</ele>
      </trkpt>
      <trkpt lat="45.738367" lon="10.710707">
        <ele>629.0</ele>
      </trkpt>
      <trkpt lat="45.738317" lon="10.71059">
        <ele>630.0</ele>
      </trkpt>
      <trkpt lat="45.738287" lon="10.710464">
        <ele>630.0</ele>
      </trkpt>
      <trkpt lat="45.738257" lon="10.710337">
        <ele>630.0</ele>
      </trkpt>
      <trkpt lat="45.73825" lon="10.710194">
        <ele>630.0</ele>
      </trkpt>
      <trkpt lat="45.738218" lon="10.710073">
        <ele>631.0</ele>
      </trkpt>
      <trkpt lat="45.738162" lon="10.709947">
        <ele>632.0</ele>
      </trkpt>
      <trkpt lat="45.738105" lon="10.709835">
        <ele>633.0</ele>
      </trkpt>
      <trkpt lat="45.738007" lon="10.709858">
        <ele>632.0</ele>
      </trkpt>
      <trkpt lat="45.737913" lon="10.709854">
        <ele>631.0</ele>
      </trkpt>
      <trkpt lat="45.737826" lon="10.709823">
        <ele>630.0</ele>
      </trkpt>
      <trkpt lat="45.737719" lon="10.709808">
        <ele>630.0</ele>
      </trkpt>
      <trkpt lat="45.737633" lon="10.709852">
        <ele>630.0</ele>
      </trkpt>
      <trkpt lat="45.737561" lon="10.709943">
        <ele>630.0</ele>
      </trkpt>
      <trkpt lat="45.737464" lon="10.709999">
        <ele>629.0</ele>
      </trkpt>
      <trkpt lat="45.737379" lon="10.710081">
        <ele>628.0</ele>
      </trkpt>
      <trkpt lat="45.737322" lon="10.710186">
        <ele>626.0</ele>
      </trkpt>
      <trkpt lat="45.737235" lon="10.710251">
        <ele>625.0</ele>
      </trkpt>
      <trkpt lat="45.737149" lon="10.710318">
        <ele>624.0</ele>
      </trkpt>
      <trkpt lat="45.737045" lon="10.710271">
        <ele>623.0</ele>
      </trkpt>
      <trkpt lat="45.736964" lon="10.710183">
        <ele>623.0</ele>
      </trkpt>
      <trkpt lat="45.736897" lon="10.710073">
        <ele>623.0</ele>
      </trkpt>
      <trkpt lat="45.736837" lon="10.709959">
        <ele>625.0</ele>
      </trkpt>
      <trkpt lat="45.736746" lon="10.709873">
        <ele>624.0</ele>
      </trkpt>
      <trkpt lat="45.736723" lon="10.709732">
        <ele>625.0</ele>
      </trkpt>
      <trkpt lat="45.736626" lon="10.709687">
        <ele>623.0</ele>
      </trkpt>
      <trkpt lat="45.736561" lon="10.709551">
        <ele>622.0</ele>
      </trkpt>
      <trkpt lat="45.736499" lon="10.709449">
        <ele>621.0</ele>
      </trkpt>
      <trkpt lat="45.736494" lon="10.709318">
        <ele>618.0</ele>
      </trkpt>
      <trkpt lat="45.736455" lon="10.709199">
        <ele>616.0</ele>
      </trkpt>
      <trkpt lat="45.736426" lon="10.709075">
        <ele>614.0</ele>
      </trkpt>
      <trkpt lat="45.736401" lon="10.708927">
        <ele>613.0</ele>
      </trkpt>
      <trkpt lat="45.736355" lon="10.708815">
        <ele>612.0</ele>
      </trkpt>
      <trkpt lat="45.736285" lon="10.708733">
        <ele>611.0</ele>
      </trkpt>
      <trkpt lat="45.736183" lon="10.708681">
        <ele>609.0</ele>
      </trkpt>
      <trkpt lat="45.736075" lon="10.708621">
        <ele>608.0</ele>
      </trkpt>
      <trkpt lat="45.735996" lon="10.708552">
        <ele>608.0</ele>
      </trkpt>
      <trkpt lat="45.735886" lon="10.70849">
        <ele>608.0</ele>
      </trkpt>
      <trkpt lat="45.735836" lon="10.708368">
        <ele>607.0</ele>
      </trkpt>
      <trkpt lat="45.735844" lon="10.708228">
        <ele>607.0</ele>
      </trkpt>
      <trkpt lat="45.735865" lon="10.708094">
        <ele>606.0</ele>
      </trkpt>
      <trkpt lat="45.735895" lon="10.707969">
        <ele>605.0</ele>
      </trkpt>
      <trkpt lat="45.735889" lon="10.707831">
        <ele>605.0</ele>
      </trkpt>
      <trkpt lat="45.735815" lon="10.707732">
        <ele>605.0</ele>
      </trkpt>
      <trkpt lat="45.735747" lon="10.70759">
        <ele>606.0</ele>
      </trkpt>
      <trkpt lat="45.735664" lon="10.707493">
        <ele>607.0</ele>
      </trkpt>
      <trkpt lat="45.735571" lon="10.707435">
        <ele>607.0</ele>
      </trkpt>
      <trkpt lat="45.735479" lon="10.707406">
        <ele>607.0</ele>
      </trkpt>
      <trkpt lat="45.735381" lon="10.707394">
        <ele>607.0</ele>
      </trkpt>
      <trkpt lat="45.735295" lon="10.707316">
        <ele>608.0</ele>
      </trkpt>
      <trkpt lat="45.735231" lon="10.707219">
        <ele>608.0</ele>
      </trkpt>
      <trkpt lat="45.735166" lon="10.707121">
        <ele>608.0</ele>
      </trkpt>
      <trkpt lat="45.735098" lon="10.707023">
        <ele>608.0</ele>
      </trkpt>
      <trkpt lat="45.734992" lon="10.706914">
        <ele>608.0</ele>
      </trkpt>
      <trkpt lat="45.734929" lon="10.706785">
        <ele>608.0</ele>
      </trkpt>
      <trkpt lat="45.734897" lon="10.706657">
        <ele>608.0</ele>
      </trkpt>
      <trkpt lat="45.734792" lon="10.706561">
        <ele>608.0</ele>
      </trkpt>
      <trkpt lat="45.734708" lon="10.706494">
        <ele>607.0</ele>
      </trkpt>
      <trkpt lat="45.734628" lon="10.706561">
        <ele>606.0</ele>
      </trkpt>
      <trkpt lat="45.734558" lon="10.706653">
        <ele>605.0</ele>
      </trkpt>
      <trkpt lat="45.734462" lon="10.706696">
        <ele>605.0</ele>
      </trkpt>
      <trkpt lat="45.73438" lon="10.706755">
        <ele>604.0</ele>
      </trkpt>
      <trkpt lat="45.734272" lon="10.706785">
        <ele>604.0</ele>
      </trkpt>
      <trkpt lat="45.734175" lon="10.706779">
        <ele>604.0</ele>
      </trkpt>
      <trkpt lat="45.734078" lon="10.706792">
        <ele>604.0</ele>
      </trkpt>
      <trkpt lat="45.733991" lon="10.70671">
        <ele>604.0</ele>
      </trkpt>
      <trkpt lat="45.733905" lon="10.706581">
        <ele>604.0</ele>
      </trkpt>
      <trkpt lat="45.733874" lon="10.706456">
        <ele>604.0</ele>
      </trkpt>
      <trkpt lat="45.733816" lon="10.706354">
        <ele>603.0</ele>
      </trkpt>
      <trkpt lat="45.733859" lon="10.706228">
        <ele>603.0</ele>
      </trkpt>
      <trkpt lat="45.733836" lon="10.706096">
        <ele>602.0</ele>
      </trkpt>
      <trkpt lat="45.733758" lon="10.705995">
        <ele>600.0</ele>
      </trkpt>
      <trkpt lat="45.733677" lon="10.705921">
        <ele>599.0</ele>
      </trkpt>
      <trkpt lat="45.733638" lon="10.705801">
        <ele>598.0</ele>
      </trkpt>
      <trkpt lat="45.733618" lon="10.705673">
        <ele>597.0</ele>
      </trkpt>
      <trkpt lat="45.733594" lon="10.705549">
        <ele>596.0</ele>
      </trkpt>
      <trkpt lat="45.733554" lon="10.705426">
        <ele>596.0</ele>
      </trkpt>
      <trkpt lat="45.733531" lon="10.7053">
        <ele>595.0</ele>
      </trkpt>
      <trkpt lat="45.7335" lon="10.705166">
        <ele>594.0</ele>
      </trkpt>
      <trkpt lat="45.733466" lon="10.705045">
        <ele>594.0</ele>
      </trkpt>
      <trkpt lat="45.733434" lon="10.704909">
        <ele>594.0</ele>
      </trkpt>
      <trkpt lat="45.733422" lon="10.704772">
        <ele>593.0</ele>
      </trkpt>
      <trkpt lat="45.733455" lon="10.704638">
        <ele>593.0</ele>
      </trkpt>
      <trkpt lat="45.733413" lon="10.70449">
        <ele>593.0</ele>
      </trkpt>
      <trkpt lat="45.733354" lon="10.704385">
        <ele>592.0</ele>
      </trkpt>
      <trkpt lat="45.7333" lon="10.704242">
        <ele>592.0</ele>
      </trkpt>
      <trkpt lat="45.733243" lon="10.704133">
        <ele>592.0</ele>
      </trkpt>
      <trkpt lat="45.733222" lon="10.703969">
        <ele>593.0</ele>
      </trkpt>
      <trkpt lat="45.733197" lon="10.703836">
        <ele>592.0</ele>
      </trkpt>
      <trkpt lat="45.733178" lon="10.703656">
        <ele>592.0</ele>
      </trkpt>
      <trkpt lat="45.733175" lon="10.703525">
        <ele>593.0</ele>
      </trkpt>
      <trkpt lat="45.733181" lon="10.703393">
        <ele>592.0</ele>
      </trkpt>
      <trkpt lat="45.733154" lon="10.703236">
        <ele>592.0</ele>
      </trkpt>
      <trkpt lat="45.733159" lon="10.703078">
        <ele>592.0</ele>
      </trkpt>
      <trkpt lat="45.733194" lon="10.702957">
        <ele>591.0</ele>
      </trkpt>
      <trkpt lat="45.733218" lon="10.702816">
        <ele>591.0</ele>
      </trkpt>
      <trkpt lat="45.733228" lon="10.702686">
        <ele>589.0</ele>
      </trkpt>
      <trkpt lat="45.733312" lon="10.702586">
        <ele>589.0</ele>
      </trkpt>
      <trkpt lat="45.733334" lon="10.702421">
        <ele>588.0</ele>
      </trkpt>
      <trkpt lat="45.733323" lon="10.702293">
        <ele>588.0</ele>
      </trkpt>
      <trkpt lat="45.733284" lon="10.70216">
        <ele>587.0</ele>
      </trkpt>
      <trkpt lat="45.733256" lon="10.702021">
        <ele>586.0</ele>
      </trkpt>
      <trkpt lat="45.733329" lon="10.701885">
        <ele>586.0</ele>
      </trkpt>
      <trkpt lat="45.733379" lon="10.701776">
        <ele>585.0</ele>
      </trkpt>
      <trkpt lat="45.733354" lon="10.701649">
        <ele>585.0</ele>
      </trkpt>
      <trkpt lat="45.733329" lon="10.701525">
        <ele>584.0</ele>
      </trkpt>
      <trkpt lat="45.733318" lon="10.701358">
        <ele>583.0</ele>
      </trkpt>
      <trkpt lat="45.733287" lon="10.701215">
        <ele>580.0</ele>
      </trkpt>
      <trkpt lat="45.733322" lon="10.701083">
        <ele>576.0</ele>
      </trkpt>
      <trkpt lat="45.733339" lon="10.700955">
        <ele>572.0</ele>
      </trkpt>
      <trkpt lat="45.733449" lon="10.700917">
        <ele>569.0</ele>
      </trkpt>
      <trkpt lat="45.733548" lon="10.70079">
        <ele>568.0</ele>
      </trkpt>
      <trkpt lat="45.733585" lon="10.700651">
        <ele>566.0</ele>
      </trkpt>
      <trkpt lat="45.733538" lon="10.70049">
        <ele>566.0</ele>
      </trkpt>
      <trkpt lat="45.733495" lon="10.700369">
        <ele>565.0</ele>
      </trkpt>
      <trkpt lat="45.733529" lon="10.700232">
        <ele>563.0</ele>
      </trkpt>
      <trkpt lat="45.733596" lon="10.700134">
        <ele>563.0</ele>
      </trkpt>
      <trkpt lat="45.7336" lon="10.699997">
        <ele>563.0</ele>
      </trkpt>
      <trkpt lat="45.733677" lon="10.699928">
        <ele>561.0</ele>
      </trkpt>
      <trkpt lat="45.733706" lon="10.699802">
        <ele>557.0</ele>
      </trkpt>
      <trkpt lat="45.7338" lon="10.69979">
        <ele>555.0</ele>
      </trkpt>
      <trkpt lat="45.733901" lon="10.699773">
        <ele>553.0</ele>
      </trkpt>
      <trkpt lat="45.733975" lon="10.699676">
        <ele>552.0</ele>
      </trkpt>
      <trkpt lat="45.734088" lon="10.699627">
        <ele>550.0</ele>
      </trkpt>
      <trkpt lat="45.734176" lon="10.699683">
        <ele>543.0</ele>
      </trkpt>
      <trkpt lat="45.734274" lon="10.699766">
        <ele>543.0</ele>
      </trkpt>
      <trkpt lat="45.734319" lon="10.699897">
        <ele>543.0</ele>
      </trkpt>
      <trkpt lat="45.734405" lon="10.699951">
        <ele>545.0</ele>
      </trkpt>
      <trkpt lat="45.734505" lon="10.700005">
        <ele>545.0</ele>
      </trkpt>
      <trkpt lat="45.734593" lon="10.699955">
        <ele>541.0</ele>
      </trkpt>
      <trkpt lat="45.734604" lon="10.699824">
        <ele>539.0</ele>
      </trkpt>
      <trkpt lat="45.734613" lon="10.699684">
        <ele>539.0</ele>
      </trkpt>
      <trkpt lat="45.734624" lon="10.69955">
        <ele>540.0</ele>
      </trkpt>
      <trkpt lat="45.734683" lon="10.699449">
        <ele>544.0</ele>
      </trkpt>
      <trkpt lat="45.734665" lon="10.699301">
        <ele>543.0</ele>
      </trkpt>
      <trkpt lat="45.734556" lon="10.699284">
        <ele>542.0</ele>
      </trkpt>
      <trkpt lat="45.73447" lon="10.69924">
        <ele>542.0</ele>
      </trkpt>
      <trkpt lat="45.734435" lon="10.699111">
        <ele>546.0</ele>
      </trkpt>
      <trkpt lat="45.734342" lon="10.699056">
        <ele>548.0</ele>
      </trkpt>
      <trkpt lat="45.734234" lon="10.699028">
        <ele>549.0</ele>
      </trkpt>
      <trkpt lat="45.734135" lon="10.699017">
        <ele>550.0</ele>
      </trkpt>
      <trkpt lat="45.734032" lon="10.699025">
        <ele>551.0</ele>
      </trkpt>
      <trkpt lat="45.733938" lon="10.699052">
        <ele>552.0</ele>
      </trkpt>
      <trkpt lat="45.73382" lon="10.699026">
        <ele>552.0</ele>
      </trkpt>
      <trkpt lat="45.73371" lon="10.699004">
        <ele>552.0</ele>
      </trkpt>
      <trkpt lat="45.733619" lon="10.69899">
        <ele>552.0</ele>
      </trkpt>
      <trkpt lat="45.733523" lon="10.698971">
        <ele>552.0</ele>
      </trkpt>
      <trkpt lat="45.733424" lon="10.698992">
        <ele>552.0</ele>
      </trkpt>
      <trkpt lat="45.733329" lon="10.698999">
        <ele>551.0</ele>
      </trkpt>
      <trkpt lat="45.733199" lon="10.699027">
        <ele>551.0</ele>
      </trkpt>
      <trkpt lat="45.733096" lon="10.699042">
        <ele>550.0</ele>
      </trkpt>
      <trkpt lat="45.732997" lon="10.699046">
        <ele>550.0</ele>
      </trkpt>
      <trkpt lat="45.732884" lon="10.699102">
        <ele>549.0</ele>
      </trkpt>
      <trkpt lat="45.732759" lon="10.69916">
        <ele>549.0</ele>
      </trkpt>
      <trkpt lat="45.73264" lon="10.699154">
        <ele>548.0</ele>
      </trkpt>
      <trkpt lat="45.732543" lon="10.69913">
        <ele>548.0</ele>
      </trkpt>
      <trkpt lat="45.732416" lon="10.699159">
        <ele>547.0</ele>
      </trkpt>
      <trkpt lat="45.732318" lon="10.69919">
        <ele>546.0</ele>
      </trkpt>
      <trkpt lat="45.732223" lon="10.699256">
        <ele>545.0</ele>
      </trkpt>
      <trkpt lat="45.732123" lon="10.699296">
        <ele>545.0</ele>
      </trkpt>
      <trkpt lat="45.732026" lon="10.699365">
        <ele>544.0</ele>
      </trkpt>
      <trkpt lat="45.73194" lon="10.699427">
        <ele>543.0</ele>
      </trkpt>
      <trkpt lat="45.731856" lon="10.699501">
        <ele>543.0</ele>
      </trkpt>
      <trkpt lat="45.731766" lon="10.699556">
        <ele>542.0</ele>
      </trkpt>
      <trkpt lat="45.731679" lon="10.69965">
        <ele>542.0</ele>
      </trkpt>
      <trkpt lat="45.731591" lon="10.699722">
        <ele>541.0</ele>
      </trkpt>
      <trkpt lat="45.731555" lon="10.699844">
        <ele>540.0</ele>
      </trkpt>
      <trkpt lat="45.731465" lon="10.699903">
        <ele>537.0</ele>
      </trkpt>
      <trkpt lat="45.731376" lon="10.699961">
        <ele>536.0</ele>
      </trkpt>
      <trkpt lat="45.731288" lon="10.700028">
        <ele>535.0</ele>
      </trkpt>
      <trkpt lat="45.7312" lon="10.700095">
        <ele>535.0</ele>
      </trkpt>
      <trkpt lat="45.731104" lon="10.700112">
        <ele>535.0</ele>
      </trkpt>
      <trkpt lat="45.731026" lon="10.700206">
        <ele>534.0</ele>
      </trkpt>
      <trkpt lat="45.730948" lon="10.700275">
        <ele>533.0</ele>
      </trkpt>
      <trkpt lat="45.730896" lon="10.700383">
        <ele>531.0</ele>
      </trkpt>
      <trkpt lat="45.730838" lon="10.700487">
        <ele>531.0</ele>
      </trkpt>
      <trkpt lat="45.73078" lon="10.700625">
        <ele>529.0</ele>
      </trkpt>
      <trkpt lat="45.730715" lon="10.700731">
        <ele>528.0</ele>
      </trkpt>
      <trkpt lat="45.730638" lon="10.700822">
        <ele>527.0</ele>
      </trkpt>
      <trkpt lat="45.730553" lon="10.70091">
        <ele>526.0</ele>
      </trkpt>
      <trkpt lat="45.730472" lon="10.701002">
        <ele>526.0</ele>
      </trkpt>
      <trkpt lat="45.730414" lon="10.701107">
        <ele>525.0</ele>
      </trkpt>
      <trkpt lat="45.730364" lon="10.701229">
        <ele>524.0</ele>
      </trkpt>
      <trkpt lat="45.730278" lon="10.701297">
        <ele>524.0</ele>
      </trkpt>
      <trkpt lat="45.73026" lon="10.701445">
        <ele>523.0</ele>
      </trkpt>
      <trkpt lat="45.730179" lon="10.701508">
        <ele>522.0</ele>
      </trkpt>
      <trkpt lat="45.730119" lon="10.701616">
        <ele>522.0</ele>
      </trkpt>
      <trkpt lat="45.730026" lon="10.701737">
        <ele>521.0</ele>
      </trkpt>
      <trkpt lat="45.729947" lon="10.701859">
        <ele>521.0</ele>
      </trkpt>
      <trkpt lat="45.729899" lon="10.701978">
        <ele>521.0</ele>
      </trkpt>
      <trkpt lat="45.72982" lon="10.702055">
        <ele>520.0</ele>
      </trkpt>
      <trkpt lat="45.729772" lon="10.702188">
        <ele>521.0</ele>
      </trkpt>
      <trkpt lat="45.729766" lon="10.702325">
        <ele>520.0</ele>
      </trkpt>
      <trkpt lat="45.729743" lon="10.702454">
        <ele>520.0</ele>
      </trkpt>
      <trkpt lat="45.729662" lon="10.702546">
        <ele>519.0</ele>
      </trkpt>
      <trkpt lat="45.729564" lon="10.702629">
        <ele>519.0</ele>
      </trkpt>
      <trkpt lat="45.729495" lon="10.702727">
        <ele>518.0</ele>
      </trkpt>
      <trkpt lat="45.729426" lon="10.70283">
        <ele>518.0</ele>
      </trkpt>
      <trkpt lat="45.72937" lon="10.702984">
        <ele>517.0</ele>
      </trkpt>
      <trkpt lat="45.729394" lon="10.703114">
        <ele>516.0</ele>
      </trkpt>
      <trkpt lat="45.729323" lon="10.703251">
        <ele>516.0</ele>
      </trkpt>
      <trkpt lat="45.729257" lon="10.703344">
        <ele>515.0</ele>
      </trkpt>
      <trkpt lat="45.729173" lon="10.703389">
        <ele>515.0</ele>
      </trkpt>
      <trkpt lat="45.729142" lon="10.703513">
        <ele>515.0</ele>
      </trkpt>
      <trkpt lat="45.729138" lon="10.70365">
        <ele>515.0</ele>
      </trkpt>
      <trkpt lat="45.729113" lon="10.703791">
        <ele>514.0</ele>
      </trkpt>
      <trkpt lat="45.729084" lon="10.703922">
        <ele>513.0</ele>
      </trkpt>
      <trkpt lat="45.729046" lon="10.704062">
        <ele>512.0</ele>
      </trkpt>
      <trkpt lat="45.72905" lon="10.704207">
        <ele>511.0</ele>
      </trkpt>
      <trkpt lat="45.729034" lon="10.704351">
        <ele>510.0</ele>
      </trkpt>
      <trkpt lat="45.729026" lon="10.704487">
        <ele>509.0</ele>
      </trkpt>
      <trkpt lat="45.729029" lon="10.704618">
        <ele>508.0</ele>
      </trkpt>
      <trkpt lat="45.72907" lon="10.704734">
        <ele>507.0</ele>
      </trkpt>
      <trkpt lat="45.729085" lon="10.70487">
        <ele>506.0</ele>
      </trkpt>
      <trkpt lat="45.729099" lon="10.705025">
        <ele>506.0</ele>
      </trkpt>
      <trkpt lat="45.729021" lon="10.705184">
        <ele>505.0</ele>
      </trkpt>
      <trkpt lat="45.728988" lon="10.70536">
        <ele>505.0</ele>
      </trkpt>
      <trkpt lat="45.728971" lon="10.705498">
        <ele>504.0</ele>
      </trkpt>
      <trkpt lat="45.728954" lon="10.705633">
        <ele>503.0</ele>
      </trkpt>
      <trkpt lat="45.72895" lon="10.705782">
        <ele>503.0</ele>
      </trkpt>
      <trkpt lat="45.728941" lon="10.705917">
        <ele>502.0</ele>
      </trkpt>
      <trkpt lat="45.728855" lon="10.705971">
        <ele>503.0</ele>
      </trkpt>
      <trkpt lat="45.72879" lon="10.706063">
        <ele>501.0</ele>
      </trkpt>
      <trkpt lat="45.728699" lon="10.706104">
        <ele>500.0</ele>
      </trkpt>
      <trkpt lat="45.72861" lon="10.706149">
        <ele>499.0</ele>
      </trkpt>
      <trkpt lat="45.728525" lon="10.706219">
        <ele>498.0</ele>
      </trkpt>
      <trkpt lat="45.728437" lon="10.706289">
        <ele>498.0</ele>
      </trkpt>
      <trkpt lat="45.728352" lon="10.706365">
        <ele>496.0</ele>
      </trkpt>
      <trkpt lat="45.728257" lon="10.7064">
        <ele>495.0</ele>
      </trkpt>
      <trkpt lat="45.728165" lon="10.706473">
        <ele>495.0</ele>
      </trkpt>
      <trkpt lat="45.728068" lon="10.706525">
        <ele>495.0</ele>
      </trkpt>
      <trkpt lat="45.727993" lon="10.706634">
        <ele>494.0</ele>
      </trkpt>
      <trkpt lat="45.727933" lon="10.70675">
        <ele>490.0</ele>
      </trkpt>
      <trkpt lat="45.727859" lon="10.70683">
        <ele>490.0</ele>
      </trkpt>
      <trkpt lat="45.727798" lon="10.70693">
        <ele>489.0</ele>
      </trkpt>
      <trkpt lat="45.727763" lon="10.707051">
        <ele>490.0</ele>
      </trkpt>
      <trkpt lat="45.727734" lon="10.707179">
        <ele>490.0</ele>
      </trkpt>
      <trkpt lat="45.727773" lon="10.707315">
        <ele>490.0</ele>
      </trkpt>
      <trkpt lat="45.727831" lon="10.707445">
        <ele>490.0</ele>
      </trkpt>
      <trkpt lat="45.727885" lon="10.707562">
        <ele>490.0</ele>
      </trkpt>
      <trkpt lat="45.72789" lon="10.707698">
        <ele>489.0</ele>
      </trkpt>
      <trkpt lat="45.727838" lon="10.707819">
        <ele>488.0</ele>
      </trkpt>
      <trkpt lat="45.727741" lon="10.707891">
        <ele>487.0</ele>
      </trkpt>
      <trkpt lat="45.727649" lon="10.707908">
        <ele>486.0</ele>
      </trkpt>
      <trkpt lat="45.727555" lon="10.707941">
        <ele>486.0</ele>
      </trkpt>
      <trkpt lat="45.727455" lon="10.707969">
        <ele>486.0</ele>
      </trkpt>
      <trkpt lat="45.727358" lon="10.708006">
        <ele>487.0</ele>
      </trkpt>
      <trkpt lat="45.727266" lon="10.708057">
        <ele>487.0</ele>
      </trkpt>
      <trkpt lat="45.727215" lon="10.708166">
        <ele>487.0</ele>
      </trkpt>
      <trkpt lat="45.727258" lon="10.708292">
        <ele>488.0</ele>
      </trkpt>
      <trkpt lat="45.727244" lon="10.708431">
        <ele>488.0</ele>
      </trkpt>
      <trkpt lat="45.727206" lon="10.708564">
        <ele>487.0</ele>
      </trkpt>
      <trkpt lat="45.727155" lon="10.708677">
        <ele>486.0</ele>
      </trkpt>
      <trkpt lat="45.72717" lon="10.708803">
        <ele>484.0</ele>
      </trkpt>
      <trkpt lat="45.727124" lon="10.708949">
        <ele>484.0</ele>
      </trkpt>
      <trkpt lat="45.727054" lon="10.709032">
        <ele>481.0</ele>
      </trkpt>
      <trkpt lat="45.726961" lon="10.709086">
        <ele>479.0</ele>
      </trkpt>
      <trkpt lat="45.726867" lon="10.7091">
        <ele>479.0</ele>
      </trkpt>
      <trkpt lat="45.726755" lon="10.709124">
        <ele>478.0</ele>
      </trkpt>
      <trkpt lat="45.72667" lon="10.709189">
        <ele>477.0</ele>
      </trkpt>
      <trkpt lat="45.726587" lon="10.709244">
        <ele>476.0</ele>
      </trkpt>
      <trkpt lat="45.726492" lon="10.709318">
        <ele>475.0</ele>
      </trkpt>
      <trkpt lat="45.726394" lon="10.709317">
        <ele>475.0</ele>
      </trkpt>
      <trkpt lat="45.726368" lon="10.709193">
        <ele>474.0</ele>
      </trkpt>
      <trkpt lat="45.726432" lon="10.709062">
        <ele>473.0</ele>
      </trkpt>
      <trkpt lat="45.726439" lon="10.708899">
        <ele>472.0</ele>
      </trkpt>
      <trkpt lat="45.726505" lon="10.708783">
        <ele>477.0</ele>
      </trkpt>
      <trkpt lat="45.726558" lon="10.708676">
        <ele>480.0</ele>
      </trkpt>
      <trkpt lat="45.726499" lon="10.708553">
        <ele>481.0</ele>
      </trkpt>
      <trkpt lat="45.7264" lon="10.708547">
        <ele>481.0</ele>
      </trkpt>
      <trkpt lat="45.726277" lon="10.708529">
        <ele>481.0</ele>
      </trkpt>
      <trkpt lat="45.726187" lon="10.708569">
        <ele>482.0</ele>
      </trkpt>
      <trkpt lat="45.726102" lon="10.708618">
        <ele>482.0</ele>
      </trkpt>
      <trkpt lat="45.726005" lon="10.708668">
        <ele>482.0</ele>
      </trkpt>
      <trkpt lat="45.725921" lon="10.708716">
        <ele>482.0</ele>
      </trkpt>
      <trkpt lat="45.725828" lon="10.708714">
        <ele>481.0</ele>
      </trkpt>
      <trkpt lat="45.72573" lon="10.708763">
        <ele>480.0</ele>
      </trkpt>
      <trkpt lat="45.725642" lon="10.7088">
        <ele>475.0</ele>
      </trkpt>
      <trkpt lat="45.725546" lon="10.708785">
        <ele>462.0</ele>
      </trkpt>
      <trkpt lat="45.725464" lon="10.708723">
        <ele>461.0</ele>
      </trkpt>
      <trkpt lat="45.725383" lon="10.70863">
        <ele>458.0</ele>
      </trkpt>
      <trkpt lat="45.725295" lon="10.708573">
        <ele>456.0</ele>
      </trkpt>
      <trkpt lat="45.725217" lon="10.708507">
        <ele>454.0</ele>
      </trkpt>
      <trkpt lat="45.725137" lon="10.708431">
        <ele>451.0</ele>
      </trkpt>
      <trkpt lat="45.725065" lon="10.708334">
        <ele>449.0</ele>
      </trkpt>
      <trkpt lat="45.725007" lon="10.708172">
        <ele>448.0</ele>
      </trkpt>
      <trkpt lat="45.724969" lon="10.708054">
        <ele>446.0</ele>
      </trkpt>
      <trkpt lat="45.724932" lon="10.707921">
        <ele>445.0</ele>
      </trkpt>
      <trkpt lat="45.724874" lon="10.707802">
        <ele>444.0</ele>
      </trkpt>
      <trkpt lat="45.724843" lon="10.707679">
        <ele>443.0</ele>
      </trkpt>
      <trkpt lat="45.72482" lon="10.707532">
        <ele>442.0</ele>
      </trkpt>
      <trkpt lat="45.724827" lon="10.70738">
        <ele>441.0</ele>
      </trkpt>
      <trkpt lat="45.72486" lon="10.707223">
        <ele>441.0</ele>
      </trkpt>
      <trkpt lat="45.724908" lon="10.707109">
        <ele>441.0</ele>
      </trkpt>
      <trkpt lat="45.724902" lon="10.706967">
        <ele>442.0</ele>
      </trkpt>
      <trkpt lat="45.724909" lon="10.706839">
        <ele>443.0</ele>
      </trkpt>
      <trkpt lat="45.724832" lon="10.706736">
        <ele>443.0</ele>
      </trkpt>
      <trkpt lat="45.724772" lon="10.706621">
        <ele>443.0</ele>
      </trkpt>
      <trkpt lat="45.724715" lon="10.706516">
        <ele>443.0</ele>
      </trkpt>
      <trkpt lat="45.724614" lon="10.706461">
        <ele>443.0</ele>
      </trkpt>
      <trkpt lat="45.724561" lon="10.706353">
        <ele>444.0</ele>
      </trkpt>
      <trkpt lat="45.724494" lon="10.706242">
        <ele>445.0</ele>
      </trkpt>
      <trkpt lat="45.72442" lon="10.70616">
        <ele>446.0</ele>
      </trkpt>
      <trkpt lat="45.724355" lon="10.706056">
        <ele>446.0</ele>
      </trkpt>
      <trkpt lat="45.724271" lon="10.705939">
        <ele>447.0</ele>
      </trkpt>
      <trkpt lat="45.724195" lon="10.70587">
        <ele>449.0</ele>
      </trkpt>
      <trkpt lat="45.724125" lon="10.705761">
        <ele>450.0</ele>
      </trkpt>
      <trkpt lat="45.724026" lon="10.705701">
        <ele>451.0</ele>
      </trkpt>
      <trkpt lat="45.723945" lon="10.705603">
        <ele>452.0</ele>
      </trkpt>
      <trkpt lat="45.723856" lon="10.705546">
        <ele>453.0</ele>
      </trkpt>
      <trkpt lat="45.723767" lon="10.705504">
        <ele>454.0</ele>
      </trkpt>
      <trkpt lat="45.723681" lon="10.705418">
        <ele>455.0</ele>
      </trkpt>
      <trkpt lat="45.723587" lon="10.705332">
        <ele>455.0</ele>
      </trkpt>
      <trkpt lat="45.723505" lon="10.705259">
        <ele>456.0</ele>
      </trkpt>
      <trkpt lat="45.723407" lon="10.705202">
        <ele>457.0</ele>
      </trkpt>
      <trkpt lat="45.72332" lon="10.705111">
        <ele>457.0</ele>
      </trkpt>
      <trkpt lat="45.723239" lon="10.705039">
        <ele>458.0</ele>
      </trkpt>
      <trkpt lat="45.723165" lon="10.704932">
        <ele>458.0</ele>
      </trkpt>
      <trkpt lat="45.723088" lon="10.704846">
        <ele>458.0</ele>
      </trkpt>
      <trkpt lat="45.723008" lon="10.704777">
        <ele>458.0</ele>
      </trkpt>
      <trkpt lat="45.722935" lon="10.704683">
        <ele>458.0</ele>
      </trkpt>
      <trkpt lat="45.722877" lon="10.704575">
        <ele>456.0</ele>
      </trkpt>
      <trkpt lat="45.722807" lon="10.70449">
        <ele>456.0</ele>
      </trkpt>
      <trkpt lat="45.722742" lon="10.704382">
        <ele>455.0</ele>
      </trkpt>
      <trkpt lat="45.722667" lon="10.704277">
        <ele>455.0</ele>
      </trkpt>
      <trkpt lat="45.722558" lon="10.704212">
        <ele>455.0</ele>
      </trkpt>
      <trkpt lat="45.722468" lon="10.704178">
        <ele>454.0</ele>
      </trkpt>
      <trkpt lat="45.722359" lon="10.704091">
        <ele>453.0</ele>
      </trkpt>
      <trkpt lat="45.722237" lon="10.704003">
        <ele>453.0</ele>
      </trkpt>
      <trkpt lat="45.722121" lon="10.703962">
        <ele>452.0</ele>
      </trkpt>
      <trkpt lat="45.722029" lon="10.703892">
        <ele>452.0</ele>
      </trkpt>
      <trkpt lat="45.721931" lon="10.703836">
        <ele>451.0</ele>
      </trkpt>
      <trkpt lat="45.721838" lon="10.703768">
        <ele>451.0</ele>
      </trkpt>
      <trkpt lat="45.721749" lon="10.703733">
        <ele>452.0</ele>
      </trkpt>
      <trkpt lat="45.721639" lon="10.703705">
        <ele>452.0</ele>
      </trkpt>
      <trkpt lat="45.721563" lon="10.703632">
        <ele>452.0</ele>
      </trkpt>
      <trkpt lat="45.721473" lon="10.703567">
        <ele>451.0</ele>
      </trkpt>
      <trkpt lat="45.721381" lon="10.703502">
        <ele>450.0</ele>
      </trkpt>
      <trkpt lat="45.721302" lon="10.703419">
        <ele>449.0</ele>
      </trkpt>
      <trkpt lat="45.721215" lon="10.703365">
        <ele>449.0</ele>
      </trkpt>
      <trkpt lat="45.721151" lon="10.703274">
        <ele>448.0</ele>
      </trkpt>
      <trkpt lat="45.721082" lon="10.703191">
        <ele>447.0</ele>
      </trkpt>
      <trkpt lat="45.721" lon="10.703124">
        <ele>446.0</ele>
      </trkpt>
      <trkpt lat="45.720921" lon="10.703028">
        <ele>446.0</ele>
      </trkpt>
      <trkpt lat="45.720832" lon="10.702951">
        <ele>445.0</ele>
      </trkpt>
      <trkpt lat="45.720742" lon="10.702887">
        <ele>445.0</ele>
      </trkpt>
      <trkpt lat="45.720679" lon="10.702768">
        <ele>444.0</ele>
      </trkpt>
      <trkpt lat="45.720602" lon="10.702699">
        <ele>444.0</ele>
      </trkpt>
      <trkpt lat="45.720523" lon="10.702634">
        <ele>444.0</ele>
      </trkpt>
      <trkpt lat="45.720476" lon="10.702519">
        <ele>443.0</ele>
      </trkpt>
      <trkpt lat="45.720378" lon="10.702399">
        <ele>442.0</ele>
      </trkpt>
      <trkpt lat="45.72031" lon="10.702282">
        <ele>442.0</ele>
      </trkpt>
      <trkpt lat="45.720237" lon="10.702162">
        <ele>441.0</ele>
      </trkpt>
      <trkpt lat="45.720175" lon="10.702054">
        <ele>440.0</ele>
      </trkpt>
      <trkpt lat="45.720103" lon="10.701959">
        <ele>439.0</ele>
      </trkpt>
      <trkpt lat="45.720035" lon="10.701862">
        <ele>438.0</ele>
      </trkpt>
      <trkpt lat="45.719976" lon="10.701764">
        <ele>437.0</ele>
      </trkpt>
      <trkpt lat="45.71987" lon="10.701739">
        <ele>437.0</ele>
      </trkpt>
      <trkpt lat="45.71978" lon="10.701745">
        <ele>436.0</ele>
      </trkpt>
      <trkpt lat="45.71969" lon="10.701691">
        <ele>434.0</ele>
      </trkpt>
      <trkpt lat="45.719604" lon="10.701631">
        <ele>433.0</ele>
      </trkpt>
      <trkpt lat="45.719521" lon="10.701545">
        <ele>432.0</ele>
      </trkpt>
      <trkpt lat="45.719416" lon="10.701518">
        <ele>431.0</ele>
      </trkpt>
      <trkpt lat="45.719342" lon="10.701439">
        <ele>429.0</ele>
      </trkpt>
      <trkpt lat="45.719264" lon="10.701357">
        <ele>427.0</ele>
      </trkpt>
      <trkpt lat="45.719186" lon="10.701274">
        <ele>426.0</ele>
      </trkpt>
      <trkpt lat="45.7191" lon="10.701202">
        <ele>425.0</ele>
      </trkpt>
      <trkpt lat="45.719015" lon="10.701144">
        <ele>425.0</ele>
      </trkpt>
      <trkpt lat="45.718919" lon="10.70109">
        <ele>424.0</ele>
      </trkpt>
      <trkpt lat="45.718839" lon="10.701028">
        <ele>424.0</ele>
      </trkpt>
      <trkpt lat="45.718748" lon="10.700982">
        <ele>424.0</ele>
      </trkpt>
      <trkpt lat="45.718681" lon="10.700871">
        <ele>424.0</ele>
      </trkpt>
      <trkpt lat="45.718604" lon="10.700789">
        <ele>423.0</ele>
      </trkpt>
      <trkpt lat="45.718522" lon="10.700733">
        <ele>423.0</ele>
      </trkpt>
      <trkpt lat="45.718444" lon="10.700666">
        <ele>423.0</ele>
      </trkpt>
      <trkpt lat="45.718373" lon="10.700574">
        <ele>423.0</ele>
      </trkpt>
      <trkpt lat="45.718293" lon="10.700512">
        <ele>423.0</ele>
      </trkpt>
      <trkpt lat="45.718208" lon="10.700459">
        <ele>423.0</ele>
      </trkpt>
      <trkpt lat="45.71812" lon="10.700378">
        <ele>423.0</ele>
      </trkpt>
      <trkpt lat="45.718066" lon="10.700247">
        <ele>423.0</ele>
      </trkpt>
      <trkpt lat="45.718021" lon="10.700131">
        <ele>424.0</ele>
      </trkpt>
      <trkpt lat="45.717975" lon="10.700008">
        <ele>423.0</ele>
      </trkpt>
      <trkpt lat="45.717899" lon="10.699929">
        <ele>422.0</ele>
      </trkpt>
      <trkpt lat="45.717816" lon="10.699864">
        <ele>422.0</ele>
      </trkpt>
      <trkpt lat="45.717749" lon="10.699769">
        <ele>422.0</ele>
      </trkpt>
      <trkpt lat="45.71766" lon="10.699748">
        <ele>422.0</ele>
      </trkpt>
      <trkpt lat="45.717608" lon="10.699643">
        <ele>424.0</ele>
      </trkpt>
      <trkpt lat="45.717522" lon="10.699576">
        <ele>425.0</ele>
      </trkpt>
      <trkpt lat="45.71746" lon="10.699472">
        <ele>426.0</ele>
      </trkpt>
      <trkpt lat="45.717374" lon="10.699416">
        <ele>427.0</ele>
      </trkpt>
      <trkpt lat="45.717302" lon="10.699325">
        <ele>429.0</ele>
      </trkpt>
      <trkpt lat="45.717217" lon="10.699257">
        <ele>429.0</ele>
      </trkpt>
      <trkpt lat="45.717141" lon="10.699181">
        <ele>430.0</ele>
      </trkpt>
      <trkpt lat="45.7171" lon="10.699066">
        <ele>431.0</ele>
      </trkpt>
      <trkpt lat="45.717064" lon="10.698942">
        <ele>432.0</ele>
      </trkpt>
      <trkpt lat="45.716974" lon="10.69887">
        <ele>432.0</ele>
      </trkpt>
      <trkpt lat="45.716886" lon="10.698826">
        <ele>433.0</ele>
      </trkpt>
      <trkpt lat="45.716811" lon="10.698756">
        <ele>434.0</ele>
      </trkpt>
      <trkpt lat="45.716768" lon="10.698638">
        <ele>434.0</ele>
      </trkpt>
      <trkpt lat="45.71673" lon="10.698512">
        <ele>435.0</ele>
      </trkpt>
      <trkpt lat="45.716664" lon="10.698394">
        <ele>434.0</ele>
      </trkpt>
      <trkpt lat="45.716601" lon="10.698283">
        <ele>435.0</ele>
      </trkpt>
      <trkpt lat="45.716507" lon="10.698221">
        <ele>435.0</ele>
      </trkpt>
      <trkpt lat="45.716456" lon="10.698113">
        <ele>437.0</ele>
      </trkpt>
      <trkpt lat="45.716413" lon="10.697989">
        <ele>437.0</ele>
      </trkpt>
      <trkpt lat="45.716435" lon="10.697864">
        <ele>437.0</ele>
      </trkpt>
      <trkpt lat="45.716413" lon="10.697733">
        <ele>437.0</ele>
      </trkpt>
      <trkpt lat="45.716423" lon="10.697571">
        <ele>438.0</ele>
      </trkpt>
      <trkpt lat="45.716421" lon="10.69744">
        <ele>439.0</ele>
      </trkpt>
      <trkpt lat="45.716422" lon="10.697301">
        <ele>439.0</ele>
      </trkpt>
      <trkpt lat="45.716355" lon="10.697143">
        <ele>441.0</ele>
      </trkpt>
      <trkpt lat="45.716291" lon="10.697037">
        <ele>442.0</ele>
      </trkpt>
      <trkpt lat="45.716293" lon="10.696906">
        <ele>445.0</ele>
      </trkpt>
      <trkpt lat="45.716253" lon="10.696779">
        <ele>446.0</ele>
      </trkpt>
      <trkpt lat="45.716193" lon="10.696684">
        <ele>447.0</ele>
      </trkpt>
      <trkpt lat="45.716136" lon="10.696579">
        <ele>448.0</ele>
      </trkpt>
      <trkpt lat="45.716128" lon="10.696436">
        <ele>448.0</ele>
      </trkpt>
      <trkpt lat="45.716089" lon="10.696317">
        <ele>449.0</ele>
      </trkpt>
      <trkpt lat="45.716071" lon="10.696457">
        <ele>454.0</ele>
      </trkpt>
      <trkpt lat="45.716025" lon="10.69657">
        <ele>455.0</ele>
      </trkpt>
      <trkpt lat="45.715944" lon="10.696636">
        <ele>464.0</ele>
      </trkpt>
      <trkpt lat="45.715851" lon="10.696684">
        <ele>466.0</ele>
      </trkpt>
      <trkpt lat="45.71576" lon="10.696689">
        <ele>467.0</ele>
      </trkpt>
      <trkpt lat="45.715667" lon="10.69672">
        <ele>468.0</ele>
      </trkpt>
      <trkpt lat="45.715553" lon="10.696724">
        <ele>469.0</ele>
      </trkpt>
      <trkpt lat="45.715461" lon="10.696706">
        <ele>471.0</ele>
      </trkpt>
      <trkpt lat="45.715355" lon="10.696687">
        <ele>473.0</ele>
      </trkpt>
      <trkpt lat="45.715266" lon="10.696703">
        <ele>473.0</ele>
      </trkpt>
      <trkpt lat="45.715166" lon="10.696693">
        <ele>474.0</ele>
      </trkpt>
      <trkpt lat="45.715065" lon="10.696696">
        <ele>476.0</ele>
      </trkpt>
      <trkpt lat="45.714952" lon="10.696684">
        <ele>476.0</ele>
      </trkpt>
      <trkpt lat="45.714856" lon="10.696644">
        <ele>477.0</ele>
      </trkpt>
      <trkpt lat="45.71475" lon="10.696637">
        <ele>478.0</ele>
      </trkpt>
      <trkpt lat="45.714652" lon="10.696644">
        <ele>478.0</ele>
      </trkpt>
      <trkpt lat="45.714553" lon="10.696663">
        <ele>478.0</ele>
      </trkpt>
      <trkpt lat="45.714459" lon="10.696648">
        <ele>478.0</ele>
      </trkpt>
      <trkpt lat="45.714349" lon="10.696649">
        <ele>478.0</ele>
      </trkpt>
      <trkpt lat="45.714248" lon="10.696578">
        <ele>478.0</ele>
      </trkpt>
      <trkpt lat="45.714154" lon="10.696505">
        <ele>480.0</ele>
      </trkpt>
      <trkpt lat="45.71407" lon="10.696422">
        <ele>480.0</ele>
      </trkpt>
      <trkpt lat="45.713999" lon="10.696317">
        <ele>481.0</ele>
      </trkpt>
      <trkpt lat="45.713948" lon="10.696196">
        <ele>482.0</ele>
      </trkpt>
      <trkpt lat="45.713851" lon="10.696151">
        <ele>482.0</ele>
      </trkpt>
      <trkpt lat="45.713752" lon="10.696098">
        <ele>483.0</ele>
      </trkpt>
      <trkpt lat="45.713644" lon="10.695993">
        <ele>484.0</ele>
      </trkpt>
      <trkpt lat="45.713551" lon="10.695937">
        <ele>486.0</ele>
      </trkpt>
      <trkpt lat="45.713517" lon="10.69581">
        <ele>489.0</ele>
      </trkpt>
      <trkpt lat="45.71347" lon="10.6957">
        <ele>489.0</ele>
      </trkpt>
      <trkpt lat="45.713426" lon="10.695579">
        <ele>490.0</ele>
      </trkpt>
      <trkpt lat="45.713367" lon="10.695469">
        <ele>490.0</ele>
      </trkpt>
      <trkpt lat="45.713287" lon="10.695347">
        <ele>492.0</ele>
      </trkpt>
      <trkpt lat="45.713223" lon="10.695244">
        <ele>493.0</ele>
      </trkpt>
      <trkpt lat="45.713143" lon="10.695161">
        <ele>494.0</ele>
      </trkpt>
      <trkpt lat="45.713108" lon="10.69503">
        <ele>496.0</ele>
      </trkpt>
      <trkpt lat="45.713092" lon="10.694889">
        <ele>497.0</ele>
      </trkpt>
      <trkpt lat="45.713051" lon="10.694765">
        <ele>499.0</ele>
      </trkpt>
      <trkpt lat="45.712977" lon="10.69463">
        <ele>500.0</ele>
      </trkpt>
      <trkpt lat="45.712886" lon="10.694538">
        <ele>502.0</ele>
      </trkpt>
      <trkpt lat="45.712802" lon="10.694471">
        <ele>503.0</ele>
      </trkpt>
      <trkpt lat="45.712724" lon="10.694404">
        <ele>505.0</ele>
      </trkpt>
      <trkpt lat="45.712622" lon="10.694382">
        <ele>505.0</ele>
      </trkpt>
      <trkpt lat="45.712538" lon="10.694336">
        <ele>506.0</ele>
      </trkpt>
      <trkpt lat="45.712435" lon="10.694297">
        <ele>506.0</ele>
      </trkpt>
      <trkpt lat="45.712347" lon="10.694252">
        <ele>506.0</ele>
      </trkpt>
      <trkpt lat="45.712284" lon="10.694151">
        <ele>507.0</ele>
      </trkpt>
      <trkpt lat="45.712204" lon="10.694087">
        <ele>506.0</ele>
      </trkpt>
      <trkpt lat="45.712142" lon="10.693986">
        <ele>506.0</ele>
      </trkpt>
      <trkpt lat="45.712084" lon="10.693866">
        <ele>506.0</ele>
      </trkpt>
      <trkpt lat="45.712033" lon="10.693761">
        <ele>506.0</ele>
      </trkpt>
      <trkpt lat="45.711974" lon="10.693653">
        <ele>506.0</ele>
      </trkpt>
      <trkpt lat="45.711936" lon="10.693529">
        <ele>506.0</ele>
      </trkpt>
      <trkpt lat="45.711865" lon="10.693424">
        <ele>507.0</ele>
      </trkpt>
      <trkpt lat="45.711809" lon="10.693309">
        <ele>508.0</ele>
      </trkpt>
      <trkpt lat="45.711756" lon="10.693202">
        <ele>509.0</ele>
      </trkpt>
      <trkpt lat="45.711681" lon="10.693127">
        <ele>512.0</ele>
      </trkpt>
      <trkpt lat="45.711636" lon="10.692995">
        <ele>512.0</ele>
      </trkpt>
      <trkpt lat="45.711588" lon="10.692868">
        <ele>513.0</ele>
      </trkpt>
      <trkpt lat="45.711519" lon="10.692781">
        <ele>513.0</ele>
      </trkpt>
      <trkpt lat="45.711501" lon="10.692654">
        <ele>514.0</ele>
      </trkpt>
      <trkpt lat="45.711432" lon="10.692548">
        <ele>515.0</ele>
      </trkpt>
      <trkpt lat="45.711347" lon="10.692481">
        <ele>515.0</ele>
      </trkpt>
      <trkpt lat="45.711255" lon="10.692472">
        <ele>518.0</ele>
      </trkpt>
      <trkpt lat="45.711132" lon="10.692423">
        <ele>520.0</ele>
      </trkpt>
      <trkpt lat="45.711043" lon="10.692396">
        <ele>520.0</ele>
      </trkpt>
      <trkpt lat="45.710953" lon="10.69235">
        <ele>520.0</ele>
      </trkpt>
      <trkpt lat="45.710869" lon="10.692305">
        <ele>519.0</ele>
      </trkpt>
      <trkpt lat="45.710812" lon="10.692182">
        <ele>517.0</ele>
      </trkpt>
      <trkpt lat="45.710739" lon="10.692084">
        <ele>516.0</ele>
      </trkpt>
      <trkpt lat="45.710691" lon="10.69197">
        <ele>515.0</ele>
      </trkpt>
      <trkpt lat="45.710632" lon="10.69187">
        <ele>515.0</ele>
      </trkpt>
      <trkpt lat="45.710569" lon="10.691757">
        <ele>515.0</ele>
      </trkpt>
      <trkpt lat="45.710521" lon="10.691636">
        <ele>515.0</ele>
      </trkpt>
      <trkpt lat="45.710488" lon="10.691506">
        <ele>515.0</ele>
      </trkpt>
      <trkpt lat="45.710439" lon="10.691383">
        <ele>516.0</ele>
      </trkpt>
      <trkpt lat="45.710384" lon="10.691275">
        <ele>516.0</ele>
      </trkpt>
      <trkpt lat="45.710309" lon="10.691182">
        <ele>517.0</ele>
      </trkpt>
      <trkpt lat="45.71023" lon="10.691087">
        <ele>516.0</ele>
      </trkpt>
      <trkpt lat="45.710143" lon="10.691009">
        <ele>516.0</ele>
      </trkpt>
      <trkpt lat="45.710072" lon="10.69092">
        <ele>515.0</ele>
      </trkpt>
      <trkpt lat="45.710008" lon="10.690797">
        <ele>515.0</ele>
      </trkpt>
      <trkpt lat="45.709983" lon="10.690674">
        <ele>509.0</ele>
      </trkpt>
      <trkpt lat="45.710001" lon="10.690531">
        <ele>507.0</ele>
      </trkpt>
      <trkpt lat="45.710002" lon="10.690392">
        <ele>506.0</ele>
      </trkpt>
      <trkpt lat="45.709986" lon="10.690262">
        <ele>506.0</ele>
      </trkpt>
      <trkpt lat="45.709953" lon="10.690139">
        <ele>506.0</ele>
      </trkpt>
      <trkpt lat="45.709887" lon="10.690025">
        <ele>503.0</ele>
      </trkpt>
      <trkpt lat="45.709834" lon="10.689908">
        <ele>502.0</ele>
      </trkpt>
      <trkpt lat="45.709803" lon="10.689782">
        <ele>498.0</ele>
      </trkpt>
      <trkpt lat="45.709766" lon="10.689664">
        <ele>498.0</ele>
      </trkpt>
      <trkpt lat="45.709727" lon="10.68952">
        <ele>498.0</ele>
      </trkpt>
      <trkpt lat="45.709653" lon="10.6894">
        <ele>497.0</ele>
      </trkpt>
      <trkpt lat="45.709576" lon="10.689291">
        <ele>496.0</ele>
      </trkpt>
      <trkpt lat="45.709517" lon="10.689194">
        <ele>495.0</ele>
      </trkpt>
      <trkpt lat="45.709445" lon="10.689116">
        <ele>494.0</ele>
      </trkpt>
      <trkpt lat="45.70938" lon="10.689025">
        <ele>493.0</ele>
      </trkpt>
      <trkpt lat="45.709313" lon="10.688922">
        <ele>492.0</ele>
      </trkpt>
      <trkpt lat="45.709239" lon="10.688828">
        <ele>491.0</ele>
      </trkpt>
      <trkpt lat="45.70919" lon="10.68872">
        <ele>489.0</ele>
      </trkpt>
      <trkpt lat="45.709102" lon="10.688679">
        <ele>486.0</ele>
      </trkpt>
      <trkpt lat="45.709016" lon="10.688636">
        <ele>485.0</ele>
      </trkpt>
      <trkpt lat="45.708933" lon="10.688562">
        <ele>484.0</ele>
      </trkpt>
      <trkpt lat="45.708855" lon="10.688484">
        <ele>484.0</ele>
      </trkpt>
      <trkpt lat="45.708774" lon="10.688424">
        <ele>483.0</ele>
      </trkpt>
      <trkpt lat="45.708718" lon="10.688318">
        <ele>482.0</ele>
      </trkpt>
      <trkpt lat="45.708667" lon="10.688212">
        <ele>482.0</ele>
      </trkpt>
      <trkpt lat="45.708631" lon="10.688082">
        <ele>481.0</ele>
      </trkpt>
      <trkpt lat="45.708589" lon="10.687958">
        <ele>480.0</ele>
      </trkpt>
      <trkpt lat="45.708558" lon="10.687831">
        <ele>480.0</ele>
      </trkpt>
      <trkpt lat="45.708507" lon="10.68772">
        <ele>478.0</ele>
      </trkpt>
      <trkpt lat="45.708432" lon="10.687617">
        <ele>477.0</ele>
      </trkpt>
      <trkpt lat="45.708367" lon="10.687457">
        <ele>475.0</ele>
      </trkpt>
      <trkpt lat="45.708312" lon="10.687349">
        <ele>474.0</ele>
      </trkpt>
      <trkpt lat="45.708262" lon="10.687219">
        <ele>473.0</ele>
      </trkpt>
      <trkpt lat="45.708192" lon="10.687115">
        <ele>473.0</ele>
      </trkpt>
      <trkpt lat="45.708126" lon="10.687019">
        <ele>472.0</ele>
      </trkpt>
      <trkpt lat="45.70805" lon="10.686891">
        <ele>468.0</ele>
      </trkpt>
      <trkpt lat="45.708022" lon="10.686766">
        <ele>466.0</ele>
      </trkpt>
      <trkpt lat="45.70801" lon="10.686634">
        <ele>465.0</ele>
      </trkpt>
      <trkpt lat="45.707984" lon="10.686505">
        <ele>463.0</ele>
      </trkpt>
      <trkpt lat="45.70797" lon="10.686376">
        <ele>463.0</ele>
      </trkpt>
      <trkpt lat="45.707893" lon="10.686289">
        <ele>462.0</ele>
      </trkpt>
      <trkpt lat="45.70783" lon="10.686179">
        <ele>461.0</ele>
      </trkpt>
      <trkpt lat="45.70777" lon="10.686075">
        <ele>460.0</ele>
      </trkpt>
      <trkpt lat="45.707726" lon="10.685937">
        <ele>459.0</ele>
      </trkpt>
      <trkpt lat="45.707743" lon="10.685779">
        <ele>459.0</ele>
      </trkpt>
      <trkpt lat="45.707692" lon="10.685662">
        <ele>456.0</ele>
      </trkpt>
      <trkpt lat="45.707594" lon="10.68563">
        <ele>451.0</ele>
      </trkpt>
      <trkpt lat="45.70754" lon="10.685519">
        <ele>450.0</ele>
      </trkpt>
      <trkpt lat="45.70749" lon="10.685399">
        <ele>449.0</ele>
      </trkpt>
      <trkpt lat="45.707448" lon="10.685274">
        <ele>449.0</ele>
      </trkpt>
      <trkpt lat="45.707408" lon="10.685114">
        <ele>449.0</ele>
      </trkpt>
      <trkpt lat="45.707332" lon="10.684957">
        <ele>447.0</ele>
      </trkpt>
      <trkpt lat="45.707326" lon="10.684821">
        <ele>447.0</ele>
      </trkpt>
      <trkpt lat="45.707362" lon="10.684696">
        <ele>447.0</ele>
      </trkpt>
      <trkpt lat="45.707381" lon="10.684568">
        <ele>448.0</ele>
      </trkpt>
      <trkpt lat="45.707327" lon="10.68445">
        <ele>447.0</ele>
      </trkpt>
      <trkpt lat="45.707231" lon="10.684392">
        <ele>446.0</ele>
      </trkpt>
      <trkpt lat="45.707177" lon="10.684264">
        <ele>444.0</ele>
      </trkpt>
      <trkpt lat="45.707124" lon="10.684127">
        <ele>443.0</ele>
      </trkpt>
      <trkpt lat="45.707068" lon="10.684009">
        <ele>442.0</ele>
      </trkpt>
      <trkpt lat="45.707023" lon="10.683888">
        <ele>438.0</ele>
      </trkpt>
      <trkpt lat="45.706958" lon="10.683786">
        <ele>434.0</ele>
      </trkpt>
      <trkpt lat="45.706844" lon="10.683733">
        <ele>431.0</ele>
      </trkpt>
      <trkpt lat="45.706761" lon="10.683675">
        <ele>430.0</ele>
      </trkpt>
      <trkpt lat="45.706674" lon="10.683564">
        <ele>429.0</ele>
      </trkpt>
      <trkpt lat="45.706569" lon="10.683522">
        <ele>426.0</ele>
      </trkpt>
      <trkpt lat="45.706473" lon="10.683489">
        <ele>423.0</ele>
      </trkpt>
      <trkpt lat="45.706396" lon="10.683418">
        <ele>421.0</ele>
      </trkpt>
      <trkpt lat="45.706283" lon="10.683407">
        <ele>419.0</ele>
      </trkpt>
      <trkpt lat="45.706192" lon="10.683389">
        <ele>416.0</ele>
      </trkpt>
      <trkpt lat="45.706108" lon="10.683441">
        <ele>415.0</ele>
      </trkpt>
      <trkpt lat="45.706023" lon="10.683487">
        <ele>414.0</ele>
      </trkpt>
      <trkpt lat="45.705932" lon="10.683431">
        <ele>413.0</ele>
      </trkpt>
      <trkpt lat="45.705832" lon="10.683388">
        <ele>412.0</ele>
      </trkpt>
      <trkpt lat="45.705729" lon="10.683355">
        <ele>411.0</ele>
      </trkpt>
      <trkpt lat="45.705648" lon="10.683282">
        <ele>410.0</ele>
      </trkpt>
      <trkpt lat="45.705559" lon="10.683209">
        <ele>409.0</ele>
      </trkpt>
      <trkpt lat="45.705471" lon="10.683145">
        <ele>409.0</ele>
      </trkpt>
      <trkpt lat="45.705382" lon="10.683089">
        <ele>407.0</ele>
      </trkpt>
      <trkpt lat="45.705313" lon="10.683">
        <ele>405.0</ele>
      </trkpt>
      <trkpt lat="45.705213" lon="10.682919">
        <ele>403.0</ele>
      </trkpt>
      <trkpt lat="45.705127" lon="10.682874">
        <ele>402.0</ele>
      </trkpt>
      <trkpt lat="45.705041" lon="10.682839">
        <ele>401.0</ele>
      </trkpt>
      <trkpt lat="45.704936" lon="10.682797">
        <ele>400.0</ele>
      </trkpt>
      <trkpt lat="45.704846" lon="10.682732">
        <ele>399.0</ele>
      </trkpt>
      <trkpt lat="45.70477" lon="10.682652">
        <ele>398.0</ele>
      </trkpt>
      <trkpt lat="45.704699" lon="10.68256">
        <ele>398.0</ele>
      </trkpt>
      <trkpt lat="45.704652" lon="10.682447">
        <ele>397.0</ele>
      </trkpt>
      <trkpt lat="45.704576" lon="10.682341">
        <ele>397.0</ele>
      </trkpt>
      <trkpt lat="45.704539" lon="10.682215">
        <ele>396.0</ele>
      </trkpt>
      <trkpt lat="45.704509" lon="10.682069">
        <ele>394.0</ele>
      </trkpt>
      <trkpt lat="45.704477" lon="10.681936">
        <ele>392.0</ele>
      </trkpt>
      <trkpt lat="45.704394" lon="10.681882">
        <ele>389.0</ele>
      </trkpt>
      <trkpt lat="45.704426" lon="10.681721">
        <ele>383.0</ele>
      </trkpt>
      <trkpt lat="45.704501" lon="10.681649">
        <ele>381.0</ele>
      </trkpt>
      <trkpt lat="45.704592" lon="10.681647">
        <ele>381.0</ele>
      </trkpt>
      <trkpt lat="45.704688" lon="10.681629">
        <ele>382.0</ele>
      </trkpt>
      <trkpt lat="45.704798" lon="10.681571">
        <ele>384.0</ele>
      </trkpt>
      <trkpt lat="45.704857" lon="10.681448">
        <ele>386.0</ele>
      </trkpt>
      <trkpt lat="45.704938" lon="10.681364">
        <ele>387.0</ele>
      </trkpt>
      <trkpt lat="45.705028" lon="10.681295">
        <ele>390.0</ele>
      </trkpt>
      <trkpt lat="45.705071" lon="10.681174">
        <ele>391.0</ele>
      </trkpt>
      <trkpt lat="45.704962" lon="10.681098">
        <ele>393.0</ele>
      </trkpt>
      <trkpt lat="45.704867" lon="10.681146">
        <ele>391.0</ele>
      </trkpt>
      <trkpt lat="45.704773" lon="10.681189">
        <ele>388.0</ele>
      </trkpt>
      <trkpt lat="45.70468" lon="10.68116">
        <ele>386.0</ele>
      </trkpt>
      <trkpt lat="45.704591" lon="10.681086">
        <ele>384.0</ele>
      </trkpt>
      <trkpt lat="45.704698" lon="10.68105">
        <ele>382.0</ele>
      </trkpt>
      <trkpt lat="45.704801" lon="10.68108">
        <ele>381.0</ele>
      </trkpt>
      <trkpt lat="45.704907" lon="10.681032">
        <ele>380.0</ele>
      </trkpt>
      <trkpt lat="45.705016" lon="10.680917">
        <ele>380.0</ele>
      </trkpt>
      <trkpt lat="45.705072" lon="10.680786">
        <ele>379.0</ele>
      </trkpt>
      <trkpt lat="45.705111" lon="10.680645">
        <ele>378.0</ele>
      </trkpt>
      <trkpt lat="45.705068" lon="10.680453">
        <ele>377.0</ele>
      </trkpt>
      <trkpt lat="45.70499" lon="10.680296">
        <ele>376.0</ele>
      </trkpt>
      <trkpt lat="45.704952" lon="10.680154">
        <ele>375.0</ele>
      </trkpt>
      <trkpt lat="45.704865" lon="10.680065">
        <ele>375.0</ele>
      </trkpt>
      <trkpt lat="45.704783" lon="10.679985">
        <ele>374.0</ele>
      </trkpt>
      <trkpt lat="45.704704" lon="10.679875">
        <ele>373.0</ele>
      </trkpt>
      <trkpt lat="45.704649" lon="10.679751">
        <ele>372.0</ele>
      </trkpt>
      <trkpt lat="45.704615" lon="10.679618">
        <ele>369.0</ele>
      </trkpt>
      <trkpt lat="45.704607" lon="10.679458">
        <ele>367.0</ele>
      </trkpt>
      <trkpt lat="45.70456" lon="10.679331">
        <ele>367.0</ele>
      </trkpt>
      <trkpt lat="45.704503" lon="10.679225">
        <ele>368.0</ele>
      </trkpt>
      <trkpt lat="45.704449" lon="10.679118">
        <ele>369.0</ele>
      </trkpt>
      <trkpt lat="45.704343" lon="10.679051">
        <ele>368.0</ele>
      </trkpt>
      <trkpt lat="45.704262" lon="10.678974">
        <ele>366.0</ele>
      </trkpt>
      <trkpt lat="45.704188" lon="10.678888">
        <ele>364.0</ele>
      </trkpt>
      <trkpt lat="45.704096" lon="10.678943">
        <ele>358.0</ele>
      </trkpt>
      <trkpt lat="45.70398" lon="10.678995">
        <ele>356.0</ele>
      </trkpt>
      <trkpt lat="45.703874" lon="10.679065">
        <ele>355.0</ele>
      </trkpt>
      <trkpt lat="45.703777" lon="10.679129">
        <ele>354.0</ele>
      </trkpt>
      <trkpt lat="45.703688" lon="10.679162">
        <ele>352.0</ele>
      </trkpt>
      <trkpt lat="45.703597" lon="10.679176">
        <ele>351.0</ele>
      </trkpt>
      <trkpt lat="45.703513" lon="10.67923">
        <ele>349.0</ele>
      </trkpt>
      <trkpt lat="45.703423" lon="10.679268">
        <ele>345.0</ele>
      </trkpt>
      <trkpt lat="45.703333" lon="10.679283">
        <ele>343.0</ele>
      </trkpt>
      <trkpt lat="45.703265" lon="10.679182">
        <ele>342.0</ele>
      </trkpt>
      <trkpt lat="45.703214" lon="10.679061">
        <ele>340.0</ele>
      </trkpt>
      <trkpt lat="45.703196" lon="10.678926">
        <ele>339.0</ele>
      </trkpt>
      <trkpt lat="45.703199" lon="10.678777">
        <ele>337.0</ele>
      </trkpt>
      <trkpt lat="45.703181" lon="10.678597">
        <ele>334.0</ele>
      </trkpt>
      <trkpt lat="45.703093" lon="10.678514">
        <ele>336.0</ele>
      </trkpt>
      <trkpt lat="45.702983" lon="10.678438">
        <ele>337.0</ele>
      </trkpt>
      <trkpt lat="45.70293" lon="10.678309">
        <ele>337.0</ele>
      </trkpt>
      <trkpt lat="45.702915" lon="10.678165">
        <ele>337.0</ele>
      </trkpt>
      <trkpt lat="45.702967" lon="10.678038">
        <ele>337.0</ele>
      </trkpt>
      <trkpt lat="45.702979" lon="10.677903">
        <ele>336.0</ele>
      </trkpt>
      <trkpt lat="45.702968" lon="10.67777">
        <ele>335.0</ele>
      </trkpt>
      <trkpt lat="45.702868" lon="10.677663">
        <ele>334.0</ele>
      </trkpt>
      <trkpt lat="45.702826" lon="10.677531">
        <ele>333.0</ele>
      </trkpt>
      <trkpt lat="45.702759" lon="10.677384">
        <ele>332.0</ele>
      </trkpt>
      <trkpt lat="45.702676" lon="10.677329">
        <ele>331.0</ele>
      </trkpt>
      <trkpt lat="45.702593" lon="10.677257">
        <ele>331.0</ele>
      </trkpt>
      <trkpt lat="45.702516" lon="10.67717">
        <ele>332.0</ele>
      </trkpt>
      <trkpt lat="45.70248" lon="10.677023">
        <ele>327.0</ele>
      </trkpt>
      <trkpt lat="45.702478" lon="10.676867">
        <ele>325.0</ele>
      </trkpt>
      <trkpt lat="45.702506" lon="10.676732">
        <ele>323.0</ele>
      </trkpt>
      <trkpt lat="45.702511" lon="10.676598">
        <ele>321.0</ele>
      </trkpt>
      <trkpt lat="45.70247" lon="10.676468">
        <ele>319.0</ele>
      </trkpt>
      <trkpt lat="45.702398" lon="10.676385">
        <ele>317.0</ele>
      </trkpt>
      <trkpt lat="45.702299" lon="10.676364">
        <ele>316.0</ele>
      </trkpt>
      <trkpt lat="45.702218" lon="10.676287">
        <ele>315.0</ele>
      </trkpt>
      <trkpt lat="45.702148" lon="10.676196">
        <ele>314.0</ele>
      </trkpt>
      <trkpt lat="45.702072" lon="10.676113">
        <ele>315.0</ele>
      </trkpt>
      <trkpt lat="45.702031" lon="10.675994">
        <ele>316.0</ele>
      </trkpt>
      <trkpt lat="45.701992" lon="10.675877">
        <ele>316.0</ele>
      </trkpt>
      <trkpt lat="45.701939" lon="10.675764">
        <ele>316.0</ele>
      </trkpt>
      <trkpt lat="45.701877" lon="10.675658">
        <ele>317.0</ele>
      </trkpt>
      <trkpt lat="45.701823" lon="10.675549">
        <ele>317.0</ele>
      </trkpt>
      <trkpt lat="45.701775" lon="10.675433">
        <ele>317.0</ele>
      </trkpt>
      <trkpt lat="45.701745" lon="10.675306">
        <ele>317.0</ele>
      </trkpt>
      <trkpt lat="45.701722" lon="10.67517">
        <ele>316.0</ele>
      </trkpt>
      <trkpt lat="45.701697" lon="10.675036">
        <ele>317.0</ele>
      </trkpt>
      <trkpt lat="45.701705" lon="10.67489">
        <ele>318.0</ele>
      </trkpt>
      <trkpt lat="45.701689" lon="10.67476">
        <ele>319.0</ele>
      </trkpt>
      <trkpt lat="45.701733" lon="10.67463">
        <ele>319.0</ele>
      </trkpt>
      <trkpt lat="45.701719" lon="10.674489">
        <ele>319.0</ele>
      </trkpt>
      <trkpt lat="45.701669" lon="10.674379">
        <ele>317.0</ele>
      </trkpt>
      <trkpt lat="45.701619" lon="10.674272">
        <ele>318.0</ele>
      </trkpt>
      <trkpt lat="45.701562" lon="10.674172">
        <ele>317.0</ele>
      </trkpt>
      <trkpt lat="45.701461" lon="10.674034">
        <ele>317.0</ele>
      </trkpt>
      <trkpt lat="45.701397" lon="10.673906">
        <ele>315.0</ele>
      </trkpt>
      <trkpt lat="45.701329" lon="10.673802">
        <ele>313.0</ele>
      </trkpt>
      <trkpt lat="45.701267" lon="10.673679">
        <ele>311.0</ele>
      </trkpt>
      <trkpt lat="45.701195" lon="10.673577">
        <ele>308.0</ele>
      </trkpt>
      <trkpt lat="45.701129" lon="10.673477">
        <ele>307.0</ele>
      </trkpt>
      <trkpt lat="45.701026" lon="10.6734">
        <ele>304.0</ele>
      </trkpt>
      <trkpt lat="45.700946" lon="10.673306">
        <ele>303.0</ele>
      </trkpt>
      <trkpt lat="45.700856" lon="10.6732">
        <ele>302.0</ele>
      </trkpt>
      <trkpt lat="45.700803" lon="10.673072">
        <ele>300.0</ele>
      </trkpt>
      <trkpt lat="45.700759" lon="10.67296">
        <ele>299.0</ele>
      </trkpt>
      <trkpt lat="45.700664" lon="10.672844">
        <ele>296.0</ele>
      </trkpt>
      <trkpt lat="45.70058" lon="10.672782">
        <ele>296.0</ele>
      </trkpt>
      <trkpt lat="45.700508" lon="10.672696">
        <ele>298.0</ele>
      </trkpt>
      <trkpt lat="45.700455" lon="10.672581">
        <ele>298.0</ele>
      </trkpt>
      <trkpt lat="45.700402" lon="10.672464">
        <ele>297.0</ele>
      </trkpt>
      <trkpt lat="45.700348" lon="10.672348">
        <ele>295.0</ele>
      </trkpt>
      <trkpt lat="45.700278" lon="10.672246">
        <ele>294.0</ele>
      </trkpt>
      <trkpt lat="45.700205" lon="10.672145">
        <ele>292.0</ele>
      </trkpt>
      <trkpt lat="45.700127" lon="10.672063">
        <ele>291.0</ele>
      </trkpt>
      <trkpt lat="45.700042" lon="10.672">
        <ele>291.0</ele>
      </trkpt>
      <trkpt lat="45.699956" lon="10.671957">
        <ele>288.0</ele>
      </trkpt>
      <trkpt lat="45.69987" lon="10.671902">
        <ele>280.0</ele>
      </trkpt>
      <trkpt lat="45.699789" lon="10.67184">
        <ele>280.0</ele>
      </trkpt>
      <trkpt lat="45.699852" lon="10.671941">
        <ele>279.0</ele>
      </trkpt>
      <trkpt lat="45.699926" lon="10.672072">
        <ele>278.0</ele>
      </trkpt>
      <trkpt lat="45.700005" lon="10.672163">
        <ele>276.0</ele>
      </trkpt>
      <trkpt lat="45.700058" lon="10.672271">
        <ele>275.0</ele>
      </trkpt>
      <trkpt lat="45.700118" lon="10.672397">
        <ele>275.0</ele>
      </trkpt>
      <trkpt lat="45.700166" lon="10.672514">
        <ele>273.0</ele>
      </trkpt>
      <trkpt lat="45.700043" lon="10.672489">
        <ele>268.0</ele>
      </trkpt>
      <trkpt lat="45.699952" lon="10.672433">
        <ele>266.0</ele>
      </trkpt>
      <trkpt lat="45.699866" lon="10.672351">
        <ele>264.0</ele>
      </trkpt>
      <trkpt lat="45.699771" lon="10.672322">
        <ele>263.0</ele>
      </trkpt>
      <trkpt lat="45.699772" lon="10.672469">
        <ele>261.0</ele>
      </trkpt>
      <trkpt lat="45.699839" lon="10.672599">
        <ele>260.0</ele>
      </trkpt>
      <trkpt lat="45.699746" lon="10.672713">
        <ele>258.0</ele>
      </trkpt>
      <trkpt lat="45.699648" lon="10.672701">
        <ele>258.0</ele>
      </trkpt>
      <trkpt lat="45.699549" lon="10.672659">
        <ele>258.0</ele>
      </trkpt>
      <trkpt lat="45.699457" lon="10.672656">
        <ele>258.0</ele>
      </trkpt>
      <trkpt lat="45.699365" lon="10.672604">
        <ele>257.0</ele>
      </trkpt>
      <trkpt lat="45.699284" lon="10.67251">
        <ele>257.0</ele>
      </trkpt>
      <trkpt lat="45.69923" lon="10.672405">
        <ele>256.0</ele>
      </trkpt>
      <trkpt lat="45.699167" lon="10.672301">
        <ele>255.0</ele>
      </trkpt>
      <trkpt lat="45.699098" lon="10.672202">
        <ele>254.0</ele>
      </trkpt>
      <trkpt lat="45.69902" lon="10.672125">
        <ele>253.0</ele>
      </trkpt>
      <trkpt lat="45.698933" lon="10.672072">
        <ele>253.0</ele>
      </trkpt>
      <trkpt lat="45.698858" lon="10.671943">
        <ele>253.0</ele>
      </trkpt>
      <trkpt lat="45.698781" lon="10.671849">
        <ele>254.0</ele>
      </trkpt>
      <trkpt lat="45.698707" lon="10.671776">
        <ele>253.0</ele>
      </trkpt>
      <trkpt lat="45.698627" lon="10.671682">
        <ele>251.0</ele>
      </trkpt>
      <trkpt lat="45.698583" lon="10.671567">
        <ele>249.0</ele>
      </trkpt>
      <trkpt lat="45.698521" lon="10.671458">
        <ele>246.0</ele>
      </trkpt>
      <trkpt lat="45.698458" lon="10.671368">
        <ele>243.0</ele>
      </trkpt>
      <trkpt lat="45.698379" lon="10.671281">
        <ele>241.0</ele>
      </trkpt>
      <trkpt lat="45.698305" lon="10.671191">
        <ele>240.0</ele>
      </trkpt>
      <trkpt lat="45.698251" lon="10.671086">
        <ele>238.0</ele>
      </trkpt>
      <trkpt lat="45.6982" lon="10.670955">
        <ele>236.0</ele>
      </trkpt>
      <trkpt lat="45.698124" lon="10.670878">
        <ele>235.0</ele>
      </trkpt>
      <trkpt lat="45.698028" lon="10.670785">
        <ele>234.0</ele>
      </trkpt>
      <trkpt lat="45.697934" lon="10.670747">
        <ele>233.0</ele>
      </trkpt>
      <trkpt lat="45.69785" lon="10.670696">
        <ele>232.0</ele>
      </trkpt>
      <trkpt lat="45.697764" lon="10.670655">
        <ele>231.0</ele>
      </trkpt>
      <trkpt lat="45.697666" lon="10.670608">
        <ele>228.0</ele>
      </trkpt>
      <trkpt lat="45.697572" lon="10.670562">
        <ele>226.0</ele>
      </trkpt>
      <trkpt lat="45.697492" lon="10.670486">
        <ele>225.0</ele>
      </trkpt>
      <trkpt lat="45.697413" lon="10.670416">
        <ele>223.0</ele>
      </trkpt>
      <trkpt lat="45.69733" lon="10.670326">
        <ele>222.0</ele>
      </trkpt>
      <trkpt lat="45.697268" lon="10.670234">
        <ele>221.0</ele>
      </trkpt>
      <trkpt lat="45.697197" lon="10.670154">
        <ele>219.0</ele>
      </trkpt>
      <trkpt lat="45.697112" lon="10.670088">
        <ele>218.0</ele>
      </trkpt>
      <trkpt lat="45.697018" lon="10.670072">
        <ele>217.0</ele>
      </trkpt>
      <trkpt lat="45.696929" lon="10.670042">
        <ele>216.0</ele>
      </trkpt>
      <trkpt lat="45.696831" lon="10.670024">
        <ele>215.0</ele>
      </trkpt>
      <trkpt lat="45.696749" lon="10.669946">
        <ele>213.0</ele>
      </trkpt>
      <trkpt lat="45.696666" lon="10.669867">
        <ele>211.0</ele>
      </trkpt>
      <trkpt lat="45.696579" lon="10.669829">
        <ele>210.0</ele>
      </trkpt>
      <trkpt lat="45.696493" lon="10.669771">
        <ele>209.0</ele>
      </trkpt>
      <trkpt lat="45.696439" lon="10.669656">
        <ele>207.0</ele>
      </trkpt>
      <trkpt lat="45.696385" lon="10.669553">
        <ele>206.0</ele>
      </trkpt>
      <trkpt lat="45.696299" lon="10.669505">
        <ele>205.0</ele>
      </trkpt>
      <trkpt lat="45.696194" lon="10.669472">
        <ele>204.0</ele>
      </trkpt>
      <trkpt lat="45.696114" lon="10.669392">
        <ele>203.0</ele>
      </trkpt>
      <trkpt lat="45.696039" lon="10.669309">
        <ele>202.0</ele>
      </trkpt>
      <trkpt lat="45.695963" lon="10.669222">
        <ele>200.0</ele>
      </trkpt>
      <trkpt lat="45.695876" lon="10.669175">
        <ele>198.0</ele>
      </trkpt>
      <trkpt lat="45.695794" lon="10.669097">
        <ele>193.0</ele>
      </trkpt>
      <trkpt lat="45.695719" lon="10.669">
        <ele>191.0</ele>
      </trkpt>
      <trkpt lat="45.69563" lon="10.668929">
        <ele>189.0</ele>
      </trkpt>
      <trkpt lat="45.69556" lon="10.668838">
        <ele>188.0</ele>
      </trkpt>
      <trkpt lat="45.695497" lon="10.668732">
        <ele>187.0</ele>
      </trkpt>
      <trkpt lat="45.695581" lon="10.668822">
        <ele>186.0</ele>
      </trkpt>
      <trkpt lat="45.695503" lon="10.668754">
        <ele>184.0</ele>
      </trkpt>
      <trkpt lat="45.695432" lon="10.66867">
        <ele>183.0</ele>
      </trkpt>
      <trkpt lat="45.695356" lon="10.668578">
        <ele>182.0</ele>
      </trkpt>
      <trkpt lat="45.695325" lon="10.668453">
        <ele>181.0</ele>
      </trkpt>
      <trkpt lat="45.695235" lon="10.668374">
        <ele>178.0</ele>
      </trkpt>
      <trkpt lat="45.695159" lon="10.66828">
        <ele>178.0</ele>
      </trkpt>
      <trkpt lat="45.695085" lon="10.668181">
        <ele>177.0</ele>
      </trkpt>
      <trkpt lat="45.695003" lon="10.668127">
        <ele>177.0</ele>
      </trkpt>
      <trkpt lat="45.694916" lon="10.668081">
        <ele>178.0</ele>
      </trkpt>
      <trkpt lat="45.694838" lon="10.667987">
        <ele>178.0</ele>
      </trkpt>
      <trkpt lat="45.694737" lon="10.667936">
        <ele>178.0</ele>
      </trkpt>
      <trkpt lat="45.694674" lon="10.66783">
        <ele>176.0</ele>
      </trkpt>
      <trkpt lat="45.694585" lon="10.667783">
        <ele>172.0</ele>
      </trkpt>
      <trkpt lat="45.694499" lon="10.667737">
        <ele>171.0</ele>
      </trkpt>
      <trkpt lat="45.694409" lon="10.667669">
        <ele>171.0</ele>
      </trkpt>
      <trkpt lat="45.694317" lon="10.667635">
        <ele>171.0</ele>
      </trkpt>
      <trkpt lat="45.694224" lon="10.667574">
        <ele>171.0</ele>
      </trkpt>
      <trkpt lat="45.694122" lon="10.667556">
        <ele>171.0</ele>
      </trkpt>
      <trkpt lat="45.694035" lon="10.667487">
        <ele>171.0</ele>
      </trkpt>
      <trkpt lat="45.693966" lon="10.66737">
        <ele>172.0</ele>
      </trkpt>
      <trkpt lat="45.693891" lon="10.667283">
        <ele>172.0</ele>
      </trkpt>
      <trkpt lat="45.693825" lon="10.667164">
        <ele>173.0</ele>
      </trkpt>
      <trkpt lat="45.69377" lon="10.667043">
        <ele>173.0</ele>
      </trkpt>
      <trkpt lat="45.693701" lon="10.666944">
        <ele>173.0</ele>
      </trkpt>
      <trkpt lat="45.693622" lon="10.666868">
        <ele>172.0</ele>
      </trkpt>
      <trkpt lat="45.693536" lon="10.66681">
        <ele>171.0</ele>
      </trkpt>
      <trkpt lat="45.69346" lon="10.666716">
        <ele>170.0</ele>
      </trkpt>
      <trkpt lat="45.693366" lon="10.666656">
        <ele>169.0</ele>
      </trkpt>
      <trkpt lat="45.693283" lon="10.666588">
        <ele>169.0</ele>
      </trkpt>
      <trkpt lat="45.693187" lon="10.666503">
        <ele>170.0</ele>
      </trkpt>
      <trkpt lat="45.693105" lon="10.666429">
        <ele>170.0</ele>
      </trkpt>
      <trkpt lat="45.693026" lon="10.666339">
        <ele>170.0</ele>
      </trkpt>
      <trkpt lat="45.692944" lon="10.66627">
        <ele>171.0</ele>
      </trkpt>
      <trkpt lat="45.692863" lon="10.666203">
        <ele>171.0</ele>
      </trkpt>
      <trkpt lat="45.692783" lon="10.66613">
        <ele>171.0</ele>
      </trkpt>
      <trkpt lat="45.692691" lon="10.666073">
        <ele>171.0</ele>
      </trkpt>
      <trkpt lat="45.692599" lon="10.666047">
        <ele>170.0</ele>
      </trkpt>
      <trkpt lat="45.692507" lon="10.665957">
        <ele>171.0</ele>
      </trkpt>
      <trkpt lat="45.692412" lon="10.665894">
        <ele>171.0</ele>
      </trkpt>
      <trkpt lat="45.692325" lon="10.665849">
        <ele>171.0</ele>
      </trkpt>
      <trkpt lat="45.692243" lon="10.665783">
        <ele>170.0</ele>
      </trkpt>
      <trkpt lat="45.692136" lon="10.665719">
        <ele>169.0</ele>
      </trkpt>
      <trkpt lat="45.692059" lon="10.665647">
        <ele>168.0</ele>
      </trkpt>
      <trkpt lat="45.691993" lon="10.665547">
        <ele>166.0</ele>
      </trkpt>
      <trkpt lat="45.691902" lon="10.665513">
        <ele>165.0</ele>
      </trkpt>
      <trkpt lat="45.6918" lon="10.66548">
        <ele>164.0</ele>
      </trkpt>
      <trkpt lat="45.691701" lon="10.665454">
        <ele>163.0</ele>
      </trkpt>
      <trkpt lat="45.6916" lon="10.665454">
        <ele>162.0</ele>
      </trkpt>
      <trkpt lat="45.691505" lon="10.665412">
        <ele>162.0</ele>
      </trkpt>
      <trkpt lat="45.69141" lon="10.665354">
        <ele>161.0</ele>
      </trkpt>
      <trkpt lat="45.69133" lon="10.665293">
        <ele>160.0</ele>
      </trkpt>
      <trkpt lat="45.691248" lon="10.665203">
        <ele>158.0</ele>
      </trkpt>
      <trkpt lat="45.691183" lon="10.665109">
        <ele>153.0</ele>
      </trkpt>
      <trkpt lat="45.691114" lon="10.665024">
        <ele>148.0</ele>
      </trkpt>
      <trkpt lat="45.691049" lon="10.664925">
        <ele>147.0</ele>
      </trkpt>
      <trkpt lat="45.690949" lon="10.664909">
        <ele>146.0</ele>
      </trkpt>
      <trkpt lat="45.69087" lon="10.664843">
        <ele>146.0</ele>
      </trkpt>
      <trkpt lat="45.690784" lon="10.664757">
        <ele>147.0</ele>
      </trkpt>
      <trkpt lat="45.690729" lon="10.664631">
        <ele>148.0</ele>
      </trkpt>
      <trkpt lat="45.690687" lon="10.664493">
        <ele>149.0</ele>
      </trkpt>
      <trkpt lat="45.690626" lon="10.664377">
        <ele>150.0</ele>
      </trkpt>
      <trkpt lat="45.690548" lon="10.66429">
        <ele>151.0</ele>
      </trkpt>
      <trkpt lat="45.690457" lon="10.664297">
        <ele>153.0</ele>
      </trkpt>
      <trkpt lat="45.690367" lon="10.664234">
        <ele>154.0</ele>
      </trkpt>
      <trkpt lat="45.690265" lon="10.664228">
        <ele>155.0</ele>
      </trkpt>
      <trkpt lat="45.690167" lon="10.664241">
        <ele>156.0</ele>
      </trkpt>
      <trkpt lat="45.690097" lon="10.664326">
        <ele>153.0</ele>
      </trkpt>
      <trkpt lat="45.690077" lon="10.664463">
        <ele>151.0</ele>
      </trkpt>
      <trkpt lat="45.689975" lon="10.664431">
        <ele>147.0</ele>
      </trkpt>
      <trkpt lat="45.690062" lon="10.664369">
        <ele>139.0</ele>
      </trkpt>
      <trkpt lat="45.68997" lon="10.664354">
        <ele>139.0</ele>
      </trkpt>
      <trkpt lat="45.689868" lon="10.664297">
        <ele>138.0</ele>
      </trkpt>
      <trkpt lat="45.689808" lon="10.66419">
        <ele>138.0</ele>
      </trkpt>
      <trkpt lat="45.689726" lon="10.664131">
        <ele>138.0</ele>
      </trkpt>
      <trkpt lat="45.689667" lon="10.66403">
        <ele>138.0</ele>
      </trkpt>
      <trkpt lat="45.689578" lon="10.663966">
        <ele>139.0</ele>
      </trkpt>
      <trkpt lat="45.689493" lon="10.663909">
        <ele>137.0</ele>
      </trkpt>
      <trkpt lat="45.689409" lon="10.663853">
        <ele>136.0</ele>
      </trkpt>
      <trkpt lat="45.689327" lon="10.66378">
        <ele>135.0</ele>
      </trkpt>
      <trkpt lat="45.689213" lon="10.663723">
        <ele>135.0</ele>
      </trkpt>
      <trkpt lat="45.689128" lon="10.663669">
        <ele>134.0</ele>
      </trkpt>
      <trkpt lat="45.689061" lon="10.663554">
        <ele>134.0</ele>
      </trkpt>
      <trkpt lat="45.689008" lon="10.663448">
        <ele>134.0</ele>
      </trkpt>
      <trkpt lat="45.688925" lon="10.663379">
        <ele>132.0</ele>
      </trkpt>
      <trkpt lat="45.688827" lon="10.66336">
        <ele>130.0</ele>
      </trkpt>
      <trkpt lat="45.688732" lon="10.663306">
        <ele>131.0</ele>
      </trkpt>
      <trkpt lat="45.688708" lon="10.663163">
        <ele>132.0</ele>
      </trkpt>
      <trkpt lat="45.688579" lon="10.66312">
        <ele>131.0</ele>
      </trkpt>
      <trkpt lat="45.688485" lon="10.663138">
        <ele>131.0</ele>
      </trkpt>
      <trkpt lat="45.688391" lon="10.66314">
        <ele>129.0</ele>
      </trkpt>
      <trkpt lat="45.688312" lon="10.663211">
        <ele>128.0</ele>
      </trkpt>
      <trkpt lat="45.688209" lon="10.663181">
        <ele>124.0</ele>
      </trkpt>
      <trkpt lat="45.68812" lon="10.663128">
        <ele>125.0</ele>
      </trkpt>
      <trkpt lat="45.688085" lon="10.663006">
        <ele>125.0</ele>
      </trkpt>
      <trkpt lat="45.688013" lon="10.66285">
        <ele>125.0</ele>
      </trkpt>
      <trkpt lat="45.687948" lon="10.662761">
        <ele>125.0</ele>
      </trkpt>
      <trkpt lat="45.687864" lon="10.662638">
        <ele>124.0</ele>
      </trkpt>
      <trkpt lat="45.687806" lon="10.662532">
        <ele>122.0</ele>
      </trkpt>
      <trkpt lat="45.68776" lon="10.662389">
        <ele>121.0</ele>
      </trkpt>
      <trkpt lat="45.687722" lon="10.662264">
        <ele>120.0</ele>
      </trkpt>
      <trkpt lat="45.6877" lon="10.662139">
        <ele>118.0</ele>
      </trkpt>
      <trkpt lat="45.687667" lon="10.661999">
        <ele>119.0</ele>
      </trkpt>
      <trkpt lat="45.687633" lon="10.661854">
        <ele>120.0</ele>
      </trkpt>
      <trkpt lat="45.68757" lon="10.66171">
        <ele>121.0</ele>
      </trkpt>
      <trkpt lat="45.687543" lon="10.661584">
        <ele>128.0</ele>
      </trkpt>
      <trkpt lat="45.687613" lon="10.661491">
        <ele>128.0</ele>
      </trkpt>
    </trkseg>
  </trk>
  <trk>
    <name>Variante Prabione</name>
    <trkseg>
      <trkpt lat="45.751604" lon="10.736885">
        <ele>557.0</ele>
      </trkpt>
      <trkpt lat="45.751658" lon="10.736658">
        <ele>558.0</ele>
      </trkpt>
      <trkpt lat="45.751658" lon="10.736479">
        <ele>558.0</ele>
      </trkpt>
      <trkpt lat="45.751656" lon="10.736341">
        <ele>558.0</ele>
      </trkpt>
      <trkpt lat="45.751629" lon="10.736205">
        <ele>558.0</ele>
      </trkpt>
      <trkpt lat="45.751614" lon="10.736064">
        <ele>558.0</ele>
      </trkpt>
      <trkpt lat="45.751621" lon="10.735928">
        <ele>558.0</ele>
      </trkpt>
      <trkpt lat="45.751598" lon="10.735781">
        <ele>558.0</ele>
      </trkpt>
      <trkpt lat="45.751614" lon="10.735649">
        <ele>558.0</ele>
      </trkpt>
      <trkpt lat="45.751602" lon="10.735518">
        <ele>558.0</ele>
      </trkpt>
      <trkpt lat="45.751598" lon="10.735378">
        <ele>558.0</ele>
      </trkpt>
      <trkpt lat="45.751587" lon="10.735243">
        <ele>559.0</ele>
      </trkpt>
      <trkpt lat="45.751595" lon="10.735102">
        <ele>559.0</ele>
      </trkpt>
      <trkpt lat="45.751614" lon="10.734975">
        <ele>560.0</ele>
      </trkpt>
      <trkpt lat="45.751656" lon="10.73486">
        <ele>561.0</ele>
      </trkpt>
      <trkpt lat="45.751663" lon="10.734729">
        <ele>561.0</ele>
      </trkpt>
      <trkpt lat="45.751705" lon="10.734602">
        <ele>560.0</ele>
      </trkpt>
      <trkpt lat="45.751766" lon="10.734493">
        <ele>560.0</ele>
      </trkpt>
      <trkpt lat="45.751789" lon="10.734362">
        <ele>560.0</ele>
      </trkpt>
      <trkpt lat="45.751839" lon="10.734237">
        <ele>560.0</ele>
      </trkpt>
      <trkpt lat="45.751881" lon="10.734113">
        <ele>560.0</ele>
      </trkpt>
      <trkpt lat="45.751923" lon="10.733992">
        <ele>560.0</ele>
      </trkpt>
      <trkpt lat="45.751965" lon="10.733876">
        <ele>561.0</ele>
      </trkpt>
      <trkpt lat="45.751987" lon="10.733748">
        <ele>561.0</ele>
      </trkpt>
      <trkpt lat="45.752075" lon="10.733526">
        <ele>562.0</ele>
      </trkpt>
      <trkpt lat="45.752125" lon="10.733415">
        <ele>563.0</ele>
      </trkpt>
      <trkpt lat="45.752148" lon="10.733283">
        <ele>565.0</ele>
      </trkpt>
      <trkpt lat="45.752182" lon="10.733145">
        <ele>565.0</ele>
      </trkpt>
      <trkpt lat="45.752216" lon="10.733018">
        <ele>566.0</ele>
      </trkpt>
      <trkpt lat="45.75227" lon="10.732889">
        <ele>566.0</ele>
      </trkpt>
      <trkpt lat="45.752346" lon="10.732765">
        <ele>567.0</ele>
      </trkpt>
      <trkpt lat="45.752392" lon="10.732647">
        <ele>568.0</ele>
      </trkpt>
      <trkpt lat="45.752445" lon="10.732524">
        <ele>569.0</ele>
      </trkpt>
      <trkpt lat="45.752487" lon="10.732393">
        <ele>570.0</ele>
      </trkpt>
      <trkpt lat="45.752522" lon="10.732268">
        <ele>571.0</ele>
      </trkpt>
      <trkpt lat="45.752579" lon="10.732151">
        <ele>573.0</ele>
      </trkpt>
      <trkpt lat="45.75264" lon="10.732048">
        <ele>574.0</ele>
      </trkpt>
      <trkpt lat="45.752731" lon="10.732006">
        <ele>575.0</ele>
      </trkpt>
      <trkpt lat="45.75275" lon="10.731867">
        <ele>582.0</ele>
      </trkpt>
      <trkpt lat="45.752754" lon="10.731734">
        <ele>582.0</ele>
      </trkpt>
      <trkpt lat="45.752747" lon="10.731595">
        <ele>582.0</ele>
      </trkpt>
      <trkpt lat="45.752712" lon="10.731459">
        <ele>582.0</ele>
      </trkpt>
      <trkpt lat="45.752735" lon="10.731329">
        <ele>583.0</ele>
      </trkpt>
      <trkpt lat="45.752724" lon="10.731182">
        <ele>585.0</ele>
      </trkpt>
      <trkpt lat="45.752513" lon="10.731153">
        <ele>586.0</ele>
      </trkpt>
      <trkpt lat="45.752362" lon="10.731182">
        <ele>589.0</ele>
      </trkpt>
      <trkpt lat="45.752215" lon="10.731113">
        <ele>590.0</ele>
      </trkpt>
      <trkpt lat="45.752017" lon="10.731045">
        <ele>590.0</ele>
      </trkpt>
      <trkpt lat="45.751735" lon="10.730987">
        <ele>590.0</ele>
      </trkpt>
      <trkpt lat="45.751384" lon="10.731053">
        <ele>590.0</ele>
      </trkpt>
      <trkpt lat="45.751074" lon="10.731149">
        <ele>590.0</ele>
      </trkpt>
      <trkpt lat="45.750772" lon="10.731136">
        <ele>590.0</ele>
      </trkpt>
      <trkpt lat="45.750517" lon="10.731258">
        <ele>590.0</ele>
      </trkpt>
      <trkpt lat="45.750158" lon="10.731285">
        <ele>590.0</ele>
      </trkpt>
      <trkpt lat="45.749704" lon="10.731366">
        <ele>590.0</ele>
      </trkpt>
      <trkpt lat="45.749401" lon="10.731351">
        <ele>590.0</ele>
      </trkpt>
      <trkpt lat="45.749043" lon="10.731393">
        <ele>590.0</ele>
      </trkpt>
      <trkpt lat="45.748703" lon="10.731231">
        <ele>590.0</ele>
      </trkpt>
      <trkpt lat="45.74841" lon="10.73096">
        <ele>590.0</ele>
      </trkpt>
      <trkpt lat="45.74824" lon="10.731244">
        <ele>590.0</ele>
      </trkpt>
      <trkpt lat="45.74806" lon="10.731488">
        <ele>590.0</ele>
      </trkpt>
      <trkpt lat="45.747673" lon="10.731583">
        <ele>590.0</ele>
      </trkpt>
      <trkpt lat="45.747304" lon="10.731745">
        <ele>590.0</ele>
      </trkpt>
      <trkpt lat="45.746881" lon="10.731706">
        <ele>590.0</ele>
      </trkpt>
      <trkpt lat="45.746577" lon="10.731745">
        <ele>590.0</ele>
      </trkpt>
      <trkpt lat="45.746209" lon="10.731948">
        <ele>590.0</ele>
      </trkpt>
      <trkpt lat="45.745878" lon="10.732192">
        <ele>590.0</ele>
      </trkpt>
      <trkpt lat="45.745509" lon="10.732165">
        <ele>590.0</ele>
      </trkpt>
      <trkpt lat="45.74515" lon="10.732178">
        <ele>590.0</ele>
      </trkpt>
      <trkpt lat="45.744735" lon="10.732165">
        <ele>590.0</ele>
      </trkpt>
      <trkpt lat="45.744426" lon="10.732107">
        <ele>590.0</ele>
      </trkpt>
      <trkpt lat="45.744111" lon="10.732151">
        <ele>590.0</ele>
      </trkpt>
      <trkpt lat="45.743752" lon="10.731894">
        <ele>590.0</ele>
      </trkpt>
      <trkpt lat="45.743421" lon="10.731691">
        <ele>590.0</ele>
      </trkpt>
      <trkpt lat="45.743081" lon="10.73142">
        <ele>590.0</ele>
      </trkpt>
      <trkpt lat="45.742826" lon="10.731163">
        <ele>590.0</ele>
      </trkpt>
      <trkpt lat="45.742477" lon="10.730852">
        <ele>590.0</ele>
      </trkpt>
      <trkpt lat="45.742146" lon="10.730513">
        <ele>590.0</ele>
      </trkpt>
    </trkseg>
  </trk>
</gpx>
