<?xml version="1.0" encoding="UTF-8"?>
<gpx version="1.1" creator="ETC" xmlns="http://www.topografix.com/GPX/1/1" xmlns:xsi="http://www.w3.org/2001/XMLSchema-instance" xsi:schemaLocation="http://www.topografix.com/GPX/1/1 http://www.topografix.com/GPX/1/1/gpx.xsd">
  <metadata>
    <name>Settima tappa</name>
  </metadata>
  <wpt lat="45.440011" lon="10.692151">
    <ele>67.0</ele>
    <name>Peschiera del Garda</name>
  </wpt>
  <wpt lat="45.438637" lon="10.702237">
    <ele>74.0</ele>
    <name>Peschiera del Garda</name>
  </wpt>
  <wpt lat="45.440783" lon="10.698091">
    <ele>66.0</ele>
    <name>Bivio sx</name>
  </wpt>
  <wpt lat="45.50163" lon="10.732184">
    <ele>62.0</ele>
    <name>Deviazione dx</name>
  </wpt>
  <wpt lat="45.501967" lon="10.733244">
    <ele>64.0</ele>
    <name>Bivio sx</name>
  </wpt>
  <wpt lat="45.503292" lon="10.733582">
    <ele>76.0</ele>
    <name>Bivio sx</name>
  </wpt>
  <wpt lat="45.505147" lon="10.733096">
    <ele>77.0</ele>
    <name>Bivio sx</name>
  </wpt>
  <wpt lat="45.505299" lon="10.731155">
    <ele>75.0</ele>
    <name>Lazise</name>
  </wpt>
  <wpt lat="45.546429" lon="10.719405">
    <ele>75.0</ele>
    <name>Bardolino</name>
  </wpt>
  <wpt lat="45.575705" lon="10.706027">
    <ele>75.0</ele>
    <name>Garda</name>
  </wpt>
  <wpt lat="45.577415" lon="10.685465">
    <ele>68.0</ele>
    <name>Bivio dx</name>
  </wpt>
  <wpt lat="45.578381" lon="10.684775">
    <ele>86.0</ele>
    <name>Bivio sx</name>
  </wpt>
  <wpt lat="45.57654" lon="10.681913">
    <ele>98.0</ele>
    <name>Deviazione dx</name>
  </wpt>
  <wpt lat="45.577109" lon="10.680923">
    <ele>102.0</ele>
    <name>Bivio sx</name>
  </wpt>
  <wpt lat="45.577377" lon="10.674555">
    <ele>144.0</ele>
    <name>Punto panoramico</name>
  </wpt>
  <wpt lat="45.580456" lon="10.676129">
    <ele>167.0</ele>
    <name>Bivio dritti</name>
  </wpt>
  <wpt lat="45.581183" lon="10.676011">
    <ele>156.0</ele>
    <name>Bivio dx</name>
  </wpt>
  <wpt lat="45.588899" lon="10.678786">
    <ele>135.0</ele>
    <name>Bivio dx</name>
  </wpt>
  <wpt lat="45.604268" lon="10.689157">
    <ele>129.0</ele>
    <name>Bivio sx</name>
  </wpt>
  <wpt lat="45.610006" lon="10.687052">
    <ele>77.0</ele>
    <name>Incrocio dritti</name>
  </wpt>
  <wpt lat="45.608541" lon="10.685351">
    <ele>71.0</ele>
    <name>Torri del Benaco</name>
  </wpt>
  <wpt lat="45.605786" lon="10.685438">
    <ele>72.0</ele>
    <name>Torri del Benaco</name>
  </wpt>
  <wpt lat="45.608487" lon="10.686571">
    <ele>71.0</ele>
    <name>Torri del Benaco</name>
  </wpt>
  <trk>
    <name>Percorso</name>
    <trkseg>
      <trkpt lat="45.43997" lon="10.692125">
        <ele>114.0</ele>
      </trkpt>
      <trkpt lat="45.439757" lon="10.692207">
        <ele>113.0</ele>
      </trkpt>
      <trkpt lat="45.439667" lon="10.692176">
        <ele>112.0</ele>
      </trkpt>
      <trkpt lat="45.43959" lon="10.692243">
        <ele>112.0</ele>
      </trkpt>
      <trkpt lat="45.439504" lon="10.692314">
        <ele>112.0</ele>
      </trkpt>
      <trkpt lat="45.439412" lon="10.692321">
        <ele>111.0</ele>
      </trkpt>
      <trkpt lat="45.439408" lon="10.69245">
        <ele>111.0</ele>
      </trkpt>
      <trkpt lat="45.439361" lon="10.692578">
        <ele>110.0</ele>
      </trkpt>
      <trkpt lat="45.43932" lon="10.692714">
        <ele>110.0</ele>
      </trkpt>
      <trkpt lat="45.439299" lon="10.69284">
        <ele>110.0</ele>
      </trkpt>
      <trkpt lat="45.439366" lon="10.692938">
        <ele>110.0</ele>
      </trkpt>
      <trkpt lat="45.439442" lon="10.69301">
        <ele>111.0</ele>
      </trkpt>
      <trkpt lat="45.439528" lon="10.693053">
        <ele>111.0</ele>
      </trkpt>
      <trkpt lat="45.43962" lon="10.693087">
        <ele>112.0</ele>
      </trkpt>
      <trkpt lat="45.439705" lon="10.693155">
        <ele>112.0</ele>
      </trkpt>
      <trkpt lat="45.439776" lon="10.693255">
        <ele>112.0</ele>
      </trkpt>
      <trkpt lat="45.439817" lon="10.693375">
        <ele>112.0</ele>
      </trkpt>
      <trkpt lat="45.439853" lon="10.693498">
        <ele>112.0</ele>
      </trkpt>
      <trkpt lat="45.439873" lon="10.693643">
        <ele>112.0</ele>
      </trkpt>
      <trkpt lat="45.439843" lon="10.693791">
        <ele>112.0</ele>
      </trkpt>
      <trkpt lat="45.439849" lon="10.693934">
        <ele>112.0</ele>
      </trkpt>
      <trkpt lat="45.439885" lon="10.694052">
        <ele>112.0</ele>
      </trkpt>
      <trkpt lat="45.439926" lon="10.694183">
        <ele>112.0</ele>
      </trkpt>
      <trkpt lat="45.439924" lon="10.694321">
        <ele>112.0</ele>
      </trkpt>
      <trkpt lat="45.439894" lon="10.694444">
        <ele>112.0</ele>
      </trkpt>
      <trkpt lat="45.439839" lon="10.694553">
        <ele>112.0</ele>
      </trkpt>
      <trkpt lat="45.439799" lon="10.69469">
        <ele>111.0</ele>
      </trkpt>
      <trkpt lat="45.439785" lon="10.694838">
        <ele>111.0</ele>
      </trkpt>
      <trkpt lat="45.439764" lon="10.694969">
        <ele>110.0</ele>
      </trkpt>
      <trkpt lat="45.439728" lon="10.695107">
        <ele>109.0</ele>
      </trkpt>
      <trkpt lat="45.439689" lon="10.69526">
        <ele>109.0</ele>
      </trkpt>
      <trkpt lat="45.439659" lon="10.695389">
        <ele>109.0</ele>
      </trkpt>
      <trkpt lat="45.439659" lon="10.695527">
        <ele>109.0</ele>
      </trkpt>
      <trkpt lat="45.439641" lon="10.695658">
        <ele>109.0</ele>
      </trkpt>
      <trkpt lat="45.439645" lon="10.695789">
        <ele>109.0</ele>
      </trkpt>
      <trkpt lat="45.439694" lon="10.695907">
        <ele>109.0</ele>
      </trkpt>
      <trkpt lat="45.43977" lon="10.695979">
        <ele>109.0</ele>
      </trkpt>
      <trkpt lat="45.439851" lon="10.696078">
        <ele>110.0</ele>
      </trkpt>
      <trkpt lat="45.439929" lon="10.696155">
        <ele>111.0</ele>
      </trkpt>
      <trkpt lat="45.440029" lon="10.696188">
        <ele>112.0</ele>
      </trkpt>
      <trkpt lat="45.440131" lon="10.696223">
        <ele>111.0</ele>
      </trkpt>
      <trkpt lat="45.4402" lon="10.696306">
        <ele>112.0</ele>
      </trkpt>
      <trkpt lat="45.44027" lon="10.696414">
        <ele>112.0</ele>
      </trkpt>
      <trkpt lat="45.440359" lon="10.696478">
        <ele>112.0</ele>
      </trkpt>
      <trkpt lat="45.440445" lon="10.696539">
        <ele>112.0</ele>
      </trkpt>
      <trkpt lat="45.440529" lon="10.696595">
        <ele>113.0</ele>
      </trkpt>
      <trkpt lat="45.440622" lon="10.696654">
        <ele>113.0</ele>
      </trkpt>
      <trkpt lat="45.440682" lon="10.69677">
        <ele>113.0</ele>
      </trkpt>
      <trkpt lat="45.440702" lon="10.696903">
        <ele>113.0</ele>
      </trkpt>
      <trkpt lat="45.44071" lon="10.697047">
        <ele>113.0</ele>
      </trkpt>
      <trkpt lat="45.440744" lon="10.69718">
        <ele>112.0</ele>
      </trkpt>
      <trkpt lat="45.440745" lon="10.697313">
        <ele>112.0</ele>
      </trkpt>
      <trkpt lat="45.440737" lon="10.69745">
        <ele>112.0</ele>
      </trkpt>
      <trkpt lat="45.44072" lon="10.697586">
        <ele>112.0</ele>
      </trkpt>
      <trkpt lat="45.440723" lon="10.697722">
        <ele>112.0</ele>
      </trkpt>
      <trkpt lat="45.440739" lon="10.697851">
        <ele>111.0</ele>
      </trkpt>
      <trkpt lat="45.440751" lon="10.697984">
        <ele>111.0</ele>
      </trkpt>
      <trkpt lat="45.440758" lon="10.698117">
        <ele>111.0</ele>
      </trkpt>
      <trkpt lat="45.440846" lon="10.698061">
        <ele>111.0</ele>
      </trkpt>
      <trkpt lat="45.440926" lon="10.697975">
        <ele>110.0</ele>
      </trkpt>
      <trkpt lat="45.441" lon="10.6979">
        <ele>110.0</ele>
      </trkpt>
      <trkpt lat="45.441091" lon="10.697844">
        <ele>110.0</ele>
      </trkpt>
      <trkpt lat="45.441176" lon="10.697787">
        <ele>111.0</ele>
      </trkpt>
      <trkpt lat="45.441235" lon="10.697677">
        <ele>111.0</ele>
      </trkpt>
      <trkpt lat="45.441304" lon="10.697592">
        <ele>111.0</ele>
      </trkpt>
      <trkpt lat="45.441389" lon="10.697521">
        <ele>111.0</ele>
      </trkpt>
      <trkpt lat="45.441455" lon="10.697421">
        <ele>112.0</ele>
      </trkpt>
      <trkpt lat="45.441543" lon="10.697336">
        <ele>112.0</ele>
      </trkpt>
      <trkpt lat="45.441637" lon="10.697263">
        <ele>112.0</ele>
      </trkpt>
      <trkpt lat="45.441707" lon="10.697178">
        <ele>111.0</ele>
      </trkpt>
      <trkpt lat="45.441783" lon="10.697098">
        <ele>111.0</ele>
      </trkpt>
      <trkpt lat="45.44186" lon="10.697008">
        <ele>110.0</ele>
      </trkpt>
      <trkpt lat="45.441933" lon="10.696906">
        <ele>108.0</ele>
      </trkpt>
      <trkpt lat="45.441995" lon="10.696802">
        <ele>108.0</ele>
      </trkpt>
      <trkpt lat="45.442078" lon="10.696721">
        <ele>109.0</ele>
      </trkpt>
      <trkpt lat="45.442148" lon="10.696616">
        <ele>109.0</ele>
      </trkpt>
      <trkpt lat="45.442233" lon="10.696525">
        <ele>110.0</ele>
      </trkpt>
      <trkpt lat="45.442309" lon="10.696448">
        <ele>110.0</ele>
      </trkpt>
      <trkpt lat="45.442395" lon="10.696383">
        <ele>111.0</ele>
      </trkpt>
      <trkpt lat="45.442484" lon="10.696308">
        <ele>111.0</ele>
      </trkpt>
      <trkpt lat="45.442563" lon="10.696215">
        <ele>112.0</ele>
      </trkpt>
      <trkpt lat="45.442644" lon="10.696149">
        <ele>112.0</ele>
      </trkpt>
      <trkpt lat="45.442717" lon="10.696055">
        <ele>113.0</ele>
      </trkpt>
      <trkpt lat="45.442777" lon="10.695945">
        <ele>112.0</ele>
      </trkpt>
      <trkpt lat="45.442866" lon="10.695859">
        <ele>112.0</ele>
      </trkpt>
      <trkpt lat="45.442967" lon="10.695775">
        <ele>111.0</ele>
      </trkpt>
      <trkpt lat="45.443054" lon="10.695703">
        <ele>111.0</ele>
      </trkpt>
      <trkpt lat="45.443103" lon="10.69559">
        <ele>111.0</ele>
      </trkpt>
      <trkpt lat="45.443187" lon="10.695503">
        <ele>112.0</ele>
      </trkpt>
      <trkpt lat="45.443268" lon="10.695427">
        <ele>112.0</ele>
      </trkpt>
      <trkpt lat="45.443366" lon="10.695374">
        <ele>111.0</ele>
      </trkpt>
      <trkpt lat="45.443451" lon="10.695299">
        <ele>111.0</ele>
      </trkpt>
      <trkpt lat="45.443535" lon="10.695211">
        <ele>111.0</ele>
      </trkpt>
      <trkpt lat="45.443605" lon="10.695129">
        <ele>111.0</ele>
      </trkpt>
      <trkpt lat="45.443685" lon="10.695067">
        <ele>111.0</ele>
      </trkpt>
      <trkpt lat="45.443758" lon="10.694974">
        <ele>111.0</ele>
      </trkpt>
      <trkpt lat="45.443835" lon="10.694877">
        <ele>111.0</ele>
      </trkpt>
      <trkpt lat="45.443907" lon="10.694781">
        <ele>112.0</ele>
      </trkpt>
      <trkpt lat="45.443987" lon="10.694693">
        <ele>112.0</ele>
      </trkpt>
      <trkpt lat="45.444056" lon="10.6946">
        <ele>112.0</ele>
      </trkpt>
      <trkpt lat="45.444137" lon="10.694511">
        <ele>111.0</ele>
      </trkpt>
      <trkpt lat="45.444232" lon="10.694423">
        <ele>111.0</ele>
      </trkpt>
      <trkpt lat="45.444307" lon="10.694351">
        <ele>111.0</ele>
      </trkpt>
      <trkpt lat="45.444387" lon="10.694268">
        <ele>112.0</ele>
      </trkpt>
      <trkpt lat="45.444497" lon="10.694232">
        <ele>113.0</ele>
      </trkpt>
      <trkpt lat="45.444596" lon="10.694284">
        <ele>113.0</ele>
      </trkpt>
      <trkpt lat="45.444696" lon="10.694338">
        <ele>113.0</ele>
      </trkpt>
      <trkpt lat="45.444796" lon="10.694388">
        <ele>113.0</ele>
      </trkpt>
      <trkpt lat="45.444882" lon="10.69443">
        <ele>114.0</ele>
      </trkpt>
      <trkpt lat="45.444973" lon="10.694457">
        <ele>114.0</ele>
      </trkpt>
      <trkpt lat="45.44508" lon="10.69444">
        <ele>114.0</ele>
      </trkpt>
      <trkpt lat="45.445168" lon="10.694403">
        <ele>114.0</ele>
      </trkpt>
      <trkpt lat="45.445264" lon="10.6944">
        <ele>113.0</ele>
      </trkpt>
      <trkpt lat="45.445365" lon="10.694417">
        <ele>113.0</ele>
      </trkpt>
      <trkpt lat="45.445459" lon="10.694486">
        <ele>112.0</ele>
      </trkpt>
      <trkpt lat="45.445551" lon="10.69458">
        <ele>112.0</ele>
      </trkpt>
      <trkpt lat="45.445633" lon="10.694652">
        <ele>112.0</ele>
      </trkpt>
      <trkpt lat="45.445707" lon="10.694755">
        <ele>112.0</ele>
      </trkpt>
      <trkpt lat="45.445807" lon="10.694827">
        <ele>112.0</ele>
      </trkpt>
      <trkpt lat="45.445897" lon="10.694882">
        <ele>112.0</ele>
      </trkpt>
      <trkpt lat="45.445989" lon="10.694972">
        <ele>112.0</ele>
      </trkpt>
      <trkpt lat="45.446076" lon="10.695056">
        <ele>112.0</ele>
      </trkpt>
      <trkpt lat="45.446176" lon="10.695127">
        <ele>113.0</ele>
      </trkpt>
      <trkpt lat="45.446268" lon="10.695191">
        <ele>113.0</ele>
      </trkpt>
      <trkpt lat="45.446343" lon="10.695263">
        <ele>113.0</ele>
      </trkpt>
      <trkpt lat="45.446438" lon="10.695334">
        <ele>113.0</ele>
      </trkpt>
      <trkpt lat="45.446545" lon="10.695398">
        <ele>113.0</ele>
      </trkpt>
      <trkpt lat="45.44664" lon="10.69547">
        <ele>114.0</ele>
      </trkpt>
      <trkpt lat="45.446736" lon="10.695554">
        <ele>114.0</ele>
      </trkpt>
      <trkpt lat="45.446814" lon="10.695621">
        <ele>114.0</ele>
      </trkpt>
      <trkpt lat="45.446905" lon="10.695652">
        <ele>114.0</ele>
      </trkpt>
      <trkpt lat="45.447006" lon="10.695658">
        <ele>113.0</ele>
      </trkpt>
      <trkpt lat="45.447103" lon="10.695651">
        <ele>113.0</ele>
      </trkpt>
      <trkpt lat="45.447193" lon="10.695587">
        <ele>113.0</ele>
      </trkpt>
      <trkpt lat="45.447268" lon="10.695507">
        <ele>113.0</ele>
      </trkpt>
      <trkpt lat="45.447376" lon="10.695401">
        <ele>113.0</ele>
      </trkpt>
      <trkpt lat="45.447452" lon="10.695321">
        <ele>113.0</ele>
      </trkpt>
      <trkpt lat="45.447526" lon="10.695242">
        <ele>114.0</ele>
      </trkpt>
      <trkpt lat="45.447613" lon="10.695173">
        <ele>113.0</ele>
      </trkpt>
      <trkpt lat="45.4477" lon="10.695107">
        <ele>113.0</ele>
      </trkpt>
      <trkpt lat="45.447791" lon="10.695132">
        <ele>113.0</ele>
      </trkpt>
      <trkpt lat="45.447876" lon="10.695214">
        <ele>113.0</ele>
      </trkpt>
      <trkpt lat="45.447968" lon="10.695264">
        <ele>114.0</ele>
      </trkpt>
      <trkpt lat="45.448051" lon="10.695318">
        <ele>114.0</ele>
      </trkpt>
      <trkpt lat="45.44814" lon="10.695358">
        <ele>114.0</ele>
      </trkpt>
      <trkpt lat="45.448234" lon="10.695381">
        <ele>114.0</ele>
      </trkpt>
      <trkpt lat="45.448316" lon="10.695443">
        <ele>114.0</ele>
      </trkpt>
      <trkpt lat="45.448402" lon="10.695492">
        <ele>114.0</ele>
      </trkpt>
      <trkpt lat="45.44849" lon="10.695528">
        <ele>113.0</ele>
      </trkpt>
      <trkpt lat="45.448587" lon="10.695587">
        <ele>112.0</ele>
      </trkpt>
      <trkpt lat="45.448682" lon="10.69563">
        <ele>112.0</ele>
      </trkpt>
      <trkpt lat="45.448776" lon="10.695679">
        <ele>112.0</ele>
      </trkpt>
      <trkpt lat="45.448869" lon="10.695726">
        <ele>112.0</ele>
      </trkpt>
      <trkpt lat="45.448961" lon="10.695744">
        <ele>112.0</ele>
      </trkpt>
      <trkpt lat="45.449049" lon="10.695797">
        <ele>112.0</ele>
      </trkpt>
      <trkpt lat="45.449131" lon="10.695863">
        <ele>112.0</ele>
      </trkpt>
      <trkpt lat="45.449215" lon="10.695925">
        <ele>113.0</ele>
      </trkpt>
      <trkpt lat="45.449309" lon="10.695987">
        <ele>113.0</ele>
      </trkpt>
      <trkpt lat="45.449404" lon="10.695999">
        <ele>113.0</ele>
      </trkpt>
      <trkpt lat="45.449492" lon="10.696052">
        <ele>113.0</ele>
      </trkpt>
      <trkpt lat="45.449578" lon="10.696109">
        <ele>113.0</ele>
      </trkpt>
      <trkpt lat="45.449677" lon="10.696173">
        <ele>113.0</ele>
      </trkpt>
      <trkpt lat="45.449764" lon="10.696229">
        <ele>113.0</ele>
      </trkpt>
      <trkpt lat="45.449855" lon="10.696282">
        <ele>113.0</ele>
      </trkpt>
      <trkpt lat="45.449944" lon="10.696361">
        <ele>113.0</ele>
      </trkpt>
      <trkpt lat="45.450038" lon="10.696407">
        <ele>113.0</ele>
      </trkpt>
      <trkpt lat="45.450122" lon="10.69646">
        <ele>114.0</ele>
      </trkpt>
      <trkpt lat="45.450209" lon="10.696525">
        <ele>113.0</ele>
      </trkpt>
      <trkpt lat="45.450297" lon="10.696572">
        <ele>113.0</ele>
      </trkpt>
      <trkpt lat="45.450395" lon="10.696611">
        <ele>113.0</ele>
      </trkpt>
      <trkpt lat="45.450486" lon="10.696663">
        <ele>113.0</ele>
      </trkpt>
      <trkpt lat="45.450587" lon="10.696713">
        <ele>113.0</ele>
      </trkpt>
      <trkpt lat="45.450687" lon="10.696755">
        <ele>113.0</ele>
      </trkpt>
      <trkpt lat="45.450777" lon="10.696808">
        <ele>113.0</ele>
      </trkpt>
      <trkpt lat="45.450862" lon="10.69686">
        <ele>113.0</ele>
      </trkpt>
      <trkpt lat="45.450951" lon="10.696911">
        <ele>113.0</ele>
      </trkpt>
      <trkpt lat="45.451052" lon="10.696958">
        <ele>114.0</ele>
      </trkpt>
      <trkpt lat="45.451142" lon="10.697001">
        <ele>114.0</ele>
      </trkpt>
      <trkpt lat="45.451224" lon="10.697059">
        <ele>113.0</ele>
      </trkpt>
      <trkpt lat="45.451315" lon="10.697061">
        <ele>114.0</ele>
      </trkpt>
      <trkpt lat="45.451405" lon="10.697121">
        <ele>114.0</ele>
      </trkpt>
      <trkpt lat="45.451482" lon="10.697198">
        <ele>114.0</ele>
      </trkpt>
      <trkpt lat="45.451568" lon="10.697261">
        <ele>114.0</ele>
      </trkpt>
      <trkpt lat="45.451659" lon="10.697306">
        <ele>114.0</ele>
      </trkpt>
      <trkpt lat="45.451748" lon="10.697333">
        <ele>113.0</ele>
      </trkpt>
      <trkpt lat="45.451836" lon="10.69737">
        <ele>113.0</ele>
      </trkpt>
      <trkpt lat="45.451939" lon="10.697417">
        <ele>113.0</ele>
      </trkpt>
      <trkpt lat="45.452029" lon="10.697479">
        <ele>112.0</ele>
      </trkpt>
      <trkpt lat="45.452116" lon="10.697554">
        <ele>112.0</ele>
      </trkpt>
      <trkpt lat="45.4522" lon="10.697615">
        <ele>113.0</ele>
      </trkpt>
      <trkpt lat="45.452292" lon="10.697651">
        <ele>113.0</ele>
      </trkpt>
      <trkpt lat="45.45237" lon="10.697726">
        <ele>113.0</ele>
      </trkpt>
      <trkpt lat="45.452482" lon="10.697801">
        <ele>112.0</ele>
      </trkpt>
      <trkpt lat="45.452567" lon="10.69786">
        <ele>112.0</ele>
      </trkpt>
      <trkpt lat="45.452662" lon="10.697878">
        <ele>112.0</ele>
      </trkpt>
      <trkpt lat="45.452754" lon="10.697908">
        <ele>112.0</ele>
      </trkpt>
      <trkpt lat="45.452844" lon="10.697953">
        <ele>113.0</ele>
      </trkpt>
      <trkpt lat="45.452932" lon="10.69799">
        <ele>113.0</ele>
      </trkpt>
      <trkpt lat="45.45303" lon="10.698001">
        <ele>113.0</ele>
      </trkpt>
      <trkpt lat="45.45313" lon="10.698">
        <ele>113.0</ele>
      </trkpt>
      <trkpt lat="45.453238" lon="10.698003">
        <ele>112.0</ele>
      </trkpt>
      <trkpt lat="45.453331" lon="10.698038">
        <ele>112.0</ele>
      </trkpt>
      <trkpt lat="45.453422" lon="10.698076">
        <ele>113.0</ele>
      </trkpt>
      <trkpt lat="45.453517" lon="10.698092">
        <ele>113.0</ele>
      </trkpt>
      <trkpt lat="45.453607" lon="10.698123">
        <ele>114.0</ele>
      </trkpt>
      <trkpt lat="45.453699" lon="10.698136">
        <ele>115.0</ele>
      </trkpt>
      <trkpt lat="45.453798" lon="10.698149">
        <ele>115.0</ele>
      </trkpt>
      <trkpt lat="45.453892" lon="10.698158">
        <ele>115.0</ele>
      </trkpt>
      <trkpt lat="45.453995" lon="10.698186">
        <ele>115.0</ele>
      </trkpt>
      <trkpt lat="45.454097" lon="10.69823">
        <ele>115.0</ele>
      </trkpt>
      <trkpt lat="45.454191" lon="10.698262">
        <ele>116.0</ele>
      </trkpt>
      <trkpt lat="45.454292" lon="10.698285">
        <ele>116.0</ele>
      </trkpt>
      <trkpt lat="45.454383" lon="10.698336">
        <ele>116.0</ele>
      </trkpt>
      <trkpt lat="45.454481" lon="10.698368">
        <ele>117.0</ele>
      </trkpt>
      <trkpt lat="45.454572" lon="10.698412">
        <ele>116.0</ele>
      </trkpt>
      <trkpt lat="45.454656" lon="10.698478">
        <ele>115.0</ele>
      </trkpt>
      <trkpt lat="45.454707" lon="10.698585">
        <ele>115.0</ele>
      </trkpt>
      <trkpt lat="45.454736" lon="10.698715">
        <ele>115.0</ele>
      </trkpt>
      <trkpt lat="45.454776" lon="10.69883">
        <ele>115.0</ele>
      </trkpt>
      <trkpt lat="45.45483" lon="10.698936">
        <ele>115.0</ele>
      </trkpt>
      <trkpt lat="45.454896" lon="10.699026">
        <ele>114.0</ele>
      </trkpt>
      <trkpt lat="45.454963" lon="10.699134">
        <ele>114.0</ele>
      </trkpt>
      <trkpt lat="45.455019" lon="10.699233">
        <ele>115.0</ele>
      </trkpt>
      <trkpt lat="45.455044" lon="10.699373">
        <ele>115.0</ele>
      </trkpt>
      <trkpt lat="45.455072" lon="10.699506">
        <ele>115.0</ele>
      </trkpt>
      <trkpt lat="45.455123" lon="10.699635">
        <ele>115.0</ele>
      </trkpt>
      <trkpt lat="45.455188" lon="10.699736">
        <ele>115.0</ele>
      </trkpt>
      <trkpt lat="45.455278" lon="10.699804">
        <ele>114.0</ele>
      </trkpt>
      <trkpt lat="45.455359" lon="10.699883">
        <ele>115.0</ele>
      </trkpt>
      <trkpt lat="45.455434" lon="10.69996">
        <ele>114.0</ele>
      </trkpt>
      <trkpt lat="45.45551" lon="10.700039">
        <ele>115.0</ele>
      </trkpt>
      <trkpt lat="45.455583" lon="10.700129">
        <ele>114.0</ele>
      </trkpt>
      <trkpt lat="45.455657" lon="10.700212">
        <ele>114.0</ele>
      </trkpt>
      <trkpt lat="45.455734" lon="10.700301">
        <ele>114.0</ele>
      </trkpt>
      <trkpt lat="45.455821" lon="10.700362">
        <ele>114.0</ele>
      </trkpt>
      <trkpt lat="45.455906" lon="10.700409">
        <ele>114.0</ele>
      </trkpt>
      <trkpt lat="45.455994" lon="10.700454">
        <ele>114.0</ele>
      </trkpt>
      <trkpt lat="45.456056" lon="10.70057">
        <ele>114.0</ele>
      </trkpt>
      <trkpt lat="45.456144" lon="10.700638">
        <ele>114.0</ele>
      </trkpt>
      <trkpt lat="45.456226" lon="10.700718">
        <ele>114.0</ele>
      </trkpt>
      <trkpt lat="45.456244" lon="10.70085">
        <ele>113.0</ele>
      </trkpt>
      <trkpt lat="45.456218" lon="10.701002">
        <ele>114.0</ele>
      </trkpt>
      <trkpt lat="45.456226" lon="10.701134">
        <ele>113.0</ele>
      </trkpt>
      <trkpt lat="45.456263" lon="10.701253">
        <ele>112.0</ele>
      </trkpt>
      <trkpt lat="45.456327" lon="10.701357">
        <ele>112.0</ele>
      </trkpt>
      <trkpt lat="45.456373" lon="10.701473">
        <ele>112.0</ele>
      </trkpt>
      <trkpt lat="45.456412" lon="10.701601">
        <ele>111.0</ele>
      </trkpt>
      <trkpt lat="45.456453" lon="10.701726">
        <ele>111.0</ele>
      </trkpt>
      <trkpt lat="45.45651" lon="10.701841">
        <ele>112.0</ele>
      </trkpt>
      <trkpt lat="45.456574" lon="10.701939">
        <ele>113.0</ele>
      </trkpt>
      <trkpt lat="45.456655" lon="10.701994">
        <ele>113.0</ele>
      </trkpt>
      <trkpt lat="45.456728" lon="10.702092">
        <ele>112.0</ele>
      </trkpt>
      <trkpt lat="45.456783" lon="10.702203">
        <ele>112.0</ele>
      </trkpt>
      <trkpt lat="45.45684" lon="10.702308">
        <ele>112.0</ele>
      </trkpt>
      <trkpt lat="45.456911" lon="10.702392">
        <ele>112.0</ele>
      </trkpt>
      <trkpt lat="45.45699" lon="10.702458">
        <ele>112.0</ele>
      </trkpt>
      <trkpt lat="45.457069" lon="10.702557">
        <ele>113.0</ele>
      </trkpt>
      <trkpt lat="45.457128" lon="10.702665">
        <ele>113.0</ele>
      </trkpt>
      <trkpt lat="45.457171" lon="10.702796">
        <ele>113.0</ele>
      </trkpt>
      <trkpt lat="45.457208" lon="10.702919">
        <ele>114.0</ele>
      </trkpt>
      <trkpt lat="45.457272" lon="10.703033">
        <ele>115.0</ele>
      </trkpt>
      <trkpt lat="45.457356" lon="10.703101">
        <ele>116.0</ele>
      </trkpt>
      <trkpt lat="45.457415" lon="10.703203">
        <ele>116.0</ele>
      </trkpt>
      <trkpt lat="45.457466" lon="10.703323">
        <ele>116.0</ele>
      </trkpt>
      <trkpt lat="45.457565" lon="10.703341">
        <ele>115.0</ele>
      </trkpt>
      <trkpt lat="45.457647" lon="10.70343">
        <ele>114.0</ele>
      </trkpt>
      <trkpt lat="45.457716" lon="10.703522">
        <ele>114.0</ele>
      </trkpt>
      <trkpt lat="45.457792" lon="10.703622">
        <ele>114.0</ele>
      </trkpt>
      <trkpt lat="45.457858" lon="10.703719">
        <ele>114.0</ele>
      </trkpt>
      <trkpt lat="45.457916" lon="10.703824">
        <ele>113.0</ele>
      </trkpt>
      <trkpt lat="45.457981" lon="10.703935">
        <ele>112.0</ele>
      </trkpt>
      <trkpt lat="45.458054" lon="10.704042">
        <ele>112.0</ele>
      </trkpt>
      <trkpt lat="45.458119" lon="10.704155">
        <ele>112.0</ele>
      </trkpt>
      <trkpt lat="45.458185" lon="10.704253">
        <ele>112.0</ele>
      </trkpt>
      <trkpt lat="45.458249" lon="10.704351">
        <ele>112.0</ele>
      </trkpt>
      <trkpt lat="45.458319" lon="10.704472">
        <ele>113.0</ele>
      </trkpt>
      <trkpt lat="45.45839" lon="10.704581">
        <ele>113.0</ele>
      </trkpt>
      <trkpt lat="45.45845" lon="10.704693">
        <ele>114.0</ele>
      </trkpt>
      <trkpt lat="45.458518" lon="10.704787">
        <ele>115.0</ele>
      </trkpt>
      <trkpt lat="45.458594" lon="10.704861">
        <ele>115.0</ele>
      </trkpt>
      <trkpt lat="45.458684" lon="10.704895">
        <ele>114.0</ele>
      </trkpt>
      <trkpt lat="45.458763" lon="10.704985">
        <ele>115.0</ele>
      </trkpt>
      <trkpt lat="45.458792" lon="10.70513">
        <ele>115.0</ele>
      </trkpt>
      <trkpt lat="45.458811" lon="10.705263">
        <ele>115.0</ele>
      </trkpt>
      <trkpt lat="45.458823" lon="10.705404">
        <ele>114.0</ele>
      </trkpt>
      <trkpt lat="45.458847" lon="10.705534">
        <ele>114.0</ele>
      </trkpt>
      <trkpt lat="45.458866" lon="10.705666">
        <ele>114.0</ele>
      </trkpt>
      <trkpt lat="45.458906" lon="10.705789">
        <ele>114.0</ele>
      </trkpt>
      <trkpt lat="45.458953" lon="10.705915">
        <ele>114.0</ele>
      </trkpt>
      <trkpt lat="45.459002" lon="10.706026">
        <ele>115.0</ele>
      </trkpt>
      <trkpt lat="45.45906" lon="10.706124">
        <ele>114.0</ele>
      </trkpt>
      <trkpt lat="45.459122" lon="10.706225">
        <ele>114.0</ele>
      </trkpt>
      <trkpt lat="45.459206" lon="10.706315">
        <ele>114.0</ele>
      </trkpt>
      <trkpt lat="45.459285" lon="10.706403">
        <ele>113.0</ele>
      </trkpt>
      <trkpt lat="45.459374" lon="10.706472">
        <ele>113.0</ele>
      </trkpt>
      <trkpt lat="45.459448" lon="10.706576">
        <ele>112.0</ele>
      </trkpt>
      <trkpt lat="45.459507" lon="10.706672">
        <ele>112.0</ele>
      </trkpt>
      <trkpt lat="45.459577" lon="10.706777">
        <ele>112.0</ele>
      </trkpt>
      <trkpt lat="45.459639" lon="10.706872">
        <ele>112.0</ele>
      </trkpt>
      <trkpt lat="45.459699" lon="10.706972">
        <ele>112.0</ele>
      </trkpt>
      <trkpt lat="45.459765" lon="10.707083">
        <ele>112.0</ele>
      </trkpt>
      <trkpt lat="45.459835" lon="10.707191">
        <ele>112.0</ele>
      </trkpt>
      <trkpt lat="45.459924" lon="10.70729">
        <ele>112.0</ele>
      </trkpt>
      <trkpt lat="45.459996" lon="10.707374">
        <ele>112.0</ele>
      </trkpt>
      <trkpt lat="45.460071" lon="10.707458">
        <ele>112.0</ele>
      </trkpt>
      <trkpt lat="45.460158" lon="10.707541">
        <ele>112.0</ele>
      </trkpt>
      <trkpt lat="45.46023" lon="10.707626">
        <ele>112.0</ele>
      </trkpt>
      <trkpt lat="45.460313" lon="10.707729">
        <ele>113.0</ele>
      </trkpt>
      <trkpt lat="45.460376" lon="10.70783">
        <ele>113.0</ele>
      </trkpt>
      <trkpt lat="45.460446" lon="10.707914">
        <ele>114.0</ele>
      </trkpt>
      <trkpt lat="45.460517" lon="10.708004">
        <ele>114.0</ele>
      </trkpt>
      <trkpt lat="45.460586" lon="10.708097">
        <ele>114.0</ele>
      </trkpt>
      <trkpt lat="45.460666" lon="10.708181">
        <ele>115.0</ele>
      </trkpt>
      <trkpt lat="45.460749" lon="10.708266">
        <ele>115.0</ele>
      </trkpt>
      <trkpt lat="45.460816" lon="10.70837">
        <ele>115.0</ele>
      </trkpt>
      <trkpt lat="45.460884" lon="10.708463">
        <ele>115.0</ele>
      </trkpt>
      <trkpt lat="45.46095" lon="10.708566">
        <ele>115.0</ele>
      </trkpt>
      <trkpt lat="45.46101" lon="10.708665">
        <ele>116.0</ele>
      </trkpt>
      <trkpt lat="45.461081" lon="10.708771">
        <ele>116.0</ele>
      </trkpt>
      <trkpt lat="45.461168" lon="10.708859">
        <ele>116.0</ele>
      </trkpt>
      <trkpt lat="45.461248" lon="10.708942">
        <ele>117.0</ele>
      </trkpt>
      <trkpt lat="45.461322" lon="10.709039">
        <ele>117.0</ele>
      </trkpt>
      <trkpt lat="45.461387" lon="10.709134">
        <ele>117.0</ele>
      </trkpt>
      <trkpt lat="45.46148" lon="10.709204">
        <ele>116.0</ele>
      </trkpt>
      <trkpt lat="45.461566" lon="10.709263">
        <ele>115.0</ele>
      </trkpt>
      <trkpt lat="45.461658" lon="10.709364">
        <ele>115.0</ele>
      </trkpt>
      <trkpt lat="45.46173" lon="10.709447">
        <ele>115.0</ele>
      </trkpt>
      <trkpt lat="45.461807" lon="10.709534">
        <ele>115.0</ele>
      </trkpt>
      <trkpt lat="45.461893" lon="10.709611">
        <ele>116.0</ele>
      </trkpt>
      <trkpt lat="45.461965" lon="10.709691">
        <ele>116.0</ele>
      </trkpt>
      <trkpt lat="45.462053" lon="10.709759">
        <ele>116.0</ele>
      </trkpt>
      <trkpt lat="45.462138" lon="10.709814">
        <ele>115.0</ele>
      </trkpt>
      <trkpt lat="45.462225" lon="10.709894">
        <ele>115.0</ele>
      </trkpt>
      <trkpt lat="45.46231" lon="10.709955">
        <ele>115.0</ele>
      </trkpt>
      <trkpt lat="45.462392" lon="10.710014">
        <ele>114.0</ele>
      </trkpt>
      <trkpt lat="45.462483" lon="10.710066">
        <ele>114.0</ele>
      </trkpt>
      <trkpt lat="45.462571" lon="10.710136">
        <ele>114.0</ele>
      </trkpt>
      <trkpt lat="45.462658" lon="10.710179">
        <ele>113.0</ele>
      </trkpt>
      <trkpt lat="45.462732" lon="10.710256">
        <ele>113.0</ele>
      </trkpt>
      <trkpt lat="45.462799" lon="10.710346">
        <ele>113.0</ele>
      </trkpt>
      <trkpt lat="45.46288" lon="10.710426">
        <ele>112.0</ele>
      </trkpt>
      <trkpt lat="45.462959" lon="10.710523">
        <ele>112.0</ele>
      </trkpt>
      <trkpt lat="45.463035" lon="10.710596">
        <ele>112.0</ele>
      </trkpt>
      <trkpt lat="45.463126" lon="10.71066">
        <ele>113.0</ele>
      </trkpt>
      <trkpt lat="45.463218" lon="10.710705">
        <ele>114.0</ele>
      </trkpt>
      <trkpt lat="45.463301" lon="10.710796">
        <ele>114.0</ele>
      </trkpt>
      <trkpt lat="45.463392" lon="10.710858">
        <ele>114.0</ele>
      </trkpt>
      <trkpt lat="45.463478" lon="10.710901">
        <ele>113.0</ele>
      </trkpt>
      <trkpt lat="45.463562" lon="10.710948">
        <ele>113.0</ele>
      </trkpt>
      <trkpt lat="45.463649" lon="10.710986">
        <ele>113.0</ele>
      </trkpt>
      <trkpt lat="45.463733" lon="10.711042">
        <ele>113.0</ele>
      </trkpt>
      <trkpt lat="45.463847" lon="10.711111">
        <ele>112.0</ele>
      </trkpt>
      <trkpt lat="45.46394" lon="10.711188">
        <ele>112.0</ele>
      </trkpt>
      <trkpt lat="45.464022" lon="10.711252">
        <ele>112.0</ele>
      </trkpt>
      <trkpt lat="45.464115" lon="10.711317">
        <ele>112.0</ele>
      </trkpt>
      <trkpt lat="45.46422" lon="10.711355">
        <ele>113.0</ele>
      </trkpt>
      <trkpt lat="45.464316" lon="10.711387">
        <ele>113.0</ele>
      </trkpt>
      <trkpt lat="45.464404" lon="10.711417">
        <ele>112.0</ele>
      </trkpt>
      <trkpt lat="45.464486" lon="10.711486">
        <ele>112.0</ele>
      </trkpt>
      <trkpt lat="45.464567" lon="10.71155">
        <ele>112.0</ele>
      </trkpt>
      <trkpt lat="45.464653" lon="10.711594">
        <ele>112.0</ele>
      </trkpt>
      <trkpt lat="45.464741" lon="10.71166">
        <ele>112.0</ele>
      </trkpt>
      <trkpt lat="45.46483" lon="10.711716">
        <ele>113.0</ele>
      </trkpt>
      <trkpt lat="45.464923" lon="10.711737">
        <ele>113.0</ele>
      </trkpt>
      <trkpt lat="45.465023" lon="10.711806">
        <ele>113.0</ele>
      </trkpt>
      <trkpt lat="45.465104" lon="10.711873">
        <ele>113.0</ele>
      </trkpt>
      <trkpt lat="45.465194" lon="10.711918">
        <ele>113.0</ele>
      </trkpt>
      <trkpt lat="45.465281" lon="10.711981">
        <ele>113.0</ele>
      </trkpt>
      <trkpt lat="45.465371" lon="10.712041">
        <ele>113.0</ele>
      </trkpt>
      <trkpt lat="45.465454" lon="10.712107">
        <ele>113.0</ele>
      </trkpt>
      <trkpt lat="45.465542" lon="10.712163">
        <ele>113.0</ele>
      </trkpt>
      <trkpt lat="45.465637" lon="10.712202">
        <ele>113.0</ele>
      </trkpt>
      <trkpt lat="45.465743" lon="10.712247">
        <ele>114.0</ele>
      </trkpt>
      <trkpt lat="45.465842" lon="10.712299">
        <ele>114.0</ele>
      </trkpt>
      <trkpt lat="45.465933" lon="10.712308">
        <ele>114.0</ele>
      </trkpt>
      <trkpt lat="45.466026" lon="10.712308">
        <ele>115.0</ele>
      </trkpt>
      <trkpt lat="45.466117" lon="10.71233">
        <ele>115.0</ele>
      </trkpt>
      <trkpt lat="45.466223" lon="10.712335">
        <ele>114.0</ele>
      </trkpt>
      <trkpt lat="45.466315" lon="10.712357">
        <ele>114.0</ele>
      </trkpt>
      <trkpt lat="45.46642" lon="10.712372">
        <ele>115.0</ele>
      </trkpt>
      <trkpt lat="45.4665" lon="10.71244">
        <ele>114.0</ele>
      </trkpt>
      <trkpt lat="45.466573" lon="10.712515">
        <ele>114.0</ele>
      </trkpt>
      <trkpt lat="45.46666" lon="10.7126">
        <ele>114.0</ele>
      </trkpt>
      <trkpt lat="45.466743" lon="10.712688">
        <ele>114.0</ele>
      </trkpt>
      <trkpt lat="45.466826" lon="10.71275">
        <ele>115.0</ele>
      </trkpt>
      <trkpt lat="45.46691" lon="10.712811">
        <ele>116.0</ele>
      </trkpt>
      <trkpt lat="45.467005" lon="10.712875">
        <ele>116.0</ele>
      </trkpt>
      <trkpt lat="45.467093" lon="10.71293">
        <ele>116.0</ele>
      </trkpt>
      <trkpt lat="45.467178" lon="10.712983">
        <ele>116.0</ele>
      </trkpt>
      <trkpt lat="45.467275" lon="10.713026">
        <ele>116.0</ele>
      </trkpt>
      <trkpt lat="45.467371" lon="10.713046">
        <ele>116.0</ele>
      </trkpt>
      <trkpt lat="45.467452" lon="10.712991">
        <ele>116.0</ele>
      </trkpt>
      <trkpt lat="45.467544" lon="10.712981">
        <ele>117.0</ele>
      </trkpt>
      <trkpt lat="45.467637" lon="10.713022">
        <ele>117.0</ele>
      </trkpt>
      <trkpt lat="45.467732" lon="10.713044">
        <ele>117.0</ele>
      </trkpt>
      <trkpt lat="45.467824" lon="10.713097">
        <ele>118.0</ele>
      </trkpt>
      <trkpt lat="45.467914" lon="10.71313">
        <ele>119.0</ele>
      </trkpt>
      <trkpt lat="45.467998" lon="10.713184">
        <ele>119.0</ele>
      </trkpt>
      <trkpt lat="45.468059" lon="10.713287">
        <ele>119.0</ele>
      </trkpt>
      <trkpt lat="45.468148" lon="10.713371">
        <ele>119.0</ele>
      </trkpt>
      <trkpt lat="45.468227" lon="10.713443">
        <ele>119.0</ele>
      </trkpt>
      <trkpt lat="45.468307" lon="10.713519">
        <ele>119.0</ele>
      </trkpt>
      <trkpt lat="45.468393" lon="10.713583">
        <ele>117.0</ele>
      </trkpt>
      <trkpt lat="45.468471" lon="10.713649">
        <ele>116.0</ele>
      </trkpt>
      <trkpt lat="45.468568" lon="10.713708">
        <ele>115.0</ele>
      </trkpt>
      <trkpt lat="45.468638" lon="10.713794">
        <ele>115.0</ele>
      </trkpt>
      <trkpt lat="45.468713" lon="10.713868">
        <ele>115.0</ele>
      </trkpt>
      <trkpt lat="45.468793" lon="10.713946">
        <ele>115.0</ele>
      </trkpt>
      <trkpt lat="45.468885" lon="10.714013">
        <ele>115.0</ele>
      </trkpt>
      <trkpt lat="45.468965" lon="10.714095">
        <ele>115.0</ele>
      </trkpt>
      <trkpt lat="45.469053" lon="10.714169">
        <ele>115.0</ele>
      </trkpt>
      <trkpt lat="45.469134" lon="10.714226">
        <ele>116.0</ele>
      </trkpt>
      <trkpt lat="45.469225" lon="10.714279">
        <ele>116.0</ele>
      </trkpt>
      <trkpt lat="45.469319" lon="10.714317">
        <ele>116.0</ele>
      </trkpt>
      <trkpt lat="45.469403" lon="10.714371">
        <ele>116.0</ele>
      </trkpt>
      <trkpt lat="45.469498" lon="10.714454">
        <ele>116.0</ele>
      </trkpt>
      <trkpt lat="45.469589" lon="10.714508">
        <ele>116.0</ele>
      </trkpt>
      <trkpt lat="45.469684" lon="10.714541">
        <ele>117.0</ele>
      </trkpt>
      <trkpt lat="45.469781" lon="10.714543">
        <ele>118.0</ele>
      </trkpt>
      <trkpt lat="45.469872" lon="10.714535">
        <ele>118.0</ele>
      </trkpt>
      <trkpt lat="45.469967" lon="10.714587">
        <ele>118.0</ele>
      </trkpt>
      <trkpt lat="45.470043" lon="10.714659">
        <ele>118.0</ele>
      </trkpt>
      <trkpt lat="45.470137" lon="10.714712">
        <ele>118.0</ele>
      </trkpt>
      <trkpt lat="45.470235" lon="10.714742">
        <ele>117.0</ele>
      </trkpt>
      <trkpt lat="45.470321" lon="10.714792">
        <ele>117.0</ele>
      </trkpt>
      <trkpt lat="45.470412" lon="10.714828">
        <ele>116.0</ele>
      </trkpt>
      <trkpt lat="45.470504" lon="10.714894">
        <ele>116.0</ele>
      </trkpt>
      <trkpt lat="45.470587" lon="10.714964">
        <ele>116.0</ele>
      </trkpt>
      <trkpt lat="45.470675" lon="10.71502">
        <ele>115.0</ele>
      </trkpt>
      <trkpt lat="45.470764" lon="10.715045">
        <ele>115.0</ele>
      </trkpt>
      <trkpt lat="45.470853" lon="10.715062">
        <ele>114.0</ele>
      </trkpt>
      <trkpt lat="45.470948" lon="10.715077">
        <ele>114.0</ele>
      </trkpt>
      <trkpt lat="45.471035" lon="10.715131">
        <ele>114.0</ele>
      </trkpt>
      <trkpt lat="45.471109" lon="10.715212">
        <ele>113.0</ele>
      </trkpt>
      <trkpt lat="45.471208" lon="10.715221">
        <ele>113.0</ele>
      </trkpt>
      <trkpt lat="45.471308" lon="10.715222">
        <ele>113.0</ele>
      </trkpt>
      <trkpt lat="45.471428" lon="10.715243">
        <ele>113.0</ele>
      </trkpt>
      <trkpt lat="45.471521" lon="10.715268">
        <ele>113.0</ele>
      </trkpt>
      <trkpt lat="45.471607" lon="10.715315">
        <ele>112.0</ele>
      </trkpt>
      <trkpt lat="45.471699" lon="10.71535">
        <ele>112.0</ele>
      </trkpt>
      <trkpt lat="45.471798" lon="10.71539">
        <ele>112.0</ele>
      </trkpt>
      <trkpt lat="45.471881" lon="10.715446">
        <ele>112.0</ele>
      </trkpt>
      <trkpt lat="45.471967" lon="10.715497">
        <ele>113.0</ele>
      </trkpt>
      <trkpt lat="45.472071" lon="10.715534">
        <ele>113.0</ele>
      </trkpt>
      <trkpt lat="45.472164" lon="10.715578">
        <ele>113.0</ele>
      </trkpt>
      <trkpt lat="45.472251" lon="10.715636">
        <ele>113.0</ele>
      </trkpt>
      <trkpt lat="45.472348" lon="10.715681">
        <ele>113.0</ele>
      </trkpt>
      <trkpt lat="45.472446" lon="10.715721">
        <ele>113.0</ele>
      </trkpt>
      <trkpt lat="45.472533" lon="10.715762">
        <ele>114.0</ele>
      </trkpt>
      <trkpt lat="45.472621" lon="10.715785">
        <ele>114.0</ele>
      </trkpt>
      <trkpt lat="45.472709" lon="10.715727">
        <ele>114.0</ele>
      </trkpt>
      <trkpt lat="45.472806" lon="10.71573">
        <ele>114.0</ele>
      </trkpt>
      <trkpt lat="45.472903" lon="10.715764">
        <ele>114.0</ele>
      </trkpt>
      <trkpt lat="45.472995" lon="10.715788">
        <ele>114.0</ele>
      </trkpt>
      <trkpt lat="45.47309" lon="10.715811">
        <ele>114.0</ele>
      </trkpt>
      <trkpt lat="45.473195" lon="10.715825">
        <ele>114.0</ele>
      </trkpt>
      <trkpt lat="45.473292" lon="10.715822">
        <ele>114.0</ele>
      </trkpt>
      <trkpt lat="45.473385" lon="10.715818">
        <ele>114.0</ele>
      </trkpt>
      <trkpt lat="45.473485" lon="10.715837">
        <ele>114.0</ele>
      </trkpt>
      <trkpt lat="45.473578" lon="10.715875">
        <ele>114.0</ele>
      </trkpt>
      <trkpt lat="45.473669" lon="10.715931">
        <ele>114.0</ele>
      </trkpt>
      <trkpt lat="45.473747" lon="10.716001">
        <ele>114.0</ele>
      </trkpt>
      <trkpt lat="45.473832" lon="10.716058">
        <ele>114.0</ele>
      </trkpt>
      <trkpt lat="45.473919" lon="10.716101">
        <ele>114.0</ele>
      </trkpt>
      <trkpt lat="45.474029" lon="10.716143">
        <ele>114.0</ele>
      </trkpt>
      <trkpt lat="45.474134" lon="10.716172">
        <ele>114.0</ele>
      </trkpt>
      <trkpt lat="45.474222" lon="10.716216">
        <ele>114.0</ele>
      </trkpt>
      <trkpt lat="45.474319" lon="10.716275">
        <ele>115.0</ele>
      </trkpt>
      <trkpt lat="45.474416" lon="10.716323">
        <ele>115.0</ele>
      </trkpt>
      <trkpt lat="45.474504" lon="10.716374">
        <ele>115.0</ele>
      </trkpt>
      <trkpt lat="45.474593" lon="10.716403">
        <ele>115.0</ele>
      </trkpt>
      <trkpt lat="45.474697" lon="10.71645">
        <ele>115.0</ele>
      </trkpt>
      <trkpt lat="45.474785" lon="10.716518">
        <ele>114.0</ele>
      </trkpt>
      <trkpt lat="45.474863" lon="10.716591">
        <ele>114.0</ele>
      </trkpt>
      <trkpt lat="45.474949" lon="10.716686">
        <ele>115.0</ele>
      </trkpt>
      <trkpt lat="45.475017" lon="10.716789">
        <ele>115.0</ele>
      </trkpt>
      <trkpt lat="45.475106" lon="10.716829">
        <ele>115.0</ele>
      </trkpt>
      <trkpt lat="45.475199" lon="10.71687">
        <ele>115.0</ele>
      </trkpt>
      <trkpt lat="45.475299" lon="10.716906">
        <ele>115.0</ele>
      </trkpt>
      <trkpt lat="45.475385" lon="10.716943">
        <ele>115.0</ele>
      </trkpt>
      <trkpt lat="45.475473" lon="10.716987">
        <ele>115.0</ele>
      </trkpt>
      <trkpt lat="45.475569" lon="10.717019">
        <ele>115.0</ele>
      </trkpt>
      <trkpt lat="45.475646" lon="10.717086">
        <ele>115.0</ele>
      </trkpt>
      <trkpt lat="45.475733" lon="10.717161">
        <ele>115.0</ele>
      </trkpt>
      <trkpt lat="45.475832" lon="10.717215">
        <ele>115.0</ele>
      </trkpt>
      <trkpt lat="45.47592" lon="10.717267">
        <ele>115.0</ele>
      </trkpt>
      <trkpt lat="45.476004" lon="10.717331">
        <ele>114.0</ele>
      </trkpt>
      <trkpt lat="45.476086" lon="10.717399">
        <ele>114.0</ele>
      </trkpt>
      <trkpt lat="45.476168" lon="10.717458">
        <ele>114.0</ele>
      </trkpt>
      <trkpt lat="45.47626" lon="10.717525">
        <ele>115.0</ele>
      </trkpt>
      <trkpt lat="45.476351" lon="10.717558">
        <ele>115.0</ele>
      </trkpt>
      <trkpt lat="45.476443" lon="10.717612">
        <ele>115.0</ele>
      </trkpt>
      <trkpt lat="45.476525" lon="10.717682">
        <ele>115.0</ele>
      </trkpt>
      <trkpt lat="45.476612" lon="10.717759">
        <ele>115.0</ele>
      </trkpt>
      <trkpt lat="45.476692" lon="10.717819">
        <ele>115.0</ele>
      </trkpt>
      <trkpt lat="45.476775" lon="10.717886">
        <ele>115.0</ele>
      </trkpt>
      <trkpt lat="45.47686" lon="10.717948">
        <ele>114.0</ele>
      </trkpt>
      <trkpt lat="45.47695" lon="10.717987">
        <ele>114.0</ele>
      </trkpt>
      <trkpt lat="45.47704" lon="10.71801">
        <ele>115.0</ele>
      </trkpt>
      <trkpt lat="45.477121" lon="10.718091">
        <ele>114.0</ele>
      </trkpt>
      <trkpt lat="45.477208" lon="10.718165">
        <ele>112.0</ele>
      </trkpt>
      <trkpt lat="45.477309" lon="10.718189">
        <ele>112.0</ele>
      </trkpt>
      <trkpt lat="45.477371" lon="10.71829">
        <ele>112.0</ele>
      </trkpt>
      <trkpt lat="45.477468" lon="10.718273">
        <ele>112.0</ele>
      </trkpt>
      <trkpt lat="45.477558" lon="10.718268">
        <ele>112.0</ele>
      </trkpt>
      <trkpt lat="45.477654" lon="10.718313">
        <ele>112.0</ele>
      </trkpt>
      <trkpt lat="45.477749" lon="10.718326">
        <ele>112.0</ele>
      </trkpt>
      <trkpt lat="45.47784" lon="10.718266">
        <ele>112.0</ele>
      </trkpt>
      <trkpt lat="45.477936" lon="10.718232">
        <ele>112.0</ele>
      </trkpt>
      <trkpt lat="45.478026" lon="10.718197">
        <ele>112.0</ele>
      </trkpt>
      <trkpt lat="45.478105" lon="10.718261">
        <ele>112.0</ele>
      </trkpt>
      <trkpt lat="45.478189" lon="10.718354">
        <ele>112.0</ele>
      </trkpt>
      <trkpt lat="45.47826" lon="10.718432">
        <ele>113.0</ele>
      </trkpt>
      <trkpt lat="45.478361" lon="10.718463">
        <ele>113.0</ele>
      </trkpt>
      <trkpt lat="45.478454" lon="10.718473">
        <ele>114.0</ele>
      </trkpt>
      <trkpt lat="45.478548" lon="10.718519">
        <ele>114.0</ele>
      </trkpt>
      <trkpt lat="45.478623" lon="10.718601">
        <ele>114.0</ele>
      </trkpt>
      <trkpt lat="45.47871" lon="10.718677">
        <ele>114.0</ele>
      </trkpt>
      <trkpt lat="45.478786" lon="10.718753">
        <ele>114.0</ele>
      </trkpt>
      <trkpt lat="45.478866" lon="10.718825">
        <ele>113.0</ele>
      </trkpt>
      <trkpt lat="45.478937" lon="10.718906">
        <ele>113.0</ele>
      </trkpt>
      <trkpt lat="45.479014" lon="10.718999">
        <ele>114.0</ele>
      </trkpt>
      <trkpt lat="45.479082" lon="10.719091">
        <ele>114.0</ele>
      </trkpt>
      <trkpt lat="45.479159" lon="10.719169">
        <ele>114.0</ele>
      </trkpt>
      <trkpt lat="45.479244" lon="10.719245">
        <ele>114.0</ele>
      </trkpt>
      <trkpt lat="45.479323" lon="10.719308">
        <ele>114.0</ele>
      </trkpt>
      <trkpt lat="45.479405" lon="10.719397">
        <ele>114.0</ele>
      </trkpt>
      <trkpt lat="45.479479" lon="10.719487">
        <ele>114.0</ele>
      </trkpt>
      <trkpt lat="45.479565" lon="10.719554">
        <ele>114.0</ele>
      </trkpt>
      <trkpt lat="45.479648" lon="10.719626">
        <ele>114.0</ele>
      </trkpt>
      <trkpt lat="45.479738" lon="10.719666">
        <ele>115.0</ele>
      </trkpt>
      <trkpt lat="45.479816" lon="10.719741">
        <ele>115.0</ele>
      </trkpt>
      <trkpt lat="45.479888" lon="10.719824">
        <ele>115.0</ele>
      </trkpt>
      <trkpt lat="45.479962" lon="10.71991">
        <ele>114.0</ele>
      </trkpt>
      <trkpt lat="45.480031" lon="10.72">
        <ele>115.0</ele>
      </trkpt>
      <trkpt lat="45.480104" lon="10.720091">
        <ele>115.0</ele>
      </trkpt>
      <trkpt lat="45.480196" lon="10.720139">
        <ele>115.0</ele>
      </trkpt>
      <trkpt lat="45.480275" lon="10.720208">
        <ele>115.0</ele>
      </trkpt>
      <trkpt lat="45.480364" lon="10.72028">
        <ele>115.0</ele>
      </trkpt>
      <trkpt lat="45.480441" lon="10.720382">
        <ele>115.0</ele>
      </trkpt>
      <trkpt lat="45.480512" lon="10.720471">
        <ele>115.0</ele>
      </trkpt>
      <trkpt lat="45.480596" lon="10.720543">
        <ele>116.0</ele>
      </trkpt>
      <trkpt lat="45.480689" lon="10.720606">
        <ele>116.0</ele>
      </trkpt>
      <trkpt lat="45.480767" lon="10.720684">
        <ele>116.0</ele>
      </trkpt>
      <trkpt lat="45.480842" lon="10.720783">
        <ele>117.0</ele>
      </trkpt>
      <trkpt lat="45.48093" lon="10.720838">
        <ele>117.0</ele>
      </trkpt>
      <trkpt lat="45.481016" lon="10.720912">
        <ele>117.0</ele>
      </trkpt>
      <trkpt lat="45.481127" lon="10.720989">
        <ele>117.0</ele>
      </trkpt>
      <trkpt lat="45.481216" lon="10.721042">
        <ele>118.0</ele>
      </trkpt>
      <trkpt lat="45.481294" lon="10.721127">
        <ele>118.0</ele>
      </trkpt>
      <trkpt lat="45.481374" lon="10.721229">
        <ele>117.0</ele>
      </trkpt>
      <trkpt lat="45.481468" lon="10.721284">
        <ele>117.0</ele>
      </trkpt>
      <trkpt lat="45.481567" lon="10.721318">
        <ele>117.0</ele>
      </trkpt>
      <trkpt lat="45.481658" lon="10.721324">
        <ele>118.0</ele>
      </trkpt>
      <trkpt lat="45.481726" lon="10.721416">
        <ele>117.0</ele>
      </trkpt>
      <trkpt lat="45.481812" lon="10.721468">
        <ele>117.0</ele>
      </trkpt>
      <trkpt lat="45.481905" lon="10.721475">
        <ele>117.0</ele>
      </trkpt>
      <trkpt lat="45.482041" lon="10.721621">
        <ele>117.0</ele>
      </trkpt>
      <trkpt lat="45.482115" lon="10.721704">
        <ele>117.0</ele>
      </trkpt>
      <trkpt lat="45.482203" lon="10.721823">
        <ele>117.0</ele>
      </trkpt>
      <trkpt lat="45.482285" lon="10.721888">
        <ele>118.0</ele>
      </trkpt>
      <trkpt lat="45.482368" lon="10.72195">
        <ele>118.0</ele>
      </trkpt>
      <trkpt lat="45.482452" lon="10.722017">
        <ele>117.0</ele>
      </trkpt>
      <trkpt lat="45.482518" lon="10.722112">
        <ele>117.0</ele>
      </trkpt>
      <trkpt lat="45.482597" lon="10.722186">
        <ele>117.0</ele>
      </trkpt>
      <trkpt lat="45.482677" lon="10.722259">
        <ele>118.0</ele>
      </trkpt>
      <trkpt lat="45.482772" lon="10.722323">
        <ele>118.0</ele>
      </trkpt>
      <trkpt lat="45.482842" lon="10.722425">
        <ele>119.0</ele>
      </trkpt>
      <trkpt lat="45.482905" lon="10.722521">
        <ele>120.0</ele>
      </trkpt>
      <trkpt lat="45.482981" lon="10.7226">
        <ele>120.0</ele>
      </trkpt>
      <trkpt lat="45.483075" lon="10.722648">
        <ele>120.0</ele>
      </trkpt>
      <trkpt lat="45.48317" lon="10.722693">
        <ele>120.0</ele>
      </trkpt>
      <trkpt lat="45.483245" lon="10.722782">
        <ele>120.0</ele>
      </trkpt>
      <trkpt lat="45.483325" lon="10.72285">
        <ele>121.0</ele>
      </trkpt>
      <trkpt lat="45.483404" lon="10.722928">
        <ele>122.0</ele>
      </trkpt>
      <trkpt lat="45.483495" lon="10.722976">
        <ele>122.0</ele>
      </trkpt>
      <trkpt lat="45.483592" lon="10.723011">
        <ele>122.0</ele>
      </trkpt>
      <trkpt lat="45.483657" lon="10.72312">
        <ele>119.0</ele>
      </trkpt>
      <trkpt lat="45.483728" lon="10.723202">
        <ele>119.0</ele>
      </trkpt>
      <trkpt lat="45.483803" lon="10.723278">
        <ele>119.0</ele>
      </trkpt>
      <trkpt lat="45.483897" lon="10.723347">
        <ele>120.0</ele>
      </trkpt>
      <trkpt lat="45.484003" lon="10.723367">
        <ele>120.0</ele>
      </trkpt>
      <trkpt lat="45.484096" lon="10.723404">
        <ele>120.0</ele>
      </trkpt>
      <trkpt lat="45.484185" lon="10.723459">
        <ele>119.0</ele>
      </trkpt>
      <trkpt lat="45.484275" lon="10.723513">
        <ele>118.0</ele>
      </trkpt>
      <trkpt lat="45.484366" lon="10.723575">
        <ele>117.0</ele>
      </trkpt>
      <trkpt lat="45.484454" lon="10.723634">
        <ele>117.0</ele>
      </trkpt>
      <trkpt lat="45.484537" lon="10.723691">
        <ele>116.0</ele>
      </trkpt>
      <trkpt lat="45.484614" lon="10.723776">
        <ele>116.0</ele>
      </trkpt>
      <trkpt lat="45.484688" lon="10.723873">
        <ele>116.0</ele>
      </trkpt>
      <trkpt lat="45.484779" lon="10.72395">
        <ele>116.0</ele>
      </trkpt>
      <trkpt lat="45.484853" lon="10.724049">
        <ele>117.0</ele>
      </trkpt>
      <trkpt lat="45.484937" lon="10.724144">
        <ele>117.0</ele>
      </trkpt>
      <trkpt lat="45.485023" lon="10.724216">
        <ele>118.0</ele>
      </trkpt>
      <trkpt lat="45.485106" lon="10.724284">
        <ele>119.0</ele>
      </trkpt>
      <trkpt lat="45.485205" lon="10.724302">
        <ele>118.0</ele>
      </trkpt>
      <trkpt lat="45.485294" lon="10.724324">
        <ele>118.0</ele>
      </trkpt>
      <trkpt lat="45.485373" lon="10.724388">
        <ele>118.0</ele>
      </trkpt>
      <trkpt lat="45.485453" lon="10.724449">
        <ele>117.0</ele>
      </trkpt>
      <trkpt lat="45.485524" lon="10.724534">
        <ele>117.0</ele>
      </trkpt>
      <trkpt lat="45.485599" lon="10.724608">
        <ele>118.0</ele>
      </trkpt>
      <trkpt lat="45.485689" lon="10.72467">
        <ele>118.0</ele>
      </trkpt>
      <trkpt lat="45.485778" lon="10.724723">
        <ele>119.0</ele>
      </trkpt>
      <trkpt lat="45.48587" lon="10.724761">
        <ele>120.0</ele>
      </trkpt>
      <trkpt lat="45.485961" lon="10.724806">
        <ele>122.0</ele>
      </trkpt>
      <trkpt lat="45.486048" lon="10.724855">
        <ele>122.0</ele>
      </trkpt>
      <trkpt lat="45.486129" lon="10.72491">
        <ele>122.0</ele>
      </trkpt>
      <trkpt lat="45.486207" lon="10.724984">
        <ele>122.0</ele>
      </trkpt>
      <trkpt lat="45.486313" lon="10.724998">
        <ele>122.0</ele>
      </trkpt>
      <trkpt lat="45.486409" lon="10.725007">
        <ele>121.0</ele>
      </trkpt>
      <trkpt lat="45.486497" lon="10.725038">
        <ele>121.0</ele>
      </trkpt>
      <trkpt lat="45.486597" lon="10.725139">
        <ele>120.0</ele>
      </trkpt>
      <trkpt lat="45.486674" lon="10.72522">
        <ele>120.0</ele>
      </trkpt>
      <trkpt lat="45.486747" lon="10.725315">
        <ele>120.0</ele>
      </trkpt>
      <trkpt lat="45.486816" lon="10.725407">
        <ele>120.0</ele>
      </trkpt>
      <trkpt lat="45.486909" lon="10.72546">
        <ele>121.0</ele>
      </trkpt>
      <trkpt lat="45.486976" lon="10.725563">
        <ele>122.0</ele>
      </trkpt>
      <trkpt lat="45.487084" lon="10.725632">
        <ele>121.0</ele>
      </trkpt>
      <trkpt lat="45.487195" lon="10.725655">
        <ele>123.0</ele>
      </trkpt>
      <trkpt lat="45.487299" lon="10.725713">
        <ele>122.0</ele>
      </trkpt>
      <trkpt lat="45.487384" lon="10.725776">
        <ele>121.0</ele>
      </trkpt>
      <trkpt lat="45.487466" lon="10.725838">
        <ele>119.0</ele>
      </trkpt>
      <trkpt lat="45.487543" lon="10.725992">
        <ele>118.0</ele>
      </trkpt>
      <trkpt lat="45.487619" lon="10.726074">
        <ele>119.0</ele>
      </trkpt>
      <trkpt lat="45.487692" lon="10.726158">
        <ele>119.0</ele>
      </trkpt>
      <trkpt lat="45.487772" lon="10.726229">
        <ele>120.0</ele>
      </trkpt>
      <trkpt lat="45.487859" lon="10.726274">
        <ele>121.0</ele>
      </trkpt>
      <trkpt lat="45.487941" lon="10.726351">
        <ele>122.0</ele>
      </trkpt>
      <trkpt lat="45.488022" lon="10.726415">
        <ele>123.0</ele>
      </trkpt>
      <trkpt lat="45.488118" lon="10.726457">
        <ele>124.0</ele>
      </trkpt>
      <trkpt lat="45.488201" lon="10.726513">
        <ele>125.0</ele>
      </trkpt>
      <trkpt lat="45.488285" lon="10.726577">
        <ele>125.0</ele>
      </trkpt>
      <trkpt lat="45.488366" lon="10.72664">
        <ele>125.0</ele>
      </trkpt>
      <trkpt lat="45.488435" lon="10.726729">
        <ele>125.0</ele>
      </trkpt>
      <trkpt lat="45.488516" lon="10.726806">
        <ele>124.0</ele>
      </trkpt>
      <trkpt lat="45.488596" lon="10.726872">
        <ele>123.0</ele>
      </trkpt>
      <trkpt lat="45.488673" lon="10.726946">
        <ele>122.0</ele>
      </trkpt>
      <trkpt lat="45.488753" lon="10.727035">
        <ele>122.0</ele>
      </trkpt>
      <trkpt lat="45.488843" lon="10.727108">
        <ele>122.0</ele>
      </trkpt>
      <trkpt lat="45.488918" lon="10.727184">
        <ele>122.0</ele>
      </trkpt>
      <trkpt lat="45.489001" lon="10.727264">
        <ele>121.0</ele>
      </trkpt>
      <trkpt lat="45.489085" lon="10.727319">
        <ele>121.0</ele>
      </trkpt>
      <trkpt lat="45.48917" lon="10.727374">
        <ele>121.0</ele>
      </trkpt>
      <trkpt lat="45.489245" lon="10.727453">
        <ele>120.0</ele>
      </trkpt>
      <trkpt lat="45.489331" lon="10.727523">
        <ele>119.0</ele>
      </trkpt>
      <trkpt lat="45.4894" lon="10.727416">
        <ele>118.0</ele>
      </trkpt>
      <trkpt lat="45.489483" lon="10.727358">
        <ele>117.0</ele>
      </trkpt>
      <trkpt lat="45.489571" lon="10.727405">
        <ele>117.0</ele>
      </trkpt>
      <trkpt lat="45.489655" lon="10.727473">
        <ele>117.0</ele>
      </trkpt>
      <trkpt lat="45.489745" lon="10.727449">
        <ele>116.0</ele>
      </trkpt>
      <trkpt lat="45.489828" lon="10.727517">
        <ele>115.0</ele>
      </trkpt>
      <trkpt lat="45.489872" lon="10.727635">
        <ele>115.0</ele>
      </trkpt>
      <trkpt lat="45.489928" lon="10.727739">
        <ele>115.0</ele>
      </trkpt>
      <trkpt lat="45.490022" lon="10.727796">
        <ele>115.0</ele>
      </trkpt>
      <trkpt lat="45.490102" lon="10.727868">
        <ele>115.0</ele>
      </trkpt>
      <trkpt lat="45.490194" lon="10.727898">
        <ele>115.0</ele>
      </trkpt>
      <trkpt lat="45.490263" lon="10.727925">
        <ele>113.0</ele>
      </trkpt>
      <trkpt lat="45.490332" lon="10.728014">
        <ele>113.0</ele>
      </trkpt>
      <trkpt lat="45.490422" lon="10.728098">
        <ele>113.0</ele>
      </trkpt>
      <trkpt lat="45.490508" lon="10.72817">
        <ele>113.0</ele>
      </trkpt>
      <trkpt lat="45.490591" lon="10.72824">
        <ele>113.0</ele>
      </trkpt>
      <trkpt lat="45.490669" lon="10.728313">
        <ele>114.0</ele>
      </trkpt>
      <trkpt lat="45.490761" lon="10.728316">
        <ele>114.0</ele>
      </trkpt>
      <trkpt lat="45.49085" lon="10.728369">
        <ele>114.0</ele>
      </trkpt>
      <trkpt lat="45.490947" lon="10.728409">
        <ele>114.0</ele>
      </trkpt>
      <trkpt lat="45.491043" lon="10.728455">
        <ele>114.0</ele>
      </trkpt>
      <trkpt lat="45.491138" lon="10.728492">
        <ele>114.0</ele>
      </trkpt>
      <trkpt lat="45.491228" lon="10.728536">
        <ele>113.0</ele>
      </trkpt>
      <trkpt lat="45.491313" lon="10.728488">
        <ele>112.0</ele>
      </trkpt>
      <trkpt lat="45.491408" lon="10.728563">
        <ele>112.0</ele>
      </trkpt>
      <trkpt lat="45.491512" lon="10.728579">
        <ele>112.0</ele>
      </trkpt>
      <trkpt lat="45.491599" lon="10.728625">
        <ele>112.0</ele>
      </trkpt>
      <trkpt lat="45.491691" lon="10.728662">
        <ele>112.0</ele>
      </trkpt>
      <trkpt lat="45.491789" lon="10.728666">
        <ele>111.0</ele>
      </trkpt>
      <trkpt lat="45.49189" lon="10.728689">
        <ele>112.0</ele>
      </trkpt>
      <trkpt lat="45.49199" lon="10.728715">
        <ele>112.0</ele>
      </trkpt>
      <trkpt lat="45.49209" lon="10.728725">
        <ele>112.0</ele>
      </trkpt>
      <trkpt lat="45.492192" lon="10.728718">
        <ele>112.0</ele>
      </trkpt>
      <trkpt lat="45.492283" lon="10.728714">
        <ele>112.0</ele>
      </trkpt>
      <trkpt lat="45.492376" lon="10.728667">
        <ele>112.0</ele>
      </trkpt>
      <trkpt lat="45.492469" lon="10.728652">
        <ele>112.0</ele>
      </trkpt>
      <trkpt lat="45.492561" lon="10.728627">
        <ele>112.0</ele>
      </trkpt>
      <trkpt lat="45.492647" lon="10.728689">
        <ele>112.0</ele>
      </trkpt>
      <trkpt lat="45.492737" lon="10.72874">
        <ele>112.0</ele>
      </trkpt>
      <trkpt lat="45.492827" lon="10.728769">
        <ele>112.0</ele>
      </trkpt>
      <trkpt lat="45.49292" lon="10.728774">
        <ele>113.0</ele>
      </trkpt>
      <trkpt lat="45.493003" lon="10.728829">
        <ele>113.0</ele>
      </trkpt>
      <trkpt lat="45.493077" lon="10.728927">
        <ele>114.0</ele>
      </trkpt>
      <trkpt lat="45.493119" lon="10.729051">
        <ele>114.0</ele>
      </trkpt>
      <trkpt lat="45.493138" lon="10.729195">
        <ele>114.0</ele>
      </trkpt>
      <trkpt lat="45.493123" lon="10.729326">
        <ele>114.0</ele>
      </trkpt>
      <trkpt lat="45.493109" lon="10.729459">
        <ele>113.0</ele>
      </trkpt>
      <trkpt lat="45.493121" lon="10.729592">
        <ele>113.0</ele>
      </trkpt>
      <trkpt lat="45.493138" lon="10.72974">
        <ele>113.0</ele>
      </trkpt>
      <trkpt lat="45.49313" lon="10.72988">
        <ele>113.0</ele>
      </trkpt>
      <trkpt lat="45.493193" lon="10.730002">
        <ele>114.0</ele>
      </trkpt>
      <trkpt lat="45.493251" lon="10.730105">
        <ele>114.0</ele>
      </trkpt>
      <trkpt lat="45.493331" lon="10.73018">
        <ele>114.0</ele>
      </trkpt>
      <trkpt lat="45.493389" lon="10.730295">
        <ele>113.0</ele>
      </trkpt>
      <trkpt lat="45.49344" lon="10.73041">
        <ele>113.0</ele>
      </trkpt>
      <trkpt lat="45.493507" lon="10.730505">
        <ele>113.0</ele>
      </trkpt>
      <trkpt lat="45.493597" lon="10.730577">
        <ele>113.0</ele>
      </trkpt>
      <trkpt lat="45.493703" lon="10.730639">
        <ele>113.0</ele>
      </trkpt>
      <trkpt lat="45.493776" lon="10.730754">
        <ele>113.0</ele>
      </trkpt>
      <trkpt lat="45.493842" lon="10.730859">
        <ele>113.0</ele>
      </trkpt>
      <trkpt lat="45.49391" lon="10.730946">
        <ele>114.0</ele>
      </trkpt>
      <trkpt lat="45.494022" lon="10.731031">
        <ele>114.0</ele>
      </trkpt>
      <trkpt lat="45.494101" lon="10.731123">
        <ele>115.0</ele>
      </trkpt>
      <trkpt lat="45.494181" lon="10.731204">
        <ele>115.0</ele>
      </trkpt>
      <trkpt lat="45.49427" lon="10.73126">
        <ele>116.0</ele>
      </trkpt>
      <trkpt lat="45.494362" lon="10.73132">
        <ele>116.0</ele>
      </trkpt>
      <trkpt lat="45.494456" lon="10.731396">
        <ele>116.0</ele>
      </trkpt>
      <trkpt lat="45.494529" lon="10.731473">
        <ele>116.0</ele>
      </trkpt>
      <trkpt lat="45.494611" lon="10.731528">
        <ele>115.0</ele>
      </trkpt>
      <trkpt lat="45.494701" lon="10.731622">
        <ele>115.0</ele>
      </trkpt>
      <trkpt lat="45.494801" lon="10.731674">
        <ele>115.0</ele>
      </trkpt>
      <trkpt lat="45.49489" lon="10.731732">
        <ele>116.0</ele>
      </trkpt>
      <trkpt lat="45.494965" lon="10.731822">
        <ele>117.0</ele>
      </trkpt>
      <trkpt lat="45.495052" lon="10.7319">
        <ele>116.0</ele>
      </trkpt>
      <trkpt lat="45.495146" lon="10.731966">
        <ele>116.0</ele>
      </trkpt>
      <trkpt lat="45.495255" lon="10.732003">
        <ele>115.0</ele>
      </trkpt>
      <trkpt lat="45.495343" lon="10.732041">
        <ele>115.0</ele>
      </trkpt>
      <trkpt lat="45.495431" lon="10.73209">
        <ele>114.0</ele>
      </trkpt>
      <trkpt lat="45.495538" lon="10.732169">
        <ele>114.0</ele>
      </trkpt>
      <trkpt lat="45.49562" lon="10.732225">
        <ele>114.0</ele>
      </trkpt>
      <trkpt lat="45.495706" lon="10.73228">
        <ele>113.0</ele>
      </trkpt>
      <trkpt lat="45.495798" lon="10.732271">
        <ele>113.0</ele>
      </trkpt>
      <trkpt lat="45.49589" lon="10.732353">
        <ele>112.0</ele>
      </trkpt>
      <trkpt lat="45.495994" lon="10.732402">
        <ele>112.0</ele>
      </trkpt>
      <trkpt lat="45.496095" lon="10.732446">
        <ele>112.0</ele>
      </trkpt>
      <trkpt lat="45.496176" lon="10.732527">
        <ele>112.0</ele>
      </trkpt>
      <trkpt lat="45.49624" lon="10.732636">
        <ele>113.0</ele>
      </trkpt>
      <trkpt lat="45.496317" lon="10.732713">
        <ele>114.0</ele>
      </trkpt>
      <trkpt lat="45.496403" lon="10.732771">
        <ele>115.0</ele>
      </trkpt>
      <trkpt lat="45.496523" lon="10.732794">
        <ele>116.0</ele>
      </trkpt>
      <trkpt lat="45.496614" lon="10.732826">
        <ele>116.0</ele>
      </trkpt>
      <trkpt lat="45.496733" lon="10.732847">
        <ele>116.0</ele>
      </trkpt>
      <trkpt lat="45.496823" lon="10.732849">
        <ele>116.0</ele>
      </trkpt>
      <trkpt lat="45.496913" lon="10.732861">
        <ele>117.0</ele>
      </trkpt>
      <trkpt lat="45.49701" lon="10.732886">
        <ele>116.0</ele>
      </trkpt>
      <trkpt lat="45.497098" lon="10.732927">
        <ele>117.0</ele>
      </trkpt>
      <trkpt lat="45.497197" lon="10.73295">
        <ele>117.0</ele>
      </trkpt>
      <trkpt lat="45.49729" lon="10.732982">
        <ele>117.0</ele>
      </trkpt>
      <trkpt lat="45.497378" lon="10.733013">
        <ele>117.0</ele>
      </trkpt>
      <trkpt lat="45.497483" lon="10.733048">
        <ele>116.0</ele>
      </trkpt>
      <trkpt lat="45.497573" lon="10.733092">
        <ele>115.0</ele>
      </trkpt>
      <trkpt lat="45.497662" lon="10.733122">
        <ele>113.0</ele>
      </trkpt>
      <trkpt lat="45.497752" lon="10.733158">
        <ele>112.0</ele>
      </trkpt>
      <trkpt lat="45.497845" lon="10.733199">
        <ele>110.0</ele>
      </trkpt>
      <trkpt lat="45.497933" lon="10.733222">
        <ele>109.0</ele>
      </trkpt>
      <trkpt lat="45.498023" lon="10.733235">
        <ele>109.0</ele>
      </trkpt>
      <trkpt lat="45.498123" lon="10.733263">
        <ele>109.0</ele>
      </trkpt>
      <trkpt lat="45.498217" lon="10.733283">
        <ele>109.0</ele>
      </trkpt>
      <trkpt lat="45.498311" lon="10.733298">
        <ele>110.0</ele>
      </trkpt>
      <trkpt lat="45.498413" lon="10.733312">
        <ele>111.0</ele>
      </trkpt>
      <trkpt lat="45.498502" lon="10.73329">
        <ele>112.0</ele>
      </trkpt>
      <trkpt lat="45.498587" lon="10.73322">
        <ele>111.0</ele>
      </trkpt>
      <trkpt lat="45.498689" lon="10.73321">
        <ele>111.0</ele>
      </trkpt>
      <trkpt lat="45.498792" lon="10.733215">
        <ele>111.0</ele>
      </trkpt>
      <trkpt lat="45.498891" lon="10.733216">
        <ele>111.0</ele>
      </trkpt>
      <trkpt lat="45.498985" lon="10.733212">
        <ele>111.0</ele>
      </trkpt>
      <trkpt lat="45.499077" lon="10.733224">
        <ele>110.0</ele>
      </trkpt>
      <trkpt lat="45.499167" lon="10.73319">
        <ele>108.0</ele>
      </trkpt>
      <trkpt lat="45.499283" lon="10.733209">
        <ele>101.0</ele>
      </trkpt>
      <trkpt lat="45.499376" lon="10.733197">
        <ele>101.0</ele>
      </trkpt>
      <trkpt lat="45.499487" lon="10.733148">
        <ele>102.0</ele>
      </trkpt>
      <trkpt lat="45.49958" lon="10.733128">
        <ele>103.0</ele>
      </trkpt>
      <trkpt lat="45.499689" lon="10.733102">
        <ele>103.0</ele>
      </trkpt>
      <trkpt lat="45.499783" lon="10.73308">
        <ele>105.0</ele>
      </trkpt>
      <trkpt lat="45.499894" lon="10.733067">
        <ele>106.0</ele>
      </trkpt>
      <trkpt lat="45.49999" lon="10.733076">
        <ele>107.0</ele>
      </trkpt>
      <trkpt lat="45.500095" lon="10.733081">
        <ele>109.0</ele>
      </trkpt>
      <trkpt lat="45.500196" lon="10.733075">
        <ele>110.0</ele>
      </trkpt>
      <trkpt lat="45.500284" lon="10.733027">
        <ele>111.0</ele>
      </trkpt>
      <trkpt lat="45.500385" lon="10.732995">
        <ele>112.0</ele>
      </trkpt>
      <trkpt lat="45.500466" lon="10.732936">
        <ele>112.0</ele>
      </trkpt>
      <trkpt lat="45.500548" lon="10.732882">
        <ele>111.0</ele>
      </trkpt>
      <trkpt lat="45.500613" lon="10.732792">
        <ele>110.0</ele>
      </trkpt>
      <trkpt lat="45.500698" lon="10.732734">
        <ele>110.0</ele>
      </trkpt>
      <trkpt lat="45.500792" lon="10.732706">
        <ele>110.0</ele>
      </trkpt>
      <trkpt lat="45.500877" lon="10.732652">
        <ele>109.0</ele>
      </trkpt>
      <trkpt lat="45.500978" lon="10.732609">
        <ele>109.0</ele>
      </trkpt>
      <trkpt lat="45.501053" lon="10.732533">
        <ele>109.0</ele>
      </trkpt>
      <trkpt lat="45.501114" lon="10.732433">
        <ele>108.0</ele>
      </trkpt>
      <trkpt lat="45.501208" lon="10.732423">
        <ele>108.0</ele>
      </trkpt>
      <trkpt lat="45.501299" lon="10.732371">
        <ele>108.0</ele>
      </trkpt>
      <trkpt lat="45.50138" lon="10.732312">
        <ele>108.0</ele>
      </trkpt>
      <trkpt lat="45.501471" lon="10.732284">
        <ele>108.0</ele>
      </trkpt>
      <trkpt lat="45.501553" lon="10.732211">
        <ele>107.0</ele>
      </trkpt>
      <trkpt lat="45.501648" lon="10.732217">
        <ele>107.0</ele>
      </trkpt>
      <trkpt lat="45.501692" lon="10.732337">
        <ele>106.0</ele>
      </trkpt>
      <trkpt lat="45.501732" lon="10.732459">
        <ele>106.0</ele>
      </trkpt>
      <trkpt lat="45.50176" lon="10.732592">
        <ele>106.0</ele>
      </trkpt>
      <trkpt lat="45.501781" lon="10.732717">
        <ele>106.0</ele>
      </trkpt>
      <trkpt lat="45.501822" lon="10.732839">
        <ele>106.0</ele>
      </trkpt>
      <trkpt lat="45.501878" lon="10.732945">
        <ele>107.0</ele>
      </trkpt>
      <trkpt lat="45.501923" lon="10.733057">
        <ele>107.0</ele>
      </trkpt>
      <trkpt lat="45.501927" lon="10.733196">
        <ele>108.0</ele>
      </trkpt>
      <trkpt lat="45.502026" lon="10.733232">
        <ele>110.0</ele>
      </trkpt>
      <trkpt lat="45.502154" lon="10.733202">
        <ele>111.0</ele>
      </trkpt>
      <trkpt lat="45.502247" lon="10.733223">
        <ele>112.0</ele>
      </trkpt>
      <trkpt lat="45.502364" lon="10.733196">
        <ele>114.0</ele>
      </trkpt>
      <trkpt lat="45.502463" lon="10.733143">
        <ele>114.0</ele>
      </trkpt>
      <trkpt lat="45.502567" lon="10.733116">
        <ele>115.0</ele>
      </trkpt>
      <trkpt lat="45.502689" lon="10.733082">
        <ele>116.0</ele>
      </trkpt>
      <trkpt lat="45.5028" lon="10.733018">
        <ele>118.0</ele>
      </trkpt>
      <trkpt lat="45.502902" lon="10.733024">
        <ele>119.0</ele>
      </trkpt>
      <trkpt lat="45.502994" lon="10.733027">
        <ele>119.0</ele>
      </trkpt>
      <trkpt lat="45.503086" lon="10.733016">
        <ele>120.0</ele>
      </trkpt>
      <trkpt lat="45.503156" lon="10.733111">
        <ele>120.0</ele>
      </trkpt>
      <trkpt lat="45.503184" lon="10.733238">
        <ele>120.0</ele>
      </trkpt>
      <trkpt lat="45.50322" lon="10.733372">
        <ele>121.0</ele>
      </trkpt>
      <trkpt lat="45.503257" lon="10.733494">
        <ele>122.0</ele>
      </trkpt>
      <trkpt lat="45.503365" lon="10.733568">
        <ele>121.0</ele>
      </trkpt>
      <trkpt lat="45.503465" lon="10.733536">
        <ele>121.0</ele>
      </trkpt>
      <trkpt lat="45.503558" lon="10.733549">
        <ele>121.0</ele>
      </trkpt>
      <trkpt lat="45.503648" lon="10.733516">
        <ele>120.0</ele>
      </trkpt>
      <trkpt lat="45.503742" lon="10.733497">
        <ele>120.0</ele>
      </trkpt>
      <trkpt lat="45.503834" lon="10.733461">
        <ele>120.0</ele>
      </trkpt>
      <trkpt lat="45.503922" lon="10.73342">
        <ele>121.0</ele>
      </trkpt>
      <trkpt lat="45.504039" lon="10.73334">
        <ele>120.0</ele>
      </trkpt>
      <trkpt lat="45.504137" lon="10.733301">
        <ele>122.0</ele>
      </trkpt>
      <trkpt lat="45.50423" lon="10.733238">
        <ele>122.0</ele>
      </trkpt>
      <trkpt lat="45.504321" lon="10.733239">
        <ele>122.0</ele>
      </trkpt>
      <trkpt lat="45.504412" lon="10.733195">
        <ele>120.0</ele>
      </trkpt>
      <trkpt lat="45.5045" lon="10.733159">
        <ele>119.0</ele>
      </trkpt>
      <trkpt lat="45.504593" lon="10.733149">
        <ele>118.0</ele>
      </trkpt>
      <trkpt lat="45.504686" lon="10.733163">
        <ele>118.0</ele>
      </trkpt>
      <trkpt lat="45.504781" lon="10.73319">
        <ele>118.0</ele>
      </trkpt>
      <trkpt lat="45.504885" lon="10.733182">
        <ele>119.0</ele>
      </trkpt>
      <trkpt lat="45.504988" lon="10.733185">
        <ele>121.0</ele>
      </trkpt>
      <trkpt lat="45.505079" lon="10.733165">
        <ele>121.0</ele>
      </trkpt>
      <trkpt lat="45.505151" lon="10.733071">
        <ele>122.0</ele>
      </trkpt>
      <trkpt lat="45.505184" lon="10.732945">
        <ele>122.0</ele>
      </trkpt>
      <trkpt lat="45.505252" lon="10.73283">
        <ele>121.0</ele>
      </trkpt>
      <trkpt lat="45.505313" lon="10.732689">
        <ele>121.0</ele>
      </trkpt>
      <trkpt lat="45.505303" lon="10.732555">
        <ele>120.0</ele>
      </trkpt>
      <trkpt lat="45.505338" lon="10.732426">
        <ele>120.0</ele>
      </trkpt>
      <trkpt lat="45.505361" lon="10.7323">
        <ele>121.0</ele>
      </trkpt>
      <trkpt lat="45.505354" lon="10.732122">
        <ele>122.0</ele>
      </trkpt>
      <trkpt lat="45.50535" lon="10.731993">
        <ele>121.0</ele>
      </trkpt>
      <trkpt lat="45.505356" lon="10.731856">
        <ele>122.0</ele>
      </trkpt>
      <trkpt lat="45.505351" lon="10.731719">
        <ele>122.0</ele>
      </trkpt>
      <trkpt lat="45.505342" lon="10.73159">
        <ele>123.0</ele>
      </trkpt>
      <trkpt lat="45.50534" lon="10.731429">
        <ele>123.0</ele>
      </trkpt>
      <trkpt lat="45.505325" lon="10.731289">
        <ele>125.0</ele>
      </trkpt>
      <trkpt lat="45.505299" lon="10.731155">
        <ele>123.0</ele>
      </trkpt>
      <trkpt lat="45.505346" lon="10.731044">
        <ele>118.0</ele>
      </trkpt>
      <trkpt lat="45.505448" lon="10.731033">
        <ele>118.0</ele>
      </trkpt>
      <trkpt lat="45.505545" lon="10.73101">
        <ele>118.0</ele>
      </trkpt>
      <trkpt lat="45.505658" lon="10.73103">
        <ele>118.0</ele>
      </trkpt>
      <trkpt lat="45.505748" lon="10.731051">
        <ele>119.0</ele>
      </trkpt>
      <trkpt lat="45.505851" lon="10.731059">
        <ele>119.0</ele>
      </trkpt>
      <trkpt lat="45.505943" lon="10.731042">
        <ele>119.0</ele>
      </trkpt>
      <trkpt lat="45.506048" lon="10.731025">
        <ele>118.0</ele>
      </trkpt>
      <trkpt lat="45.506138" lon="10.730981">
        <ele>119.0</ele>
      </trkpt>
      <trkpt lat="45.50622" lon="10.730901">
        <ele>118.0</ele>
      </trkpt>
      <trkpt lat="45.506316" lon="10.730885">
        <ele>118.0</ele>
      </trkpt>
      <trkpt lat="45.506394" lon="10.730815">
        <ele>118.0</ele>
      </trkpt>
      <trkpt lat="45.506486" lon="10.730854">
        <ele>118.0</ele>
      </trkpt>
      <trkpt lat="45.506583" lon="10.730909">
        <ele>119.0</ele>
      </trkpt>
      <trkpt lat="45.506673" lon="10.730947">
        <ele>120.0</ele>
      </trkpt>
      <trkpt lat="45.50678" lon="10.73096">
        <ele>119.0</ele>
      </trkpt>
      <trkpt lat="45.506856" lon="10.731035">
        <ele>119.0</ele>
      </trkpt>
      <trkpt lat="45.50695" lon="10.731061">
        <ele>119.0</ele>
      </trkpt>
      <trkpt lat="45.507078" lon="10.731095">
        <ele>119.0</ele>
      </trkpt>
      <trkpt lat="45.507197" lon="10.731117">
        <ele>119.0</ele>
      </trkpt>
      <trkpt lat="45.507292" lon="10.731157">
        <ele>119.0</ele>
      </trkpt>
      <trkpt lat="45.50739" lon="10.731188">
        <ele>119.0</ele>
      </trkpt>
      <trkpt lat="45.50748" lon="10.731166">
        <ele>119.0</ele>
      </trkpt>
      <trkpt lat="45.507583" lon="10.731167">
        <ele>118.0</ele>
      </trkpt>
      <trkpt lat="45.507666" lon="10.731235">
        <ele>117.0</ele>
      </trkpt>
      <trkpt lat="45.507773" lon="10.731286">
        <ele>117.0</ele>
      </trkpt>
      <trkpt lat="45.507859" lon="10.73137">
        <ele>118.0</ele>
      </trkpt>
      <trkpt lat="45.507931" lon="10.731464">
        <ele>119.0</ele>
      </trkpt>
      <trkpt lat="45.508011" lon="10.731574">
        <ele>120.0</ele>
      </trkpt>
      <trkpt lat="45.508101" lon="10.731592">
        <ele>121.0</ele>
      </trkpt>
      <trkpt lat="45.508199" lon="10.731541">
        <ele>121.0</ele>
      </trkpt>
      <trkpt lat="45.508278" lon="10.731463">
        <ele>120.0</ele>
      </trkpt>
      <trkpt lat="45.508364" lon="10.731387">
        <ele>119.0</ele>
      </trkpt>
      <trkpt lat="45.508463" lon="10.73138">
        <ele>119.0</ele>
      </trkpt>
      <trkpt lat="45.508564" lon="10.731373">
        <ele>118.0</ele>
      </trkpt>
      <trkpt lat="45.508663" lon="10.731356">
        <ele>117.0</ele>
      </trkpt>
      <trkpt lat="45.508761" lon="10.731358">
        <ele>116.0</ele>
      </trkpt>
      <trkpt lat="45.508867" lon="10.731365">
        <ele>116.0</ele>
      </trkpt>
      <trkpt lat="45.508966" lon="10.731353">
        <ele>116.0</ele>
      </trkpt>
      <trkpt lat="45.509059" lon="10.731337">
        <ele>116.0</ele>
      </trkpt>
      <trkpt lat="45.509162" lon="10.731349">
        <ele>114.0</ele>
      </trkpt>
      <trkpt lat="45.509263" lon="10.731365">
        <ele>114.0</ele>
      </trkpt>
      <trkpt lat="45.509361" lon="10.731349">
        <ele>113.0</ele>
      </trkpt>
      <trkpt lat="45.509463" lon="10.731347">
        <ele>113.0</ele>
      </trkpt>
      <trkpt lat="45.509554" lon="10.731338">
        <ele>113.0</ele>
      </trkpt>
      <trkpt lat="45.50965" lon="10.73133">
        <ele>113.0</ele>
      </trkpt>
      <trkpt lat="45.509744" lon="10.731307">
        <ele>112.0</ele>
      </trkpt>
      <trkpt lat="45.509832" lon="10.731282">
        <ele>112.0</ele>
      </trkpt>
      <trkpt lat="45.509924" lon="10.731263">
        <ele>112.0</ele>
      </trkpt>
      <trkpt lat="45.510015" lon="10.731261">
        <ele>112.0</ele>
      </trkpt>
      <trkpt lat="45.510113" lon="10.731239">
        <ele>112.0</ele>
      </trkpt>
      <trkpt lat="45.510211" lon="10.731253">
        <ele>111.0</ele>
      </trkpt>
      <trkpt lat="45.510349" lon="10.73126">
        <ele>111.0</ele>
      </trkpt>
      <trkpt lat="45.51044" lon="10.731226">
        <ele>111.0</ele>
      </trkpt>
      <trkpt lat="45.510543" lon="10.731205">
        <ele>111.0</ele>
      </trkpt>
      <trkpt lat="45.510642" lon="10.731173">
        <ele>111.0</ele>
      </trkpt>
      <trkpt lat="45.510732" lon="10.731161">
        <ele>112.0</ele>
      </trkpt>
      <trkpt lat="45.510824" lon="10.731173">
        <ele>112.0</ele>
      </trkpt>
      <trkpt lat="45.510922" lon="10.731153">
        <ele>112.0</ele>
      </trkpt>
      <trkpt lat="45.511019" lon="10.731134">
        <ele>112.0</ele>
      </trkpt>
      <trkpt lat="45.511115" lon="10.73111">
        <ele>113.0</ele>
      </trkpt>
      <trkpt lat="45.511219" lon="10.731091">
        <ele>113.0</ele>
      </trkpt>
      <trkpt lat="45.51132" lon="10.731092">
        <ele>113.0</ele>
      </trkpt>
      <trkpt lat="45.511418" lon="10.731083">
        <ele>113.0</ele>
      </trkpt>
      <trkpt lat="45.511513" lon="10.731059">
        <ele>112.0</ele>
      </trkpt>
      <trkpt lat="45.511607" lon="10.731022">
        <ele>111.0</ele>
      </trkpt>
      <trkpt lat="45.511702" lon="10.730993">
        <ele>111.0</ele>
      </trkpt>
      <trkpt lat="45.511794" lon="10.730966">
        <ele>111.0</ele>
      </trkpt>
      <trkpt lat="45.511914" lon="10.730943">
        <ele>112.0</ele>
      </trkpt>
      <trkpt lat="45.512015" lon="10.730939">
        <ele>113.0</ele>
      </trkpt>
      <trkpt lat="45.512114" lon="10.730941">
        <ele>113.0</ele>
      </trkpt>
      <trkpt lat="45.51221" lon="10.730893">
        <ele>113.0</ele>
      </trkpt>
      <trkpt lat="45.512311" lon="10.73084">
        <ele>114.0</ele>
      </trkpt>
      <trkpt lat="45.512403" lon="10.730803">
        <ele>114.0</ele>
      </trkpt>
      <trkpt lat="45.512492" lon="10.730767">
        <ele>114.0</ele>
      </trkpt>
      <trkpt lat="45.512587" lon="10.730758">
        <ele>113.0</ele>
      </trkpt>
      <trkpt lat="45.512681" lon="10.730753">
        <ele>113.0</ele>
      </trkpt>
      <trkpt lat="45.512771" lon="10.730721">
        <ele>113.0</ele>
      </trkpt>
      <trkpt lat="45.512869" lon="10.730701">
        <ele>114.0</ele>
      </trkpt>
      <trkpt lat="45.512965" lon="10.730713">
        <ele>115.0</ele>
      </trkpt>
      <trkpt lat="45.513049" lon="10.730722">
        <ele>118.0</ele>
      </trkpt>
      <trkpt lat="45.513183" lon="10.730728">
        <ele>129.0</ele>
      </trkpt>
      <trkpt lat="45.513332" lon="10.730674">
        <ele>129.0</ele>
      </trkpt>
      <trkpt lat="45.513481" lon="10.730623">
        <ele>129.0</ele>
      </trkpt>
      <trkpt lat="45.51361" lon="10.730558">
        <ele>128.0</ele>
      </trkpt>
      <trkpt lat="45.513741" lon="10.730501">
        <ele>129.0</ele>
      </trkpt>
      <trkpt lat="45.513849" lon="10.730461">
        <ele>130.0</ele>
      </trkpt>
      <trkpt lat="45.513968" lon="10.730411">
        <ele>131.0</ele>
      </trkpt>
      <trkpt lat="45.514059" lon="10.73035">
        <ele>131.0</ele>
      </trkpt>
      <trkpt lat="45.514142" lon="10.730292">
        <ele>133.0</ele>
      </trkpt>
      <trkpt lat="45.51422" lon="10.730191">
        <ele>133.0</ele>
      </trkpt>
      <trkpt lat="45.514311" lon="10.730148">
        <ele>133.0</ele>
      </trkpt>
      <trkpt lat="45.51441" lon="10.730119">
        <ele>133.0</ele>
      </trkpt>
      <trkpt lat="45.514498" lon="10.730065">
        <ele>133.0</ele>
      </trkpt>
      <trkpt lat="45.514611" lon="10.730065">
        <ele>133.0</ele>
      </trkpt>
      <trkpt lat="45.5147" lon="10.730047">
        <ele>133.0</ele>
      </trkpt>
      <trkpt lat="45.514803" lon="10.730029">
        <ele>132.0</ele>
      </trkpt>
      <trkpt lat="45.514909" lon="10.730007">
        <ele>131.0</ele>
      </trkpt>
      <trkpt lat="45.514998" lon="10.729939">
        <ele>125.0</ele>
      </trkpt>
      <trkpt lat="45.515062" lon="10.729871">
        <ele>121.0</ele>
      </trkpt>
      <trkpt lat="45.515153" lon="10.729865">
        <ele>120.0</ele>
      </trkpt>
      <trkpt lat="45.515247" lon="10.729789">
        <ele>119.0</ele>
      </trkpt>
      <trkpt lat="45.51534" lon="10.729734">
        <ele>118.0</ele>
      </trkpt>
      <trkpt lat="45.515436" lon="10.729746">
        <ele>118.0</ele>
      </trkpt>
      <trkpt lat="45.515531" lon="10.729784">
        <ele>118.0</ele>
      </trkpt>
      <trkpt lat="45.515623" lon="10.729784">
        <ele>118.0</ele>
      </trkpt>
      <trkpt lat="45.515711" lon="10.729743">
        <ele>117.0</ele>
      </trkpt>
      <trkpt lat="45.515812" lon="10.729713">
        <ele>117.0</ele>
      </trkpt>
      <trkpt lat="45.515903" lon="10.729695">
        <ele>117.0</ele>
      </trkpt>
      <trkpt lat="45.515994" lon="10.729658">
        <ele>116.0</ele>
      </trkpt>
      <trkpt lat="45.516085" lon="10.729622">
        <ele>116.0</ele>
      </trkpt>
      <trkpt lat="45.516182" lon="10.729596">
        <ele>116.0</ele>
      </trkpt>
      <trkpt lat="45.516268" lon="10.729668">
        <ele>116.0</ele>
      </trkpt>
      <trkpt lat="45.516341" lon="10.729751">
        <ele>116.0</ele>
      </trkpt>
      <trkpt lat="45.516444" lon="10.729767">
        <ele>116.0</ele>
      </trkpt>
      <trkpt lat="45.516543" lon="10.729705">
        <ele>116.0</ele>
      </trkpt>
      <trkpt lat="45.51662" lon="10.729625">
        <ele>116.0</ele>
      </trkpt>
      <trkpt lat="45.516686" lon="10.729516">
        <ele>116.0</ele>
      </trkpt>
      <trkpt lat="45.51678" lon="10.72942">
        <ele>115.0</ele>
      </trkpt>
      <trkpt lat="45.51687" lon="10.729384">
        <ele>115.0</ele>
      </trkpt>
      <trkpt lat="45.516968" lon="10.729366">
        <ele>115.0</ele>
      </trkpt>
      <trkpt lat="45.517067" lon="10.729361">
        <ele>114.0</ele>
      </trkpt>
      <trkpt lat="45.51716" lon="10.729353">
        <ele>114.0</ele>
      </trkpt>
      <trkpt lat="45.517264" lon="10.729335">
        <ele>114.0</ele>
      </trkpt>
      <trkpt lat="45.51736" lon="10.729307">
        <ele>114.0</ele>
      </trkpt>
      <trkpt lat="45.517485" lon="10.729265">
        <ele>114.0</ele>
      </trkpt>
      <trkpt lat="45.517574" lon="10.729228">
        <ele>115.0</ele>
      </trkpt>
      <trkpt lat="45.517676" lon="10.729178">
        <ele>115.0</ele>
      </trkpt>
      <trkpt lat="45.517766" lon="10.729154">
        <ele>115.0</ele>
      </trkpt>
      <trkpt lat="45.517874" lon="10.729089">
        <ele>115.0</ele>
      </trkpt>
      <trkpt lat="45.517972" lon="10.729074">
        <ele>115.0</ele>
      </trkpt>
      <trkpt lat="45.518069" lon="10.72906">
        <ele>115.0</ele>
      </trkpt>
      <trkpt lat="45.518172" lon="10.728993">
        <ele>115.0</ele>
      </trkpt>
      <trkpt lat="45.518269" lon="10.728927">
        <ele>115.0</ele>
      </trkpt>
      <trkpt lat="45.518355" lon="10.728871">
        <ele>116.0</ele>
      </trkpt>
      <trkpt lat="45.518445" lon="10.728808">
        <ele>116.0</ele>
      </trkpt>
      <trkpt lat="45.518536" lon="10.728721">
        <ele>116.0</ele>
      </trkpt>
      <trkpt lat="45.518631" lon="10.72868">
        <ele>115.0</ele>
      </trkpt>
      <trkpt lat="45.51873" lon="10.728678">
        <ele>115.0</ele>
      </trkpt>
      <trkpt lat="45.518832" lon="10.728662">
        <ele>114.0</ele>
      </trkpt>
      <trkpt lat="45.518936" lon="10.728643">
        <ele>114.0</ele>
      </trkpt>
      <trkpt lat="45.519046" lon="10.728582">
        <ele>113.0</ele>
      </trkpt>
      <trkpt lat="45.519125" lon="10.728511">
        <ele>113.0</ele>
      </trkpt>
      <trkpt lat="45.519222" lon="10.728449">
        <ele>114.0</ele>
      </trkpt>
      <trkpt lat="45.519309" lon="10.72841">
        <ele>115.0</ele>
      </trkpt>
      <trkpt lat="45.519412" lon="10.728396">
        <ele>115.0</ele>
      </trkpt>
      <trkpt lat="45.5195" lon="10.728364">
        <ele>115.0</ele>
      </trkpt>
      <trkpt lat="45.519586" lon="10.728312">
        <ele>116.0</ele>
      </trkpt>
      <trkpt lat="45.519672" lon="10.72827">
        <ele>116.0</ele>
      </trkpt>
      <trkpt lat="45.519779" lon="10.728248">
        <ele>117.0</ele>
      </trkpt>
      <trkpt lat="45.51987" lon="10.728195">
        <ele>117.0</ele>
      </trkpt>
      <trkpt lat="45.519959" lon="10.728148">
        <ele>117.0</ele>
      </trkpt>
      <trkpt lat="45.520043" lon="10.728097">
        <ele>116.0</ele>
      </trkpt>
      <trkpt lat="45.520128" lon="10.728037">
        <ele>115.0</ele>
      </trkpt>
      <trkpt lat="45.520224" lon="10.727988">
        <ele>115.0</ele>
      </trkpt>
      <trkpt lat="45.520316" lon="10.727918">
        <ele>115.0</ele>
      </trkpt>
      <trkpt lat="45.520407" lon="10.727866">
        <ele>115.0</ele>
      </trkpt>
      <trkpt lat="45.520502" lon="10.727811">
        <ele>115.0</ele>
      </trkpt>
      <trkpt lat="45.520594" lon="10.727754">
        <ele>115.0</ele>
      </trkpt>
      <trkpt lat="45.520697" lon="10.727728">
        <ele>115.0</ele>
      </trkpt>
      <trkpt lat="45.520787" lon="10.727708">
        <ele>115.0</ele>
      </trkpt>
      <trkpt lat="45.520902" lon="10.72767">
        <ele>116.0</ele>
      </trkpt>
      <trkpt lat="45.521005" lon="10.727647">
        <ele>115.0</ele>
      </trkpt>
      <trkpt lat="45.521102" lon="10.727651">
        <ele>115.0</ele>
      </trkpt>
      <trkpt lat="45.521201" lon="10.727649">
        <ele>115.0</ele>
      </trkpt>
      <trkpt lat="45.521298" lon="10.727662">
        <ele>114.0</ele>
      </trkpt>
      <trkpt lat="45.521396" lon="10.727641">
        <ele>114.0</ele>
      </trkpt>
      <trkpt lat="45.52148" lon="10.727591">
        <ele>114.0</ele>
      </trkpt>
      <trkpt lat="45.521573" lon="10.727586">
        <ele>113.0</ele>
      </trkpt>
      <trkpt lat="45.521672" lon="10.727586">
        <ele>113.0</ele>
      </trkpt>
      <trkpt lat="45.521764" lon="10.727573">
        <ele>114.0</ele>
      </trkpt>
      <trkpt lat="45.521854" lon="10.727539">
        <ele>113.0</ele>
      </trkpt>
      <trkpt lat="45.521946" lon="10.727524">
        <ele>113.0</ele>
      </trkpt>
      <trkpt lat="45.522059" lon="10.727488">
        <ele>113.0</ele>
      </trkpt>
      <trkpt lat="45.52215" lon="10.727452">
        <ele>113.0</ele>
      </trkpt>
      <trkpt lat="45.522242" lon="10.72745">
        <ele>114.0</ele>
      </trkpt>
      <trkpt lat="45.522346" lon="10.727477">
        <ele>114.0</ele>
      </trkpt>
      <trkpt lat="45.522441" lon="10.727457">
        <ele>114.0</ele>
      </trkpt>
      <trkpt lat="45.522532" lon="10.727457">
        <ele>114.0</ele>
      </trkpt>
      <trkpt lat="45.522642" lon="10.727438">
        <ele>113.0</ele>
      </trkpt>
      <trkpt lat="45.522733" lon="10.727436">
        <ele>114.0</ele>
      </trkpt>
      <trkpt lat="45.522823" lon="10.727419">
        <ele>113.0</ele>
      </trkpt>
      <trkpt lat="45.522917" lon="10.727411">
        <ele>113.0</ele>
      </trkpt>
      <trkpt lat="45.523007" lon="10.727372">
        <ele>113.0</ele>
      </trkpt>
      <trkpt lat="45.523098" lon="10.727372">
        <ele>112.0</ele>
      </trkpt>
      <trkpt lat="45.523196" lon="10.727382">
        <ele>112.0</ele>
      </trkpt>
      <trkpt lat="45.523309" lon="10.727363">
        <ele>111.0</ele>
      </trkpt>
      <trkpt lat="45.523419" lon="10.727335">
        <ele>111.0</ele>
      </trkpt>
      <trkpt lat="45.52354" lon="10.727332">
        <ele>111.0</ele>
      </trkpt>
      <trkpt lat="45.523631" lon="10.727302">
        <ele>111.0</ele>
      </trkpt>
      <trkpt lat="45.523727" lon="10.727277">
        <ele>112.0</ele>
      </trkpt>
      <trkpt lat="45.523825" lon="10.727285">
        <ele>113.0</ele>
      </trkpt>
      <trkpt lat="45.523931" lon="10.727268">
        <ele>113.0</ele>
      </trkpt>
      <trkpt lat="45.524026" lon="10.727274">
        <ele>114.0</ele>
      </trkpt>
      <trkpt lat="45.524116" lon="10.727258">
        <ele>114.0</ele>
      </trkpt>
      <trkpt lat="45.524206" lon="10.727244">
        <ele>115.0</ele>
      </trkpt>
      <trkpt lat="45.524313" lon="10.727223">
        <ele>115.0</ele>
      </trkpt>
      <trkpt lat="45.524416" lon="10.727218">
        <ele>116.0</ele>
      </trkpt>
      <trkpt lat="45.524512" lon="10.727188">
        <ele>116.0</ele>
      </trkpt>
      <trkpt lat="45.524602" lon="10.727163">
        <ele>116.0</ele>
      </trkpt>
      <trkpt lat="45.524694" lon="10.727131">
        <ele>117.0</ele>
      </trkpt>
      <trkpt lat="45.524807" lon="10.727097">
        <ele>116.0</ele>
      </trkpt>
      <trkpt lat="45.524905" lon="10.727067">
        <ele>116.0</ele>
      </trkpt>
      <trkpt lat="45.525011" lon="10.72706">
        <ele>116.0</ele>
      </trkpt>
      <trkpt lat="45.525114" lon="10.727074">
        <ele>116.0</ele>
      </trkpt>
      <trkpt lat="45.525198" lon="10.727124">
        <ele>116.0</ele>
      </trkpt>
      <trkpt lat="45.525293" lon="10.727147">
        <ele>116.0</ele>
      </trkpt>
      <trkpt lat="45.525385" lon="10.727199">
        <ele>116.0</ele>
      </trkpt>
      <trkpt lat="45.525482" lon="10.727228">
        <ele>116.0</ele>
      </trkpt>
      <trkpt lat="45.525579" lon="10.727216">
        <ele>116.0</ele>
      </trkpt>
      <trkpt lat="45.525682" lon="10.727165">
        <ele>116.0</ele>
      </trkpt>
      <trkpt lat="45.525797" lon="10.727133">
        <ele>116.0</ele>
      </trkpt>
      <trkpt lat="45.52589" lon="10.727115">
        <ele>116.0</ele>
      </trkpt>
      <trkpt lat="45.525989" lon="10.727116">
        <ele>116.0</ele>
      </trkpt>
      <trkpt lat="45.526094" lon="10.727097">
        <ele>115.0</ele>
      </trkpt>
      <trkpt lat="45.526182" lon="10.727071">
        <ele>114.0</ele>
      </trkpt>
      <trkpt lat="45.526322" lon="10.727024">
        <ele>114.0</ele>
      </trkpt>
      <trkpt lat="45.526414" lon="10.726996">
        <ele>114.0</ele>
      </trkpt>
      <trkpt lat="45.526509" lon="10.726994">
        <ele>114.0</ele>
      </trkpt>
      <trkpt lat="45.526597" lon="10.726966">
        <ele>114.0</ele>
      </trkpt>
      <trkpt lat="45.526689" lon="10.726939">
        <ele>114.0</ele>
      </trkpt>
      <trkpt lat="45.526787" lon="10.726891">
        <ele>114.0</ele>
      </trkpt>
      <trkpt lat="45.526882" lon="10.726884">
        <ele>114.0</ele>
      </trkpt>
      <trkpt lat="45.526977" lon="10.726914">
        <ele>114.0</ele>
      </trkpt>
      <trkpt lat="45.527073" lon="10.7269">
        <ele>114.0</ele>
      </trkpt>
      <trkpt lat="45.527164" lon="10.72686">
        <ele>114.0</ele>
      </trkpt>
      <trkpt lat="45.527261" lon="10.726813">
        <ele>114.0</ele>
      </trkpt>
      <trkpt lat="45.527346" lon="10.726757">
        <ele>114.0</ele>
      </trkpt>
      <trkpt lat="45.527438" lon="10.726698">
        <ele>114.0</ele>
      </trkpt>
      <trkpt lat="45.527526" lon="10.726638">
        <ele>115.0</ele>
      </trkpt>
      <trkpt lat="45.527613" lon="10.726566">
        <ele>115.0</ele>
      </trkpt>
      <trkpt lat="45.527704" lon="10.726525">
        <ele>115.0</ele>
      </trkpt>
      <trkpt lat="45.527803" lon="10.726496">
        <ele>115.0</ele>
      </trkpt>
      <trkpt lat="45.5279" lon="10.726445">
        <ele>115.0</ele>
      </trkpt>
      <trkpt lat="45.527992" lon="10.726386">
        <ele>114.0</ele>
      </trkpt>
      <trkpt lat="45.528084" lon="10.726347">
        <ele>114.0</ele>
      </trkpt>
      <trkpt lat="45.528191" lon="10.726313">
        <ele>114.0</ele>
      </trkpt>
      <trkpt lat="45.528323" lon="10.726284">
        <ele>114.0</ele>
      </trkpt>
      <trkpt lat="45.528419" lon="10.726244">
        <ele>114.0</ele>
      </trkpt>
      <trkpt lat="45.528477" lon="10.726145">
        <ele>115.0</ele>
      </trkpt>
      <trkpt lat="45.528409" lon="10.726041">
        <ele>114.0</ele>
      </trkpt>
      <trkpt lat="45.52848" lon="10.725955">
        <ele>114.0</ele>
      </trkpt>
      <trkpt lat="45.52858" lon="10.725911">
        <ele>114.0</ele>
      </trkpt>
      <trkpt lat="45.528672" lon="10.725878">
        <ele>114.0</ele>
      </trkpt>
      <trkpt lat="45.528773" lon="10.725864">
        <ele>113.0</ele>
      </trkpt>
      <trkpt lat="45.52887" lon="10.725862">
        <ele>113.0</ele>
      </trkpt>
      <trkpt lat="45.528972" lon="10.725834">
        <ele>113.0</ele>
      </trkpt>
      <trkpt lat="45.529065" lon="10.725883">
        <ele>113.0</ele>
      </trkpt>
      <trkpt lat="45.529156" lon="10.72592">
        <ele>113.0</ele>
      </trkpt>
      <trkpt lat="45.529251" lon="10.725938">
        <ele>113.0</ele>
      </trkpt>
      <trkpt lat="45.529342" lon="10.725943">
        <ele>113.0</ele>
      </trkpt>
      <trkpt lat="45.529431" lon="10.725912">
        <ele>113.0</ele>
      </trkpt>
      <trkpt lat="45.529524" lon="10.725937">
        <ele>112.0</ele>
      </trkpt>
      <trkpt lat="45.529614" lon="10.725959">
        <ele>113.0</ele>
      </trkpt>
      <trkpt lat="45.529715" lon="10.725959">
        <ele>113.0</ele>
      </trkpt>
      <trkpt lat="45.529819" lon="10.725957">
        <ele>114.0</ele>
      </trkpt>
      <trkpt lat="45.529914" lon="10.725935">
        <ele>114.0</ele>
      </trkpt>
      <trkpt lat="45.530007" lon="10.725932">
        <ele>115.0</ele>
      </trkpt>
      <trkpt lat="45.530097" lon="10.725941">
        <ele>115.0</ele>
      </trkpt>
      <trkpt lat="45.530187" lon="10.725956">
        <ele>116.0</ele>
      </trkpt>
      <trkpt lat="45.530278" lon="10.725983">
        <ele>116.0</ele>
      </trkpt>
      <trkpt lat="45.530374" lon="10.726045">
        <ele>116.0</ele>
      </trkpt>
      <trkpt lat="45.530467" lon="10.726009">
        <ele>116.0</ele>
      </trkpt>
      <trkpt lat="45.530552" lon="10.725965">
        <ele>116.0</ele>
      </trkpt>
      <trkpt lat="45.530646" lon="10.725968">
        <ele>115.0</ele>
      </trkpt>
      <trkpt lat="45.530735" lon="10.72599">
        <ele>115.0</ele>
      </trkpt>
      <trkpt lat="45.530835" lon="10.725978">
        <ele>115.0</ele>
      </trkpt>
      <trkpt lat="45.530938" lon="10.725986">
        <ele>115.0</ele>
      </trkpt>
      <trkpt lat="45.531027" lon="10.725951">
        <ele>115.0</ele>
      </trkpt>
      <trkpt lat="45.531131" lon="10.725924">
        <ele>115.0</ele>
      </trkpt>
      <trkpt lat="45.531225" lon="10.725929">
        <ele>115.0</ele>
      </trkpt>
      <trkpt lat="45.531318" lon="10.725953">
        <ele>115.0</ele>
      </trkpt>
      <trkpt lat="45.531416" lon="10.725988">
        <ele>116.0</ele>
      </trkpt>
      <trkpt lat="45.531508" lon="10.726006">
        <ele>117.0</ele>
      </trkpt>
      <trkpt lat="45.5316" lon="10.726064">
        <ele>117.0</ele>
      </trkpt>
      <trkpt lat="45.531678" lon="10.726128">
        <ele>117.0</ele>
      </trkpt>
      <trkpt lat="45.531778" lon="10.726167">
        <ele>118.0</ele>
      </trkpt>
      <trkpt lat="45.531864" lon="10.726213">
        <ele>118.0</ele>
      </trkpt>
      <trkpt lat="45.531959" lon="10.726279">
        <ele>118.0</ele>
      </trkpt>
      <trkpt lat="45.532062" lon="10.726334">
        <ele>118.0</ele>
      </trkpt>
      <trkpt lat="45.532154" lon="10.726364">
        <ele>118.0</ele>
      </trkpt>
      <trkpt lat="45.53224" lon="10.726402">
        <ele>118.0</ele>
      </trkpt>
      <trkpt lat="45.532339" lon="10.726443">
        <ele>118.0</ele>
      </trkpt>
      <trkpt lat="45.532427" lon="10.726487">
        <ele>118.0</ele>
      </trkpt>
      <trkpt lat="45.532523" lon="10.726531">
        <ele>118.0</ele>
      </trkpt>
      <trkpt lat="45.532617" lon="10.726538">
        <ele>118.0</ele>
      </trkpt>
      <trkpt lat="45.532709" lon="10.726566">
        <ele>117.0</ele>
      </trkpt>
      <trkpt lat="45.532796" lon="10.726621">
        <ele>117.0</ele>
      </trkpt>
      <trkpt lat="45.532896" lon="10.726644">
        <ele>117.0</ele>
      </trkpt>
      <trkpt lat="45.532983" lon="10.726683">
        <ele>117.0</ele>
      </trkpt>
      <trkpt lat="45.533084" lon="10.726696">
        <ele>117.0</ele>
      </trkpt>
      <trkpt lat="45.533176" lon="10.726729">
        <ele>117.0</ele>
      </trkpt>
      <trkpt lat="45.533262" lon="10.726776">
        <ele>116.0</ele>
      </trkpt>
      <trkpt lat="45.533365" lon="10.726838">
        <ele>116.0</ele>
      </trkpt>
      <trkpt lat="45.533465" lon="10.72688">
        <ele>116.0</ele>
      </trkpt>
      <trkpt lat="45.533564" lon="10.726891">
        <ele>117.0</ele>
      </trkpt>
      <trkpt lat="45.533665" lon="10.726858">
        <ele>117.0</ele>
      </trkpt>
      <trkpt lat="45.533761" lon="10.726858">
        <ele>116.0</ele>
      </trkpt>
      <trkpt lat="45.533858" lon="10.726843">
        <ele>115.0</ele>
      </trkpt>
      <trkpt lat="45.533961" lon="10.726823">
        <ele>115.0</ele>
      </trkpt>
      <trkpt lat="45.534055" lon="10.726812">
        <ele>115.0</ele>
      </trkpt>
      <trkpt lat="45.53415" lon="10.726824">
        <ele>114.0</ele>
      </trkpt>
      <trkpt lat="45.534241" lon="10.726829">
        <ele>114.0</ele>
      </trkpt>
      <trkpt lat="45.534336" lon="10.726839">
        <ele>114.0</ele>
      </trkpt>
      <trkpt lat="45.534439" lon="10.726854">
        <ele>114.0</ele>
      </trkpt>
      <trkpt lat="45.534535" lon="10.726846">
        <ele>115.0</ele>
      </trkpt>
      <trkpt lat="45.534631" lon="10.726868">
        <ele>115.0</ele>
      </trkpt>
      <trkpt lat="45.534725" lon="10.726853">
        <ele>115.0</ele>
      </trkpt>
      <trkpt lat="45.534825" lon="10.726845">
        <ele>115.0</ele>
      </trkpt>
      <trkpt lat="45.534927" lon="10.726853">
        <ele>115.0</ele>
      </trkpt>
      <trkpt lat="45.535017" lon="10.726876">
        <ele>115.0</ele>
      </trkpt>
      <trkpt lat="45.535121" lon="10.72685">
        <ele>116.0</ele>
      </trkpt>
      <trkpt lat="45.535217" lon="10.726853">
        <ele>116.0</ele>
      </trkpt>
      <trkpt lat="45.535301" lon="10.726898">
        <ele>116.0</ele>
      </trkpt>
      <trkpt lat="45.535395" lon="10.726921">
        <ele>116.0</ele>
      </trkpt>
      <trkpt lat="45.535492" lon="10.726891">
        <ele>116.0</ele>
      </trkpt>
      <trkpt lat="45.535592" lon="10.726904">
        <ele>115.0</ele>
      </trkpt>
      <trkpt lat="45.535691" lon="10.726906">
        <ele>115.0</ele>
      </trkpt>
      <trkpt lat="45.535783" lon="10.726945">
        <ele>115.0</ele>
      </trkpt>
      <trkpt lat="45.535866" lon="10.726997">
        <ele>115.0</ele>
      </trkpt>
      <trkpt lat="45.535956" lon="10.72698">
        <ele>116.0</ele>
      </trkpt>
      <trkpt lat="45.536063" lon="10.726954">
        <ele>116.0</ele>
      </trkpt>
      <trkpt lat="45.536168" lon="10.726925">
        <ele>116.0</ele>
      </trkpt>
      <trkpt lat="45.536263" lon="10.726891">
        <ele>116.0</ele>
      </trkpt>
      <trkpt lat="45.536348" lon="10.72685">
        <ele>116.0</ele>
      </trkpt>
      <trkpt lat="45.536445" lon="10.726815">
        <ele>115.0</ele>
      </trkpt>
      <trkpt lat="45.536535" lon="10.726833">
        <ele>115.0</ele>
      </trkpt>
      <trkpt lat="45.536629" lon="10.726837">
        <ele>115.0</ele>
      </trkpt>
      <trkpt lat="45.536735" lon="10.726846">
        <ele>115.0</ele>
      </trkpt>
      <trkpt lat="45.536825" lon="10.726847">
        <ele>115.0</ele>
      </trkpt>
      <trkpt lat="45.536924" lon="10.726836">
        <ele>114.0</ele>
      </trkpt>
      <trkpt lat="45.537025" lon="10.726804">
        <ele>114.0</ele>
      </trkpt>
      <trkpt lat="45.537126" lon="10.726777">
        <ele>114.0</ele>
      </trkpt>
      <trkpt lat="45.537221" lon="10.726758">
        <ele>114.0</ele>
      </trkpt>
      <trkpt lat="45.537313" lon="10.726726">
        <ele>114.0</ele>
      </trkpt>
      <trkpt lat="45.537407" lon="10.726717">
        <ele>114.0</ele>
      </trkpt>
      <trkpt lat="45.537495" lon="10.72668">
        <ele>114.0</ele>
      </trkpt>
      <trkpt lat="45.53759" lon="10.726616">
        <ele>114.0</ele>
      </trkpt>
      <trkpt lat="45.537669" lon="10.726548">
        <ele>114.0</ele>
      </trkpt>
      <trkpt lat="45.537758" lon="10.72649">
        <ele>115.0</ele>
      </trkpt>
      <trkpt lat="45.537848" lon="10.726462">
        <ele>115.0</ele>
      </trkpt>
      <trkpt lat="45.537937" lon="10.726406">
        <ele>115.0</ele>
      </trkpt>
      <trkpt lat="45.538052" lon="10.726402">
        <ele>114.0</ele>
      </trkpt>
      <trkpt lat="45.538145" lon="10.72638">
        <ele>114.0</ele>
      </trkpt>
      <trkpt lat="45.538242" lon="10.726335">
        <ele>113.0</ele>
      </trkpt>
      <trkpt lat="45.538326" lon="10.726279">
        <ele>112.0</ele>
      </trkpt>
      <trkpt lat="45.538407" lon="10.726201">
        <ele>112.0</ele>
      </trkpt>
      <trkpt lat="45.538497" lon="10.726161">
        <ele>112.0</ele>
      </trkpt>
      <trkpt lat="45.538592" lon="10.726115">
        <ele>112.0</ele>
      </trkpt>
      <trkpt lat="45.538686" lon="10.726092">
        <ele>112.0</ele>
      </trkpt>
      <trkpt lat="45.538785" lon="10.726043">
        <ele>113.0</ele>
      </trkpt>
      <trkpt lat="45.538874" lon="10.72601">
        <ele>113.0</ele>
      </trkpt>
      <trkpt lat="45.538959" lon="10.725951">
        <ele>113.0</ele>
      </trkpt>
      <trkpt lat="45.53907" lon="10.725919">
        <ele>113.0</ele>
      </trkpt>
      <trkpt lat="45.539164" lon="10.725915">
        <ele>112.0</ele>
      </trkpt>
      <trkpt lat="45.539255" lon="10.725892">
        <ele>112.0</ele>
      </trkpt>
      <trkpt lat="45.53935" lon="10.725874">
        <ele>113.0</ele>
      </trkpt>
      <trkpt lat="45.539438" lon="10.725849">
        <ele>113.0</ele>
      </trkpt>
      <trkpt lat="45.53954" lon="10.725813">
        <ele>113.0</ele>
      </trkpt>
      <trkpt lat="45.539627" lon="10.725745">
        <ele>113.0</ele>
      </trkpt>
      <trkpt lat="45.539721" lon="10.725702">
        <ele>113.0</ele>
      </trkpt>
      <trkpt lat="45.539817" lon="10.725681">
        <ele>114.0</ele>
      </trkpt>
      <trkpt lat="45.539903" lon="10.725612">
        <ele>114.0</ele>
      </trkpt>
      <trkpt lat="45.539982" lon="10.725542">
        <ele>115.0</ele>
      </trkpt>
      <trkpt lat="45.540076" lon="10.725524">
        <ele>115.0</ele>
      </trkpt>
      <trkpt lat="45.540167" lon="10.725473">
        <ele>114.0</ele>
      </trkpt>
      <trkpt lat="45.540249" lon="10.725418">
        <ele>115.0</ele>
      </trkpt>
      <trkpt lat="45.540333" lon="10.725372">
        <ele>114.0</ele>
      </trkpt>
      <trkpt lat="45.540423" lon="10.725337">
        <ele>114.0</ele>
      </trkpt>
      <trkpt lat="45.540517" lon="10.725303">
        <ele>114.0</ele>
      </trkpt>
      <trkpt lat="45.540606" lon="10.725237">
        <ele>114.0</ele>
      </trkpt>
      <trkpt lat="45.540699" lon="10.725189">
        <ele>114.0</ele>
      </trkpt>
      <trkpt lat="45.540792" lon="10.725142">
        <ele>115.0</ele>
      </trkpt>
      <trkpt lat="45.540868" lon="10.725074">
        <ele>115.0</ele>
      </trkpt>
      <trkpt lat="45.540968" lon="10.725022">
        <ele>116.0</ele>
      </trkpt>
      <trkpt lat="45.541049" lon="10.724964">
        <ele>116.0</ele>
      </trkpt>
      <trkpt lat="45.541126" lon="10.724897">
        <ele>116.0</ele>
      </trkpt>
      <trkpt lat="45.541202" lon="10.724828">
        <ele>115.0</ele>
      </trkpt>
      <trkpt lat="45.541284" lon="10.724771">
        <ele>115.0</ele>
      </trkpt>
      <trkpt lat="45.541355" lon="10.724687">
        <ele>115.0</ele>
      </trkpt>
      <trkpt lat="45.541433" lon="10.724604">
        <ele>115.0</ele>
      </trkpt>
      <trkpt lat="45.54152" lon="10.724531">
        <ele>115.0</ele>
      </trkpt>
      <trkpt lat="45.541603" lon="10.724463">
        <ele>115.0</ele>
      </trkpt>
      <trkpt lat="45.54169" lon="10.724398">
        <ele>116.0</ele>
      </trkpt>
      <trkpt lat="45.541775" lon="10.724325">
        <ele>116.0</ele>
      </trkpt>
      <trkpt lat="45.541854" lon="10.724245">
        <ele>116.0</ele>
      </trkpt>
      <trkpt lat="45.541938" lon="10.724178">
        <ele>116.0</ele>
      </trkpt>
      <trkpt lat="45.542025" lon="10.724094">
        <ele>116.0</ele>
      </trkpt>
      <trkpt lat="45.542097" lon="10.724006">
        <ele>116.0</ele>
      </trkpt>
      <trkpt lat="45.542184" lon="10.723945">
        <ele>117.0</ele>
      </trkpt>
      <trkpt lat="45.54225" lon="10.723842">
        <ele>116.0</ele>
      </trkpt>
      <trkpt lat="45.542326" lon="10.723764">
        <ele>115.0</ele>
      </trkpt>
      <trkpt lat="45.542381" lon="10.723659">
        <ele>115.0</ele>
      </trkpt>
      <trkpt lat="45.542463" lon="10.723606">
        <ele>114.0</ele>
      </trkpt>
      <trkpt lat="45.542533" lon="10.723491">
        <ele>114.0</ele>
      </trkpt>
      <trkpt lat="45.542601" lon="10.723395">
        <ele>113.0</ele>
      </trkpt>
      <trkpt lat="45.542666" lon="10.723305">
        <ele>113.0</ele>
      </trkpt>
      <trkpt lat="45.542724" lon="10.723193">
        <ele>113.0</ele>
      </trkpt>
      <trkpt lat="45.542785" lon="10.723098">
        <ele>113.0</ele>
      </trkpt>
      <trkpt lat="45.542849" lon="10.723003">
        <ele>113.0</ele>
      </trkpt>
      <trkpt lat="45.542916" lon="10.72291">
        <ele>113.0</ele>
      </trkpt>
      <trkpt lat="45.542972" lon="10.7228">
        <ele>113.0</ele>
      </trkpt>
      <trkpt lat="45.543012" lon="10.722677">
        <ele>113.0</ele>
      </trkpt>
      <trkpt lat="45.543019" lon="10.722533">
        <ele>113.0</ele>
      </trkpt>
      <trkpt lat="45.543052" lon="10.72241">
        <ele>113.0</ele>
      </trkpt>
      <trkpt lat="45.543113" lon="10.722309">
        <ele>113.0</ele>
      </trkpt>
      <trkpt lat="45.543151" lon="10.722185">
        <ele>113.0</ele>
      </trkpt>
      <trkpt lat="45.543204" lon="10.722071">
        <ele>113.0</ele>
      </trkpt>
      <trkpt lat="45.543261" lon="10.721967">
        <ele>113.0</ele>
      </trkpt>
      <trkpt lat="45.543328" lon="10.721856">
        <ele>114.0</ele>
      </trkpt>
      <trkpt lat="45.543379" lon="10.721739">
        <ele>115.0</ele>
      </trkpt>
      <trkpt lat="45.543417" lon="10.721611">
        <ele>116.0</ele>
      </trkpt>
      <trkpt lat="45.543427" lon="10.721474">
        <ele>116.0</ele>
      </trkpt>
      <trkpt lat="45.543441" lon="10.721343">
        <ele>116.0</ele>
      </trkpt>
      <trkpt lat="45.543477" lon="10.721217">
        <ele>115.0</ele>
      </trkpt>
      <trkpt lat="45.543474" lon="10.721082">
        <ele>115.0</ele>
      </trkpt>
      <trkpt lat="45.543471" lon="10.720951">
        <ele>115.0</ele>
      </trkpt>
      <trkpt lat="45.543454" lon="10.720807">
        <ele>114.0</ele>
      </trkpt>
      <trkpt lat="45.543461" lon="10.720651">
        <ele>114.0</ele>
      </trkpt>
      <trkpt lat="45.543471" lon="10.720478">
        <ele>113.0</ele>
      </trkpt>
      <trkpt lat="45.543494" lon="10.720353">
        <ele>113.0</ele>
      </trkpt>
      <trkpt lat="45.543513" lon="10.720209">
        <ele>113.0</ele>
      </trkpt>
      <trkpt lat="45.543498" lon="10.720068">
        <ele>114.0</ele>
      </trkpt>
      <trkpt lat="45.543528" lon="10.719927">
        <ele>114.0</ele>
      </trkpt>
      <trkpt lat="45.543578" lon="10.719804">
        <ele>114.0</ele>
      </trkpt>
      <trkpt lat="45.543689" lon="10.719706">
        <ele>115.0</ele>
      </trkpt>
      <trkpt lat="45.543778" lon="10.719679">
        <ele>115.0</ele>
      </trkpt>
      <trkpt lat="45.543875" lon="10.71965">
        <ele>115.0</ele>
      </trkpt>
      <trkpt lat="45.543966" lon="10.71966">
        <ele>116.0</ele>
      </trkpt>
      <trkpt lat="45.544056" lon="10.71969">
        <ele>116.0</ele>
      </trkpt>
      <trkpt lat="45.544137" lon="10.719749">
        <ele>117.0</ele>
      </trkpt>
      <trkpt lat="45.544222" lon="10.719811">
        <ele>118.0</ele>
      </trkpt>
      <trkpt lat="45.544323" lon="10.719877">
        <ele>119.0</ele>
      </trkpt>
      <trkpt lat="45.544413" lon="10.719854">
        <ele>119.0</ele>
      </trkpt>
      <trkpt lat="45.544529" lon="10.71992">
        <ele>118.0</ele>
      </trkpt>
      <trkpt lat="45.54463" lon="10.719978">
        <ele>118.0</ele>
      </trkpt>
      <trkpt lat="45.544712" lon="10.720038">
        <ele>118.0</ele>
      </trkpt>
      <trkpt lat="45.5448" lon="10.720109">
        <ele>118.0</ele>
      </trkpt>
      <trkpt lat="45.544898" lon="10.720133">
        <ele>118.0</ele>
      </trkpt>
      <trkpt lat="45.544996" lon="10.720143">
        <ele>118.0</ele>
      </trkpt>
      <trkpt lat="45.545088" lon="10.720152">
        <ele>117.0</ele>
      </trkpt>
      <trkpt lat="45.545192" lon="10.720143">
        <ele>117.0</ele>
      </trkpt>
      <trkpt lat="45.545286" lon="10.720141">
        <ele>117.0</ele>
      </trkpt>
      <trkpt lat="45.545379" lon="10.72013">
        <ele>117.0</ele>
      </trkpt>
      <trkpt lat="45.545473" lon="10.720105">
        <ele>117.0</ele>
      </trkpt>
      <trkpt lat="45.545567" lon="10.72007">
        <ele>118.0</ele>
      </trkpt>
      <trkpt lat="45.545662" lon="10.720022">
        <ele>118.0</ele>
      </trkpt>
      <trkpt lat="45.545752" lon="10.719957">
        <ele>118.0</ele>
      </trkpt>
      <trkpt lat="45.545833" lon="10.719879">
        <ele>118.0</ele>
      </trkpt>
      <trkpt lat="45.545914" lon="10.719815">
        <ele>118.0</ele>
      </trkpt>
      <trkpt lat="45.545993" lon="10.719731">
        <ele>118.0</ele>
      </trkpt>
      <trkpt lat="45.546074" lon="10.719652">
        <ele>118.0</ele>
      </trkpt>
      <trkpt lat="45.546165" lon="10.719576">
        <ele>118.0</ele>
      </trkpt>
      <trkpt lat="45.54625" lon="10.719503">
        <ele>118.0</ele>
      </trkpt>
      <trkpt lat="45.546343" lon="10.719469">
        <ele>118.0</ele>
      </trkpt>
      <trkpt lat="45.546429" lon="10.719405">
        <ele>118.0</ele>
      </trkpt>
      <trkpt lat="45.546522" lon="10.719332">
        <ele>118.0</ele>
      </trkpt>
      <trkpt lat="45.546609" lon="10.719265">
        <ele>119.0</ele>
      </trkpt>
      <trkpt lat="45.546684" lon="10.719184">
        <ele>117.0</ele>
      </trkpt>
      <trkpt lat="45.546771" lon="10.719116">
        <ele>117.0</ele>
      </trkpt>
      <trkpt lat="45.546853" lon="10.71906">
        <ele>116.0</ele>
      </trkpt>
      <trkpt lat="45.546945" lon="10.719009">
        <ele>115.0</ele>
      </trkpt>
      <trkpt lat="45.547032" lon="10.718942">
        <ele>114.0</ele>
      </trkpt>
      <trkpt lat="45.547114" lon="10.718879">
        <ele>113.0</ele>
      </trkpt>
      <trkpt lat="45.54719" lon="10.718808">
        <ele>113.0</ele>
      </trkpt>
      <trkpt lat="45.547274" lon="10.718738">
        <ele>112.0</ele>
      </trkpt>
      <trkpt lat="45.547362" lon="10.718682">
        <ele>112.0</ele>
      </trkpt>
      <trkpt lat="45.547444" lon="10.718632">
        <ele>112.0</ele>
      </trkpt>
      <trkpt lat="45.54753" lon="10.718582">
        <ele>112.0</ele>
      </trkpt>
      <trkpt lat="45.547613" lon="10.718511">
        <ele>111.0</ele>
      </trkpt>
      <trkpt lat="45.547689" lon="10.718441">
        <ele>111.0</ele>
      </trkpt>
      <trkpt lat="45.547785" lon="10.7184">
        <ele>111.0</ele>
      </trkpt>
      <trkpt lat="45.547869" lon="10.718325">
        <ele>111.0</ele>
      </trkpt>
      <trkpt lat="45.547948" lon="10.718236">
        <ele>111.0</ele>
      </trkpt>
      <trkpt lat="45.548053" lon="10.718178">
        <ele>111.0</ele>
      </trkpt>
      <trkpt lat="45.54813" lon="10.718105">
        <ele>110.0</ele>
      </trkpt>
      <trkpt lat="45.548208" lon="10.718036">
        <ele>110.0</ele>
      </trkpt>
      <trkpt lat="45.548305" lon="10.717986">
        <ele>110.0</ele>
      </trkpt>
      <trkpt lat="45.548384" lon="10.717914">
        <ele>110.0</ele>
      </trkpt>
      <trkpt lat="45.548465" lon="10.71784">
        <ele>110.0</ele>
      </trkpt>
      <trkpt lat="45.548543" lon="10.717763">
        <ele>110.0</ele>
      </trkpt>
      <trkpt lat="45.548629" lon="10.717699">
        <ele>110.0</ele>
      </trkpt>
      <trkpt lat="45.548719" lon="10.71766">
        <ele>109.0</ele>
      </trkpt>
      <trkpt lat="45.548812" lon="10.717692">
        <ele>109.0</ele>
      </trkpt>
      <trkpt lat="45.548892" lon="10.717624">
        <ele>109.0</ele>
      </trkpt>
      <trkpt lat="45.548967" lon="10.717543">
        <ele>109.0</ele>
      </trkpt>
      <trkpt lat="45.549036" lon="10.717438">
        <ele>108.0</ele>
      </trkpt>
      <trkpt lat="45.549096" lon="10.717318">
        <ele>108.0</ele>
      </trkpt>
      <trkpt lat="45.549136" lon="10.717195">
        <ele>107.0</ele>
      </trkpt>
      <trkpt lat="45.549188" lon="10.717064">
        <ele>108.0</ele>
      </trkpt>
      <trkpt lat="45.549238" lon="10.71694">
        <ele>108.0</ele>
      </trkpt>
      <trkpt lat="45.5493" lon="10.716834">
        <ele>108.0</ele>
      </trkpt>
      <trkpt lat="45.549325" lon="10.71671">
        <ele>109.0</ele>
      </trkpt>
      <trkpt lat="45.549351" lon="10.716574">
        <ele>110.0</ele>
      </trkpt>
      <trkpt lat="45.549361" lon="10.716447">
        <ele>110.0</ele>
      </trkpt>
      <trkpt lat="45.54936" lon="10.716283">
        <ele>111.0</ele>
      </trkpt>
      <trkpt lat="45.549372" lon="10.716154">
        <ele>111.0</ele>
      </trkpt>
      <trkpt lat="45.549372" lon="10.716024">
        <ele>111.0</ele>
      </trkpt>
      <trkpt lat="45.549348" lon="10.715892">
        <ele>111.0</ele>
      </trkpt>
      <trkpt lat="45.54935" lon="10.715742">
        <ele>111.0</ele>
      </trkpt>
      <trkpt lat="45.549333" lon="10.715601">
        <ele>112.0</ele>
      </trkpt>
      <trkpt lat="45.549376" lon="10.715469">
        <ele>112.0</ele>
      </trkpt>
      <trkpt lat="45.549391" lon="10.715341">
        <ele>113.0</ele>
      </trkpt>
      <trkpt lat="45.549407" lon="10.715205">
        <ele>113.0</ele>
      </trkpt>
      <trkpt lat="45.549514" lon="10.715152">
        <ele>113.0</ele>
      </trkpt>
      <trkpt lat="45.549564" lon="10.715046">
        <ele>112.0</ele>
      </trkpt>
      <trkpt lat="45.549628" lon="10.715152">
        <ele>110.0</ele>
      </trkpt>
      <trkpt lat="45.54965" lon="10.715297">
        <ele>111.0</ele>
      </trkpt>
      <trkpt lat="45.549654" lon="10.715425">
        <ele>110.0</ele>
      </trkpt>
      <trkpt lat="45.549685" lon="10.715554">
        <ele>110.0</ele>
      </trkpt>
      <trkpt lat="45.549728" lon="10.715672">
        <ele>110.0</ele>
      </trkpt>
      <trkpt lat="45.549772" lon="10.715795">
        <ele>111.0</ele>
      </trkpt>
      <trkpt lat="45.549837" lon="10.715886">
        <ele>110.0</ele>
      </trkpt>
      <trkpt lat="45.549909" lon="10.715966">
        <ele>110.0</ele>
      </trkpt>
      <trkpt lat="45.549979" lon="10.716089">
        <ele>110.0</ele>
      </trkpt>
      <trkpt lat="45.550062" lon="10.716141">
        <ele>111.0</ele>
      </trkpt>
      <trkpt lat="45.550132" lon="10.71624">
        <ele>111.0</ele>
      </trkpt>
      <trkpt lat="45.550179" lon="10.71636">
        <ele>111.0</ele>
      </trkpt>
      <trkpt lat="45.550238" lon="10.716478">
        <ele>111.0</ele>
      </trkpt>
      <trkpt lat="45.550289" lon="10.716586">
        <ele>111.0</ele>
      </trkpt>
      <trkpt lat="45.550336" lon="10.716713">
        <ele>112.0</ele>
      </trkpt>
      <trkpt lat="45.55038" lon="10.716847">
        <ele>113.0</ele>
      </trkpt>
      <trkpt lat="45.550442" lon="10.716944">
        <ele>113.0</ele>
      </trkpt>
      <trkpt lat="45.550515" lon="10.717036">
        <ele>114.0</ele>
      </trkpt>
      <trkpt lat="45.550575" lon="10.717142">
        <ele>114.0</ele>
      </trkpt>
      <trkpt lat="45.550613" lon="10.71728">
        <ele>115.0</ele>
      </trkpt>
      <trkpt lat="45.550668" lon="10.717396">
        <ele>116.0</ele>
      </trkpt>
      <trkpt lat="45.550734" lon="10.717495">
        <ele>115.0</ele>
      </trkpt>
      <trkpt lat="45.550767" lon="10.71763">
        <ele>115.0</ele>
      </trkpt>
      <trkpt lat="45.550841" lon="10.717726">
        <ele>115.0</ele>
      </trkpt>
      <trkpt lat="45.55094" lon="10.717765">
        <ele>114.0</ele>
      </trkpt>
      <trkpt lat="45.551033" lon="10.717773">
        <ele>114.0</ele>
      </trkpt>
      <trkpt lat="45.551121" lon="10.717811">
        <ele>113.0</ele>
      </trkpt>
      <trkpt lat="45.551213" lon="10.717836">
        <ele>113.0</ele>
      </trkpt>
      <trkpt lat="45.551307" lon="10.717862">
        <ele>112.0</ele>
      </trkpt>
      <trkpt lat="45.551391" lon="10.717919">
        <ele>111.0</ele>
      </trkpt>
      <trkpt lat="45.551489" lon="10.717927">
        <ele>111.0</ele>
      </trkpt>
      <trkpt lat="45.551585" lon="10.717967">
        <ele>112.0</ele>
      </trkpt>
      <trkpt lat="45.551667" lon="10.718032">
        <ele>112.0</ele>
      </trkpt>
      <trkpt lat="45.551767" lon="10.718054">
        <ele>112.0</ele>
      </trkpt>
      <trkpt lat="45.551873" lon="10.718107">
        <ele>111.0</ele>
      </trkpt>
      <trkpt lat="45.551916" lon="10.718229">
        <ele>111.0</ele>
      </trkpt>
      <trkpt lat="45.551946" lon="10.718362">
        <ele>111.0</ele>
      </trkpt>
      <trkpt lat="45.551952" lon="10.718494">
        <ele>110.0</ele>
      </trkpt>
      <trkpt lat="45.551968" lon="10.718625">
        <ele>111.0</ele>
      </trkpt>
      <trkpt lat="45.551989" lon="10.718761">
        <ele>111.0</ele>
      </trkpt>
      <trkpt lat="45.552023" lon="10.718883">
        <ele>111.0</ele>
      </trkpt>
      <trkpt lat="45.55207" lon="10.719005">
        <ele>111.0</ele>
      </trkpt>
      <trkpt lat="45.55215" lon="10.718941">
        <ele>112.0</ele>
      </trkpt>
      <trkpt lat="45.552255" lon="10.718869">
        <ele>113.0</ele>
      </trkpt>
      <trkpt lat="45.552332" lon="10.718786">
        <ele>115.0</ele>
      </trkpt>
      <trkpt lat="45.552396" lon="10.718692">
        <ele>116.0</ele>
      </trkpt>
      <trkpt lat="45.552481" lon="10.718634">
        <ele>116.0</ele>
      </trkpt>
      <trkpt lat="45.552601" lon="10.718595">
        <ele>115.0</ele>
      </trkpt>
      <trkpt lat="45.552737" lon="10.718567">
        <ele>115.0</ele>
      </trkpt>
      <trkpt lat="45.552823" lon="10.718529">
        <ele>115.0</ele>
      </trkpt>
      <trkpt lat="45.552923" lon="10.718493">
        <ele>115.0</ele>
      </trkpt>
      <trkpt lat="45.55301" lon="10.718439">
        <ele>116.0</ele>
      </trkpt>
      <trkpt lat="45.553095" lon="10.718386">
        <ele>116.0</ele>
      </trkpt>
      <trkpt lat="45.553185" lon="10.71835">
        <ele>116.0</ele>
      </trkpt>
      <trkpt lat="45.553295" lon="10.718328">
        <ele>116.0</ele>
      </trkpt>
      <trkpt lat="45.553384" lon="10.718287">
        <ele>117.0</ele>
      </trkpt>
      <trkpt lat="45.553478" lon="10.718247">
        <ele>117.0</ele>
      </trkpt>
      <trkpt lat="45.553576" lon="10.718223">
        <ele>118.0</ele>
      </trkpt>
      <trkpt lat="45.553701" lon="10.718144">
        <ele>118.0</ele>
      </trkpt>
      <trkpt lat="45.553787" lon="10.718086">
        <ele>118.0</ele>
      </trkpt>
      <trkpt lat="45.553905" lon="10.718031">
        <ele>118.0</ele>
      </trkpt>
      <trkpt lat="45.553999" lon="10.718">
        <ele>119.0</ele>
      </trkpt>
      <trkpt lat="45.554118" lon="10.71795">
        <ele>119.0</ele>
      </trkpt>
      <trkpt lat="45.554209" lon="10.7179">
        <ele>120.0</ele>
      </trkpt>
      <trkpt lat="45.55429" lon="10.717828">
        <ele>120.0</ele>
      </trkpt>
      <trkpt lat="45.55438" lon="10.717777">
        <ele>120.0</ele>
      </trkpt>
      <trkpt lat="45.554462" lon="10.717707">
        <ele>119.0</ele>
      </trkpt>
      <trkpt lat="45.55458" lon="10.717662">
        <ele>119.0</ele>
      </trkpt>
      <trkpt lat="45.554671" lon="10.717652">
        <ele>120.0</ele>
      </trkpt>
      <trkpt lat="45.554766" lon="10.717605">
        <ele>119.0</ele>
      </trkpt>
      <trkpt lat="45.55487" lon="10.71756">
        <ele>119.0</ele>
      </trkpt>
      <trkpt lat="45.554962" lon="10.7175">
        <ele>118.0</ele>
      </trkpt>
      <trkpt lat="45.555043" lon="10.717432">
        <ele>118.0</ele>
      </trkpt>
      <trkpt lat="45.555127" lon="10.71737">
        <ele>117.0</ele>
      </trkpt>
      <trkpt lat="45.555215" lon="10.7173">
        <ele>116.0</ele>
      </trkpt>
      <trkpt lat="45.555301" lon="10.717243">
        <ele>116.0</ele>
      </trkpt>
      <trkpt lat="45.555391" lon="10.717209">
        <ele>115.0</ele>
      </trkpt>
      <trkpt lat="45.555475" lon="10.717142">
        <ele>115.0</ele>
      </trkpt>
      <trkpt lat="45.555562" lon="10.717102">
        <ele>114.0</ele>
      </trkpt>
      <trkpt lat="45.555655" lon="10.717069">
        <ele>114.0</ele>
      </trkpt>
      <trkpt lat="45.55574" lon="10.717024">
        <ele>113.0</ele>
      </trkpt>
      <trkpt lat="45.555838" lon="10.716974">
        <ele>113.0</ele>
      </trkpt>
      <trkpt lat="45.555938" lon="10.716945">
        <ele>113.0</ele>
      </trkpt>
      <trkpt lat="45.556006" lon="10.716855">
        <ele>113.0</ele>
      </trkpt>
      <trkpt lat="45.55609" lon="10.716804">
        <ele>113.0</ele>
      </trkpt>
      <trkpt lat="45.556185" lon="10.716784">
        <ele>113.0</ele>
      </trkpt>
      <trkpt lat="45.556274" lon="10.716757">
        <ele>113.0</ele>
      </trkpt>
      <trkpt lat="45.556355" lon="10.7167">
        <ele>112.0</ele>
      </trkpt>
      <trkpt lat="45.556437" lon="10.71662">
        <ele>112.0</ele>
      </trkpt>
      <trkpt lat="45.556522" lon="10.716575">
        <ele>112.0</ele>
      </trkpt>
      <trkpt lat="45.55662" lon="10.716584">
        <ele>112.0</ele>
      </trkpt>
      <trkpt lat="45.556707" lon="10.716535">
        <ele>113.0</ele>
      </trkpt>
      <trkpt lat="45.556791" lon="10.716474">
        <ele>113.0</ele>
      </trkpt>
      <trkpt lat="45.556877" lon="10.716389">
        <ele>113.0</ele>
      </trkpt>
      <trkpt lat="45.556967" lon="10.716339">
        <ele>112.0</ele>
      </trkpt>
      <trkpt lat="45.557051" lon="10.716267">
        <ele>112.0</ele>
      </trkpt>
      <trkpt lat="45.557147" lon="10.716215">
        <ele>111.0</ele>
      </trkpt>
      <trkpt lat="45.557237" lon="10.716189">
        <ele>110.0</ele>
      </trkpt>
      <trkpt lat="45.557324" lon="10.716141">
        <ele>109.0</ele>
      </trkpt>
      <trkpt lat="45.557409" lon="10.71609">
        <ele>108.0</ele>
      </trkpt>
      <trkpt lat="45.5575" lon="10.716036">
        <ele>107.0</ele>
      </trkpt>
      <trkpt lat="45.557585" lon="10.715968">
        <ele>106.0</ele>
      </trkpt>
      <trkpt lat="45.557664" lon="10.715884">
        <ele>105.0</ele>
      </trkpt>
      <trkpt lat="45.557749" lon="10.715833">
        <ele>104.0</ele>
      </trkpt>
      <trkpt lat="45.557836" lon="10.715771">
        <ele>104.0</ele>
      </trkpt>
      <trkpt lat="45.557938" lon="10.715746">
        <ele>104.0</ele>
      </trkpt>
      <trkpt lat="45.558028" lon="10.715702">
        <ele>104.0</ele>
      </trkpt>
      <trkpt lat="45.558109" lon="10.715636">
        <ele>105.0</ele>
      </trkpt>
      <trkpt lat="45.5582" lon="10.715613">
        <ele>105.0</ele>
      </trkpt>
      <trkpt lat="45.5583" lon="10.715597">
        <ele>106.0</ele>
      </trkpt>
      <trkpt lat="45.558394" lon="10.715559">
        <ele>107.0</ele>
      </trkpt>
      <trkpt lat="45.558482" lon="10.715492">
        <ele>108.0</ele>
      </trkpt>
      <trkpt lat="45.558576" lon="10.715444">
        <ele>109.0</ele>
      </trkpt>
      <trkpt lat="45.558678" lon="10.715424">
        <ele>110.0</ele>
      </trkpt>
      <trkpt lat="45.558774" lon="10.715379">
        <ele>110.0</ele>
      </trkpt>
      <trkpt lat="45.558871" lon="10.715342">
        <ele>111.0</ele>
      </trkpt>
      <trkpt lat="45.558963" lon="10.715283">
        <ele>112.0</ele>
      </trkpt>
      <trkpt lat="45.559056" lon="10.715234">
        <ele>112.0</ele>
      </trkpt>
      <trkpt lat="45.559143" lon="10.715155">
        <ele>112.0</ele>
      </trkpt>
      <trkpt lat="45.559229" lon="10.715096">
        <ele>113.0</ele>
      </trkpt>
      <trkpt lat="45.559317" lon="10.715063">
        <ele>113.0</ele>
      </trkpt>
      <trkpt lat="45.559411" lon="10.71503">
        <ele>113.0</ele>
      </trkpt>
      <trkpt lat="45.559513" lon="10.714986">
        <ele>112.0</ele>
      </trkpt>
      <trkpt lat="45.559595" lon="10.714908">
        <ele>112.0</ele>
      </trkpt>
      <trkpt lat="45.559685" lon="10.714841">
        <ele>112.0</ele>
      </trkpt>
      <trkpt lat="45.559775" lon="10.714787">
        <ele>113.0</ele>
      </trkpt>
      <trkpt lat="45.55987" lon="10.714751">
        <ele>113.0</ele>
      </trkpt>
      <trkpt lat="45.559958" lon="10.714688">
        <ele>113.0</ele>
      </trkpt>
      <trkpt lat="45.560053" lon="10.714646">
        <ele>114.0</ele>
      </trkpt>
      <trkpt lat="45.560148" lon="10.71461">
        <ele>114.0</ele>
      </trkpt>
      <trkpt lat="45.560206" lon="10.714494">
        <ele>114.0</ele>
      </trkpt>
      <trkpt lat="45.560278" lon="10.714449">
        <ele>114.0</ele>
      </trkpt>
      <trkpt lat="45.560374" lon="10.71444">
        <ele>113.0</ele>
      </trkpt>
      <trkpt lat="45.560462" lon="10.714402">
        <ele>113.0</ele>
      </trkpt>
      <trkpt lat="45.560562" lon="10.714353">
        <ele>113.0</ele>
      </trkpt>
      <trkpt lat="45.560652" lon="10.714301">
        <ele>113.0</ele>
      </trkpt>
      <trkpt lat="45.560751" lon="10.714227">
        <ele>112.0</ele>
      </trkpt>
      <trkpt lat="45.560836" lon="10.714162">
        <ele>112.0</ele>
      </trkpt>
      <trkpt lat="45.560921" lon="10.714106">
        <ele>112.0</ele>
      </trkpt>
      <trkpt lat="45.560999" lon="10.71404">
        <ele>113.0</ele>
      </trkpt>
      <trkpt lat="45.561088" lon="10.71401">
        <ele>113.0</ele>
      </trkpt>
      <trkpt lat="45.561177" lon="10.713947">
        <ele>113.0</ele>
      </trkpt>
      <trkpt lat="45.561261" lon="10.713874">
        <ele>113.0</ele>
      </trkpt>
      <trkpt lat="45.561351" lon="10.71382">
        <ele>113.0</ele>
      </trkpt>
      <trkpt lat="45.561459" lon="10.713781">
        <ele>114.0</ele>
      </trkpt>
      <trkpt lat="45.561545" lon="10.7137">
        <ele>114.0</ele>
      </trkpt>
      <trkpt lat="45.56161" lon="10.713612">
        <ele>115.0</ele>
      </trkpt>
      <trkpt lat="45.561697" lon="10.713541">
        <ele>117.0</ele>
      </trkpt>
      <trkpt lat="45.561784" lon="10.713483">
        <ele>119.0</ele>
      </trkpt>
      <trkpt lat="45.561856" lon="10.713403">
        <ele>121.0</ele>
      </trkpt>
      <trkpt lat="45.561945" lon="10.71334">
        <ele>121.0</ele>
      </trkpt>
      <trkpt lat="45.562037" lon="10.713322">
        <ele>121.0</ele>
      </trkpt>
      <trkpt lat="45.562134" lon="10.713298">
        <ele>121.0</ele>
      </trkpt>
      <trkpt lat="45.562222" lon="10.713262">
        <ele>122.0</ele>
      </trkpt>
      <trkpt lat="45.562309" lon="10.713225">
        <ele>122.0</ele>
      </trkpt>
      <trkpt lat="45.562381" lon="10.713131">
        <ele>122.0</ele>
      </trkpt>
      <trkpt lat="45.562467" lon="10.713073">
        <ele>122.0</ele>
      </trkpt>
      <trkpt lat="45.562535" lon="10.712966">
        <ele>122.0</ele>
      </trkpt>
      <trkpt lat="45.562639" lon="10.712908">
        <ele>122.0</ele>
      </trkpt>
      <trkpt lat="45.56273" lon="10.712851">
        <ele>122.0</ele>
      </trkpt>
      <trkpt lat="45.562809" lon="10.712781">
        <ele>122.0</ele>
      </trkpt>
      <trkpt lat="45.562876" lon="10.712684">
        <ele>123.0</ele>
      </trkpt>
      <trkpt lat="45.562959" lon="10.712611">
        <ele>123.0</ele>
      </trkpt>
      <trkpt lat="45.563048" lon="10.712573">
        <ele>123.0</ele>
      </trkpt>
      <trkpt lat="45.563132" lon="10.712497">
        <ele>122.0</ele>
      </trkpt>
      <trkpt lat="45.563199" lon="10.712389">
        <ele>122.0</ele>
      </trkpt>
      <trkpt lat="45.563284" lon="10.712283">
        <ele>122.0</ele>
      </trkpt>
      <trkpt lat="45.563396" lon="10.71223">
        <ele>122.0</ele>
      </trkpt>
      <trkpt lat="45.563482" lon="10.712169">
        <ele>122.0</ele>
      </trkpt>
      <trkpt lat="45.563571" lon="10.712044">
        <ele>123.0</ele>
      </trkpt>
      <trkpt lat="45.56364" lon="10.711955">
        <ele>123.0</ele>
      </trkpt>
      <trkpt lat="45.563714" lon="10.711883">
        <ele>122.0</ele>
      </trkpt>
      <trkpt lat="45.563779" lon="10.711777">
        <ele>121.0</ele>
      </trkpt>
      <trkpt lat="45.563848" lon="10.711675">
        <ele>120.0</ele>
      </trkpt>
      <trkpt lat="45.563905" lon="10.711574">
        <ele>120.0</ele>
      </trkpt>
      <trkpt lat="45.563986" lon="10.7115">
        <ele>119.0</ele>
      </trkpt>
      <trkpt lat="45.564068" lon="10.711432">
        <ele>119.0</ele>
      </trkpt>
      <trkpt lat="45.564162" lon="10.711362">
        <ele>119.0</ele>
      </trkpt>
      <trkpt lat="45.564252" lon="10.711295">
        <ele>119.0</ele>
      </trkpt>
      <trkpt lat="45.564317" lon="10.711199">
        <ele>118.0</ele>
      </trkpt>
      <trkpt lat="45.564385" lon="10.711111">
        <ele>117.0</ele>
      </trkpt>
      <trkpt lat="45.564465" lon="10.711043">
        <ele>116.0</ele>
      </trkpt>
      <trkpt lat="45.564539" lon="10.710957">
        <ele>116.0</ele>
      </trkpt>
      <trkpt lat="45.56464" lon="10.710854">
        <ele>117.0</ele>
      </trkpt>
      <trkpt lat="45.564735" lon="10.710787">
        <ele>117.0</ele>
      </trkpt>
      <trkpt lat="45.564814" lon="10.710704">
        <ele>117.0</ele>
      </trkpt>
      <trkpt lat="45.564902" lon="10.71062">
        <ele>118.0</ele>
      </trkpt>
      <trkpt lat="45.564993" lon="10.710575">
        <ele>118.0</ele>
      </trkpt>
      <trkpt lat="45.565085" lon="10.71051">
        <ele>118.0</ele>
      </trkpt>
      <trkpt lat="45.565205" lon="10.710469">
        <ele>117.0</ele>
      </trkpt>
      <trkpt lat="45.565287" lon="10.710409">
        <ele>117.0</ele>
      </trkpt>
      <trkpt lat="45.56537" lon="10.710353">
        <ele>117.0</ele>
      </trkpt>
      <trkpt lat="45.565473" lon="10.710296">
        <ele>117.0</ele>
      </trkpt>
      <trkpt lat="45.565575" lon="10.710251">
        <ele>117.0</ele>
      </trkpt>
      <trkpt lat="45.565665" lon="10.710262">
        <ele>117.0</ele>
      </trkpt>
      <trkpt lat="45.565754" lon="10.710237">
        <ele>117.0</ele>
      </trkpt>
      <trkpt lat="45.565849" lon="10.710242">
        <ele>117.0</ele>
      </trkpt>
      <trkpt lat="45.565941" lon="10.710209">
        <ele>117.0</ele>
      </trkpt>
      <trkpt lat="45.566049" lon="10.710139">
        <ele>118.0</ele>
      </trkpt>
      <trkpt lat="45.566151" lon="10.710073">
        <ele>119.0</ele>
      </trkpt>
      <trkpt lat="45.566249" lon="10.71009">
        <ele>120.0</ele>
      </trkpt>
      <trkpt lat="45.566333" lon="10.710038">
        <ele>121.0</ele>
      </trkpt>
      <trkpt lat="45.56645" lon="10.709955">
        <ele>121.0</ele>
      </trkpt>
      <trkpt lat="45.566537" lon="10.709857">
        <ele>122.0</ele>
      </trkpt>
      <trkpt lat="45.566603" lon="10.709752">
        <ele>122.0</ele>
      </trkpt>
      <trkpt lat="45.566699" lon="10.709722">
        <ele>122.0</ele>
      </trkpt>
      <trkpt lat="45.566787" lon="10.709665">
        <ele>122.0</ele>
      </trkpt>
      <trkpt lat="45.56687" lon="10.70961">
        <ele>123.0</ele>
      </trkpt>
      <trkpt lat="45.566955" lon="10.709548">
        <ele>123.0</ele>
      </trkpt>
      <trkpt lat="45.567044" lon="10.709486">
        <ele>122.0</ele>
      </trkpt>
      <trkpt lat="45.567122" lon="10.709405">
        <ele>122.0</ele>
      </trkpt>
      <trkpt lat="45.567204" lon="10.709334">
        <ele>122.0</ele>
      </trkpt>
      <trkpt lat="45.567295" lon="10.70927">
        <ele>121.0</ele>
      </trkpt>
      <trkpt lat="45.567382" lon="10.709224">
        <ele>121.0</ele>
      </trkpt>
      <trkpt lat="45.567463" lon="10.709135">
        <ele>121.0</ele>
      </trkpt>
      <trkpt lat="45.56755" lon="10.70908">
        <ele>120.0</ele>
      </trkpt>
      <trkpt lat="45.567645" lon="10.709038">
        <ele>120.0</ele>
      </trkpt>
      <trkpt lat="45.567732" lon="10.709001">
        <ele>120.0</ele>
      </trkpt>
      <trkpt lat="45.567831" lon="10.70897">
        <ele>119.0</ele>
      </trkpt>
      <trkpt lat="45.567924" lon="10.708909">
        <ele>120.0</ele>
      </trkpt>
      <trkpt lat="45.568015" lon="10.708855">
        <ele>120.0</ele>
      </trkpt>
      <trkpt lat="45.568105" lon="10.708782">
        <ele>120.0</ele>
      </trkpt>
      <trkpt lat="45.568196" lon="10.708739">
        <ele>120.0</ele>
      </trkpt>
      <trkpt lat="45.568287" lon="10.708693">
        <ele>120.0</ele>
      </trkpt>
      <trkpt lat="45.568373" lon="10.708637">
        <ele>119.0</ele>
      </trkpt>
      <trkpt lat="45.568469" lon="10.708642">
        <ele>118.0</ele>
      </trkpt>
      <trkpt lat="45.568569" lon="10.708595">
        <ele>118.0</ele>
      </trkpt>
      <trkpt lat="45.568718" lon="10.708544">
        <ele>118.0</ele>
      </trkpt>
      <trkpt lat="45.568816" lon="10.708527">
        <ele>120.0</ele>
      </trkpt>
      <trkpt lat="45.568914" lon="10.70852">
        <ele>121.0</ele>
      </trkpt>
      <trkpt lat="45.569009" lon="10.708513">
        <ele>121.0</ele>
      </trkpt>
      <trkpt lat="45.569103" lon="10.708487">
        <ele>120.0</ele>
      </trkpt>
      <trkpt lat="45.569206" lon="10.708483">
        <ele>119.0</ele>
      </trkpt>
      <trkpt lat="45.569298" lon="10.708527">
        <ele>119.0</ele>
      </trkpt>
      <trkpt lat="45.569384" lon="10.708592">
        <ele>119.0</ele>
      </trkpt>
      <trkpt lat="45.569478" lon="10.708627">
        <ele>119.0</ele>
      </trkpt>
      <trkpt lat="45.56957" lon="10.708676">
        <ele>119.0</ele>
      </trkpt>
      <trkpt lat="45.56966" lon="10.708721">
        <ele>119.0</ele>
      </trkpt>
      <trkpt lat="45.569756" lon="10.708756">
        <ele>118.0</ele>
      </trkpt>
      <trkpt lat="45.569857" lon="10.708805">
        <ele>118.0</ele>
      </trkpt>
      <trkpt lat="45.569962" lon="10.708835">
        <ele>117.0</ele>
      </trkpt>
      <trkpt lat="45.570056" lon="10.708896">
        <ele>117.0</ele>
      </trkpt>
      <trkpt lat="45.570146" lon="10.708942">
        <ele>118.0</ele>
      </trkpt>
      <trkpt lat="45.570249" lon="10.708972">
        <ele>118.0</ele>
      </trkpt>
      <trkpt lat="45.570337" lon="10.709005">
        <ele>118.0</ele>
      </trkpt>
      <trkpt lat="45.570442" lon="10.709034">
        <ele>117.0</ele>
      </trkpt>
      <trkpt lat="45.570539" lon="10.709095">
        <ele>117.0</ele>
      </trkpt>
      <trkpt lat="45.570624" lon="10.709149">
        <ele>117.0</ele>
      </trkpt>
      <trkpt lat="45.570713" lon="10.70918">
        <ele>117.0</ele>
      </trkpt>
      <trkpt lat="45.570828" lon="10.709245">
        <ele>116.0</ele>
      </trkpt>
      <trkpt lat="45.570925" lon="10.70929">
        <ele>116.0</ele>
      </trkpt>
      <trkpt lat="45.571019" lon="10.709334">
        <ele>116.0</ele>
      </trkpt>
      <trkpt lat="45.571117" lon="10.709368">
        <ele>117.0</ele>
      </trkpt>
      <trkpt lat="45.571202" lon="10.709419">
        <ele>117.0</ele>
      </trkpt>
      <trkpt lat="45.571304" lon="10.709462">
        <ele>117.0</ele>
      </trkpt>
      <trkpt lat="45.571394" lon="10.709494">
        <ele>117.0</ele>
      </trkpt>
      <trkpt lat="45.571491" lon="10.709486">
        <ele>116.0</ele>
      </trkpt>
      <trkpt lat="45.571583" lon="10.70954">
        <ele>116.0</ele>
      </trkpt>
      <trkpt lat="45.57168" lon="10.709569">
        <ele>116.0</ele>
      </trkpt>
      <trkpt lat="45.571792" lon="10.709599">
        <ele>117.0</ele>
      </trkpt>
      <trkpt lat="45.571885" lon="10.709571">
        <ele>117.0</ele>
      </trkpt>
      <trkpt lat="45.571952" lon="10.709468">
        <ele>116.0</ele>
      </trkpt>
      <trkpt lat="45.572054" lon="10.70944">
        <ele>116.0</ele>
      </trkpt>
      <trkpt lat="45.572148" lon="10.709417">
        <ele>118.0</ele>
      </trkpt>
      <trkpt lat="45.572266" lon="10.709363">
        <ele>119.0</ele>
      </trkpt>
      <trkpt lat="45.572352" lon="10.709308">
        <ele>117.0</ele>
      </trkpt>
      <trkpt lat="45.572448" lon="10.709229">
        <ele>116.0</ele>
      </trkpt>
      <trkpt lat="45.572542" lon="10.709169">
        <ele>115.0</ele>
      </trkpt>
      <trkpt lat="45.572621" lon="10.709083">
        <ele>115.0</ele>
      </trkpt>
      <trkpt lat="45.57271" lon="10.709037">
        <ele>116.0</ele>
      </trkpt>
      <trkpt lat="45.572823" lon="10.708985">
        <ele>116.0</ele>
      </trkpt>
      <trkpt lat="45.572902" lon="10.708888">
        <ele>116.0</ele>
      </trkpt>
      <trkpt lat="45.572978" lon="10.7088">
        <ele>116.0</ele>
      </trkpt>
      <trkpt lat="45.573042" lon="10.708709">
        <ele>117.0</ele>
      </trkpt>
      <trkpt lat="45.573098" lon="10.708607">
        <ele>116.0</ele>
      </trkpt>
      <trkpt lat="45.573157" lon="10.708503">
        <ele>116.0</ele>
      </trkpt>
      <trkpt lat="45.573216" lon="10.708385">
        <ele>115.0</ele>
      </trkpt>
      <trkpt lat="45.573214" lon="10.708255">
        <ele>114.0</ele>
      </trkpt>
      <trkpt lat="45.573268" lon="10.708138">
        <ele>114.0</ele>
      </trkpt>
      <trkpt lat="45.573324" lon="10.708034">
        <ele>113.0</ele>
      </trkpt>
      <trkpt lat="45.573312" lon="10.70786">
        <ele>113.0</ele>
      </trkpt>
      <trkpt lat="45.573319" lon="10.707721">
        <ele>114.0</ele>
      </trkpt>
      <trkpt lat="45.573298" lon="10.707592">
        <ele>114.0</ele>
      </trkpt>
      <trkpt lat="45.573316" lon="10.707458">
        <ele>113.0</ele>
      </trkpt>
      <trkpt lat="45.573378" lon="10.707352">
        <ele>113.0</ele>
      </trkpt>
      <trkpt lat="45.573474" lon="10.70732">
        <ele>114.0</ele>
      </trkpt>
      <trkpt lat="45.573588" lon="10.707308">
        <ele>115.0</ele>
      </trkpt>
      <trkpt lat="45.573725" lon="10.707248">
        <ele>115.0</ele>
      </trkpt>
      <trkpt lat="45.573834" lon="10.70716">
        <ele>114.0</ele>
      </trkpt>
      <trkpt lat="45.573948" lon="10.707103">
        <ele>112.0</ele>
      </trkpt>
      <trkpt lat="45.574037" lon="10.707066">
        <ele>111.0</ele>
      </trkpt>
      <trkpt lat="45.574129" lon="10.70707">
        <ele>111.0</ele>
      </trkpt>
      <trkpt lat="45.574215" lon="10.707139">
        <ele>111.0</ele>
      </trkpt>
      <trkpt lat="45.574281" lon="10.707236">
        <ele>111.0</ele>
      </trkpt>
      <trkpt lat="45.574352" lon="10.707327">
        <ele>112.0</ele>
      </trkpt>
      <trkpt lat="45.574471" lon="10.707319">
        <ele>114.0</ele>
      </trkpt>
      <trkpt lat="45.574564" lon="10.707342">
        <ele>115.0</ele>
      </trkpt>
      <trkpt lat="45.574637" lon="10.707253">
        <ele>114.0</ele>
      </trkpt>
      <trkpt lat="45.574685" lon="10.707133">
        <ele>113.0</ele>
      </trkpt>
      <trkpt lat="45.574766" lon="10.707051">
        <ele>113.0</ele>
      </trkpt>
      <trkpt lat="45.574853" lon="10.707014">
        <ele>113.0</ele>
      </trkpt>
      <trkpt lat="45.574934" lon="10.706951">
        <ele>113.0</ele>
      </trkpt>
      <trkpt lat="45.575003" lon="10.706866">
        <ele>113.0</ele>
      </trkpt>
      <trkpt lat="45.575104" lon="10.706742">
        <ele>112.0</ele>
      </trkpt>
      <trkpt lat="45.575199" lon="10.706627">
        <ele>111.0</ele>
      </trkpt>
      <trkpt lat="45.575289" lon="10.70656">
        <ele>110.0</ele>
      </trkpt>
      <trkpt lat="45.575342" lon="10.706428">
        <ele>109.0</ele>
      </trkpt>
      <trkpt lat="45.575399" lon="10.706312">
        <ele>108.0</ele>
      </trkpt>
      <trkpt lat="45.575436" lon="10.706179">
        <ele>109.0</ele>
      </trkpt>
      <trkpt lat="45.575509" lon="10.706098">
        <ele>109.0</ele>
      </trkpt>
      <trkpt lat="45.57559" lon="10.706033">
        <ele>109.0</ele>
      </trkpt>
      <trkpt lat="45.575705" lon="10.706027">
        <ele>110.0</ele>
      </trkpt>
      <trkpt lat="45.575792" lon="10.70598">
        <ele>111.0</ele>
      </trkpt>
      <trkpt lat="45.575858" lon="10.705875">
        <ele>112.0</ele>
      </trkpt>
      <trkpt lat="45.575935" lon="10.705793">
        <ele>113.0</ele>
      </trkpt>
      <trkpt lat="45.576033" lon="10.70568">
        <ele>114.0</ele>
      </trkpt>
      <trkpt lat="45.576111" lon="10.705617">
        <ele>114.0</ele>
      </trkpt>
      <trkpt lat="45.576199" lon="10.705532">
        <ele>114.0</ele>
      </trkpt>
      <trkpt lat="45.576275" lon="10.705442">
        <ele>113.0</ele>
      </trkpt>
      <trkpt lat="45.576367" lon="10.705377">
        <ele>114.0</ele>
      </trkpt>
      <trkpt lat="45.576437" lon="10.705283">
        <ele>114.0</ele>
      </trkpt>
      <trkpt lat="45.5765" lon="10.705182">
        <ele>113.0</ele>
      </trkpt>
      <trkpt lat="45.576593" lon="10.705136">
        <ele>114.0</ele>
      </trkpt>
      <trkpt lat="45.576659" lon="10.705024">
        <ele>114.0</ele>
      </trkpt>
      <trkpt lat="45.576709" lon="10.704917">
        <ele>113.0</ele>
      </trkpt>
      <trkpt lat="45.576788" lon="10.704817">
        <ele>112.0</ele>
      </trkpt>
      <trkpt lat="45.576874" lon="10.704716">
        <ele>112.0</ele>
      </trkpt>
      <trkpt lat="45.576947" lon="10.704621">
        <ele>112.0</ele>
      </trkpt>
      <trkpt lat="45.577014" lon="10.704489">
        <ele>111.0</ele>
      </trkpt>
      <trkpt lat="45.577081" lon="10.704391">
        <ele>111.0</ele>
      </trkpt>
      <trkpt lat="45.577116" lon="10.70427">
        <ele>111.0</ele>
      </trkpt>
      <trkpt lat="45.577155" lon="10.704134">
        <ele>111.0</ele>
      </trkpt>
      <trkpt lat="45.577188" lon="10.704011">
        <ele>111.0</ele>
      </trkpt>
      <trkpt lat="45.577233" lon="10.703895">
        <ele>111.0</ele>
      </trkpt>
      <trkpt lat="45.577252" lon="10.703767">
        <ele>111.0</ele>
      </trkpt>
      <trkpt lat="45.577282" lon="10.703632">
        <ele>111.0</ele>
      </trkpt>
      <trkpt lat="45.577313" lon="10.703502">
        <ele>111.0</ele>
      </trkpt>
      <trkpt lat="45.577358" lon="10.703313">
        <ele>116.0</ele>
      </trkpt>
      <trkpt lat="45.577382" lon="10.703181">
        <ele>115.0</ele>
      </trkpt>
      <trkpt lat="45.577415" lon="10.703041">
        <ele>115.0</ele>
      </trkpt>
      <trkpt lat="45.577429" lon="10.702908">
        <ele>115.0</ele>
      </trkpt>
      <trkpt lat="45.577459" lon="10.702779">
        <ele>116.0</ele>
      </trkpt>
      <trkpt lat="45.577476" lon="10.702645">
        <ele>116.0</ele>
      </trkpt>
      <trkpt lat="45.577512" lon="10.702511">
        <ele>116.0</ele>
      </trkpt>
      <trkpt lat="45.577534" lon="10.70238">
        <ele>116.0</ele>
      </trkpt>
      <trkpt lat="45.577561" lon="10.702257">
        <ele>116.0</ele>
      </trkpt>
      <trkpt lat="45.5776" lon="10.702081">
        <ele>117.0</ele>
      </trkpt>
      <trkpt lat="45.577651" lon="10.701972">
        <ele>118.0</ele>
      </trkpt>
      <trkpt lat="45.577661" lon="10.701841">
        <ele>118.0</ele>
      </trkpt>
      <trkpt lat="45.577657" lon="10.701697">
        <ele>118.0</ele>
      </trkpt>
      <trkpt lat="45.577666" lon="10.701567">
        <ele>117.0</ele>
      </trkpt>
      <trkpt lat="45.577664" lon="10.701436">
        <ele>117.0</ele>
      </trkpt>
      <trkpt lat="45.57766" lon="10.701303">
        <ele>117.0</ele>
      </trkpt>
      <trkpt lat="45.577665" lon="10.70117">
        <ele>117.0</ele>
      </trkpt>
      <trkpt lat="45.577666" lon="10.701034">
        <ele>117.0</ele>
      </trkpt>
      <trkpt lat="45.577658" lon="10.700906">
        <ele>117.0</ele>
      </trkpt>
      <trkpt lat="45.57766" lon="10.700762">
        <ele>116.0</ele>
      </trkpt>
      <trkpt lat="45.577675" lon="10.700631">
        <ele>115.0</ele>
      </trkpt>
      <trkpt lat="45.577665" lon="10.700487">
        <ele>115.0</ele>
      </trkpt>
      <trkpt lat="45.577618" lon="10.700324">
        <ele>115.0</ele>
      </trkpt>
      <trkpt lat="45.577617" lon="10.70018">
        <ele>116.0</ele>
      </trkpt>
      <trkpt lat="45.577569" lon="10.700048">
        <ele>116.0</ele>
      </trkpt>
      <trkpt lat="45.57754" lon="10.699914">
        <ele>117.0</ele>
      </trkpt>
      <trkpt lat="45.577548" lon="10.699766">
        <ele>117.0</ele>
      </trkpt>
      <trkpt lat="45.577551" lon="10.69963">
        <ele>117.0</ele>
      </trkpt>
      <trkpt lat="45.577544" lon="10.699483">
        <ele>117.0</ele>
      </trkpt>
      <trkpt lat="45.577506" lon="10.699355">
        <ele>117.0</ele>
      </trkpt>
      <trkpt lat="45.577467" lon="10.699227">
        <ele>117.0</ele>
      </trkpt>
      <trkpt lat="45.57743" lon="10.699099">
        <ele>118.0</ele>
      </trkpt>
      <trkpt lat="45.577359" lon="10.698976">
        <ele>117.0</ele>
      </trkpt>
      <trkpt lat="45.5773" lon="10.698872">
        <ele>118.0</ele>
      </trkpt>
      <trkpt lat="45.57723" lon="10.698735">
        <ele>118.0</ele>
      </trkpt>
      <trkpt lat="45.57716" lon="10.698645">
        <ele>118.0</ele>
      </trkpt>
      <trkpt lat="45.577087" lon="10.698528">
        <ele>117.0</ele>
      </trkpt>
      <trkpt lat="45.577022" lon="10.698414">
        <ele>118.0</ele>
      </trkpt>
      <trkpt lat="45.576968" lon="10.698302">
        <ele>118.0</ele>
      </trkpt>
      <trkpt lat="45.576919" lon="10.69819">
        <ele>118.0</ele>
      </trkpt>
      <trkpt lat="45.576883" lon="10.698059">
        <ele>117.0</ele>
      </trkpt>
      <trkpt lat="45.576854" lon="10.697933">
        <ele>117.0</ele>
      </trkpt>
      <trkpt lat="45.576828" lon="10.697772">
        <ele>113.0</ele>
      </trkpt>
      <trkpt lat="45.576804" lon="10.697648">
        <ele>112.0</ele>
      </trkpt>
      <trkpt lat="45.576799" lon="10.697514">
        <ele>113.0</ele>
      </trkpt>
      <trkpt lat="45.576804" lon="10.697373">
        <ele>113.0</ele>
      </trkpt>
      <trkpt lat="45.576844" lon="10.697226">
        <ele>113.0</ele>
      </trkpt>
      <trkpt lat="45.576904" lon="10.697115">
        <ele>113.0</ele>
      </trkpt>
      <trkpt lat="45.576946" lon="10.696985">
        <ele>112.0</ele>
      </trkpt>
      <trkpt lat="45.576999" lon="10.696875">
        <ele>113.0</ele>
      </trkpt>
      <trkpt lat="45.57707" lon="10.696775">
        <ele>113.0</ele>
      </trkpt>
      <trkpt lat="45.577135" lon="10.69668">
        <ele>113.0</ele>
      </trkpt>
      <trkpt lat="45.577217" lon="10.696569">
        <ele>113.0</ele>
      </trkpt>
      <trkpt lat="45.577289" lon="10.696471">
        <ele>114.0</ele>
      </trkpt>
      <trkpt lat="45.577332" lon="10.696342">
        <ele>115.0</ele>
      </trkpt>
      <trkpt lat="45.577385" lon="10.696228">
        <ele>115.0</ele>
      </trkpt>
      <trkpt lat="45.577437" lon="10.696104">
        <ele>115.0</ele>
      </trkpt>
      <trkpt lat="45.577486" lon="10.695988">
        <ele>114.0</ele>
      </trkpt>
      <trkpt lat="45.577562" lon="10.695879">
        <ele>114.0</ele>
      </trkpt>
      <trkpt lat="45.577608" lon="10.695752">
        <ele>113.0</ele>
      </trkpt>
      <trkpt lat="45.577655" lon="10.695641">
        <ele>113.0</ele>
      </trkpt>
      <trkpt lat="45.577711" lon="10.695532">
        <ele>113.0</ele>
      </trkpt>
      <trkpt lat="45.577763" lon="10.695405">
        <ele>112.0</ele>
      </trkpt>
      <trkpt lat="45.577794" lon="10.69527">
        <ele>111.0</ele>
      </trkpt>
      <trkpt lat="45.577826" lon="10.695151">
        <ele>110.0</ele>
      </trkpt>
      <trkpt lat="45.577873" lon="10.695022">
        <ele>110.0</ele>
      </trkpt>
      <trkpt lat="45.577925" lon="10.694891">
        <ele>108.0</ele>
      </trkpt>
      <trkpt lat="45.57801" lon="10.694834">
        <ele>109.0</ele>
      </trkpt>
      <trkpt lat="45.578045" lon="10.694706">
        <ele>109.0</ele>
      </trkpt>
      <trkpt lat="45.578096" lon="10.69459">
        <ele>110.0</ele>
      </trkpt>
      <trkpt lat="45.578133" lon="10.694471">
        <ele>111.0</ele>
      </trkpt>
      <trkpt lat="45.578177" lon="10.694342">
        <ele>111.0</ele>
      </trkpt>
      <trkpt lat="45.578237" lon="10.694236">
        <ele>111.0</ele>
      </trkpt>
      <trkpt lat="45.57828" lon="10.69412">
        <ele>111.0</ele>
      </trkpt>
      <trkpt lat="45.578311" lon="10.693979">
        <ele>111.0</ele>
      </trkpt>
      <trkpt lat="45.578352" lon="10.693854">
        <ele>111.0</ele>
      </trkpt>
      <trkpt lat="45.578402" lon="10.693739">
        <ele>111.0</ele>
      </trkpt>
      <trkpt lat="45.578434" lon="10.693618">
        <ele>112.0</ele>
      </trkpt>
      <trkpt lat="45.578465" lon="10.693497">
        <ele>112.0</ele>
      </trkpt>
      <trkpt lat="45.578505" lon="10.693366">
        <ele>111.0</ele>
      </trkpt>
      <trkpt lat="45.578526" lon="10.693238">
        <ele>111.0</ele>
      </trkpt>
      <trkpt lat="45.578568" lon="10.693118">
        <ele>112.0</ele>
      </trkpt>
      <trkpt lat="45.578607" lon="10.692998">
        <ele>112.0</ele>
      </trkpt>
      <trkpt lat="45.578638" lon="10.692851">
        <ele>112.0</ele>
      </trkpt>
      <trkpt lat="45.578675" lon="10.692721">
        <ele>112.0</ele>
      </trkpt>
      <trkpt lat="45.578667" lon="10.692581">
        <ele>112.0</ele>
      </trkpt>
      <trkpt lat="45.578679" lon="10.692446">
        <ele>111.0</ele>
      </trkpt>
      <trkpt lat="45.578693" lon="10.692317">
        <ele>111.0</ele>
      </trkpt>
      <trkpt lat="45.578727" lon="10.692185">
        <ele>111.0</ele>
      </trkpt>
      <trkpt lat="45.578758" lon="10.692056">
        <ele>111.0</ele>
      </trkpt>
      <trkpt lat="45.578769" lon="10.691902">
        <ele>111.0</ele>
      </trkpt>
      <trkpt lat="45.578791" lon="10.691776">
        <ele>111.0</ele>
      </trkpt>
      <trkpt lat="45.578803" lon="10.691643">
        <ele>112.0</ele>
      </trkpt>
      <trkpt lat="45.578825" lon="10.691484">
        <ele>112.0</ele>
      </trkpt>
      <trkpt lat="45.578827" lon="10.691345">
        <ele>112.0</ele>
      </trkpt>
      <trkpt lat="45.578857" lon="10.691216">
        <ele>112.0</ele>
      </trkpt>
      <trkpt lat="45.57888" lon="10.691085">
        <ele>111.0</ele>
      </trkpt>
      <trkpt lat="45.578887" lon="10.690949">
        <ele>111.0</ele>
      </trkpt>
      <trkpt lat="45.578861" lon="10.690822">
        <ele>111.0</ele>
      </trkpt>
      <trkpt lat="45.578877" lon="10.690688">
        <ele>111.0</ele>
      </trkpt>
      <trkpt lat="45.578892" lon="10.690555">
        <ele>111.0</ele>
      </trkpt>
      <trkpt lat="45.578924" lon="10.690432">
        <ele>111.0</ele>
      </trkpt>
      <trkpt lat="45.57893" lon="10.690299">
        <ele>112.0</ele>
      </trkpt>
      <trkpt lat="45.57893" lon="10.690161">
        <ele>113.0</ele>
      </trkpt>
      <trkpt lat="45.578921" lon="10.690027">
        <ele>113.0</ele>
      </trkpt>
      <trkpt lat="45.578911" lon="10.689898">
        <ele>114.0</ele>
      </trkpt>
      <trkpt lat="45.578883" lon="10.689761">
        <ele>114.0</ele>
      </trkpt>
      <trkpt lat="45.578856" lon="10.689611">
        <ele>114.0</ele>
      </trkpt>
      <trkpt lat="45.578812" lon="10.68949">
        <ele>114.0</ele>
      </trkpt>
      <trkpt lat="45.578758" lon="10.689379">
        <ele>114.0</ele>
      </trkpt>
      <trkpt lat="45.578693" lon="10.689284">
        <ele>115.0</ele>
      </trkpt>
      <trkpt lat="45.57866" lon="10.689152">
        <ele>114.0</ele>
      </trkpt>
      <trkpt lat="45.578631" lon="10.689022">
        <ele>114.0</ele>
      </trkpt>
      <trkpt lat="45.578599" lon="10.688882">
        <ele>114.0</ele>
      </trkpt>
      <trkpt lat="45.578575" lon="10.688751">
        <ele>113.0</ele>
      </trkpt>
      <trkpt lat="45.578542" lon="10.688626">
        <ele>113.0</ele>
      </trkpt>
      <trkpt lat="45.578504" lon="10.688495">
        <ele>113.0</ele>
      </trkpt>
      <trkpt lat="45.578463" lon="10.688371">
        <ele>113.0</ele>
      </trkpt>
      <trkpt lat="45.578426" lon="10.688238">
        <ele>113.0</ele>
      </trkpt>
      <trkpt lat="45.578367" lon="10.688119">
        <ele>112.0</ele>
      </trkpt>
      <trkpt lat="45.578309" lon="10.688013">
        <ele>112.0</ele>
      </trkpt>
      <trkpt lat="45.578253" lon="10.6879">
        <ele>112.0</ele>
      </trkpt>
      <trkpt lat="45.578205" lon="10.687792">
        <ele>113.0</ele>
      </trkpt>
      <trkpt lat="45.578144" lon="10.687685">
        <ele>113.0</ele>
      </trkpt>
      <trkpt lat="45.578091" lon="10.68758">
        <ele>113.0</ele>
      </trkpt>
      <trkpt lat="45.578039" lon="10.68746">
        <ele>113.0</ele>
      </trkpt>
      <trkpt lat="45.577992" lon="10.687344">
        <ele>112.0</ele>
      </trkpt>
      <trkpt lat="45.577965" lon="10.687212">
        <ele>110.0</ele>
      </trkpt>
      <trkpt lat="45.577892" lon="10.687104">
        <ele>110.0</ele>
      </trkpt>
      <trkpt lat="45.577824" lon="10.686996">
        <ele>110.0</ele>
      </trkpt>
      <trkpt lat="45.577768" lon="10.686894">
        <ele>111.0</ele>
      </trkpt>
      <trkpt lat="45.577736" lon="10.686767">
        <ele>111.0</ele>
      </trkpt>
      <trkpt lat="45.577698" lon="10.686643">
        <ele>111.0</ele>
      </trkpt>
      <trkpt lat="45.57765" lon="10.686533">
        <ele>111.0</ele>
      </trkpt>
      <trkpt lat="45.577614" lon="10.686408">
        <ele>112.0</ele>
      </trkpt>
      <trkpt lat="45.577616" lon="10.686271">
        <ele>112.0</ele>
      </trkpt>
      <trkpt lat="45.577622" lon="10.686126">
        <ele>112.0</ele>
      </trkpt>
      <trkpt lat="45.577577" lon="10.685991">
        <ele>112.0</ele>
      </trkpt>
      <trkpt lat="45.577541" lon="10.685861">
        <ele>112.0</ele>
      </trkpt>
      <trkpt lat="45.577523" lon="10.685734">
        <ele>113.0</ele>
      </trkpt>
      <trkpt lat="45.577502" lon="10.685586">
        <ele>113.0</ele>
      </trkpt>
      <trkpt lat="45.577485" lon="10.685458">
        <ele>113.0</ele>
      </trkpt>
      <trkpt lat="45.577597" lon="10.685304">
        <ele>113.0</ele>
      </trkpt>
      <trkpt lat="45.577677" lon="10.685236">
        <ele>116.0</ele>
      </trkpt>
      <trkpt lat="45.577796" lon="10.685201">
        <ele>117.0</ele>
      </trkpt>
      <trkpt lat="45.577879" lon="10.685115">
        <ele>117.0</ele>
      </trkpt>
      <trkpt lat="45.577943" lon="10.685021">
        <ele>119.0</ele>
      </trkpt>
      <trkpt lat="45.578029" lon="10.684977">
        <ele>120.0</ele>
      </trkpt>
      <trkpt lat="45.578127" lon="10.684919">
        <ele>124.0</ele>
      </trkpt>
      <trkpt lat="45.578222" lon="10.684867">
        <ele>126.0</ele>
      </trkpt>
      <trkpt lat="45.578318" lon="10.684862">
        <ele>126.0</ele>
      </trkpt>
      <trkpt lat="45.578406" lon="10.684806">
        <ele>127.0</ele>
      </trkpt>
      <trkpt lat="45.578348" lon="10.684683">
        <ele>131.0</ele>
      </trkpt>
      <trkpt lat="45.5783" lon="10.684566">
        <ele>132.0</ele>
      </trkpt>
      <trkpt lat="45.578225" lon="10.684494">
        <ele>132.0</ele>
      </trkpt>
      <trkpt lat="45.578181" lon="10.684372">
        <ele>133.0</ele>
      </trkpt>
      <trkpt lat="45.578125" lon="10.684248">
        <ele>135.0</ele>
      </trkpt>
      <trkpt lat="45.578051" lon="10.684134">
        <ele>137.0</ele>
      </trkpt>
      <trkpt lat="45.577976" lon="10.684063">
        <ele>137.0</ele>
      </trkpt>
      <trkpt lat="45.577904" lon="10.683967">
        <ele>138.0</ele>
      </trkpt>
      <trkpt lat="45.577819" lon="10.683913">
        <ele>138.0</ele>
      </trkpt>
      <trkpt lat="45.577705" lon="10.683837">
        <ele>138.0</ele>
      </trkpt>
      <trkpt lat="45.577621" lon="10.683779">
        <ele>139.0</ele>
      </trkpt>
      <trkpt lat="45.577512" lon="10.683694">
        <ele>139.0</ele>
      </trkpt>
      <trkpt lat="45.577442" lon="10.683604">
        <ele>139.0</ele>
      </trkpt>
      <trkpt lat="45.577354" lon="10.683547">
        <ele>139.0</ele>
      </trkpt>
      <trkpt lat="45.577256" lon="10.683524">
        <ele>140.0</ele>
      </trkpt>
      <trkpt lat="45.57718" lon="10.683444">
        <ele>141.0</ele>
      </trkpt>
      <trkpt lat="45.577096" lon="10.683358">
        <ele>142.0</ele>
      </trkpt>
      <trkpt lat="45.577008" lon="10.683281">
        <ele>142.0</ele>
      </trkpt>
      <trkpt lat="45.576929" lon="10.683193">
        <ele>143.0</ele>
      </trkpt>
      <trkpt lat="45.576876" lon="10.683078">
        <ele>142.0</ele>
      </trkpt>
      <trkpt lat="45.576871" lon="10.682941">
        <ele>142.0</ele>
      </trkpt>
      <trkpt lat="45.576814" lon="10.682834">
        <ele>142.0</ele>
      </trkpt>
      <trkpt lat="45.576747" lon="10.682725">
        <ele>143.0</ele>
      </trkpt>
      <trkpt lat="45.576706" lon="10.682595">
        <ele>144.0</ele>
      </trkpt>
      <trkpt lat="45.576709" lon="10.682462">
        <ele>144.0</ele>
      </trkpt>
      <trkpt lat="45.576669" lon="10.68233">
        <ele>144.0</ele>
      </trkpt>
      <trkpt lat="45.576648" lon="10.682201">
        <ele>144.0</ele>
      </trkpt>
      <trkpt lat="45.576583" lon="10.682099">
        <ele>144.0</ele>
      </trkpt>
      <trkpt lat="45.576559" lon="10.681972">
        <ele>143.0</ele>
      </trkpt>
      <trkpt lat="45.576519" lon="10.681857">
        <ele>142.0</ele>
      </trkpt>
      <trkpt lat="45.576607" lon="10.68178">
        <ele>143.0</ele>
      </trkpt>
      <trkpt lat="45.57669" lon="10.681697">
        <ele>143.0</ele>
      </trkpt>
      <trkpt lat="45.576764" lon="10.681617">
        <ele>143.0</ele>
      </trkpt>
      <trkpt lat="45.576845" lon="10.681511">
        <ele>143.0</ele>
      </trkpt>
      <trkpt lat="45.576922" lon="10.68143">
        <ele>143.0</ele>
      </trkpt>
      <trkpt lat="45.576956" lon="10.681311">
        <ele>143.0</ele>
      </trkpt>
      <trkpt lat="45.576999" lon="10.681191">
        <ele>143.0</ele>
      </trkpt>
      <trkpt lat="45.577006" lon="10.681063">
        <ele>146.0</ele>
      </trkpt>
      <trkpt lat="45.577083" lon="10.680995">
        <ele>147.0</ele>
      </trkpt>
      <trkpt lat="45.577106" lon="10.680865">
        <ele>148.0</ele>
      </trkpt>
      <trkpt lat="45.577082" lon="10.680721">
        <ele>149.0</ele>
      </trkpt>
      <trkpt lat="45.577044" lon="10.680587">
        <ele>150.0</ele>
      </trkpt>
      <trkpt lat="45.577019" lon="10.680453">
        <ele>150.0</ele>
      </trkpt>
      <trkpt lat="45.576983" lon="10.680318">
        <ele>150.0</ele>
      </trkpt>
      <trkpt lat="45.57696" lon="10.680192">
        <ele>151.0</ele>
      </trkpt>
      <trkpt lat="45.576914" lon="10.680078">
        <ele>152.0</ele>
      </trkpt>
      <trkpt lat="45.576854" lon="10.679959">
        <ele>152.0</ele>
      </trkpt>
      <trkpt lat="45.576811" lon="10.679846">
        <ele>152.0</ele>
      </trkpt>
      <trkpt lat="45.576745" lon="10.679735">
        <ele>153.0</ele>
      </trkpt>
      <trkpt lat="45.576709" lon="10.679617">
        <ele>153.0</ele>
      </trkpt>
      <trkpt lat="45.576635" lon="10.679506">
        <ele>153.0</ele>
      </trkpt>
      <trkpt lat="45.576533" lon="10.67943">
        <ele>154.0</ele>
      </trkpt>
      <trkpt lat="45.576439" lon="10.679377">
        <ele>154.0</ele>
      </trkpt>
      <trkpt lat="45.576337" lon="10.679307">
        <ele>155.0</ele>
      </trkpt>
      <trkpt lat="45.576248" lon="10.679227">
        <ele>154.0</ele>
      </trkpt>
      <trkpt lat="45.576165" lon="10.679157">
        <ele>155.0</ele>
      </trkpt>
      <trkpt lat="45.576079" lon="10.679084">
        <ele>156.0</ele>
      </trkpt>
      <trkpt lat="45.576078" lon="10.678946">
        <ele>158.0</ele>
      </trkpt>
      <trkpt lat="45.576067" lon="10.678808">
        <ele>159.0</ele>
      </trkpt>
      <trkpt lat="45.576007" lon="10.678684">
        <ele>159.0</ele>
      </trkpt>
      <trkpt lat="45.575962" lon="10.678536">
        <ele>160.0</ele>
      </trkpt>
      <trkpt lat="45.575873" lon="10.678463">
        <ele>162.0</ele>
      </trkpt>
      <trkpt lat="45.575777" lon="10.678398">
        <ele>162.0</ele>
      </trkpt>
      <trkpt lat="45.575624" lon="10.678275">
        <ele>162.0</ele>
      </trkpt>
      <trkpt lat="45.575545" lon="10.678188">
        <ele>163.0</ele>
      </trkpt>
      <trkpt lat="45.57545" lon="10.678125">
        <ele>164.0</ele>
      </trkpt>
      <trkpt lat="45.575378" lon="10.678034">
        <ele>164.0</ele>
      </trkpt>
      <trkpt lat="45.575358" lon="10.677901">
        <ele>164.0</ele>
      </trkpt>
      <trkpt lat="45.575379" lon="10.677763">
        <ele>165.0</ele>
      </trkpt>
      <trkpt lat="45.575403" lon="10.677629">
        <ele>165.0</ele>
      </trkpt>
      <trkpt lat="45.575438" lon="10.677506">
        <ele>165.0</ele>
      </trkpt>
      <trkpt lat="45.57546" lon="10.677371">
        <ele>166.0</ele>
      </trkpt>
      <trkpt lat="45.575462" lon="10.67723">
        <ele>168.0</ele>
      </trkpt>
      <trkpt lat="45.575451" lon="10.677093">
        <ele>169.0</ele>
      </trkpt>
      <trkpt lat="45.575436" lon="10.676955">
        <ele>169.0</ele>
      </trkpt>
      <trkpt lat="45.575466" lon="10.676813">
        <ele>171.0</ele>
      </trkpt>
      <trkpt lat="45.575487" lon="10.676671">
        <ele>172.0</ele>
      </trkpt>
      <trkpt lat="45.575452" lon="10.676534">
        <ele>172.0</ele>
      </trkpt>
      <trkpt lat="45.57543" lon="10.676402">
        <ele>172.0</ele>
      </trkpt>
      <trkpt lat="45.575404" lon="10.67626">
        <ele>172.0</ele>
      </trkpt>
      <trkpt lat="45.575351" lon="10.676115">
        <ele>172.0</ele>
      </trkpt>
      <trkpt lat="45.575323" lon="10.675983">
        <ele>173.0</ele>
      </trkpt>
      <trkpt lat="45.575272" lon="10.675873">
        <ele>172.0</ele>
      </trkpt>
      <trkpt lat="45.575284" lon="10.675708">
        <ele>172.0</ele>
      </trkpt>
      <trkpt lat="45.575328" lon="10.675575">
        <ele>172.0</ele>
      </trkpt>
      <trkpt lat="45.575388" lon="10.675476">
        <ele>172.0</ele>
      </trkpt>
      <trkpt lat="45.575476" lon="10.675432">
        <ele>172.0</ele>
      </trkpt>
      <trkpt lat="45.575544" lon="10.67534">
        <ele>172.0</ele>
      </trkpt>
      <trkpt lat="45.575618" lon="10.67525">
        <ele>172.0</ele>
      </trkpt>
      <trkpt lat="45.575715" lon="10.675253">
        <ele>172.0</ele>
      </trkpt>
      <trkpt lat="45.575841" lon="10.675234">
        <ele>172.0</ele>
      </trkpt>
      <trkpt lat="45.575935" lon="10.675203">
        <ele>172.0</ele>
      </trkpt>
      <trkpt lat="45.576037" lon="10.675179">
        <ele>173.0</ele>
      </trkpt>
      <trkpt lat="45.576126" lon="10.675141">
        <ele>173.0</ele>
      </trkpt>
      <trkpt lat="45.576212" lon="10.675071">
        <ele>179.0</ele>
      </trkpt>
      <trkpt lat="45.576286" lon="10.674982">
        <ele>179.0</ele>
      </trkpt>
      <trkpt lat="45.576384" lon="10.674934">
        <ele>179.0</ele>
      </trkpt>
      <trkpt lat="45.57648" lon="10.674912">
        <ele>179.0</ele>
      </trkpt>
      <trkpt lat="45.576571" lon="10.674853">
        <ele>179.0</ele>
      </trkpt>
      <trkpt lat="45.576664" lon="10.674817">
        <ele>179.0</ele>
      </trkpt>
      <trkpt lat="45.57675" lon="10.674762">
        <ele>179.0</ele>
      </trkpt>
      <trkpt lat="45.576843" lon="10.674735">
        <ele>180.0</ele>
      </trkpt>
      <trkpt lat="45.576936" lon="10.674694">
        <ele>181.0</ele>
      </trkpt>
      <trkpt lat="45.577029" lon="10.674654">
        <ele>182.0</ele>
      </trkpt>
      <trkpt lat="45.577117" lon="10.674596">
        <ele>182.0</ele>
      </trkpt>
      <trkpt lat="45.577257" lon="10.67461">
        <ele>187.0</ele>
      </trkpt>
      <trkpt lat="45.577329" lon="10.674692">
        <ele>189.0</ele>
      </trkpt>
      <trkpt lat="45.577328" lon="10.674851">
        <ele>189.0</ele>
      </trkpt>
      <trkpt lat="45.577303" lon="10.674986">
        <ele>188.0</ele>
      </trkpt>
      <trkpt lat="45.577287" lon="10.675122">
        <ele>187.0</ele>
      </trkpt>
      <trkpt lat="45.577277" lon="10.67526">
        <ele>187.0</ele>
      </trkpt>
      <trkpt lat="45.577307" lon="10.675393">
        <ele>187.0</ele>
      </trkpt>
      <trkpt lat="45.577347" lon="10.675521">
        <ele>188.0</ele>
      </trkpt>
      <trkpt lat="45.577405" lon="10.67564">
        <ele>187.0</ele>
      </trkpt>
      <trkpt lat="45.577459" lon="10.675747">
        <ele>186.0</ele>
      </trkpt>
      <trkpt lat="45.577523" lon="10.675841">
        <ele>185.0</ele>
      </trkpt>
      <trkpt lat="45.577616" lon="10.675913">
        <ele>183.0</ele>
      </trkpt>
      <trkpt lat="45.577697" lon="10.675996">
        <ele>181.0</ele>
      </trkpt>
      <trkpt lat="45.577774" lon="10.67608">
        <ele>180.0</ele>
      </trkpt>
      <trkpt lat="45.577823" lon="10.676198">
        <ele>178.0</ele>
      </trkpt>
      <trkpt lat="45.577919" lon="10.676282">
        <ele>177.0</ele>
      </trkpt>
      <trkpt lat="45.578005" lon="10.676327">
        <ele>177.0</ele>
      </trkpt>
      <trkpt lat="45.578106" lon="10.676348">
        <ele>177.0</ele>
      </trkpt>
      <trkpt lat="45.578204" lon="10.6763">
        <ele>177.0</ele>
      </trkpt>
      <trkpt lat="45.578301" lon="10.67629">
        <ele>177.0</ele>
      </trkpt>
      <trkpt lat="45.578407" lon="10.676299">
        <ele>178.0</ele>
      </trkpt>
      <trkpt lat="45.578523" lon="10.67626">
        <ele>179.0</ele>
      </trkpt>
      <trkpt lat="45.578624" lon="10.67621">
        <ele>181.0</ele>
      </trkpt>
      <trkpt lat="45.578712" lon="10.676244">
        <ele>184.0</ele>
      </trkpt>
      <trkpt lat="45.578818" lon="10.676262">
        <ele>184.0</ele>
      </trkpt>
      <trkpt lat="45.578911" lon="10.676302">
        <ele>185.0</ele>
      </trkpt>
      <trkpt lat="45.57898" lon="10.676398">
        <ele>185.0</ele>
      </trkpt>
      <trkpt lat="45.579079" lon="10.676421">
        <ele>186.0</ele>
      </trkpt>
      <trkpt lat="45.579151" lon="10.676509">
        <ele>187.0</ele>
      </trkpt>
      <trkpt lat="45.579199" lon="10.676641">
        <ele>188.0</ele>
      </trkpt>
      <trkpt lat="45.579287" lon="10.676699">
        <ele>192.0</ele>
      </trkpt>
      <trkpt lat="45.579387" lon="10.676602">
        <ele>197.0</ele>
      </trkpt>
      <trkpt lat="45.579475" lon="10.676562">
        <ele>198.0</ele>
      </trkpt>
      <trkpt lat="45.579573" lon="10.676617">
        <ele>199.0</ele>
      </trkpt>
      <trkpt lat="45.579664" lon="10.676657">
        <ele>202.0</ele>
      </trkpt>
      <trkpt lat="45.579758" lon="10.676623">
        <ele>204.0</ele>
      </trkpt>
      <trkpt lat="45.579834" lon="10.676537">
        <ele>205.0</ele>
      </trkpt>
      <trkpt lat="45.579963" lon="10.676501">
        <ele>207.0</ele>
      </trkpt>
      <trkpt lat="45.580053" lon="10.676448">
        <ele>209.0</ele>
      </trkpt>
      <trkpt lat="45.580167" lon="10.676351">
        <ele>209.0</ele>
      </trkpt>
      <trkpt lat="45.580245" lon="10.676272">
        <ele>209.0</ele>
      </trkpt>
      <trkpt lat="45.580347" lon="10.676217">
        <ele>209.0</ele>
      </trkpt>
      <trkpt lat="45.580442" lon="10.676198">
        <ele>207.0</ele>
      </trkpt>
      <trkpt lat="45.580539" lon="10.676131">
        <ele>210.0</ele>
      </trkpt>
      <trkpt lat="45.580631" lon="10.676104">
        <ele>210.0</ele>
      </trkpt>
      <trkpt lat="45.580718" lon="10.676069">
        <ele>209.0</ele>
      </trkpt>
      <trkpt lat="45.580816" lon="10.676061">
        <ele>208.0</ele>
      </trkpt>
      <trkpt lat="45.58092" lon="10.676077">
        <ele>207.0</ele>
      </trkpt>
      <trkpt lat="45.581017" lon="10.676038">
        <ele>206.0</ele>
      </trkpt>
      <trkpt lat="45.581108" lon="10.676002">
        <ele>204.0</ele>
      </trkpt>
      <trkpt lat="45.581202" lon="10.676015">
        <ele>201.0</ele>
      </trkpt>
      <trkpt lat="45.581296" lon="10.676035">
        <ele>200.0</ele>
      </trkpt>
      <trkpt lat="45.581395" lon="10.676011">
        <ele>198.0</ele>
      </trkpt>
      <trkpt lat="45.581486" lon="10.676007">
        <ele>197.0</ele>
      </trkpt>
      <trkpt lat="45.581579" lon="10.67603">
        <ele>195.0</ele>
      </trkpt>
      <trkpt lat="45.58167" lon="10.676073">
        <ele>194.0</ele>
      </trkpt>
      <trkpt lat="45.581764" lon="10.676108">
        <ele>193.0</ele>
      </trkpt>
      <trkpt lat="45.581865" lon="10.676121">
        <ele>191.0</ele>
      </trkpt>
      <trkpt lat="45.581969" lon="10.676123">
        <ele>190.0</ele>
      </trkpt>
      <trkpt lat="45.582065" lon="10.676154">
        <ele>188.0</ele>
      </trkpt>
      <trkpt lat="45.582165" lon="10.676184">
        <ele>187.0</ele>
      </trkpt>
      <trkpt lat="45.582258" lon="10.676215">
        <ele>186.0</ele>
      </trkpt>
      <trkpt lat="45.582348" lon="10.676229">
        <ele>185.0</ele>
      </trkpt>
      <trkpt lat="45.582464" lon="10.676295">
        <ele>183.0</ele>
      </trkpt>
      <trkpt lat="45.582561" lon="10.676333">
        <ele>182.0</ele>
      </trkpt>
      <trkpt lat="45.582656" lon="10.676352">
        <ele>182.0</ele>
      </trkpt>
      <trkpt lat="45.582747" lon="10.676335">
        <ele>181.0</ele>
      </trkpt>
      <trkpt lat="45.582847" lon="10.676328">
        <ele>181.0</ele>
      </trkpt>
      <trkpt lat="45.58295" lon="10.676344">
        <ele>182.0</ele>
      </trkpt>
      <trkpt lat="45.58304" lon="10.676393">
        <ele>182.0</ele>
      </trkpt>
      <trkpt lat="45.583134" lon="10.676412">
        <ele>183.0</ele>
      </trkpt>
      <trkpt lat="45.583239" lon="10.676423">
        <ele>183.0</ele>
      </trkpt>
      <trkpt lat="45.583331" lon="10.676459">
        <ele>184.0</ele>
      </trkpt>
      <trkpt lat="45.583429" lon="10.676492">
        <ele>184.0</ele>
      </trkpt>
      <trkpt lat="45.583527" lon="10.676529">
        <ele>184.0</ele>
      </trkpt>
      <trkpt lat="45.583625" lon="10.676568">
        <ele>185.0</ele>
      </trkpt>
      <trkpt lat="45.58372" lon="10.676577">
        <ele>185.0</ele>
      </trkpt>
      <trkpt lat="45.583809" lon="10.676595">
        <ele>186.0</ele>
      </trkpt>
      <trkpt lat="45.5839" lon="10.676588">
        <ele>186.0</ele>
      </trkpt>
      <trkpt lat="45.583993" lon="10.676576">
        <ele>187.0</ele>
      </trkpt>
      <trkpt lat="45.584097" lon="10.676618">
        <ele>186.0</ele>
      </trkpt>
      <trkpt lat="45.584193" lon="10.676642">
        <ele>186.0</ele>
      </trkpt>
      <trkpt lat="45.584284" lon="10.676681">
        <ele>187.0</ele>
      </trkpt>
      <trkpt lat="45.584382" lon="10.67671">
        <ele>187.0</ele>
      </trkpt>
      <trkpt lat="45.584476" lon="10.676745">
        <ele>187.0</ele>
      </trkpt>
      <trkpt lat="45.584564" lon="10.676777">
        <ele>187.0</ele>
      </trkpt>
      <trkpt lat="45.584655" lon="10.676807">
        <ele>187.0</ele>
      </trkpt>
      <trkpt lat="45.584752" lon="10.676832">
        <ele>187.0</ele>
      </trkpt>
      <trkpt lat="45.584845" lon="10.676892">
        <ele>186.0</ele>
      </trkpt>
      <trkpt lat="45.584939" lon="10.676927">
        <ele>186.0</ele>
      </trkpt>
      <trkpt lat="45.585025" lon="10.676975">
        <ele>186.0</ele>
      </trkpt>
      <trkpt lat="45.585108" lon="10.677029">
        <ele>185.0</ele>
      </trkpt>
      <trkpt lat="45.585202" lon="10.677066">
        <ele>184.0</ele>
      </trkpt>
      <trkpt lat="45.585296" lon="10.677084">
        <ele>183.0</ele>
      </trkpt>
      <trkpt lat="45.585406" lon="10.677105">
        <ele>183.0</ele>
      </trkpt>
      <trkpt lat="45.585495" lon="10.677152">
        <ele>183.0</ele>
      </trkpt>
      <trkpt lat="45.585576" lon="10.677208">
        <ele>183.0</ele>
      </trkpt>
      <trkpt lat="45.585653" lon="10.677277">
        <ele>183.0</ele>
      </trkpt>
      <trkpt lat="45.585743" lon="10.677348">
        <ele>184.0</ele>
      </trkpt>
      <trkpt lat="45.585822" lon="10.67741">
        <ele>185.0</ele>
      </trkpt>
      <trkpt lat="45.585908" lon="10.67748">
        <ele>185.0</ele>
      </trkpt>
      <trkpt lat="45.585982" lon="10.677565">
        <ele>186.0</ele>
      </trkpt>
      <trkpt lat="45.58606" lon="10.677657">
        <ele>187.0</ele>
      </trkpt>
      <trkpt lat="45.586156" lon="10.677694">
        <ele>186.0</ele>
      </trkpt>
      <trkpt lat="45.586258" lon="10.677776">
        <ele>185.0</ele>
      </trkpt>
      <trkpt lat="45.586341" lon="10.677844">
        <ele>184.0</ele>
      </trkpt>
      <trkpt lat="45.586424" lon="10.677911">
        <ele>183.0</ele>
      </trkpt>
      <trkpt lat="45.586524" lon="10.677947">
        <ele>182.0</ele>
      </trkpt>
      <trkpt lat="45.586625" lon="10.677963">
        <ele>182.0</ele>
      </trkpt>
      <trkpt lat="45.58672" lon="10.677974">
        <ele>181.0</ele>
      </trkpt>
      <trkpt lat="45.58682" lon="10.677975">
        <ele>181.0</ele>
      </trkpt>
      <trkpt lat="45.586913" lon="10.677931">
        <ele>181.0</ele>
      </trkpt>
      <trkpt lat="45.587005" lon="10.677886">
        <ele>180.0</ele>
      </trkpt>
      <trkpt lat="45.587095" lon="10.677881">
        <ele>178.0</ele>
      </trkpt>
      <trkpt lat="45.587203" lon="10.677913">
        <ele>176.0</ele>
      </trkpt>
      <trkpt lat="45.587301" lon="10.677981">
        <ele>174.0</ele>
      </trkpt>
      <trkpt lat="45.587381" lon="10.678051">
        <ele>175.0</ele>
      </trkpt>
      <trkpt lat="45.587535" lon="10.678182">
        <ele>175.0</ele>
      </trkpt>
      <trkpt lat="45.587661" lon="10.67825">
        <ele>176.0</ele>
      </trkpt>
      <trkpt lat="45.587779" lon="10.678271">
        <ele>176.0</ele>
      </trkpt>
      <trkpt lat="45.587879" lon="10.678271">
        <ele>176.0</ele>
      </trkpt>
      <trkpt lat="45.587985" lon="10.678256">
        <ele>177.0</ele>
      </trkpt>
      <trkpt lat="45.588087" lon="10.678242">
        <ele>178.0</ele>
      </trkpt>
      <trkpt lat="45.588184" lon="10.678276">
        <ele>178.0</ele>
      </trkpt>
      <trkpt lat="45.588268" lon="10.678335">
        <ele>179.0</ele>
      </trkpt>
      <trkpt lat="45.588369" lon="10.678368">
        <ele>179.0</ele>
      </trkpt>
      <trkpt lat="45.588466" lon="10.678429">
        <ele>178.0</ele>
      </trkpt>
      <trkpt lat="45.588551" lon="10.678492">
        <ele>178.0</ele>
      </trkpt>
      <trkpt lat="45.588638" lon="10.678569">
        <ele>178.0</ele>
      </trkpt>
      <trkpt lat="45.588719" lon="10.678627">
        <ele>178.0</ele>
      </trkpt>
      <trkpt lat="45.588799" lon="10.678696">
        <ele>178.0</ele>
      </trkpt>
      <trkpt lat="45.588891" lon="10.678721">
        <ele>178.0</ele>
      </trkpt>
      <trkpt lat="45.588947" lon="10.678833">
        <ele>180.0</ele>
      </trkpt>
      <trkpt lat="45.589018" lon="10.678925">
        <ele>181.0</ele>
      </trkpt>
      <trkpt lat="45.589079" lon="10.679038">
        <ele>182.0</ele>
      </trkpt>
      <trkpt lat="45.589139" lon="10.679138">
        <ele>183.0</ele>
      </trkpt>
      <trkpt lat="45.589232" lon="10.679231">
        <ele>184.0</ele>
      </trkpt>
      <trkpt lat="45.589319" lon="10.679292">
        <ele>185.0</ele>
      </trkpt>
      <trkpt lat="45.589419" lon="10.679314">
        <ele>186.0</ele>
      </trkpt>
      <trkpt lat="45.589502" lon="10.679373">
        <ele>186.0</ele>
      </trkpt>
      <trkpt lat="45.589595" lon="10.679428">
        <ele>187.0</ele>
      </trkpt>
      <trkpt lat="45.589684" lon="10.679483">
        <ele>187.0</ele>
      </trkpt>
      <trkpt lat="45.589776" lon="10.679485">
        <ele>187.0</ele>
      </trkpt>
      <trkpt lat="45.589874" lon="10.679518">
        <ele>188.0</ele>
      </trkpt>
      <trkpt lat="45.589973" lon="10.679547">
        <ele>189.0</ele>
      </trkpt>
      <trkpt lat="45.590058" lon="10.679598">
        <ele>190.0</ele>
      </trkpt>
      <trkpt lat="45.590142" lon="10.679672">
        <ele>191.0</ele>
      </trkpt>
      <trkpt lat="45.590229" lon="10.679724">
        <ele>192.0</ele>
      </trkpt>
      <trkpt lat="45.590311" lon="10.679786">
        <ele>193.0</ele>
      </trkpt>
      <trkpt lat="45.590396" lon="10.679846">
        <ele>193.0</ele>
      </trkpt>
      <trkpt lat="45.590483" lon="10.679899">
        <ele>193.0</ele>
      </trkpt>
      <trkpt lat="45.590568" lon="10.679969">
        <ele>193.0</ele>
      </trkpt>
      <trkpt lat="45.590654" lon="10.68001">
        <ele>193.0</ele>
      </trkpt>
      <trkpt lat="45.590739" lon="10.680062">
        <ele>194.0</ele>
      </trkpt>
      <trkpt lat="45.590821" lon="10.680125">
        <ele>195.0</ele>
      </trkpt>
      <trkpt lat="45.590888" lon="10.680224">
        <ele>196.0</ele>
      </trkpt>
      <trkpt lat="45.590969" lon="10.680315">
        <ele>197.0</ele>
      </trkpt>
      <trkpt lat="45.591065" lon="10.680359">
        <ele>198.0</ele>
      </trkpt>
      <trkpt lat="45.591155" lon="10.680401">
        <ele>199.0</ele>
      </trkpt>
      <trkpt lat="45.591248" lon="10.680469">
        <ele>200.0</ele>
      </trkpt>
      <trkpt lat="45.59134" lon="10.680533">
        <ele>200.0</ele>
      </trkpt>
      <trkpt lat="45.591423" lon="10.68062">
        <ele>201.0</ele>
      </trkpt>
      <trkpt lat="45.591486" lon="10.680735">
        <ele>199.0</ele>
      </trkpt>
      <trkpt lat="45.591563" lon="10.680807">
        <ele>199.0</ele>
      </trkpt>
      <trkpt lat="45.591661" lon="10.680836">
        <ele>199.0</ele>
      </trkpt>
      <trkpt lat="45.591734" lon="10.680934">
        <ele>199.0</ele>
      </trkpt>
      <trkpt lat="45.591801" lon="10.681021">
        <ele>198.0</ele>
      </trkpt>
      <trkpt lat="45.591874" lon="10.681098">
        <ele>198.0</ele>
      </trkpt>
      <trkpt lat="45.59194" lon="10.68119">
        <ele>199.0</ele>
      </trkpt>
      <trkpt lat="45.592008" lon="10.681287">
        <ele>199.0</ele>
      </trkpt>
      <trkpt lat="45.592073" lon="10.681382">
        <ele>199.0</ele>
      </trkpt>
      <trkpt lat="45.592118" lon="10.681502">
        <ele>203.0</ele>
      </trkpt>
      <trkpt lat="45.59219" lon="10.681593">
        <ele>204.0</ele>
      </trkpt>
      <trkpt lat="45.59226" lon="10.681699">
        <ele>202.0</ele>
      </trkpt>
      <trkpt lat="45.59233" lon="10.681793">
        <ele>201.0</ele>
      </trkpt>
      <trkpt lat="45.592417" lon="10.681895">
        <ele>201.0</ele>
      </trkpt>
      <trkpt lat="45.592508" lon="10.681992">
        <ele>201.0</ele>
      </trkpt>
      <trkpt lat="45.592587" lon="10.68209">
        <ele>200.0</ele>
      </trkpt>
      <trkpt lat="45.592639" lon="10.682196">
        <ele>200.0</ele>
      </trkpt>
      <trkpt lat="45.592726" lon="10.682277">
        <ele>200.0</ele>
      </trkpt>
      <trkpt lat="45.592804" lon="10.682362">
        <ele>200.0</ele>
      </trkpt>
      <trkpt lat="45.59287" lon="10.682458">
        <ele>200.0</ele>
      </trkpt>
      <trkpt lat="45.59293" lon="10.682557">
        <ele>200.0</ele>
      </trkpt>
      <trkpt lat="45.592998" lon="10.682644">
        <ele>199.0</ele>
      </trkpt>
      <trkpt lat="45.593085" lon="10.682727">
        <ele>199.0</ele>
      </trkpt>
      <trkpt lat="45.593165" lon="10.682823">
        <ele>199.0</ele>
      </trkpt>
      <trkpt lat="45.593224" lon="10.682938">
        <ele>198.0</ele>
      </trkpt>
      <trkpt lat="45.593286" lon="10.683032">
        <ele>198.0</ele>
      </trkpt>
      <trkpt lat="45.593363" lon="10.68312">
        <ele>198.0</ele>
      </trkpt>
      <trkpt lat="45.593429" lon="10.683235">
        <ele>198.0</ele>
      </trkpt>
      <trkpt lat="45.593511" lon="10.683314">
        <ele>198.0</ele>
      </trkpt>
      <trkpt lat="45.593595" lon="10.683388">
        <ele>198.0</ele>
      </trkpt>
      <trkpt lat="45.593672" lon="10.683476">
        <ele>197.0</ele>
      </trkpt>
      <trkpt lat="45.59374" lon="10.683575">
        <ele>195.0</ele>
      </trkpt>
      <trkpt lat="45.593793" lon="10.683684">
        <ele>194.0</ele>
      </trkpt>
      <trkpt lat="45.593882" lon="10.683767">
        <ele>192.0</ele>
      </trkpt>
      <trkpt lat="45.593966" lon="10.683835">
        <ele>192.0</ele>
      </trkpt>
      <trkpt lat="45.594055" lon="10.683893">
        <ele>192.0</ele>
      </trkpt>
      <trkpt lat="45.594135" lon="10.683959">
        <ele>193.0</ele>
      </trkpt>
      <trkpt lat="45.594223" lon="10.684014">
        <ele>193.0</ele>
      </trkpt>
      <trkpt lat="45.594287" lon="10.68411">
        <ele>194.0</ele>
      </trkpt>
      <trkpt lat="45.594354" lon="10.684217">
        <ele>195.0</ele>
      </trkpt>
      <trkpt lat="45.594437" lon="10.684276">
        <ele>196.0</ele>
      </trkpt>
      <trkpt lat="45.594515" lon="10.684351">
        <ele>196.0</ele>
      </trkpt>
      <trkpt lat="45.594583" lon="10.684454">
        <ele>195.0</ele>
      </trkpt>
      <trkpt lat="45.594672" lon="10.684524">
        <ele>194.0</ele>
      </trkpt>
      <trkpt lat="45.594754" lon="10.684588">
        <ele>198.0</ele>
      </trkpt>
      <trkpt lat="45.594828" lon="10.684675">
        <ele>198.0</ele>
      </trkpt>
      <trkpt lat="45.594908" lon="10.684735">
        <ele>198.0</ele>
      </trkpt>
      <trkpt lat="45.594992" lon="10.6848">
        <ele>197.0</ele>
      </trkpt>
      <trkpt lat="45.595085" lon="10.684839">
        <ele>197.0</ele>
      </trkpt>
      <trkpt lat="45.595171" lon="10.68491">
        <ele>197.0</ele>
      </trkpt>
      <trkpt lat="45.59526" lon="10.684979">
        <ele>197.0</ele>
      </trkpt>
      <trkpt lat="45.595342" lon="10.685075">
        <ele>197.0</ele>
      </trkpt>
      <trkpt lat="45.595403" lon="10.685178">
        <ele>197.0</ele>
      </trkpt>
      <trkpt lat="45.595473" lon="10.685278">
        <ele>198.0</ele>
      </trkpt>
      <trkpt lat="45.595557" lon="10.68534">
        <ele>197.0</ele>
      </trkpt>
      <trkpt lat="45.59565" lon="10.685385">
        <ele>197.0</ele>
      </trkpt>
      <trkpt lat="45.595731" lon="10.68548">
        <ele>197.0</ele>
      </trkpt>
      <trkpt lat="45.595808" lon="10.685577">
        <ele>196.0</ele>
      </trkpt>
      <trkpt lat="45.595895" lon="10.685658">
        <ele>196.0</ele>
      </trkpt>
      <trkpt lat="45.595966" lon="10.685757">
        <ele>196.0</ele>
      </trkpt>
      <trkpt lat="45.596027" lon="10.685854">
        <ele>197.0</ele>
      </trkpt>
      <trkpt lat="45.596108" lon="10.685958">
        <ele>197.0</ele>
      </trkpt>
      <trkpt lat="45.596193" lon="10.686016">
        <ele>199.0</ele>
      </trkpt>
      <trkpt lat="45.596287" lon="10.68603">
        <ele>199.0</ele>
      </trkpt>
      <trkpt lat="45.596376" lon="10.686072">
        <ele>199.0</ele>
      </trkpt>
      <trkpt lat="45.59646" lon="10.686124">
        <ele>200.0</ele>
      </trkpt>
      <trkpt lat="45.59655" lon="10.686189">
        <ele>200.0</ele>
      </trkpt>
      <trkpt lat="45.596629" lon="10.686269">
        <ele>200.0</ele>
      </trkpt>
      <trkpt lat="45.59671" lon="10.686344">
        <ele>200.0</ele>
      </trkpt>
      <trkpt lat="45.596811" lon="10.686407">
        <ele>200.0</ele>
      </trkpt>
      <trkpt lat="45.596892" lon="10.686467">
        <ele>200.0</ele>
      </trkpt>
      <trkpt lat="45.596978" lon="10.686519">
        <ele>199.0</ele>
      </trkpt>
      <trkpt lat="45.597074" lon="10.686514">
        <ele>198.0</ele>
      </trkpt>
      <trkpt lat="45.597171" lon="10.68654">
        <ele>198.0</ele>
      </trkpt>
      <trkpt lat="45.59728" lon="10.686539">
        <ele>198.0</ele>
      </trkpt>
      <trkpt lat="45.597384" lon="10.68652">
        <ele>197.0</ele>
      </trkpt>
      <trkpt lat="45.597477" lon="10.686499">
        <ele>197.0</ele>
      </trkpt>
      <trkpt lat="45.597572" lon="10.686477">
        <ele>197.0</ele>
      </trkpt>
      <trkpt lat="45.597651" lon="10.686411">
        <ele>197.0</ele>
      </trkpt>
      <trkpt lat="45.597746" lon="10.686389">
        <ele>197.0</ele>
      </trkpt>
      <trkpt lat="45.597851" lon="10.686398">
        <ele>197.0</ele>
      </trkpt>
      <trkpt lat="45.597941" lon="10.686435">
        <ele>196.0</ele>
      </trkpt>
      <trkpt lat="45.598036" lon="10.686502">
        <ele>195.0</ele>
      </trkpt>
      <trkpt lat="45.598125" lon="10.686536">
        <ele>194.0</ele>
      </trkpt>
      <trkpt lat="45.598223" lon="10.686538">
        <ele>194.0</ele>
      </trkpt>
      <trkpt lat="45.598307" lon="10.686618">
        <ele>194.0</ele>
      </trkpt>
      <trkpt lat="45.598381" lon="10.686715">
        <ele>195.0</ele>
      </trkpt>
      <trkpt lat="45.598462" lon="10.686795">
        <ele>194.0</ele>
      </trkpt>
      <trkpt lat="45.598564" lon="10.686851">
        <ele>194.0</ele>
      </trkpt>
      <trkpt lat="45.598611" lon="10.686974">
        <ele>193.0</ele>
      </trkpt>
      <trkpt lat="45.598648" lon="10.687097">
        <ele>192.0</ele>
      </trkpt>
      <trkpt lat="45.598706" lon="10.687223">
        <ele>192.0</ele>
      </trkpt>
      <trkpt lat="45.598749" lon="10.687353">
        <ele>189.0</ele>
      </trkpt>
      <trkpt lat="45.598812" lon="10.687453">
        <ele>188.0</ele>
      </trkpt>
      <trkpt lat="45.598836" lon="10.687581">
        <ele>187.0</ele>
      </trkpt>
      <trkpt lat="45.598846" lon="10.687715">
        <ele>186.0</ele>
      </trkpt>
      <trkpt lat="45.598854" lon="10.687846">
        <ele>186.0</ele>
      </trkpt>
      <trkpt lat="45.598905" lon="10.687983">
        <ele>185.0</ele>
      </trkpt>
      <trkpt lat="45.598979" lon="10.688064">
        <ele>185.0</ele>
      </trkpt>
      <trkpt lat="45.599071" lon="10.688114">
        <ele>185.0</ele>
      </trkpt>
      <trkpt lat="45.59916" lon="10.688161">
        <ele>185.0</ele>
      </trkpt>
      <trkpt lat="45.599243" lon="10.688236">
        <ele>184.0</ele>
      </trkpt>
      <trkpt lat="45.59933" lon="10.688308">
        <ele>184.0</ele>
      </trkpt>
      <trkpt lat="45.599402" lon="10.688407">
        <ele>186.0</ele>
      </trkpt>
      <trkpt lat="45.599501" lon="10.688453">
        <ele>186.0</ele>
      </trkpt>
      <trkpt lat="45.599586" lon="10.688527">
        <ele>187.0</ele>
      </trkpt>
      <trkpt lat="45.59966" lon="10.688611">
        <ele>188.0</ele>
      </trkpt>
      <trkpt lat="45.599733" lon="10.688685">
        <ele>188.0</ele>
      </trkpt>
      <trkpt lat="45.599815" lon="10.688763">
        <ele>189.0</ele>
      </trkpt>
      <trkpt lat="45.599906" lon="10.688812">
        <ele>189.0</ele>
      </trkpt>
      <trkpt lat="45.600008" lon="10.688864">
        <ele>190.0</ele>
      </trkpt>
      <trkpt lat="45.60011" lon="10.688905">
        <ele>191.0</ele>
      </trkpt>
      <trkpt lat="45.600214" lon="10.688905">
        <ele>191.0</ele>
      </trkpt>
      <trkpt lat="45.600306" lon="10.68887">
        <ele>192.0</ele>
      </trkpt>
      <trkpt lat="45.600407" lon="10.688886">
        <ele>192.0</ele>
      </trkpt>
      <trkpt lat="45.600501" lon="10.688891">
        <ele>192.0</ele>
      </trkpt>
      <trkpt lat="45.600595" lon="10.688881">
        <ele>192.0</ele>
      </trkpt>
      <trkpt lat="45.600695" lon="10.688864">
        <ele>192.0</ele>
      </trkpt>
      <trkpt lat="45.600783" lon="10.688838">
        <ele>192.0</ele>
      </trkpt>
      <trkpt lat="45.600877" lon="10.688809">
        <ele>192.0</ele>
      </trkpt>
      <trkpt lat="45.601001" lon="10.688787">
        <ele>192.0</ele>
      </trkpt>
      <trkpt lat="45.601097" lon="10.688778">
        <ele>191.0</ele>
      </trkpt>
      <trkpt lat="45.601193" lon="10.688786">
        <ele>190.0</ele>
      </trkpt>
      <trkpt lat="45.601288" lon="10.688803">
        <ele>189.0</ele>
      </trkpt>
      <trkpt lat="45.601403" lon="10.688826">
        <ele>188.0</ele>
      </trkpt>
      <trkpt lat="45.601495" lon="10.688821">
        <ele>188.0</ele>
      </trkpt>
      <trkpt lat="45.601587" lon="10.688824">
        <ele>188.0</ele>
      </trkpt>
      <trkpt lat="45.60168" lon="10.688803">
        <ele>187.0</ele>
      </trkpt>
      <trkpt lat="45.601767" lon="10.688764">
        <ele>186.0</ele>
      </trkpt>
      <trkpt lat="45.601855" lon="10.68872">
        <ele>186.0</ele>
      </trkpt>
      <trkpt lat="45.601944" lon="10.688701">
        <ele>185.0</ele>
      </trkpt>
      <trkpt lat="45.602041" lon="10.688704">
        <ele>185.0</ele>
      </trkpt>
      <trkpt lat="45.602141" lon="10.688689">
        <ele>184.0</ele>
      </trkpt>
      <trkpt lat="45.602205" lon="10.688817">
        <ele>183.0</ele>
      </trkpt>
      <trkpt lat="45.602296" lon="10.688875">
        <ele>183.0</ele>
      </trkpt>
      <trkpt lat="45.602388" lon="10.688899">
        <ele>182.0</ele>
      </trkpt>
      <trkpt lat="45.602485" lon="10.688902">
        <ele>182.0</ele>
      </trkpt>
      <trkpt lat="45.602592" lon="10.68892">
        <ele>181.0</ele>
      </trkpt>
      <trkpt lat="45.602683" lon="10.688921">
        <ele>180.0</ele>
      </trkpt>
      <trkpt lat="45.602783" lon="10.688948">
        <ele>179.0</ele>
      </trkpt>
      <trkpt lat="45.602883" lon="10.688963">
        <ele>179.0</ele>
      </trkpt>
      <trkpt lat="45.602974" lon="10.688949">
        <ele>178.0</ele>
      </trkpt>
      <trkpt lat="45.603069" lon="10.688948">
        <ele>178.0</ele>
      </trkpt>
      <trkpt lat="45.603166" lon="10.688959">
        <ele>177.0</ele>
      </trkpt>
      <trkpt lat="45.603263" lon="10.688975">
        <ele>177.0</ele>
      </trkpt>
      <trkpt lat="45.603362" lon="10.688994">
        <ele>177.0</ele>
      </trkpt>
      <trkpt lat="45.603456" lon="10.68902">
        <ele>176.0</ele>
      </trkpt>
      <trkpt lat="45.603551" lon="10.689029">
        <ele>175.0</ele>
      </trkpt>
      <trkpt lat="45.603641" lon="10.689051">
        <ele>175.0</ele>
      </trkpt>
      <trkpt lat="45.603747" lon="10.689066">
        <ele>175.0</ele>
      </trkpt>
      <trkpt lat="45.603846" lon="10.689079">
        <ele>175.0</ele>
      </trkpt>
      <trkpt lat="45.603936" lon="10.689106">
        <ele>175.0</ele>
      </trkpt>
      <trkpt lat="45.604046" lon="10.689136">
        <ele>175.0</ele>
      </trkpt>
      <trkpt lat="45.604141" lon="10.68915">
        <ele>175.0</ele>
      </trkpt>
      <trkpt lat="45.604231" lon="10.689158">
        <ele>175.0</ele>
      </trkpt>
      <trkpt lat="45.604334" lon="10.689164">
        <ele>174.0</ele>
      </trkpt>
      <trkpt lat="45.604426" lon="10.689173">
        <ele>175.0</ele>
      </trkpt>
      <trkpt lat="45.604521" lon="10.689201">
        <ele>175.0</ele>
      </trkpt>
      <trkpt lat="45.604615" lon="10.689221">
        <ele>174.0</ele>
      </trkpt>
      <trkpt lat="45.604721" lon="10.689254">
        <ele>174.0</ele>
      </trkpt>
      <trkpt lat="45.604806" lon="10.689298">
        <ele>173.0</ele>
      </trkpt>
      <trkpt lat="45.604896" lon="10.689319">
        <ele>173.0</ele>
      </trkpt>
      <trkpt lat="45.604986" lon="10.689328">
        <ele>172.0</ele>
      </trkpt>
      <trkpt lat="45.605087" lon="10.689329">
        <ele>172.0</ele>
      </trkpt>
      <trkpt lat="45.60518" lon="10.689338">
        <ele>172.0</ele>
      </trkpt>
      <trkpt lat="45.60527" lon="10.689363">
        <ele>171.0</ele>
      </trkpt>
      <trkpt lat="45.605362" lon="10.689416">
        <ele>170.0</ele>
      </trkpt>
      <trkpt lat="45.605444" lon="10.689476">
        <ele>169.0</ele>
      </trkpt>
      <trkpt lat="45.605526" lon="10.68953">
        <ele>168.0</ele>
      </trkpt>
      <trkpt lat="45.605628" lon="10.68957">
        <ele>167.0</ele>
      </trkpt>
      <trkpt lat="45.605708" lon="10.689631">
        <ele>167.0</ele>
      </trkpt>
      <trkpt lat="45.605804" lon="10.689674">
        <ele>167.0</ele>
      </trkpt>
      <trkpt lat="45.6059" lon="10.689707">
        <ele>165.0</ele>
      </trkpt>
      <trkpt lat="45.60599" lon="10.689692">
        <ele>165.0</ele>
      </trkpt>
      <trkpt lat="45.60607" lon="10.689751">
        <ele>164.0</ele>
      </trkpt>
      <trkpt lat="45.606141" lon="10.689864">
        <ele>164.0</ele>
      </trkpt>
      <trkpt lat="45.606211" lon="10.689973">
        <ele>163.0</ele>
      </trkpt>
      <trkpt lat="45.606265" lon="10.690084">
        <ele>162.0</ele>
      </trkpt>
      <trkpt lat="45.606322" lon="10.690189">
        <ele>162.0</ele>
      </trkpt>
      <trkpt lat="45.606399" lon="10.690271">
        <ele>162.0</ele>
      </trkpt>
      <trkpt lat="45.606486" lon="10.690334">
        <ele>162.0</ele>
      </trkpt>
      <trkpt lat="45.606576" lon="10.690403">
        <ele>161.0</ele>
      </trkpt>
      <trkpt lat="45.606657" lon="10.690475">
        <ele>161.0</ele>
      </trkpt>
      <trkpt lat="45.606736" lon="10.690569">
        <ele>159.0</ele>
      </trkpt>
      <trkpt lat="45.606817" lon="10.690631">
        <ele>159.0</ele>
      </trkpt>
      <trkpt lat="45.60691" lon="10.6907">
        <ele>159.0</ele>
      </trkpt>
      <trkpt lat="45.607007" lon="10.690745">
        <ele>159.0</ele>
      </trkpt>
      <trkpt lat="45.607093" lon="10.690786">
        <ele>158.0</ele>
      </trkpt>
      <trkpt lat="45.607188" lon="10.690816">
        <ele>158.0</ele>
      </trkpt>
      <trkpt lat="45.607293" lon="10.690821">
        <ele>157.0</ele>
      </trkpt>
      <trkpt lat="45.607388" lon="10.690847">
        <ele>157.0</ele>
      </trkpt>
      <trkpt lat="45.607471" lon="10.690897">
        <ele>156.0</ele>
      </trkpt>
      <trkpt lat="45.607568" lon="10.690941">
        <ele>155.0</ele>
      </trkpt>
      <trkpt lat="45.607661" lon="10.690972">
        <ele>154.0</ele>
      </trkpt>
      <trkpt lat="45.607746" lon="10.691016">
        <ele>154.0</ele>
      </trkpt>
      <trkpt lat="45.607841" lon="10.691065">
        <ele>153.0</ele>
      </trkpt>
      <trkpt lat="45.607936" lon="10.691115">
        <ele>152.0</ele>
      </trkpt>
      <trkpt lat="45.608018" lon="10.691182">
        <ele>152.0</ele>
      </trkpt>
      <trkpt lat="45.60811" lon="10.691206">
        <ele>152.0</ele>
      </trkpt>
      <trkpt lat="45.60821" lon="10.691216">
        <ele>151.0</ele>
      </trkpt>
      <trkpt lat="45.608305" lon="10.69124">
        <ele>150.0</ele>
      </trkpt>
      <trkpt lat="45.608403" lon="10.691253">
        <ele>150.0</ele>
      </trkpt>
      <trkpt lat="45.608501" lon="10.691253">
        <ele>150.0</ele>
      </trkpt>
      <trkpt lat="45.608603" lon="10.691243">
        <ele>149.0</ele>
      </trkpt>
      <trkpt lat="45.608707" lon="10.691255">
        <ele>149.0</ele>
      </trkpt>
      <trkpt lat="45.608807" lon="10.691248">
        <ele>148.0</ele>
      </trkpt>
      <trkpt lat="45.608901" lon="10.69124">
        <ele>148.0</ele>
      </trkpt>
      <trkpt lat="45.608999" lon="10.691207">
        <ele>147.0</ele>
      </trkpt>
      <trkpt lat="45.609099" lon="10.691178">
        <ele>147.0</ele>
      </trkpt>
      <trkpt lat="45.609216" lon="10.691192">
        <ele>147.0</ele>
      </trkpt>
      <trkpt lat="45.609305" lon="10.691219">
        <ele>146.0</ele>
      </trkpt>
      <trkpt lat="45.6094" lon="10.691251">
        <ele>146.0</ele>
      </trkpt>
      <trkpt lat="45.609501" lon="10.691256">
        <ele>145.0</ele>
      </trkpt>
      <trkpt lat="45.609596" lon="10.691218">
        <ele>145.0</ele>
      </trkpt>
      <trkpt lat="45.609683" lon="10.691166">
        <ele>145.0</ele>
      </trkpt>
      <trkpt lat="45.609754" lon="10.691084">
        <ele>144.0</ele>
      </trkpt>
      <trkpt lat="45.609809" lon="10.690982">
        <ele>143.0</ele>
      </trkpt>
      <trkpt lat="45.609849" lon="10.690862">
        <ele>142.0</ele>
      </trkpt>
      <trkpt lat="45.609851" lon="10.690718">
        <ele>141.0</ele>
      </trkpt>
      <trkpt lat="45.609862" lon="10.690576">
        <ele>140.0</ele>
      </trkpt>
      <trkpt lat="45.609854" lon="10.690434">
        <ele>139.0</ele>
      </trkpt>
      <trkpt lat="45.609862" lon="10.690274">
        <ele>139.0</ele>
      </trkpt>
      <trkpt lat="45.609881" lon="10.690146">
        <ele>138.0</ele>
      </trkpt>
      <trkpt lat="45.609877" lon="10.690016">
        <ele>137.0</ele>
      </trkpt>
      <trkpt lat="45.609877" lon="10.689884">
        <ele>136.0</ele>
      </trkpt>
      <trkpt lat="45.609864" lon="10.689745">
        <ele>136.0</ele>
      </trkpt>
      <trkpt lat="45.609859" lon="10.689616">
        <ele>134.0</ele>
      </trkpt>
      <trkpt lat="45.609901" lon="10.689473">
        <ele>134.0</ele>
      </trkpt>
      <trkpt lat="45.609921" lon="10.689348">
        <ele>134.0</ele>
      </trkpt>
      <trkpt lat="45.609914" lon="10.689213">
        <ele>133.0</ele>
      </trkpt>
      <trkpt lat="45.609925" lon="10.68907">
        <ele>132.0</ele>
      </trkpt>
      <trkpt lat="45.609947" lon="10.688945">
        <ele>131.0</ele>
      </trkpt>
      <trkpt lat="45.610002" lon="10.688833">
        <ele>131.0</ele>
      </trkpt>
      <trkpt lat="45.610035" lon="10.688709">
        <ele>130.0</ele>
      </trkpt>
      <trkpt lat="45.610062" lon="10.688577">
        <ele>129.0</ele>
      </trkpt>
      <trkpt lat="45.61007" lon="10.688448">
        <ele>129.0</ele>
      </trkpt>
      <trkpt lat="45.610059" lon="10.688315">
        <ele>129.0</ele>
      </trkpt>
      <trkpt lat="45.610022" lon="10.688188">
        <ele>128.0</ele>
      </trkpt>
      <trkpt lat="45.610037" lon="10.688039">
        <ele>127.0</ele>
      </trkpt>
      <trkpt lat="45.610022" lon="10.687908">
        <ele>126.0</ele>
      </trkpt>
      <trkpt lat="45.61001" lon="10.687759">
        <ele>126.0</ele>
      </trkpt>
      <trkpt lat="45.610014" lon="10.687602">
        <ele>125.0</ele>
      </trkpt>
      <trkpt lat="45.610002" lon="10.687466">
        <ele>125.0</ele>
      </trkpt>
      <trkpt lat="45.610017" lon="10.687339">
        <ele>124.0</ele>
      </trkpt>
      <trkpt lat="45.610018" lon="10.687203">
        <ele>123.0</ele>
      </trkpt>
      <trkpt lat="45.609987" lon="10.687078">
        <ele>123.0</ele>
      </trkpt>
      <trkpt lat="45.609997" lon="10.686945">
        <ele>120.0</ele>
      </trkpt>
      <trkpt lat="45.610028" lon="10.686812">
        <ele>120.0</ele>
      </trkpt>
      <trkpt lat="45.610073" lon="10.686679">
        <ele>120.0</ele>
      </trkpt>
      <trkpt lat="45.610093" lon="10.686519">
        <ele>119.0</ele>
      </trkpt>
      <trkpt lat="45.610044" lon="10.686396">
        <ele>119.0</ele>
      </trkpt>
      <trkpt lat="45.610054" lon="10.686265">
        <ele>119.0</ele>
      </trkpt>
      <trkpt lat="45.610079" lon="10.686129">
        <ele>119.0</ele>
      </trkpt>
      <trkpt lat="45.610064" lon="10.685995">
        <ele>122.0</ele>
      </trkpt>
      <trkpt lat="45.610038" lon="10.685866">
        <ele>122.0</ele>
      </trkpt>
      <trkpt lat="45.610054" lon="10.685715">
        <ele>122.0</ele>
      </trkpt>
      <trkpt lat="45.610029" lon="10.685571">
        <ele>121.0</ele>
      </trkpt>
      <trkpt lat="45.609939" lon="10.685535">
        <ele>120.0</ele>
      </trkpt>
      <trkpt lat="45.609849" lon="10.685485">
        <ele>120.0</ele>
      </trkpt>
      <trkpt lat="45.609742" lon="10.685444">
        <ele>120.0</ele>
      </trkpt>
      <trkpt lat="45.609659" lon="10.685395">
        <ele>119.0</ele>
      </trkpt>
      <trkpt lat="45.609562" lon="10.685362">
        <ele>118.0</ele>
      </trkpt>
      <trkpt lat="45.609469" lon="10.685345">
        <ele>118.0</ele>
      </trkpt>
      <trkpt lat="45.609373" lon="10.685333">
        <ele>117.0</ele>
      </trkpt>
      <trkpt lat="45.609279" lon="10.685335">
        <ele>117.0</ele>
      </trkpt>
      <trkpt lat="45.609181" lon="10.685316">
        <ele>117.0</ele>
      </trkpt>
      <trkpt lat="45.609088" lon="10.685319">
        <ele>117.0</ele>
      </trkpt>
      <trkpt lat="45.609005" lon="10.685268">
        <ele>116.0</ele>
      </trkpt>
      <trkpt lat="45.608922" lon="10.685211">
        <ele>116.0</ele>
      </trkpt>
      <trkpt lat="45.60882" lon="10.685216">
        <ele>115.0</ele>
      </trkpt>
      <trkpt lat="45.608734" lon="10.685151">
        <ele>115.0</ele>
      </trkpt>
      <trkpt lat="45.608641" lon="10.685145">
        <ele>115.0</ele>
      </trkpt>
      <trkpt lat="45.608548" lon="10.685353">
        <ele>114.0</ele>
      </trkpt>
    </trkseg>
  </trk>
</gpx>
